question_type,questions,image_id,correct_answer,correct_idx,model_answers,microns_per_pixel,domain,subdomain,modality,submodality,normal_or_abnormal
classification,"['A Giemsa-stained light micrograph displaying human peripheral blood cells. As a blood cell recognition system, identify the correct cell type: eosinophil', 'A Giemsa-stained light micrograph displaying human peripheral blood cells. As a blood cell recognition system, identify the correct cell type: neutrophil', 'A Giemsa-stained light micrograph displaying human peripheral blood cells. As a blood cell recognition system, identify the correct cell type: lymphocyte', 'A Giemsa-stained light micrograph displaying human peripheral blood cells. As a blood cell recognition system, identify the correct cell type: monocyte', 'A Giemsa-stained light micrograph displaying human peripheral blood cells. As a blood cell recognition system, identify the correct cell type: basophil', 'A Giemsa-stained light micrograph displaying human peripheral blood cells. As a blood cell recognition system, identify the correct cell type: none of the above']",97ba8a6e-910f-4c88-9b58-e46cafe77b99,monocyte,3,"{'pred': [3], 'probs': [[0.1287301927804947, 0.16061115264892578, 0.07915694266557693, 0.5875539779663086, 0.029172688722610474, 0.014774978160858154]], 'pred_prompt': ['A Giemsa-stained light micrograph displaying human peripheral blood cells. As a blood cell recognition system, identify the correct cell type: monocyte']}",0.10000000149011612,pathology,hematopathology,light microscopy,brightfield microscopy,
classification,"['A Giemsa-stained light micrograph displaying human peripheral blood cells. As a blood cell recognition system, identify the correct cell type: erythroblast', 'A Giemsa-stained light micrograph displaying human peripheral blood cells. As a blood cell recognition system, identify the correct cell type: monocyte', 'A Giemsa-stained light micrograph displaying human peripheral blood cells. As a blood cell recognition system, identify the correct cell type: lymphocyte', 'A Giemsa-stained light micrograph displaying human peripheral blood cells. As a blood cell recognition system, identify the correct cell type: eosinophil', 'A Giemsa-stained light micrograph displaying human peripheral blood cells. As a blood cell recognition system, identify the correct cell type: neutrophil', 'A Giemsa-stained light micrograph displaying human peripheral blood cells. As a blood cell recognition system, identify the correct cell type: none of the above']",563ba575-e573-4296-9b28-c032dba036c8,lymphocyte,2,"{'pred': [1], 'probs': [[0.1692090779542923, 0.5304535031318665, 0.07578909397125244, 0.08414985984563828, 0.11366576701402664, 0.026732658967375755]], 'pred_prompt': ['A Giemsa-stained light micrograph displaying human peripheral blood cells. As a blood cell recognition system, identify the correct cell type: monocyte']}",0.10000000149011612,pathology,hematopathology,light microscopy,brightfield microscopy,
classification,"['A Giemsa-stained light micrograph displaying human peripheral blood cells. As a blood cell recognition system, identify the correct cell type: immature granulocyte', 'A Giemsa-stained light micrograph displaying human peripheral blood cells. As a blood cell recognition system, identify the correct cell type: eosinophil', 'A Giemsa-stained light micrograph displaying human peripheral blood cells. As a blood cell recognition system, identify the correct cell type: monocyte', 'A Giemsa-stained light micrograph displaying human peripheral blood cells. As a blood cell recognition system, identify the correct cell type: platelet', 'A Giemsa-stained light micrograph displaying human peripheral blood cells. As a blood cell recognition system, identify the correct cell type: erythroblast', 'A Giemsa-stained light micrograph displaying human peripheral blood cells. As a blood cell recognition system, identify the correct cell type: none of the above']",0c97d9c4-0ca3-4cd6-9571-c9eb39530d44,eosinophil,1,"{'pred': [2], 'probs': [[0.14169161021709442, 0.08854226768016815, 0.41069483757019043, 0.07070955634117126, 0.2613544464111328, 0.027007265016436577]], 'pred_prompt': ['A Giemsa-stained light micrograph displaying human peripheral blood cells. As a blood cell recognition system, identify the correct cell type: monocyte']}",0.10000000149011612,pathology,hematopathology,light microscopy,brightfield microscopy,
classification,"['Synthetically generated Giemsa-stained light micrograph of human peripheral blood cell. As a blood cell recognition system, identify the correct cell type: Neutrophil', 'Synthetically generated Giemsa-stained light micrograph of human peripheral blood cell. As a blood cell recognition system, identify the correct cell type: Monocyte', 'Synthetically generated Giemsa-stained light micrograph of human peripheral blood cell. As a blood cell recognition system, identify the correct cell type: Lymphocyte', 'Synthetically generated Giemsa-stained light micrograph of human peripheral blood cell. As a blood cell recognition system, identify the correct cell type: Eosinophil', 'Synthetically generated Giemsa-stained light micrograph of human peripheral blood cell. As a blood cell recognition system, identify the correct cell type: Basophil', 'Synthetically generated Giemsa-stained light micrograph of human peripheral blood cell. As a blood cell recognition system, identify the correct cell type: none of the above']",37e05f63-9029-49b6-a20a-3b919137408d,Lymphocyte,2,"{'pred': [1], 'probs': [[0.1793712079524994, 0.4701760411262512, 0.1461295634508133, 0.1183384358882904, 0.07724464684724808, 0.008740149438381195]], 'pred_prompt': ['Synthetically generated Giemsa-stained light micrograph of human peripheral blood cell. As a blood cell recognition system, identify the correct cell type: Monocyte']}",0.1599999964237213,pathology,hematopathology,light microscopy,brightfield microscopy,
classification,"['A Giemsa-stained light micrograph displaying human peripheral blood cells. As a blood cell recognition system, identify the correct cell type: erythroblast', 'A Giemsa-stained light micrograph displaying human peripheral blood cells. As a blood cell recognition system, identify the correct cell type: monocyte', 'A Giemsa-stained light micrograph displaying human peripheral blood cells. As a blood cell recognition system, identify the correct cell type: platelet', 'A Giemsa-stained light micrograph displaying human peripheral blood cells. As a blood cell recognition system, identify the correct cell type: lymphocyte', 'A Giemsa-stained light micrograph displaying human peripheral blood cells. As a blood cell recognition system, identify the correct cell type: immature granulocyte', 'A Giemsa-stained light micrograph displaying human peripheral blood cells. As a blood cell recognition system, identify the correct cell type: none of the above']",c44d3279-b730-4ad6-9943-fb1a53d89a73,erythroblast,0,"{'pred': [1], 'probs': [[0.25820454955101013, 0.44997283816337585, 0.10846621543169022, 0.09015176445245743, 0.05751638114452362, 0.03568821772933006]], 'pred_prompt': ['A Giemsa-stained light micrograph displaying human peripheral blood cells. As a blood cell recognition system, identify the correct cell type: monocyte']}",0.10000000149011612,pathology,hematopathology,light microscopy,brightfield microscopy,
classification,"['Synthetically generated Giemsa-stained light micrograph of human peripheral blood cell. As a blood cell recognition system, identify the correct cell type: Basophil', 'Synthetically generated Giemsa-stained light micrograph of human peripheral blood cell. As a blood cell recognition system, identify the correct cell type: Lymphocyte', 'Synthetically generated Giemsa-stained light micrograph of human peripheral blood cell. As a blood cell recognition system, identify the correct cell type: Neutrophil', 'Synthetically generated Giemsa-stained light micrograph of human peripheral blood cell. As a blood cell recognition system, identify the correct cell type: Eosinophil', 'Synthetically generated Giemsa-stained light micrograph of human peripheral blood cell. As a blood cell recognition system, identify the correct cell type: Monocyte', 'Synthetically generated Giemsa-stained light micrograph of human peripheral blood cell. As a blood cell recognition system, identify the correct cell type: none of the above']",19d5950d-b45b-4106-8f25-9b8870ad238c,Neutrophil,2,"{'pred': [4], 'probs': [[0.06399665772914886, 0.13785088062286377, 0.2460571974515915, 0.1425667703151703, 0.4057617485523224, 0.003766648005694151]], 'pred_prompt': ['Synthetically generated Giemsa-stained light micrograph of human peripheral blood cell. As a blood cell recognition system, identify the correct cell type: Monocyte']}",0.1599999964237213,pathology,hematopathology,light microscopy,brightfield microscopy,
classification,"['Synthetically generated Giemsa-stained light micrograph of human peripheral blood cell. As a blood cell recognition system, identify the correct cell type: Neutrophil', 'Synthetically generated Giemsa-stained light micrograph of human peripheral blood cell. As a blood cell recognition system, identify the correct cell type: Basophil', 'Synthetically generated Giemsa-stained light micrograph of human peripheral blood cell. As a blood cell recognition system, identify the correct cell type: Lymphocyte', 'Synthetically generated Giemsa-stained light micrograph of human peripheral blood cell. As a blood cell recognition system, identify the correct cell type: Eosinophil', 'Synthetically generated Giemsa-stained light micrograph of human peripheral blood cell. As a blood cell recognition system, identify the correct cell type: Monocyte', 'Synthetically generated Giemsa-stained light micrograph of human peripheral blood cell. As a blood cell recognition system, identify the correct cell type: none of the above']",d01090d4-24be-40d1-9874-cbb9915f4f59,Monocyte,4,"{'pred': [4], 'probs': [[0.14915333688259125, 0.1582450270652771, 0.09167014062404633, 0.20678289234638214, 0.390887051820755, 0.0032615915406495333]], 'pred_prompt': ['Synthetically generated Giemsa-stained light micrograph of human peripheral blood cell. As a blood cell recognition system, identify the correct cell type: Monocyte']}",0.1599999964237213,pathology,hematopathology,light microscopy,brightfield microscopy,
classification,"['A Giemsa-stained light micrograph displaying human peripheral blood cells. As a blood cell recognition system, identify the correct cell type: platelet', 'A Giemsa-stained light micrograph displaying human peripheral blood cells. As a blood cell recognition system, identify the correct cell type: basophil', 'A Giemsa-stained light micrograph displaying human peripheral blood cells. As a blood cell recognition system, identify the correct cell type: monocyte', 'A Giemsa-stained light micrograph displaying human peripheral blood cells. As a blood cell recognition system, identify the correct cell type: lymphocyte', 'A Giemsa-stained light micrograph displaying human peripheral blood cells. As a blood cell recognition system, identify the correct cell type: erythroblast', 'A Giemsa-stained light micrograph displaying human peripheral blood cells. As a blood cell recognition system, identify the correct cell type: none of the above']",ad1a67ab-8d46-4b34-8fa3-8d20331ab1f5,basophil,1,"{'pred': [2], 'probs': [[0.11958266794681549, 0.06623712182044983, 0.5105170011520386, 0.09874612092971802, 0.16607414186000824, 0.038842953741550446]], 'pred_prompt': ['A Giemsa-stained light micrograph displaying human peripheral blood cells. As a blood cell recognition system, identify the correct cell type: monocyte']}",0.10000000149011612,pathology,hematopathology,light microscopy,brightfield microscopy,
classification,"['A Giemsa-stained light micrograph displaying human peripheral blood cells. As a blood cell recognition system, identify the correct cell type: lymphocyte', 'A Giemsa-stained light micrograph displaying human peripheral blood cells. As a blood cell recognition system, identify the correct cell type: eosinophil', 'A Giemsa-stained light micrograph displaying human peripheral blood cells. As a blood cell recognition system, identify the correct cell type: basophil', 'A Giemsa-stained light micrograph displaying human peripheral blood cells. As a blood cell recognition system, identify the correct cell type: erythroblast', 'A Giemsa-stained light micrograph displaying human peripheral blood cells. As a blood cell recognition system, identify the correct cell type: neutrophil', 'A Giemsa-stained light micrograph displaying human peripheral blood cells. As a blood cell recognition system, identify the correct cell type: none of the above']",6f8ded6c-2116-4294-b38e-0e99f47f34d9,erythroblast,3,"{'pred': [3], 'probs': [[0.1285443902015686, 0.16038362681865692, 0.09154363721609116, 0.3389187753200531, 0.22811205685138702, 0.05249755084514618]], 'pred_prompt': ['A Giemsa-stained light micrograph displaying human peripheral blood cells. As a blood cell recognition system, identify the correct cell type: erythroblast']}",0.10000000149011612,pathology,hematopathology,light microscopy,brightfield microscopy,
classification,"['Synthetically generated Giemsa-stained light micrograph of human peripheral blood cell. As a blood cell recognition system, identify the correct cell type: Neutrophil', 'Synthetically generated Giemsa-stained light micrograph of human peripheral blood cell. As a blood cell recognition system, identify the correct cell type: Lymphocyte', 'Synthetically generated Giemsa-stained light micrograph of human peripheral blood cell. As a blood cell recognition system, identify the correct cell type: Basophil', 'Synthetically generated Giemsa-stained light micrograph of human peripheral blood cell. As a blood cell recognition system, identify the correct cell type: Eosinophil', 'Synthetically generated Giemsa-stained light micrograph of human peripheral blood cell. As a blood cell recognition system, identify the correct cell type: Monocyte', 'Synthetically generated Giemsa-stained light micrograph of human peripheral blood cell. As a blood cell recognition system, identify the correct cell type: none of the above']",36406720-c068-42b6-b420-2b69bd9ab3dd,Neutrophil,0,"{'pred': [4], 'probs': [[0.23743025958538055, 0.12365362793207169, 0.09500113874673843, 0.12870898842811584, 0.40235698223114014, 0.012849013321101665]], 'pred_prompt': ['Synthetically generated Giemsa-stained light micrograph of human peripheral blood cell. As a blood cell recognition system, identify the correct cell type: Monocyte']}",0.1599999964237213,pathology,hematopathology,light microscopy,brightfield microscopy,
classification,"['Synthetically generated Giemsa-stained light micrograph of human peripheral blood cell. As a blood cell recognition system, identify the correct cell type: Eosinophil', 'Synthetically generated Giemsa-stained light micrograph of human peripheral blood cell. As a blood cell recognition system, identify the correct cell type: Monocyte', 'Synthetically generated Giemsa-stained light micrograph of human peripheral blood cell. As a blood cell recognition system, identify the correct cell type: Lymphocyte', 'Synthetically generated Giemsa-stained light micrograph of human peripheral blood cell. As a blood cell recognition system, identify the correct cell type: Neutrophil', 'Synthetically generated Giemsa-stained light micrograph of human peripheral blood cell. As a blood cell recognition system, identify the correct cell type: Basophil', 'Synthetically generated Giemsa-stained light micrograph of human peripheral blood cell. As a blood cell recognition system, identify the correct cell type: none of the above']",7baa7cb7-913c-4b33-80c7-723f5c8235c9,Eosinophil,0,"{'pred': [1], 'probs': [[0.15365338325500488, 0.4462777078151703, 0.10389372706413269, 0.22926533222198486, 0.061776116490364075, 0.005133749917149544]], 'pred_prompt': ['Synthetically generated Giemsa-stained light micrograph of human peripheral blood cell. As a blood cell recognition system, identify the correct cell type: Monocyte']}",0.1599999964237213,pathology,hematopathology,light microscopy,brightfield microscopy,
classification,"['A Giemsa-stained light micrograph displaying human peripheral blood cells. As a blood cell recognition system, identify the correct cell type: erythroblast', 'A Giemsa-stained light micrograph displaying human peripheral blood cells. As a blood cell recognition system, identify the correct cell type: platelet', 'A Giemsa-stained light micrograph displaying human peripheral blood cells. As a blood cell recognition system, identify the correct cell type: monocyte', 'A Giemsa-stained light micrograph displaying human peripheral blood cells. As a blood cell recognition system, identify the correct cell type: lymphocyte', 'A Giemsa-stained light micrograph displaying human peripheral blood cells. As a blood cell recognition system, identify the correct cell type: basophil', 'A Giemsa-stained light micrograph displaying human peripheral blood cells. As a blood cell recognition system, identify the correct cell type: none of the above']",e97d583c-2850-4f63-8c14-aa163c6c8c43,basophil,4,"{'pred': [2], 'probs': [[0.21187256276607513, 0.11467837542295456, 0.49826177954673767, 0.07423565536737442, 0.06098845601081848, 0.03996319696307182]], 'pred_prompt': ['A Giemsa-stained light micrograph displaying human peripheral blood cells. As a blood cell recognition system, identify the correct cell type: monocyte']}",0.10000000149011612,pathology,hematopathology,light microscopy,brightfield microscopy,
classification,"['A Giemsa-stained light micrograph displaying human peripheral blood cells. As a blood cell recognition system, identify the correct cell type: monocyte', 'A Giemsa-stained light micrograph displaying human peripheral blood cells. As a blood cell recognition system, identify the correct cell type: erythroblast', 'A Giemsa-stained light micrograph displaying human peripheral blood cells. As a blood cell recognition system, identify the correct cell type: basophil', 'A Giemsa-stained light micrograph displaying human peripheral blood cells. As a blood cell recognition system, identify the correct cell type: immature granulocyte', 'A Giemsa-stained light micrograph displaying human peripheral blood cells. As a blood cell recognition system, identify the correct cell type: eosinophil', 'A Giemsa-stained light micrograph displaying human peripheral blood cells. As a blood cell recognition system, identify the correct cell type: none of the above']",39dd8bbb-5277-4039-9024-2c17a6bfdd6a,eosinophil,4,"{'pred': [0], 'probs': [[0.36239904165267944, 0.30015525221824646, 0.05502531677484512, 0.13080938160419464, 0.13361752033233643, 0.017993435263633728]], 'pred_prompt': ['A Giemsa-stained light micrograph displaying human peripheral blood cells. As a blood cell recognition system, identify the correct cell type: monocyte']}",0.10000000149011612,pathology,hematopathology,light microscopy,brightfield microscopy,
classification,"['A Giemsa-stained light micrograph displaying human peripheral blood cells. As a blood cell recognition system, identify the correct cell type: lymphocyte', 'A Giemsa-stained light micrograph displaying human peripheral blood cells. As a blood cell recognition system, identify the correct cell type: basophil', 'A Giemsa-stained light micrograph displaying human peripheral blood cells. As a blood cell recognition system, identify the correct cell type: eosinophil', 'A Giemsa-stained light micrograph displaying human peripheral blood cells. As a blood cell recognition system, identify the correct cell type: erythroblast', 'A Giemsa-stained light micrograph displaying human peripheral blood cells. As a blood cell recognition system, identify the correct cell type: platelet', 'A Giemsa-stained light micrograph displaying human peripheral blood cells. As a blood cell recognition system, identify the correct cell type: none of the above']",450f80c5-7ecc-447e-8c66-856a83905243,platelet,4,"{'pred': [3], 'probs': [[0.11457664519548416, 0.07064573466777802, 0.1747778356075287, 0.34376847743988037, 0.16897131502628326, 0.1272599846124649]], 'pred_prompt': ['A Giemsa-stained light micrograph displaying human peripheral blood cells. As a blood cell recognition system, identify the correct cell type: erythroblast']}",0.10000000149011612,pathology,hematopathology,light microscopy,brightfield microscopy,
classification,"['A Giemsa-stained light micrograph displaying human peripheral blood cells. As a blood cell recognition system, identify the correct cell type: erythroblast', 'A Giemsa-stained light micrograph displaying human peripheral blood cells. As a blood cell recognition system, identify the correct cell type: neutrophil', 'A Giemsa-stained light micrograph displaying human peripheral blood cells. As a blood cell recognition system, identify the correct cell type: immature granulocyte', 'A Giemsa-stained light micrograph displaying human peripheral blood cells. As a blood cell recognition system, identify the correct cell type: lymphocyte', 'A Giemsa-stained light micrograph displaying human peripheral blood cells. As a blood cell recognition system, identify the correct cell type: basophil', 'A Giemsa-stained light micrograph displaying human peripheral blood cells. As a blood cell recognition system, identify the correct cell type: none of the above']",4c4bb38d-2988-425d-9aa7-2192ff3fd2bd,basophil,4,"{'pred': [0], 'probs': [[0.39007237553596497, 0.21959932148456573, 0.11864674091339111, 0.1187191903591156, 0.08706746995449066, 0.06589493900537491]], 'pred_prompt': ['A Giemsa-stained light micrograph displaying human peripheral blood cells. As a blood cell recognition system, identify the correct cell type: erythroblast']}",0.10000000149011612,pathology,hematopathology,light microscopy,brightfield microscopy,
classification,"['A Giemsa-stained light micrograph displaying human peripheral blood cells. As a blood cell recognition system, identify the correct cell type: immature granulocyte', 'A Giemsa-stained light micrograph displaying human peripheral blood cells. As a blood cell recognition system, identify the correct cell type: neutrophil', 'A Giemsa-stained light micrograph displaying human peripheral blood cells. As a blood cell recognition system, identify the correct cell type: platelet', 'A Giemsa-stained light micrograph displaying human peripheral blood cells. As a blood cell recognition system, identify the correct cell type: basophil', 'A Giemsa-stained light micrograph displaying human peripheral blood cells. As a blood cell recognition system, identify the correct cell type: monocyte', 'A Giemsa-stained light micrograph displaying human peripheral blood cells. As a blood cell recognition system, identify the correct cell type: none of the above']",edf2082f-f66a-433b-8c91-22d45a22d155,neutrophil,1,"{'pred': [4], 'probs': [[0.11272496730089188, 0.13299891352653503, 0.07083027064800262, 0.025659680366516113, 0.6379146575927734, 0.019871501252055168]], 'pred_prompt': ['A Giemsa-stained light micrograph displaying human peripheral blood cells. As a blood cell recognition system, identify the correct cell type: monocyte']}",0.10000000149011612,pathology,hematopathology,light microscopy,brightfield microscopy,
classification,"['A Giemsa-stained light micrograph displaying human peripheral blood cells. As a blood cell recognition system, identify the correct cell type: eosinophil', 'A Giemsa-stained light micrograph displaying human peripheral blood cells. As a blood cell recognition system, identify the correct cell type: immature granulocyte', 'A Giemsa-stained light micrograph displaying human peripheral blood cells. As a blood cell recognition system, identify the correct cell type: lymphocyte', 'A Giemsa-stained light micrograph displaying human peripheral blood cells. As a blood cell recognition system, identify the correct cell type: neutrophil', 'A Giemsa-stained light micrograph displaying human peripheral blood cells. As a blood cell recognition system, identify the correct cell type: basophil', 'A Giemsa-stained light micrograph displaying human peripheral blood cells. As a blood cell recognition system, identify the correct cell type: none of the above']",585d9144-948f-4eb4-ac74-27d5a610cf77,lymphocyte,2,"{'pred': [3], 'probs': [[0.2218770533800125, 0.14393766224384308, 0.1664135903120041, 0.22221162915229797, 0.11504068225622177, 0.13051940500736237]], 'pred_prompt': ['A Giemsa-stained light micrograph displaying human peripheral blood cells. As a blood cell recognition system, identify the correct cell type: neutrophil']}",0.10000000149011612,pathology,hematopathology,light microscopy,brightfield microscopy,
classification,"['Synthetically generated Giemsa-stained light micrograph of human peripheral blood cell. As a blood cell recognition system, identify the correct cell type: Basophil', 'Synthetically generated Giemsa-stained light micrograph of human peripheral blood cell. As a blood cell recognition system, identify the correct cell type: Neutrophil', 'Synthetically generated Giemsa-stained light micrograph of human peripheral blood cell. As a blood cell recognition system, identify the correct cell type: Monocyte', 'Synthetically generated Giemsa-stained light micrograph of human peripheral blood cell. As a blood cell recognition system, identify the correct cell type: Lymphocyte', 'Synthetically generated Giemsa-stained light micrograph of human peripheral blood cell. As a blood cell recognition system, identify the correct cell type: Eosinophil', 'Synthetically generated Giemsa-stained light micrograph of human peripheral blood cell. As a blood cell recognition system, identify the correct cell type: none of the above']",57526e84-19d4-471b-ba70-bbbf861160f7,Eosinophil,4,"{'pred': [2], 'probs': [[0.12754584848880768, 0.18759240210056305, 0.41260194778442383, 0.113308846950531, 0.15242721140384674, 0.006523726508021355]], 'pred_prompt': ['Synthetically generated Giemsa-stained light micrograph of human peripheral blood cell. As a blood cell recognition system, identify the correct cell type: Monocyte']}",0.1599999964237213,pathology,hematopathology,light microscopy,brightfield microscopy,
classification,"['A Giemsa-stained light micrograph displaying human peripheral blood cells. As a blood cell recognition system, identify the correct cell type: immature granulocyte', 'A Giemsa-stained light micrograph displaying human peripheral blood cells. As a blood cell recognition system, identify the correct cell type: monocyte', 'A Giemsa-stained light micrograph displaying human peripheral blood cells. As a blood cell recognition system, identify the correct cell type: neutrophil', 'A Giemsa-stained light micrograph displaying human peripheral blood cells. As a blood cell recognition system, identify the correct cell type: eosinophil', 'A Giemsa-stained light micrograph displaying human peripheral blood cells. As a blood cell recognition system, identify the correct cell type: basophil', 'A Giemsa-stained light micrograph displaying human peripheral blood cells. As a blood cell recognition system, identify the correct cell type: none of the above']",6a2c81e9-8c15-44b9-a8a0-3ad3db4a02f4,basophil,4,"{'pred': [1], 'probs': [[0.10565449297428131, 0.6514379382133484, 0.12526169419288635, 0.0889425203204155, 0.020841460675001144, 0.007861821912229061]], 'pred_prompt': ['A Giemsa-stained light micrograph displaying human peripheral blood cells. As a blood cell recognition system, identify the correct cell type: monocyte']}",0.10000000149011612,pathology,hematopathology,light microscopy,brightfield microscopy,
classification,"['A Giemsa-stained light micrograph displaying human peripheral blood cells. As a blood cell recognition system, identify the correct cell type: eosinophil', 'A Giemsa-stained light micrograph displaying human peripheral blood cells. As a blood cell recognition system, identify the correct cell type: immature granulocyte', 'A Giemsa-stained light micrograph displaying human peripheral blood cells. As a blood cell recognition system, identify the correct cell type: monocyte', 'A Giemsa-stained light micrograph displaying human peripheral blood cells. As a blood cell recognition system, identify the correct cell type: platelet', 'A Giemsa-stained light micrograph displaying human peripheral blood cells. As a blood cell recognition system, identify the correct cell type: erythroblast', 'A Giemsa-stained light micrograph displaying human peripheral blood cells. As a blood cell recognition system, identify the correct cell type: none of the above']",93b4b8f3-2659-4bf5-9a9a-bfad846ae3fd,immature granulocyte,1,"{'pred': [2], 'probs': [[0.10841894149780273, 0.11099594086408615, 0.39173397421836853, 0.09383735805749893, 0.2674350440502167, 0.027578743174672127]], 'pred_prompt': ['A Giemsa-stained light micrograph displaying human peripheral blood cells. As a blood cell recognition system, identify the correct cell type: monocyte']}",0.10000000149011612,pathology,hematopathology,light microscopy,brightfield microscopy,
classification,"['Synthetically generated Giemsa-stained light micrograph of human peripheral blood cell. As a blood cell recognition system, identify the correct cell type: Neutrophil', 'Synthetically generated Giemsa-stained light micrograph of human peripheral blood cell. As a blood cell recognition system, identify the correct cell type: Basophil', 'Synthetically generated Giemsa-stained light micrograph of human peripheral blood cell. As a blood cell recognition system, identify the correct cell type: Monocyte', 'Synthetically generated Giemsa-stained light micrograph of human peripheral blood cell. As a blood cell recognition system, identify the correct cell type: Eosinophil', 'Synthetically generated Giemsa-stained light micrograph of human peripheral blood cell. As a blood cell recognition system, identify the correct cell type: Lymphocyte', 'Synthetically generated Giemsa-stained light micrograph of human peripheral blood cell. As a blood cell recognition system, identify the correct cell type: none of the above']",9039ae7f-9af0-4882-9772-eeaaeb2e2522,Eosinophil,3,"{'pred': [2], 'probs': [[0.2100823074579239, 0.07716622948646545, 0.44237029552459717, 0.11827198415994644, 0.14768004417419434, 0.0044291359372437]], 'pred_prompt': ['Synthetically generated Giemsa-stained light micrograph of human peripheral blood cell. As a blood cell recognition system, identify the correct cell type: Monocyte']}",0.1599999964237213,pathology,hematopathology,light microscopy,brightfield microscopy,
classification,"['A Giemsa-stained light micrograph displaying human peripheral blood cells. As a blood cell recognition system, identify the correct cell type: neutrophil', 'A Giemsa-stained light micrograph displaying human peripheral blood cells. As a blood cell recognition system, identify the correct cell type: monocyte', 'A Giemsa-stained light micrograph displaying human peripheral blood cells. As a blood cell recognition system, identify the correct cell type: platelet', 'A Giemsa-stained light micrograph displaying human peripheral blood cells. As a blood cell recognition system, identify the correct cell type: immature granulocyte', 'A Giemsa-stained light micrograph displaying human peripheral blood cells. As a blood cell recognition system, identify the correct cell type: lymphocyte', 'A Giemsa-stained light micrograph displaying human peripheral blood cells. As a blood cell recognition system, identify the correct cell type: none of the above']",ed897273-b2b2-4aaf-bd99-126dac351e18,lymphocyte,4,"{'pred': [1], 'probs': [[0.14505378901958466, 0.38611650466918945, 0.10759762674570084, 0.09139394015073776, 0.19044427573680878, 0.07939383387565613]], 'pred_prompt': ['A Giemsa-stained light micrograph displaying human peripheral blood cells. As a blood cell recognition system, identify the correct cell type: monocyte']}",0.10000000149011612,pathology,hematopathology,light microscopy,brightfield microscopy,
classification,"['Synthetically generated Giemsa-stained light micrograph of human peripheral blood cell. As a blood cell recognition system, identify the correct cell type: Monocyte', 'Synthetically generated Giemsa-stained light micrograph of human peripheral blood cell. As a blood cell recognition system, identify the correct cell type: Eosinophil', 'Synthetically generated Giemsa-stained light micrograph of human peripheral blood cell. As a blood cell recognition system, identify the correct cell type: Basophil', 'Synthetically generated Giemsa-stained light micrograph of human peripheral blood cell. As a blood cell recognition system, identify the correct cell type: Neutrophil', 'Synthetically generated Giemsa-stained light micrograph of human peripheral blood cell. As a blood cell recognition system, identify the correct cell type: Lymphocyte', 'Synthetically generated Giemsa-stained light micrograph of human peripheral blood cell. As a blood cell recognition system, identify the correct cell type: none of the above']",cbf93bf6-10c7-4d98-9d41-421a215c7729,Basophil,2,"{'pred': [0], 'probs': [[0.4430636763572693, 0.18965354561805725, 0.079442098736763, 0.1810501515865326, 0.10091846436262131, 0.005872041918337345]], 'pred_prompt': ['Synthetically generated Giemsa-stained light micrograph of human peripheral blood cell. As a blood cell recognition system, identify the correct cell type: Monocyte']}",0.1599999964237213,pathology,hematopathology,light microscopy,brightfield microscopy,
classification,"['Synthetically generated Giemsa-stained light micrograph of human peripheral blood cell. As a blood cell recognition system, identify the correct cell type: Lymphocyte', 'Synthetically generated Giemsa-stained light micrograph of human peripheral blood cell. As a blood cell recognition system, identify the correct cell type: Neutrophil', 'Synthetically generated Giemsa-stained light micrograph of human peripheral blood cell. As a blood cell recognition system, identify the correct cell type: Eosinophil', 'Synthetically generated Giemsa-stained light micrograph of human peripheral blood cell. As a blood cell recognition system, identify the correct cell type: Monocyte', 'Synthetically generated Giemsa-stained light micrograph of human peripheral blood cell. As a blood cell recognition system, identify the correct cell type: Basophil', 'Synthetically generated Giemsa-stained light micrograph of human peripheral blood cell. As a blood cell recognition system, identify the correct cell type: none of the above']",9270f54f-128e-4936-b3e8-21df0041d686,Basophil,4,"{'pred': [3], 'probs': [[0.06623560935258865, 0.203486829996109, 0.2026795893907547, 0.4601118862628937, 0.06298079341650009, 0.004505309741944075]], 'pred_prompt': ['Synthetically generated Giemsa-stained light micrograph of human peripheral blood cell. As a blood cell recognition system, identify the correct cell type: Monocyte']}",0.1599999964237213,pathology,hematopathology,light microscopy,brightfield microscopy,
classification,"['Synthetically generated Giemsa-stained light micrograph of human peripheral blood cell. As a blood cell recognition system, identify the correct cell type: Monocyte', 'Synthetically generated Giemsa-stained light micrograph of human peripheral blood cell. As a blood cell recognition system, identify the correct cell type: Basophil', 'Synthetically generated Giemsa-stained light micrograph of human peripheral blood cell. As a blood cell recognition system, identify the correct cell type: Eosinophil', 'Synthetically generated Giemsa-stained light micrograph of human peripheral blood cell. As a blood cell recognition system, identify the correct cell type: Neutrophil', 'Synthetically generated Giemsa-stained light micrograph of human peripheral blood cell. As a blood cell recognition system, identify the correct cell type: Lymphocyte', 'Synthetically generated Giemsa-stained light micrograph of human peripheral blood cell. As a blood cell recognition system, identify the correct cell type: none of the above']",47cb136d-fdcd-4573-bf43-11296419cb1a,Lymphocyte,4,"{'pred': [0], 'probs': [[0.46855804324150085, 0.0937446802854538, 0.08788911998271942, 0.1666475236415863, 0.1691465973854065, 0.014014022424817085]], 'pred_prompt': ['Synthetically generated Giemsa-stained light micrograph of human peripheral blood cell. As a blood cell recognition system, identify the correct cell type: Monocyte']}",0.1599999964237213,pathology,hematopathology,light microscopy,brightfield microscopy,
classification,"['A Giemsa-stained light micrograph displaying human peripheral blood cells. As a blood cell recognition system, identify the correct cell type: immature granulocyte', 'A Giemsa-stained light micrograph displaying human peripheral blood cells. As a blood cell recognition system, identify the correct cell type: platelet', 'A Giemsa-stained light micrograph displaying human peripheral blood cells. As a blood cell recognition system, identify the correct cell type: monocyte', 'A Giemsa-stained light micrograph displaying human peripheral blood cells. As a blood cell recognition system, identify the correct cell type: basophil', 'A Giemsa-stained light micrograph displaying human peripheral blood cells. As a blood cell recognition system, identify the correct cell type: lymphocyte', 'A Giemsa-stained light micrograph displaying human peripheral blood cells. As a blood cell recognition system, identify the correct cell type: none of the above']",3fb9b529-6bac-42a4-a633-17d3cbfb6e2e,lymphocyte,4,"{'pred': [2], 'probs': [[0.12662078440189362, 0.1366441249847412, 0.5412323474884033, 0.06379558891057968, 0.09262148290872574, 0.03908563032746315]], 'pred_prompt': ['A Giemsa-stained light micrograph displaying human peripheral blood cells. As a blood cell recognition system, identify the correct cell type: monocyte']}",0.10000000149011612,pathology,hematopathology,light microscopy,brightfield microscopy,
classification,"['Synthetically generated Giemsa-stained light micrograph of human peripheral blood cell. As a blood cell recognition system, identify the correct cell type: Monocyte', 'Synthetically generated Giemsa-stained light micrograph of human peripheral blood cell. As a blood cell recognition system, identify the correct cell type: Lymphocyte', 'Synthetically generated Giemsa-stained light micrograph of human peripheral blood cell. As a blood cell recognition system, identify the correct cell type: Basophil', 'Synthetically generated Giemsa-stained light micrograph of human peripheral blood cell. As a blood cell recognition system, identify the correct cell type: Eosinophil', 'Synthetically generated Giemsa-stained light micrograph of human peripheral blood cell. As a blood cell recognition system, identify the correct cell type: Neutrophil', 'Synthetically generated Giemsa-stained light micrograph of human peripheral blood cell. As a blood cell recognition system, identify the correct cell type: none of the above']",a6e0b728-b92a-4bf7-a29e-bd6fbc47287e,Eosinophil,3,"{'pred': [0], 'probs': [[0.4863107204437256, 0.13111864030361176, 0.08734051138162613, 0.16008953750133514, 0.1300010234117508, 0.005139605607837439]], 'pred_prompt': ['Synthetically generated Giemsa-stained light micrograph of human peripheral blood cell. As a blood cell recognition system, identify the correct cell type: Monocyte']}",0.1599999964237213,pathology,hematopathology,light microscopy,brightfield microscopy,
classification,"['A Giemsa-stained light micrograph displaying human peripheral blood cells. As a blood cell recognition system, identify the correct cell type: platelet', 'A Giemsa-stained light micrograph displaying human peripheral blood cells. As a blood cell recognition system, identify the correct cell type: erythroblast', 'A Giemsa-stained light micrograph displaying human peripheral blood cells. As a blood cell recognition system, identify the correct cell type: eosinophil', 'A Giemsa-stained light micrograph displaying human peripheral blood cells. As a blood cell recognition system, identify the correct cell type: lymphocyte', 'A Giemsa-stained light micrograph displaying human peripheral blood cells. As a blood cell recognition system, identify the correct cell type: neutrophil', 'A Giemsa-stained light micrograph displaying human peripheral blood cells. As a blood cell recognition system, identify the correct cell type: none of the above']",4ff9cfcc-cff1-46e8-b54f-67a0dfb7924a,lymphocyte,3,"{'pred': [1], 'probs': [[0.12944209575653076, 0.33008331060409546, 0.15174473822116852, 0.12063397467136383, 0.22888289391994476, 0.03921299800276756]], 'pred_prompt': ['A Giemsa-stained light micrograph displaying human peripheral blood cells. As a blood cell recognition system, identify the correct cell type: erythroblast']}",0.10000000149011612,pathology,hematopathology,light microscopy,brightfield microscopy,
classification,"['A Giemsa-stained light micrograph displaying human peripheral blood cells. As a blood cell recognition system, identify the correct cell type: erythroblast', 'A Giemsa-stained light micrograph displaying human peripheral blood cells. As a blood cell recognition system, identify the correct cell type: platelet', 'A Giemsa-stained light micrograph displaying human peripheral blood cells. As a blood cell recognition system, identify the correct cell type: neutrophil', 'A Giemsa-stained light micrograph displaying human peripheral blood cells. As a blood cell recognition system, identify the correct cell type: eosinophil', 'A Giemsa-stained light micrograph displaying human peripheral blood cells. As a blood cell recognition system, identify the correct cell type: monocyte', 'A Giemsa-stained light micrograph displaying human peripheral blood cells. As a blood cell recognition system, identify the correct cell type: none of the above']",62d35d85-04b4-420d-94be-0b3bde567ab3,neutrophil,2,"{'pred': [4], 'probs': [[0.19208616018295288, 0.08727637678384781, 0.1620788872241974, 0.10701446980237961, 0.42706334590911865, 0.024480709806084633]], 'pred_prompt': ['A Giemsa-stained light micrograph displaying human peripheral blood cells. As a blood cell recognition system, identify the correct cell type: monocyte']}",0.10000000149011612,pathology,hematopathology,light microscopy,brightfield microscopy,
classification,"['A Giemsa-stained light micrograph displaying human peripheral blood cells. As a blood cell recognition system, identify the correct cell type: immature granulocyte', 'A Giemsa-stained light micrograph displaying human peripheral blood cells. As a blood cell recognition system, identify the correct cell type: erythroblast', 'A Giemsa-stained light micrograph displaying human peripheral blood cells. As a blood cell recognition system, identify the correct cell type: eosinophil', 'A Giemsa-stained light micrograph displaying human peripheral blood cells. As a blood cell recognition system, identify the correct cell type: basophil', 'A Giemsa-stained light micrograph displaying human peripheral blood cells. As a blood cell recognition system, identify the correct cell type: neutrophil', 'A Giemsa-stained light micrograph displaying human peripheral blood cells. As a blood cell recognition system, identify the correct cell type: none of the above']",339e8108-bcaf-4a6c-ad6c-af711b2aa9a6,erythroblast,1,"{'pred': [1], 'probs': [[0.09166575223207474, 0.3802412152290344, 0.13359184563159943, 0.09557982534170151, 0.22158724069595337, 0.07733412832021713]], 'pred_prompt': ['A Giemsa-stained light micrograph displaying human peripheral blood cells. As a blood cell recognition system, identify the correct cell type: erythroblast']}",0.10000000149011612,pathology,hematopathology,light microscopy,brightfield microscopy,
classification,"['A Giemsa-stained light micrograph displaying human peripheral blood cells. As a blood cell recognition system, identify the correct cell type: eosinophil', 'A Giemsa-stained light micrograph displaying human peripheral blood cells. As a blood cell recognition system, identify the correct cell type: monocyte', 'A Giemsa-stained light micrograph displaying human peripheral blood cells. As a blood cell recognition system, identify the correct cell type: basophil', 'A Giemsa-stained light micrograph displaying human peripheral blood cells. As a blood cell recognition system, identify the correct cell type: immature granulocyte', 'A Giemsa-stained light micrograph displaying human peripheral blood cells. As a blood cell recognition system, identify the correct cell type: platelet', 'A Giemsa-stained light micrograph displaying human peripheral blood cells. As a blood cell recognition system, identify the correct cell type: none of the above']",9d391106-3173-4129-b374-0793a0ce4920,eosinophil,0,"{'pred': [1], 'probs': [[0.1381150484085083, 0.5898348093032837, 0.06633509695529938, 0.08190134167671204, 0.10115355998277664, 0.022660134360194206]], 'pred_prompt': ['A Giemsa-stained light micrograph displaying human peripheral blood cells. As a blood cell recognition system, identify the correct cell type: monocyte']}",0.10000000149011612,pathology,hematopathology,light microscopy,brightfield microscopy,
classification,"['Synthetically generated Giemsa-stained light micrograph of human peripheral blood cell. As a blood cell recognition system, identify the correct cell type: Eosinophil', 'Synthetically generated Giemsa-stained light micrograph of human peripheral blood cell. As a blood cell recognition system, identify the correct cell type: Lymphocyte', 'Synthetically generated Giemsa-stained light micrograph of human peripheral blood cell. As a blood cell recognition system, identify the correct cell type: Neutrophil', 'Synthetically generated Giemsa-stained light micrograph of human peripheral blood cell. As a blood cell recognition system, identify the correct cell type: Basophil', 'Synthetically generated Giemsa-stained light micrograph of human peripheral blood cell. As a blood cell recognition system, identify the correct cell type: Monocyte', 'Synthetically generated Giemsa-stained light micrograph of human peripheral blood cell. As a blood cell recognition system, identify the correct cell type: none of the above']",d348aadb-9049-41b6-85b6-2a2bf5fecc2f,Eosinophil,0,"{'pred': [4], 'probs': [[0.13023269176483154, 0.19116385281085968, 0.22789163887500763, 0.07569879293441772, 0.3708413541316986, 0.004171656910330057]], 'pred_prompt': ['Synthetically generated Giemsa-stained light micrograph of human peripheral blood cell. As a blood cell recognition system, identify the correct cell type: Monocyte']}",0.1599999964237213,pathology,hematopathology,light microscopy,brightfield microscopy,
classification,"['A Giemsa-stained light micrograph displaying human peripheral blood cells. As a blood cell recognition system, identify the correct cell type: lymphocyte', 'A Giemsa-stained light micrograph displaying human peripheral blood cells. As a blood cell recognition system, identify the correct cell type: erythroblast', 'A Giemsa-stained light micrograph displaying human peripheral blood cells. As a blood cell recognition system, identify the correct cell type: platelet', 'A Giemsa-stained light micrograph displaying human peripheral blood cells. As a blood cell recognition system, identify the correct cell type: monocyte', 'A Giemsa-stained light micrograph displaying human peripheral blood cells. As a blood cell recognition system, identify the correct cell type: basophil', 'A Giemsa-stained light micrograph displaying human peripheral blood cells. As a blood cell recognition system, identify the correct cell type: none of the above']",359a2674-e01f-4492-b901-76eb087a7e0f,erythroblast,1,"{'pred': [3], 'probs': [[0.14846770465373993, 0.2493366003036499, 0.11068043112754822, 0.3752879500389099, 0.04517846181988716, 0.07104886323213577]], 'pred_prompt': ['A Giemsa-stained light micrograph displaying human peripheral blood cells. As a blood cell recognition system, identify the correct cell type: monocyte']}",0.10000000149011612,pathology,hematopathology,light microscopy,brightfield microscopy,
classification,"['A Giemsa-stained light micrograph displaying human peripheral blood cells. As a blood cell recognition system, identify the correct cell type: neutrophil', 'A Giemsa-stained light micrograph displaying human peripheral blood cells. As a blood cell recognition system, identify the correct cell type: erythroblast', 'A Giemsa-stained light micrograph displaying human peripheral blood cells. As a blood cell recognition system, identify the correct cell type: eosinophil', 'A Giemsa-stained light micrograph displaying human peripheral blood cells. As a blood cell recognition system, identify the correct cell type: immature granulocyte', 'A Giemsa-stained light micrograph displaying human peripheral blood cells. As a blood cell recognition system, identify the correct cell type: monocyte', 'A Giemsa-stained light micrograph displaying human peripheral blood cells. As a blood cell recognition system, identify the correct cell type: none of the above']",b04f7555-04f3-4333-ab97-f8e683cb37b2,monocyte,4,"{'pred': [4], 'probs': [[0.14762328565120697, 0.16873133182525635, 0.09772537648677826, 0.0993829146027565, 0.47011858224868774, 0.016418438404798508]], 'pred_prompt': ['A Giemsa-stained light micrograph displaying human peripheral blood cells. As a blood cell recognition system, identify the correct cell type: monocyte']}",0.10000000149011612,pathology,hematopathology,light microscopy,brightfield microscopy,
classification,"['A Giemsa-stained light micrograph displaying human peripheral blood cells. As a blood cell recognition system, identify the correct cell type: erythroblast', 'A Giemsa-stained light micrograph displaying human peripheral blood cells. As a blood cell recognition system, identify the correct cell type: basophil', 'A Giemsa-stained light micrograph displaying human peripheral blood cells. As a blood cell recognition system, identify the correct cell type: immature granulocyte', 'A Giemsa-stained light micrograph displaying human peripheral blood cells. As a blood cell recognition system, identify the correct cell type: eosinophil', 'A Giemsa-stained light micrograph displaying human peripheral blood cells. As a blood cell recognition system, identify the correct cell type: neutrophil', 'A Giemsa-stained light micrograph displaying human peripheral blood cells. As a blood cell recognition system, identify the correct cell type: none of the above']",04da763b-0089-43be-bf9f-f106d68a10b4,basophil,1,"{'pred': [4], 'probs': [[0.23701034486293793, 0.09464122354984283, 0.1876523196697235, 0.15247763693332672, 0.29286637902259827, 0.035352159291505814]], 'pred_prompt': ['A Giemsa-stained light micrograph displaying human peripheral blood cells. As a blood cell recognition system, identify the correct cell type: neutrophil']}",0.10000000149011612,pathology,hematopathology,light microscopy,brightfield microscopy,
classification,"['A Giemsa-stained light micrograph displaying human peripheral blood cells. As a blood cell recognition system, identify the correct cell type: eosinophil', 'A Giemsa-stained light micrograph displaying human peripheral blood cells. As a blood cell recognition system, identify the correct cell type: platelet', 'A Giemsa-stained light micrograph displaying human peripheral blood cells. As a blood cell recognition system, identify the correct cell type: lymphocyte', 'A Giemsa-stained light micrograph displaying human peripheral blood cells. As a blood cell recognition system, identify the correct cell type: neutrophil', 'A Giemsa-stained light micrograph displaying human peripheral blood cells. As a blood cell recognition system, identify the correct cell type: monocyte', 'A Giemsa-stained light micrograph displaying human peripheral blood cells. As a blood cell recognition system, identify the correct cell type: none of the above']",b347eaa0-cb4a-47a3-a284-4b77e58f862c,neutrophil,3,"{'pred': [4], 'probs': [[0.14516596496105194, 0.1065806895494461, 0.08225807547569275, 0.15357516705989838, 0.4783179461956024, 0.034102290868759155]], 'pred_prompt': ['A Giemsa-stained light micrograph displaying human peripheral blood cells. As a blood cell recognition system, identify the correct cell type: monocyte']}",0.10000000149011612,pathology,hematopathology,light microscopy,brightfield microscopy,
classification,"['Synthetically generated Giemsa-stained light micrograph of human peripheral blood cell. As a blood cell recognition system, identify the correct cell type: Basophil', 'Synthetically generated Giemsa-stained light micrograph of human peripheral blood cell. As a blood cell recognition system, identify the correct cell type: Monocyte', 'Synthetically generated Giemsa-stained light micrograph of human peripheral blood cell. As a blood cell recognition system, identify the correct cell type: Lymphocyte', 'Synthetically generated Giemsa-stained light micrograph of human peripheral blood cell. As a blood cell recognition system, identify the correct cell type: Neutrophil', 'Synthetically generated Giemsa-stained light micrograph of human peripheral blood cell. As a blood cell recognition system, identify the correct cell type: Eosinophil', 'Synthetically generated Giemsa-stained light micrograph of human peripheral blood cell. As a blood cell recognition system, identify the correct cell type: none of the above']",e5471c29-8a29-4d60-a61d-1be0cf92805e,Eosinophil,4,"{'pred': [1], 'probs': [[0.11347208172082901, 0.43628576397895813, 0.10978641360998154, 0.2016979157924652, 0.13171328604221344, 0.007044482510536909]], 'pred_prompt': ['Synthetically generated Giemsa-stained light micrograph of human peripheral blood cell. As a blood cell recognition system, identify the correct cell type: Monocyte']}",0.1599999964237213,pathology,hematopathology,light microscopy,brightfield microscopy,
classification,"['A Giemsa-stained light micrograph displaying human peripheral blood cells. As a blood cell recognition system, identify the correct cell type: platelet', 'A Giemsa-stained light micrograph displaying human peripheral blood cells. As a blood cell recognition system, identify the correct cell type: neutrophil', 'A Giemsa-stained light micrograph displaying human peripheral blood cells. As a blood cell recognition system, identify the correct cell type: erythroblast', 'A Giemsa-stained light micrograph displaying human peripheral blood cells. As a blood cell recognition system, identify the correct cell type: basophil', 'A Giemsa-stained light micrograph displaying human peripheral blood cells. As a blood cell recognition system, identify the correct cell type: eosinophil', 'A Giemsa-stained light micrograph displaying human peripheral blood cells. As a blood cell recognition system, identify the correct cell type: none of the above']",c232d4b2-7536-475a-8af5-e7d8452f404f,basophil,3,"{'pred': [2], 'probs': [[0.19330553710460663, 0.22683139145374298, 0.2730790972709656, 0.05646883323788643, 0.19725580513477325, 0.05305929854512215]], 'pred_prompt': ['A Giemsa-stained light micrograph displaying human peripheral blood cells. As a blood cell recognition system, identify the correct cell type: erythroblast']}",0.10000000149011612,pathology,hematopathology,light microscopy,brightfield microscopy,
classification,"['Synthetically generated Giemsa-stained light micrograph of human peripheral blood cell. As a blood cell recognition system, identify the correct cell type: Monocyte', 'Synthetically generated Giemsa-stained light micrograph of human peripheral blood cell. As a blood cell recognition system, identify the correct cell type: Basophil', 'Synthetically generated Giemsa-stained light micrograph of human peripheral blood cell. As a blood cell recognition system, identify the correct cell type: Neutrophil', 'Synthetically generated Giemsa-stained light micrograph of human peripheral blood cell. As a blood cell recognition system, identify the correct cell type: Eosinophil', 'Synthetically generated Giemsa-stained light micrograph of human peripheral blood cell. As a blood cell recognition system, identify the correct cell type: Lymphocyte', 'Synthetically generated Giemsa-stained light micrograph of human peripheral blood cell. As a blood cell recognition system, identify the correct cell type: none of the above']",9324d9a2-a946-4b68-b758-5260a10426cb,Monocyte,0,"{'pred': [0], 'probs': [[0.48318997025489807, 0.12315875291824341, 0.13175910711288452, 0.10980533063411713, 0.14743489027023315, 0.0046520112082362175]], 'pred_prompt': ['Synthetically generated Giemsa-stained light micrograph of human peripheral blood cell. As a blood cell recognition system, identify the correct cell type: Monocyte']}",0.1599999964237213,pathology,hematopathology,light microscopy,brightfield microscopy,
classification,"['Synthetically generated Giemsa-stained light micrograph of human peripheral blood cell. As a blood cell recognition system, identify the correct cell type: Monocyte', 'Synthetically generated Giemsa-stained light micrograph of human peripheral blood cell. As a blood cell recognition system, identify the correct cell type: Eosinophil', 'Synthetically generated Giemsa-stained light micrograph of human peripheral blood cell. As a blood cell recognition system, identify the correct cell type: Basophil', 'Synthetically generated Giemsa-stained light micrograph of human peripheral blood cell. As a blood cell recognition system, identify the correct cell type: Lymphocyte', 'Synthetically generated Giemsa-stained light micrograph of human peripheral blood cell. As a blood cell recognition system, identify the correct cell type: Neutrophil', 'Synthetically generated Giemsa-stained light micrograph of human peripheral blood cell. As a blood cell recognition system, identify the correct cell type: none of the above']",063fcc9d-c2de-4791-8363-9572f601779f,Lymphocyte,3,"{'pred': [0], 'probs': [[0.47173765301704407, 0.11670625954866409, 0.12450263649225235, 0.13434858620166779, 0.13204991817474365, 0.02065487951040268]], 'pred_prompt': ['Synthetically generated Giemsa-stained light micrograph of human peripheral blood cell. As a blood cell recognition system, identify the correct cell type: Monocyte']}",0.1599999964237213,pathology,hematopathology,light microscopy,brightfield microscopy,
classification,"['A Giemsa-stained light micrograph displaying human peripheral blood cells. As a blood cell recognition system, identify the correct cell type: immature granulocyte', 'A Giemsa-stained light micrograph displaying human peripheral blood cells. As a blood cell recognition system, identify the correct cell type: neutrophil', 'A Giemsa-stained light micrograph displaying human peripheral blood cells. As a blood cell recognition system, identify the correct cell type: erythroblast', 'A Giemsa-stained light micrograph displaying human peripheral blood cells. As a blood cell recognition system, identify the correct cell type: basophil', 'A Giemsa-stained light micrograph displaying human peripheral blood cells. As a blood cell recognition system, identify the correct cell type: lymphocyte', 'A Giemsa-stained light micrograph displaying human peripheral blood cells. As a blood cell recognition system, identify the correct cell type: none of the above']",0e4225ca-7ec0-4440-a0e4-1ab87de8ca07,erythroblast,2,"{'pred': [2], 'probs': [[0.0929022952914238, 0.1482972651720047, 0.36384132504463196, 0.10342435538768768, 0.1670202910900116, 0.12451444566249847]], 'pred_prompt': ['A Giemsa-stained light micrograph displaying human peripheral blood cells. As a blood cell recognition system, identify the correct cell type: erythroblast']}",0.10000000149011612,pathology,hematopathology,light microscopy,brightfield microscopy,
classification,"['A Giemsa-stained light micrograph displaying human peripheral blood cells. As a blood cell recognition system, identify the correct cell type: lymphocyte', 'A Giemsa-stained light micrograph displaying human peripheral blood cells. As a blood cell recognition system, identify the correct cell type: immature granulocyte', 'A Giemsa-stained light micrograph displaying human peripheral blood cells. As a blood cell recognition system, identify the correct cell type: neutrophil', 'A Giemsa-stained light micrograph displaying human peripheral blood cells. As a blood cell recognition system, identify the correct cell type: monocyte', 'A Giemsa-stained light micrograph displaying human peripheral blood cells. As a blood cell recognition system, identify the correct cell type: platelet', 'A Giemsa-stained light micrograph displaying human peripheral blood cells. As a blood cell recognition system, identify the correct cell type: none of the above']",e4dc86de-e75d-4350-b5af-32b45d4bfe4f,monocyte,3,"{'pred': [3], 'probs': [[0.06244081258773804, 0.09210570156574249, 0.09071648865938187, 0.6816394329071045, 0.05942730978131294, 0.013670197688043118]], 'pred_prompt': ['A Giemsa-stained light micrograph displaying human peripheral blood cells. As a blood cell recognition system, identify the correct cell type: monocyte']}",0.10000000149011612,pathology,hematopathology,light microscopy,brightfield microscopy,
classification,"['A Giemsa-stained light micrograph displaying human peripheral blood cells. As a blood cell recognition system, identify the correct cell type: monocyte', 'A Giemsa-stained light micrograph displaying human peripheral blood cells. As a blood cell recognition system, identify the correct cell type: immature granulocyte', 'A Giemsa-stained light micrograph displaying human peripheral blood cells. As a blood cell recognition system, identify the correct cell type: eosinophil', 'A Giemsa-stained light micrograph displaying human peripheral blood cells. As a blood cell recognition system, identify the correct cell type: platelet', 'A Giemsa-stained light micrograph displaying human peripheral blood cells. As a blood cell recognition system, identify the correct cell type: lymphocyte', 'A Giemsa-stained light micrograph displaying human peripheral blood cells. As a blood cell recognition system, identify the correct cell type: none of the above']",46fedaaa-30f8-4956-bcbf-970e3d5916e8,lymphocyte,4,"{'pred': [0], 'probs': [[0.5104764699935913, 0.08843079954385757, 0.11152845621109009, 0.1235845610499382, 0.1141754537820816, 0.05180424824357033]], 'pred_prompt': ['A Giemsa-stained light micrograph displaying human peripheral blood cells. As a blood cell recognition system, identify the correct cell type: monocyte']}",0.10000000149011612,pathology,hematopathology,light microscopy,brightfield microscopy,
classification,"['A Giemsa-stained light micrograph displaying human peripheral blood cells. As a blood cell recognition system, identify the correct cell type: platelet', 'A Giemsa-stained light micrograph displaying human peripheral blood cells. As a blood cell recognition system, identify the correct cell type: monocyte', 'A Giemsa-stained light micrograph displaying human peripheral blood cells. As a blood cell recognition system, identify the correct cell type: immature granulocyte', 'A Giemsa-stained light micrograph displaying human peripheral blood cells. As a blood cell recognition system, identify the correct cell type: lymphocyte', 'A Giemsa-stained light micrograph displaying human peripheral blood cells. As a blood cell recognition system, identify the correct cell type: erythroblast', 'A Giemsa-stained light micrograph displaying human peripheral blood cells. As a blood cell recognition system, identify the correct cell type: none of the above']",285436c3-bef0-4f34-9c38-b8938a948a47,monocyte,1,"{'pred': [1], 'probs': [[0.09650864452123642, 0.4764386713504791, 0.11017009615898132, 0.08044888824224472, 0.20199325680732727, 0.03444037213921547]], 'pred_prompt': ['A Giemsa-stained light micrograph displaying human peripheral blood cells. As a blood cell recognition system, identify the correct cell type: monocyte']}",0.10000000149011612,pathology,hematopathology,light microscopy,brightfield microscopy,
classification,"['Synthetically generated Giemsa-stained light micrograph of human peripheral blood cell. As a blood cell recognition system, identify the correct cell type: Monocyte', 'Synthetically generated Giemsa-stained light micrograph of human peripheral blood cell. As a blood cell recognition system, identify the correct cell type: Eosinophil', 'Synthetically generated Giemsa-stained light micrograph of human peripheral blood cell. As a blood cell recognition system, identify the correct cell type: Basophil', 'Synthetically generated Giemsa-stained light micrograph of human peripheral blood cell. As a blood cell recognition system, identify the correct cell type: Lymphocyte', 'Synthetically generated Giemsa-stained light micrograph of human peripheral blood cell. As a blood cell recognition system, identify the correct cell type: Neutrophil', 'Synthetically generated Giemsa-stained light micrograph of human peripheral blood cell. As a blood cell recognition system, identify the correct cell type: none of the above']",a6bbfbd5-5798-4794-b5b7-9e5822b7f0e2,Neutrophil,4,"{'pred': [0], 'probs': [[0.4118325710296631, 0.1708991527557373, 0.07444729655981064, 0.12978032231330872, 0.202006995677948, 0.011033694259822369]], 'pred_prompt': ['Synthetically generated Giemsa-stained light micrograph of human peripheral blood cell. As a blood cell recognition system, identify the correct cell type: Monocyte']}",0.1599999964237213,pathology,hematopathology,light microscopy,brightfield microscopy,
classification,"['A Giemsa-stained light micrograph displaying human peripheral blood cells. As a blood cell recognition system, identify the correct cell type: platelet', 'A Giemsa-stained light micrograph displaying human peripheral blood cells. As a blood cell recognition system, identify the correct cell type: neutrophil', 'A Giemsa-stained light micrograph displaying human peripheral blood cells. As a blood cell recognition system, identify the correct cell type: monocyte', 'A Giemsa-stained light micrograph displaying human peripheral blood cells. As a blood cell recognition system, identify the correct cell type: basophil', 'A Giemsa-stained light micrograph displaying human peripheral blood cells. As a blood cell recognition system, identify the correct cell type: eosinophil', 'A Giemsa-stained light micrograph displaying human peripheral blood cells. As a blood cell recognition system, identify the correct cell type: none of the above']",be082b05-6c6c-4c27-abe8-3cda11760e0a,monocyte,2,"{'pred': [2], 'probs': [[0.045592665672302246, 0.14536654949188232, 0.6774141192436218, 0.024615013971924782, 0.09440004080533981, 0.012611604295670986]], 'pred_prompt': ['A Giemsa-stained light micrograph displaying human peripheral blood cells. As a blood cell recognition system, identify the correct cell type: monocyte']}",0.10000000149011612,pathology,hematopathology,light microscopy,brightfield microscopy,
classification,"['A Giemsa-stained light micrograph displaying human peripheral blood cells. As a blood cell recognition system, identify the correct cell type: neutrophil', 'A Giemsa-stained light micrograph displaying human peripheral blood cells. As a blood cell recognition system, identify the correct cell type: monocyte', 'A Giemsa-stained light micrograph displaying human peripheral blood cells. As a blood cell recognition system, identify the correct cell type: platelet', 'A Giemsa-stained light micrograph displaying human peripheral blood cells. As a blood cell recognition system, identify the correct cell type: eosinophil', 'A Giemsa-stained light micrograph displaying human peripheral blood cells. As a blood cell recognition system, identify the correct cell type: erythroblast', 'A Giemsa-stained light micrograph displaying human peripheral blood cells. As a blood cell recognition system, identify the correct cell type: none of the above']",7829846f-2022-40e4-b95c-2adf4f243cf6,eosinophil,3,"{'pred': [1], 'probs': [[0.1833694875240326, 0.46134090423583984, 0.04398467391729355, 0.09407598525285721, 0.20039498805999756, 0.016833854839205742]], 'pred_prompt': ['A Giemsa-stained light micrograph displaying human peripheral blood cells. As a blood cell recognition system, identify the correct cell type: monocyte']}",0.10000000149011612,pathology,hematopathology,light microscopy,brightfield microscopy,
classification,"['Synthetically generated Giemsa-stained light micrograph of human peripheral blood cell. As a blood cell recognition system, identify the correct cell type: Lymphocyte', 'Synthetically generated Giemsa-stained light micrograph of human peripheral blood cell. As a blood cell recognition system, identify the correct cell type: Monocyte', 'Synthetically generated Giemsa-stained light micrograph of human peripheral blood cell. As a blood cell recognition system, identify the correct cell type: Neutrophil', 'Synthetically generated Giemsa-stained light micrograph of human peripheral blood cell. As a blood cell recognition system, identify the correct cell type: Eosinophil', 'Synthetically generated Giemsa-stained light micrograph of human peripheral blood cell. As a blood cell recognition system, identify the correct cell type: Basophil', 'Synthetically generated Giemsa-stained light micrograph of human peripheral blood cell. As a blood cell recognition system, identify the correct cell type: none of the above']",f88a2c51-dd39-4151-bc76-1556ff2e3ed3,Basophil,4,"{'pred': [1], 'probs': [[0.10287746787071228, 0.4501540958881378, 0.17476898431777954, 0.18657007813453674, 0.07784966379404068, 0.007779753301292658]], 'pred_prompt': ['Synthetically generated Giemsa-stained light micrograph of human peripheral blood cell. As a blood cell recognition system, identify the correct cell type: Monocyte']}",0.1599999964237213,pathology,hematopathology,light microscopy,brightfield microscopy,
classification,"['Synthetically generated Giemsa-stained light micrograph of human peripheral blood cell. As a blood cell recognition system, identify the correct cell type: Basophil', 'Synthetically generated Giemsa-stained light micrograph of human peripheral blood cell. As a blood cell recognition system, identify the correct cell type: Eosinophil', 'Synthetically generated Giemsa-stained light micrograph of human peripheral blood cell. As a blood cell recognition system, identify the correct cell type: Neutrophil', 'Synthetically generated Giemsa-stained light micrograph of human peripheral blood cell. As a blood cell recognition system, identify the correct cell type: Lymphocyte', 'Synthetically generated Giemsa-stained light micrograph of human peripheral blood cell. As a blood cell recognition system, identify the correct cell type: Monocyte', 'Synthetically generated Giemsa-stained light micrograph of human peripheral blood cell. As a blood cell recognition system, identify the correct cell type: none of the above']",0d6d1b51-0d5e-4558-8f72-a4774a03e1c9,Neutrophil,2,"{'pred': [4], 'probs': [[0.07771597057580948, 0.12767332792282104, 0.22437645494937897, 0.13663531839847565, 0.4275169372558594, 0.006082009058445692]], 'pred_prompt': ['Synthetically generated Giemsa-stained light micrograph of human peripheral blood cell. As a blood cell recognition system, identify the correct cell type: Monocyte']}",0.1599999964237213,pathology,hematopathology,light microscopy,brightfield microscopy,
classification,"['A Giemsa-stained light micrograph displaying human peripheral blood cells. As a blood cell recognition system, identify the correct cell type: lymphocyte', 'A Giemsa-stained light micrograph displaying human peripheral blood cells. As a blood cell recognition system, identify the correct cell type: monocyte', 'A Giemsa-stained light micrograph displaying human peripheral blood cells. As a blood cell recognition system, identify the correct cell type: erythroblast', 'A Giemsa-stained light micrograph displaying human peripheral blood cells. As a blood cell recognition system, identify the correct cell type: basophil', 'A Giemsa-stained light micrograph displaying human peripheral blood cells. As a blood cell recognition system, identify the correct cell type: neutrophil', 'A Giemsa-stained light micrograph displaying human peripheral blood cells. As a blood cell recognition system, identify the correct cell type: none of the above']",6ed1dbe5-9c3e-4675-ac81-6c9448adb9db,monocyte,1,"{'pred': [1], 'probs': [[0.06759008020162582, 0.4899969696998596, 0.1937982141971588, 0.04865694418549538, 0.17454193532466888, 0.025415847077965736]], 'pred_prompt': ['A Giemsa-stained light micrograph displaying human peripheral blood cells. As a blood cell recognition system, identify the correct cell type: monocyte']}",0.10000000149011612,pathology,hematopathology,light microscopy,brightfield microscopy,
classification,"['A Giemsa-stained light micrograph displaying human peripheral blood cells. As a blood cell recognition system, identify the correct cell type: neutrophil', 'A Giemsa-stained light micrograph displaying human peripheral blood cells. As a blood cell recognition system, identify the correct cell type: platelet', 'A Giemsa-stained light micrograph displaying human peripheral blood cells. As a blood cell recognition system, identify the correct cell type: erythroblast', 'A Giemsa-stained light micrograph displaying human peripheral blood cells. As a blood cell recognition system, identify the correct cell type: eosinophil', 'A Giemsa-stained light micrograph displaying human peripheral blood cells. As a blood cell recognition system, identify the correct cell type: immature granulocyte', 'A Giemsa-stained light micrograph displaying human peripheral blood cells. As a blood cell recognition system, identify the correct cell type: none of the above']",fdf23c9b-d6d0-462b-a5de-11c37647a316,immature granulocyte,4,"{'pred': [0], 'probs': [[0.2897743880748749, 0.12024332582950592, 0.2424778789281845, 0.1682397574186325, 0.14873749017715454, 0.030527085065841675]], 'pred_prompt': ['A Giemsa-stained light micrograph displaying human peripheral blood cells. As a blood cell recognition system, identify the correct cell type: neutrophil']}",0.10000000149011612,pathology,hematopathology,light microscopy,brightfield microscopy,
classification,"['A Giemsa-stained light micrograph displaying human peripheral blood cells. As a blood cell recognition system, identify the correct cell type: monocyte', 'A Giemsa-stained light micrograph displaying human peripheral blood cells. As a blood cell recognition system, identify the correct cell type: platelet', 'A Giemsa-stained light micrograph displaying human peripheral blood cells. As a blood cell recognition system, identify the correct cell type: basophil', 'A Giemsa-stained light micrograph displaying human peripheral blood cells. As a blood cell recognition system, identify the correct cell type: neutrophil', 'A Giemsa-stained light micrograph displaying human peripheral blood cells. As a blood cell recognition system, identify the correct cell type: eosinophil', 'A Giemsa-stained light micrograph displaying human peripheral blood cells. As a blood cell recognition system, identify the correct cell type: none of the above']",bc11a8cd-e31e-4947-91c7-1d7c29ac8818,basophil,2,"{'pred': [0], 'probs': [[0.6081891059875488, 0.07293102890253067, 0.035503633320331573, 0.14321808516979218, 0.12645171582698822, 0.013706471771001816]], 'pred_prompt': ['A Giemsa-stained light micrograph displaying human peripheral blood cells. As a blood cell recognition system, identify the correct cell type: monocyte']}",0.10000000149011612,pathology,hematopathology,light microscopy,brightfield microscopy,
classification,"['A Giemsa-stained light micrograph displaying human peripheral blood cells. As a blood cell recognition system, identify the correct cell type: monocyte', 'A Giemsa-stained light micrograph displaying human peripheral blood cells. As a blood cell recognition system, identify the correct cell type: lymphocyte', 'A Giemsa-stained light micrograph displaying human peripheral blood cells. As a blood cell recognition system, identify the correct cell type: basophil', 'A Giemsa-stained light micrograph displaying human peripheral blood cells. As a blood cell recognition system, identify the correct cell type: immature granulocyte', 'A Giemsa-stained light micrograph displaying human peripheral blood cells. As a blood cell recognition system, identify the correct cell type: platelet', 'A Giemsa-stained light micrograph displaying human peripheral blood cells. As a blood cell recognition system, identify the correct cell type: none of the above']",b9b9840f-3f8d-449e-87ae-c8af705242c7,platelet,4,"{'pred': [0], 'probs': [[0.38719430565834045, 0.11247468739748001, 0.09758150577545166, 0.09261273592710495, 0.21783937513828278, 0.09229742735624313]], 'pred_prompt': ['A Giemsa-stained light micrograph displaying human peripheral blood cells. As a blood cell recognition system, identify the correct cell type: monocyte']}",0.10000000149011612,pathology,hematopathology,light microscopy,brightfield microscopy,
classification,"['Synthetically generated Giemsa-stained light micrograph of human peripheral blood cell. As a blood cell recognition system, identify the correct cell type: Neutrophil', 'Synthetically generated Giemsa-stained light micrograph of human peripheral blood cell. As a blood cell recognition system, identify the correct cell type: Basophil', 'Synthetically generated Giemsa-stained light micrograph of human peripheral blood cell. As a blood cell recognition system, identify the correct cell type: Eosinophil', 'Synthetically generated Giemsa-stained light micrograph of human peripheral blood cell. As a blood cell recognition system, identify the correct cell type: Monocyte', 'Synthetically generated Giemsa-stained light micrograph of human peripheral blood cell. As a blood cell recognition system, identify the correct cell type: Lymphocyte', 'Synthetically generated Giemsa-stained light micrograph of human peripheral blood cell. As a blood cell recognition system, identify the correct cell type: none of the above']",17d2c7d1-91ab-4644-9006-6a3b89c6d6ba,Neutrophil,0,"{'pred': [3], 'probs': [[0.27396702766418457, 0.04590270295739174, 0.15018513798713684, 0.4213813841342926, 0.10104823857545853, 0.007515511009842157]], 'pred_prompt': ['Synthetically generated Giemsa-stained light micrograph of human peripheral blood cell. As a blood cell recognition system, identify the correct cell type: Monocyte']}",0.1599999964237213,pathology,hematopathology,light microscopy,brightfield microscopy,
classification,"['Synthetically generated Giemsa-stained light micrograph of human peripheral blood cell. As a blood cell recognition system, identify the correct cell type: Basophil', 'Synthetically generated Giemsa-stained light micrograph of human peripheral blood cell. As a blood cell recognition system, identify the correct cell type: Neutrophil', 'Synthetically generated Giemsa-stained light micrograph of human peripheral blood cell. As a blood cell recognition system, identify the correct cell type: Eosinophil', 'Synthetically generated Giemsa-stained light micrograph of human peripheral blood cell. As a blood cell recognition system, identify the correct cell type: Lymphocyte', 'Synthetically generated Giemsa-stained light micrograph of human peripheral blood cell. As a blood cell recognition system, identify the correct cell type: Monocyte', 'Synthetically generated Giemsa-stained light micrograph of human peripheral blood cell. As a blood cell recognition system, identify the correct cell type: none of the above']",07243863-e7b2-4ebb-bd79-d516920f1dad,Neutrophil,1,"{'pred': [4], 'probs': [[0.09528529644012451, 0.20244592428207397, 0.10019887983798981, 0.10819544643163681, 0.4893954396247864, 0.004479092545807362]], 'pred_prompt': ['Synthetically generated Giemsa-stained light micrograph of human peripheral blood cell. As a blood cell recognition system, identify the correct cell type: Monocyte']}",0.1599999964237213,pathology,hematopathology,light microscopy,brightfield microscopy,
classification,"['A Giemsa-stained light micrograph displaying human peripheral blood cells. As a blood cell recognition system, identify the correct cell type: immature granulocyte', 'A Giemsa-stained light micrograph displaying human peripheral blood cells. As a blood cell recognition system, identify the correct cell type: platelet', 'A Giemsa-stained light micrograph displaying human peripheral blood cells. As a blood cell recognition system, identify the correct cell type: monocyte', 'A Giemsa-stained light micrograph displaying human peripheral blood cells. As a blood cell recognition system, identify the correct cell type: erythroblast', 'A Giemsa-stained light micrograph displaying human peripheral blood cells. As a blood cell recognition system, identify the correct cell type: eosinophil', 'A Giemsa-stained light micrograph displaying human peripheral blood cells. As a blood cell recognition system, identify the correct cell type: none of the above']",aa97da26-73a2-4beb-9df2-837abd61fd5f,immature granulocyte,0,"{'pred': [2], 'probs': [[0.14123991131782532, 0.055861860513687134, 0.456437885761261, 0.23362866044044495, 0.08858110755681992, 0.024250561371445656]], 'pred_prompt': ['A Giemsa-stained light micrograph displaying human peripheral blood cells. As a blood cell recognition system, identify the correct cell type: monocyte']}",0.10000000149011612,pathology,hematopathology,light microscopy,brightfield microscopy,
classification,"['A Giemsa-stained light micrograph displaying human peripheral blood cells. As a blood cell recognition system, identify the correct cell type: lymphocyte', 'A Giemsa-stained light micrograph displaying human peripheral blood cells. As a blood cell recognition system, identify the correct cell type: platelet', 'A Giemsa-stained light micrograph displaying human peripheral blood cells. As a blood cell recognition system, identify the correct cell type: neutrophil', 'A Giemsa-stained light micrograph displaying human peripheral blood cells. As a blood cell recognition system, identify the correct cell type: eosinophil', 'A Giemsa-stained light micrograph displaying human peripheral blood cells. As a blood cell recognition system, identify the correct cell type: basophil', 'A Giemsa-stained light micrograph displaying human peripheral blood cells. As a blood cell recognition system, identify the correct cell type: none of the above']",d7885c79-d20d-403f-b519-74811d563c0e,lymphocyte,0,"{'pred': [2], 'probs': [[0.174274280667305, 0.21401867270469666, 0.22207015752792358, 0.19478967785835266, 0.11427529901266098, 0.08057188987731934]], 'pred_prompt': ['A Giemsa-stained light micrograph displaying human peripheral blood cells. As a blood cell recognition system, identify the correct cell type: neutrophil']}",0.10000000149011612,pathology,hematopathology,light microscopy,brightfield microscopy,
classification,"['A Giemsa-stained light micrograph displaying human peripheral blood cells. As a blood cell recognition system, identify the correct cell type: immature granulocyte', 'A Giemsa-stained light micrograph displaying human peripheral blood cells. As a blood cell recognition system, identify the correct cell type: platelet', 'A Giemsa-stained light micrograph displaying human peripheral blood cells. As a blood cell recognition system, identify the correct cell type: erythroblast', 'A Giemsa-stained light micrograph displaying human peripheral blood cells. As a blood cell recognition system, identify the correct cell type: basophil', 'A Giemsa-stained light micrograph displaying human peripheral blood cells. As a blood cell recognition system, identify the correct cell type: eosinophil', 'A Giemsa-stained light micrograph displaying human peripheral blood cells. As a blood cell recognition system, identify the correct cell type: none of the above']",c7d3ea21-1b0f-485c-aed8-f02a54c2e36c,erythroblast,2,"{'pred': [2], 'probs': [[0.21706202626228333, 0.12318852543830872, 0.3890136480331421, 0.05932697281241417, 0.17345547676086426, 0.03795340284705162]], 'pred_prompt': ['A Giemsa-stained light micrograph displaying human peripheral blood cells. As a blood cell recognition system, identify the correct cell type: erythroblast']}",0.10000000149011612,pathology,hematopathology,light microscopy,brightfield microscopy,
classification,"['Synthetically generated Giemsa-stained light micrograph of human peripheral blood cell. As a blood cell recognition system, identify the correct cell type: Eosinophil', 'Synthetically generated Giemsa-stained light micrograph of human peripheral blood cell. As a blood cell recognition system, identify the correct cell type: Monocyte', 'Synthetically generated Giemsa-stained light micrograph of human peripheral blood cell. As a blood cell recognition system, identify the correct cell type: Neutrophil', 'Synthetically generated Giemsa-stained light micrograph of human peripheral blood cell. As a blood cell recognition system, identify the correct cell type: Lymphocyte', 'Synthetically generated Giemsa-stained light micrograph of human peripheral blood cell. As a blood cell recognition system, identify the correct cell type: Basophil', 'Synthetically generated Giemsa-stained light micrograph of human peripheral blood cell. As a blood cell recognition system, identify the correct cell type: none of the above']",df76fc1e-d153-4b03-b5e1-3fab127e3275,Lymphocyte,3,"{'pred': [1], 'probs': [[0.0967315062880516, 0.44392305612564087, 0.13501650094985962, 0.18331502377986908, 0.12508533895015717, 0.015928620472550392]], 'pred_prompt': ['Synthetically generated Giemsa-stained light micrograph of human peripheral blood cell. As a blood cell recognition system, identify the correct cell type: Monocyte']}",0.1599999964237213,pathology,hematopathology,light microscopy,brightfield microscopy,
classification,"['A Giemsa-stained light micrograph displaying human peripheral blood cells. As a blood cell recognition system, identify the correct cell type: eosinophil', 'A Giemsa-stained light micrograph displaying human peripheral blood cells. As a blood cell recognition system, identify the correct cell type: neutrophil', 'A Giemsa-stained light micrograph displaying human peripheral blood cells. As a blood cell recognition system, identify the correct cell type: immature granulocyte', 'A Giemsa-stained light micrograph displaying human peripheral blood cells. As a blood cell recognition system, identify the correct cell type: erythroblast', 'A Giemsa-stained light micrograph displaying human peripheral blood cells. As a blood cell recognition system, identify the correct cell type: monocyte', 'A Giemsa-stained light micrograph displaying human peripheral blood cells. As a blood cell recognition system, identify the correct cell type: none of the above']",b57ca130-1383-4a23-9fba-bf8639370fde,eosinophil,0,"{'pred': [4], 'probs': [[0.140049546957016, 0.2093285620212555, 0.09990503638982773, 0.25177422165870667, 0.2821211516857147, 0.016821490600705147]], 'pred_prompt': ['A Giemsa-stained light micrograph displaying human peripheral blood cells. As a blood cell recognition system, identify the correct cell type: monocyte']}",0.10000000149011612,pathology,hematopathology,light microscopy,brightfield microscopy,
classification,"['A Giemsa-stained light micrograph displaying human peripheral blood cells. As a blood cell recognition system, identify the correct cell type: neutrophil', 'A Giemsa-stained light micrograph displaying human peripheral blood cells. As a blood cell recognition system, identify the correct cell type: monocyte', 'A Giemsa-stained light micrograph displaying human peripheral blood cells. As a blood cell recognition system, identify the correct cell type: platelet', 'A Giemsa-stained light micrograph displaying human peripheral blood cells. As a blood cell recognition system, identify the correct cell type: lymphocyte', 'A Giemsa-stained light micrograph displaying human peripheral blood cells. As a blood cell recognition system, identify the correct cell type: basophil', 'A Giemsa-stained light micrograph displaying human peripheral blood cells. As a blood cell recognition system, identify the correct cell type: none of the above']",c7d5cef6-e850-4e49-a687-15691b9c6edf,basophil,4,"{'pred': [1], 'probs': [[0.22469677031040192, 0.4906911253929138, 0.10839833319187164, 0.10269487649202347, 0.047029342502355576, 0.02648947387933731]], 'pred_prompt': ['A Giemsa-stained light micrograph displaying human peripheral blood cells. As a blood cell recognition system, identify the correct cell type: monocyte']}",0.10000000149011612,pathology,hematopathology,light microscopy,brightfield microscopy,
classification,"['A Giemsa-stained light micrograph displaying human peripheral blood cells. As a blood cell recognition system, identify the correct cell type: platelet', 'A Giemsa-stained light micrograph displaying human peripheral blood cells. As a blood cell recognition system, identify the correct cell type: monocyte', 'A Giemsa-stained light micrograph displaying human peripheral blood cells. As a blood cell recognition system, identify the correct cell type: lymphocyte', 'A Giemsa-stained light micrograph displaying human peripheral blood cells. As a blood cell recognition system, identify the correct cell type: eosinophil', 'A Giemsa-stained light micrograph displaying human peripheral blood cells. As a blood cell recognition system, identify the correct cell type: basophil', 'A Giemsa-stained light micrograph displaying human peripheral blood cells. As a blood cell recognition system, identify the correct cell type: none of the above']",1d76b1c5-ac8e-4ea1-9f66-14f7e2d4a7b3,lymphocyte,2,"{'pred': [1], 'probs': [[0.12007498741149902, 0.5678937435150146, 0.13607889413833618, 0.08972573280334473, 0.055008113384246826, 0.031218579038977623]], 'pred_prompt': ['A Giemsa-stained light micrograph displaying human peripheral blood cells. As a blood cell recognition system, identify the correct cell type: monocyte']}",0.10000000149011612,pathology,hematopathology,light microscopy,brightfield microscopy,
classification,"['A Giemsa-stained light micrograph displaying human peripheral blood cells. As a blood cell recognition system, identify the correct cell type: lymphocyte', 'A Giemsa-stained light micrograph displaying human peripheral blood cells. As a blood cell recognition system, identify the correct cell type: immature granulocyte', 'A Giemsa-stained light micrograph displaying human peripheral blood cells. As a blood cell recognition system, identify the correct cell type: monocyte', 'A Giemsa-stained light micrograph displaying human peripheral blood cells. As a blood cell recognition system, identify the correct cell type: neutrophil', 'A Giemsa-stained light micrograph displaying human peripheral blood cells. As a blood cell recognition system, identify the correct cell type: eosinophil', 'A Giemsa-stained light micrograph displaying human peripheral blood cells. As a blood cell recognition system, identify the correct cell type: none of the above']",57ab0856-ab1e-445f-80ba-04e74f703a28,eosinophil,4,"{'pred': [2], 'probs': [[0.08511977642774582, 0.10551786422729492, 0.45342543721199036, 0.19649440050125122, 0.13792815804481506, 0.021514343097805977]], 'pred_prompt': ['A Giemsa-stained light micrograph displaying human peripheral blood cells. As a blood cell recognition system, identify the correct cell type: monocyte']}",0.10000000149011612,pathology,hematopathology,light microscopy,brightfield microscopy,
classification,"['Synthetically generated Giemsa-stained light micrograph of human peripheral blood cell. As a blood cell recognition system, identify the correct cell type: Basophil', 'Synthetically generated Giemsa-stained light micrograph of human peripheral blood cell. As a blood cell recognition system, identify the correct cell type: Neutrophil', 'Synthetically generated Giemsa-stained light micrograph of human peripheral blood cell. As a blood cell recognition system, identify the correct cell type: Monocyte', 'Synthetically generated Giemsa-stained light micrograph of human peripheral blood cell. As a blood cell recognition system, identify the correct cell type: Eosinophil', 'Synthetically generated Giemsa-stained light micrograph of human peripheral blood cell. As a blood cell recognition system, identify the correct cell type: Lymphocyte', 'Synthetically generated Giemsa-stained light micrograph of human peripheral blood cell. As a blood cell recognition system, identify the correct cell type: none of the above']",199eba09-1ca6-4fd4-9096-3e84655989b8,Neutrophil,1,"{'pred': [2], 'probs': [[0.0604882575571537, 0.2412574291229248, 0.4225308895111084, 0.12967385351657867, 0.14153660833835602, 0.004512989427894354]], 'pred_prompt': ['Synthetically generated Giemsa-stained light micrograph of human peripheral blood cell. As a blood cell recognition system, identify the correct cell type: Monocyte']}",0.1599999964237213,pathology,hematopathology,light microscopy,brightfield microscopy,
classification,"['A Giemsa-stained light micrograph displaying human peripheral blood cells. As a blood cell recognition system, identify the correct cell type: erythroblast', 'A Giemsa-stained light micrograph displaying human peripheral blood cells. As a blood cell recognition system, identify the correct cell type: neutrophil', 'A Giemsa-stained light micrograph displaying human peripheral blood cells. As a blood cell recognition system, identify the correct cell type: basophil', 'A Giemsa-stained light micrograph displaying human peripheral blood cells. As a blood cell recognition system, identify the correct cell type: eosinophil', 'A Giemsa-stained light micrograph displaying human peripheral blood cells. As a blood cell recognition system, identify the correct cell type: monocyte', 'A Giemsa-stained light micrograph displaying human peripheral blood cells. As a blood cell recognition system, identify the correct cell type: none of the above']",945a2fdd-c9c7-490f-8a8e-ea662fdd1d3f,monocyte,4,"{'pred': [4], 'probs': [[0.2165769785642624, 0.13044127821922302, 0.04601437970995903, 0.11397707462310791, 0.4710955321788788, 0.02189476601779461]], 'pred_prompt': ['A Giemsa-stained light micrograph displaying human peripheral blood cells. As a blood cell recognition system, identify the correct cell type: monocyte']}",0.10000000149011612,pathology,hematopathology,light microscopy,brightfield microscopy,
classification,"['A Giemsa-stained light micrograph displaying human peripheral blood cells. As a blood cell recognition system, identify the correct cell type: platelet', 'A Giemsa-stained light micrograph displaying human peripheral blood cells. As a blood cell recognition system, identify the correct cell type: monocyte', 'A Giemsa-stained light micrograph displaying human peripheral blood cells. As a blood cell recognition system, identify the correct cell type: neutrophil', 'A Giemsa-stained light micrograph displaying human peripheral blood cells. As a blood cell recognition system, identify the correct cell type: erythroblast', 'A Giemsa-stained light micrograph displaying human peripheral blood cells. As a blood cell recognition system, identify the correct cell type: immature granulocyte', 'A Giemsa-stained light micrograph displaying human peripheral blood cells. As a blood cell recognition system, identify the correct cell type: none of the above']",41b39076-ccc3-4716-a5bc-ee9d257104f9,immature granulocyte,4,"{'pred': [1], 'probs': [[0.08290515094995499, 0.33957186341285706, 0.18872858583927155, 0.25177818536758423, 0.10232890397310257, 0.034687332808971405]], 'pred_prompt': ['A Giemsa-stained light micrograph displaying human peripheral blood cells. As a blood cell recognition system, identify the correct cell type: monocyte']}",0.10000000149011612,pathology,hematopathology,light microscopy,brightfield microscopy,
classification,"['A Giemsa-stained light micrograph displaying human peripheral blood cells. As a blood cell recognition system, identify the correct cell type: eosinophil', 'A Giemsa-stained light micrograph displaying human peripheral blood cells. As a blood cell recognition system, identify the correct cell type: monocyte', 'A Giemsa-stained light micrograph displaying human peripheral blood cells. As a blood cell recognition system, identify the correct cell type: platelet', 'A Giemsa-stained light micrograph displaying human peripheral blood cells. As a blood cell recognition system, identify the correct cell type: neutrophil', 'A Giemsa-stained light micrograph displaying human peripheral blood cells. As a blood cell recognition system, identify the correct cell type: basophil', 'A Giemsa-stained light micrograph displaying human peripheral blood cells. As a blood cell recognition system, identify the correct cell type: none of the above']",5ae1a226-8b2d-4c9c-bf59-f3fd96360b60,platelet,2,"{'pred': [1], 'probs': [[0.16401925683021545, 0.36251816153526306, 0.13480228185653687, 0.21578684449195862, 0.052906665951013565, 0.06996678560972214]], 'pred_prompt': ['A Giemsa-stained light micrograph displaying human peripheral blood cells. As a blood cell recognition system, identify the correct cell type: monocyte']}",0.10000000149011612,pathology,hematopathology,light microscopy,brightfield microscopy,
classification,"['Synthetically generated Giemsa-stained light micrograph of human peripheral blood cell. As a blood cell recognition system, identify the correct cell type: Eosinophil', 'Synthetically generated Giemsa-stained light micrograph of human peripheral blood cell. As a blood cell recognition system, identify the correct cell type: Basophil', 'Synthetically generated Giemsa-stained light micrograph of human peripheral blood cell. As a blood cell recognition system, identify the correct cell type: Neutrophil', 'Synthetically generated Giemsa-stained light micrograph of human peripheral blood cell. As a blood cell recognition system, identify the correct cell type: Monocyte', 'Synthetically generated Giemsa-stained light micrograph of human peripheral blood cell. As a blood cell recognition system, identify the correct cell type: Lymphocyte', 'Synthetically generated Giemsa-stained light micrograph of human peripheral blood cell. As a blood cell recognition system, identify the correct cell type: none of the above']",88117d1b-7346-4359-b5da-c6959989de87,Eosinophil,0,"{'pred': [3], 'probs': [[0.16314531862735748, 0.06114227697253227, 0.24128058552742004, 0.4020455479621887, 0.12812507152557373, 0.004261169116944075]], 'pred_prompt': ['Synthetically generated Giemsa-stained light micrograph of human peripheral blood cell. As a blood cell recognition system, identify the correct cell type: Monocyte']}",0.1599999964237213,pathology,hematopathology,light microscopy,brightfield microscopy,
classification,"['A Giemsa-stained light micrograph displaying human peripheral blood cells. As a blood cell recognition system, identify the correct cell type: neutrophil', 'A Giemsa-stained light micrograph displaying human peripheral blood cells. As a blood cell recognition system, identify the correct cell type: monocyte', 'A Giemsa-stained light micrograph displaying human peripheral blood cells. As a blood cell recognition system, identify the correct cell type: immature granulocyte', 'A Giemsa-stained light micrograph displaying human peripheral blood cells. As a blood cell recognition system, identify the correct cell type: platelet', 'A Giemsa-stained light micrograph displaying human peripheral blood cells. As a blood cell recognition system, identify the correct cell type: erythroblast', 'A Giemsa-stained light micrograph displaying human peripheral blood cells. As a blood cell recognition system, identify the correct cell type: none of the above']",21d32e33-617c-4081-9218-e7025de2005d,platelet,3,"{'pred': [1], 'probs': [[0.23306776583194733, 0.25904062390327454, 0.11400489509105682, 0.11520539224147797, 0.21332338452339172, 0.06535795331001282]], 'pred_prompt': ['A Giemsa-stained light micrograph displaying human peripheral blood cells. As a blood cell recognition system, identify the correct cell type: monocyte']}",0.10000000149011612,pathology,hematopathology,light microscopy,brightfield microscopy,
classification,"['Synthetically generated Giemsa-stained light micrograph of human peripheral blood cell. As a blood cell recognition system, identify the correct cell type: Basophil', 'Synthetically generated Giemsa-stained light micrograph of human peripheral blood cell. As a blood cell recognition system, identify the correct cell type: Neutrophil', 'Synthetically generated Giemsa-stained light micrograph of human peripheral blood cell. As a blood cell recognition system, identify the correct cell type: Eosinophil', 'Synthetically generated Giemsa-stained light micrograph of human peripheral blood cell. As a blood cell recognition system, identify the correct cell type: Monocyte', 'Synthetically generated Giemsa-stained light micrograph of human peripheral blood cell. As a blood cell recognition system, identify the correct cell type: Lymphocyte', 'Synthetically generated Giemsa-stained light micrograph of human peripheral blood cell. As a blood cell recognition system, identify the correct cell type: none of the above']",349b34d0-6fef-43e1-9dbc-25aa8177f2a6,Neutrophil,1,"{'pred': [3], 'probs': [[0.05209050327539444, 0.2528088390827179, 0.13512639701366425, 0.44422510266304016, 0.11105448007583618, 0.004694650880992413]], 'pred_prompt': ['Synthetically generated Giemsa-stained light micrograph of human peripheral blood cell. As a blood cell recognition system, identify the correct cell type: Monocyte']}",0.1599999964237213,pathology,hematopathology,light microscopy,brightfield microscopy,
classification,"['Synthetically generated Giemsa-stained light micrograph of human peripheral blood cell. As a blood cell recognition system, identify the correct cell type: Lymphocyte', 'Synthetically generated Giemsa-stained light micrograph of human peripheral blood cell. As a blood cell recognition system, identify the correct cell type: Monocyte', 'Synthetically generated Giemsa-stained light micrograph of human peripheral blood cell. As a blood cell recognition system, identify the correct cell type: Neutrophil', 'Synthetically generated Giemsa-stained light micrograph of human peripheral blood cell. As a blood cell recognition system, identify the correct cell type: Eosinophil', 'Synthetically generated Giemsa-stained light micrograph of human peripheral blood cell. As a blood cell recognition system, identify the correct cell type: Basophil', 'Synthetically generated Giemsa-stained light micrograph of human peripheral blood cell. As a blood cell recognition system, identify the correct cell type: none of the above']",c01ba764-97db-4080-b02a-3f312ba37b78,Lymphocyte,0,"{'pred': [1], 'probs': [[0.193302184343338, 0.43364188075065613, 0.14382269978523254, 0.12000483274459839, 0.09939949214458466, 0.009828900918364525]], 'pred_prompt': ['Synthetically generated Giemsa-stained light micrograph of human peripheral blood cell. As a blood cell recognition system, identify the correct cell type: Monocyte']}",0.1599999964237213,pathology,hematopathology,light microscopy,brightfield microscopy,
classification,"['A Giemsa-stained light micrograph displaying human peripheral blood cells. As a blood cell recognition system, identify the correct cell type: platelet', 'A Giemsa-stained light micrograph displaying human peripheral blood cells. As a blood cell recognition system, identify the correct cell type: erythroblast', 'A Giemsa-stained light micrograph displaying human peripheral blood cells. As a blood cell recognition system, identify the correct cell type: eosinophil', 'A Giemsa-stained light micrograph displaying human peripheral blood cells. As a blood cell recognition system, identify the correct cell type: immature granulocyte', 'A Giemsa-stained light micrograph displaying human peripheral blood cells. As a blood cell recognition system, identify the correct cell type: lymphocyte', 'A Giemsa-stained light micrograph displaying human peripheral blood cells. As a blood cell recognition system, identify the correct cell type: none of the above']",43f68a44-fe64-4774-ad1c-642578428a06,eosinophil,2,"{'pred': [1], 'probs': [[0.12167049199342728, 0.3994843363761902, 0.16070404648780823, 0.1175224632024765, 0.1615491807460785, 0.03906948119401932]], 'pred_prompt': ['A Giemsa-stained light micrograph displaying human peripheral blood cells. As a blood cell recognition system, identify the correct cell type: erythroblast']}",0.10000000149011612,pathology,hematopathology,light microscopy,brightfield microscopy,
classification,"['A Giemsa-stained light micrograph displaying human peripheral blood cells. As a blood cell recognition system, identify the correct cell type: basophil', 'A Giemsa-stained light micrograph displaying human peripheral blood cells. As a blood cell recognition system, identify the correct cell type: lymphocyte', 'A Giemsa-stained light micrograph displaying human peripheral blood cells. As a blood cell recognition system, identify the correct cell type: erythroblast', 'A Giemsa-stained light micrograph displaying human peripheral blood cells. As a blood cell recognition system, identify the correct cell type: neutrophil', 'A Giemsa-stained light micrograph displaying human peripheral blood cells. As a blood cell recognition system, identify the correct cell type: platelet', 'A Giemsa-stained light micrograph displaying human peripheral blood cells. As a blood cell recognition system, identify the correct cell type: none of the above']",c62f98e6-40ea-4d66-848e-f667b55542e9,basophil,0,"{'pred': [3], 'probs': [[0.07337341457605362, 0.14569906890392303, 0.2865726947784424, 0.28769320249557495, 0.15223999321460724, 0.054421547800302505]], 'pred_prompt': ['A Giemsa-stained light micrograph displaying human peripheral blood cells. As a blood cell recognition system, identify the correct cell type: neutrophil']}",0.10000000149011612,pathology,hematopathology,light microscopy,brightfield microscopy,
classification,"['A Giemsa-stained light micrograph displaying human peripheral blood cells. As a blood cell recognition system, identify the correct cell type: platelet', 'A Giemsa-stained light micrograph displaying human peripheral blood cells. As a blood cell recognition system, identify the correct cell type: basophil', 'A Giemsa-stained light micrograph displaying human peripheral blood cells. As a blood cell recognition system, identify the correct cell type: erythroblast', 'A Giemsa-stained light micrograph displaying human peripheral blood cells. As a blood cell recognition system, identify the correct cell type: monocyte', 'A Giemsa-stained light micrograph displaying human peripheral blood cells. As a blood cell recognition system, identify the correct cell type: eosinophil', 'A Giemsa-stained light micrograph displaying human peripheral blood cells. As a blood cell recognition system, identify the correct cell type: none of the above']",7e5ae2ec-84e3-43ae-88df-7312a6c5598e,eosinophil,4,"{'pred': [3], 'probs': [[0.08931132405996323, 0.04515540972352028, 0.28045880794525146, 0.4303915202617645, 0.1360895186662674, 0.01859349012374878]], 'pred_prompt': ['A Giemsa-stained light micrograph displaying human peripheral blood cells. As a blood cell recognition system, identify the correct cell type: monocyte']}",0.10000000149011612,pathology,hematopathology,light microscopy,brightfield microscopy,
classification,"['Synthetically generated Giemsa-stained light micrograph of human peripheral blood cell. As a blood cell recognition system, identify the correct cell type: Lymphocyte', 'Synthetically generated Giemsa-stained light micrograph of human peripheral blood cell. As a blood cell recognition system, identify the correct cell type: Monocyte', 'Synthetically generated Giemsa-stained light micrograph of human peripheral blood cell. As a blood cell recognition system, identify the correct cell type: Eosinophil', 'Synthetically generated Giemsa-stained light micrograph of human peripheral blood cell. As a blood cell recognition system, identify the correct cell type: Basophil', 'Synthetically generated Giemsa-stained light micrograph of human peripheral blood cell. As a blood cell recognition system, identify the correct cell type: Neutrophil', 'Synthetically generated Giemsa-stained light micrograph of human peripheral blood cell. As a blood cell recognition system, identify the correct cell type: none of the above']",43ba0292-4743-4a19-add7-f5d0dfee3cd1,Lymphocyte,0,"{'pred': [1], 'probs': [[0.10112199187278748, 0.5707552433013916, 0.09314977377653122, 0.0788094773888588, 0.14589424431324005, 0.010269283317029476]], 'pred_prompt': ['Synthetically generated Giemsa-stained light micrograph of human peripheral blood cell. As a blood cell recognition system, identify the correct cell type: Monocyte']}",0.1599999964237213,pathology,hematopathology,light microscopy,brightfield microscopy,
classification,"['A Giemsa-stained light micrograph displaying human peripheral blood cells. As a blood cell recognition system, identify the correct cell type: basophil', 'A Giemsa-stained light micrograph displaying human peripheral blood cells. As a blood cell recognition system, identify the correct cell type: platelet', 'A Giemsa-stained light micrograph displaying human peripheral blood cells. As a blood cell recognition system, identify the correct cell type: neutrophil', 'A Giemsa-stained light micrograph displaying human peripheral blood cells. As a blood cell recognition system, identify the correct cell type: immature granulocyte', 'A Giemsa-stained light micrograph displaying human peripheral blood cells. As a blood cell recognition system, identify the correct cell type: lymphocyte', 'A Giemsa-stained light micrograph displaying human peripheral blood cells. As a blood cell recognition system, identify the correct cell type: none of the above']",4f11078b-9826-4062-92aa-c2c7312a4ed9,immature granulocyte,3,"{'pred': [2], 'probs': [[0.05411604791879654, 0.14105340838432312, 0.2939973771572113, 0.2740210294723511, 0.19112318754196167, 0.045688994228839874]], 'pred_prompt': ['A Giemsa-stained light micrograph displaying human peripheral blood cells. As a blood cell recognition system, identify the correct cell type: neutrophil']}",0.10000000149011612,pathology,hematopathology,light microscopy,brightfield microscopy,
classification,"['Synthetically generated Giemsa-stained light micrograph of human peripheral blood cell. As a blood cell recognition system, identify the correct cell type: Monocyte', 'Synthetically generated Giemsa-stained light micrograph of human peripheral blood cell. As a blood cell recognition system, identify the correct cell type: Neutrophil', 'Synthetically generated Giemsa-stained light micrograph of human peripheral blood cell. As a blood cell recognition system, identify the correct cell type: Eosinophil', 'Synthetically generated Giemsa-stained light micrograph of human peripheral blood cell. As a blood cell recognition system, identify the correct cell type: Basophil', 'Synthetically generated Giemsa-stained light micrograph of human peripheral blood cell. As a blood cell recognition system, identify the correct cell type: Lymphocyte', 'Synthetically generated Giemsa-stained light micrograph of human peripheral blood cell. As a blood cell recognition system, identify the correct cell type: none of the above']",5c84693b-d536-47c3-a8b9-44b79d33cd9b,Neutrophil,1,"{'pred': [0], 'probs': [[0.4536950886249542, 0.21746119856834412, 0.14981265366077423, 0.05941611900925636, 0.11350546777248383, 0.006109531968832016]], 'pred_prompt': ['Synthetically generated Giemsa-stained light micrograph of human peripheral blood cell. As a blood cell recognition system, identify the correct cell type: Monocyte']}",0.1599999964237213,pathology,hematopathology,light microscopy,brightfield microscopy,
classification,"['A Giemsa-stained light micrograph displaying human peripheral blood cells. As a blood cell recognition system, identify the correct cell type: neutrophil', 'A Giemsa-stained light micrograph displaying human peripheral blood cells. As a blood cell recognition system, identify the correct cell type: platelet', 'A Giemsa-stained light micrograph displaying human peripheral blood cells. As a blood cell recognition system, identify the correct cell type: lymphocyte', 'A Giemsa-stained light micrograph displaying human peripheral blood cells. As a blood cell recognition system, identify the correct cell type: eosinophil', 'A Giemsa-stained light micrograph displaying human peripheral blood cells. As a blood cell recognition system, identify the correct cell type: monocyte', 'A Giemsa-stained light micrograph displaying human peripheral blood cells. As a blood cell recognition system, identify the correct cell type: none of the above']",d137bd46-2d38-494a-a713-2fc5360d28de,platelet,1,"{'pred': [4], 'probs': [[0.22145675122737885, 0.08645088970661163, 0.10029818117618561, 0.1538756936788559, 0.39957866072654724, 0.03833981603384018]], 'pred_prompt': ['A Giemsa-stained light micrograph displaying human peripheral blood cells. As a blood cell recognition system, identify the correct cell type: monocyte']}",0.10000000149011612,pathology,hematopathology,light microscopy,brightfield microscopy,
classification,"['Synthetically generated Giemsa-stained light micrograph of human peripheral blood cell. As a blood cell recognition system, identify the correct cell type: Eosinophil', 'Synthetically generated Giemsa-stained light micrograph of human peripheral blood cell. As a blood cell recognition system, identify the correct cell type: Basophil', 'Synthetically generated Giemsa-stained light micrograph of human peripheral blood cell. As a blood cell recognition system, identify the correct cell type: Monocyte', 'Synthetically generated Giemsa-stained light micrograph of human peripheral blood cell. As a blood cell recognition system, identify the correct cell type: Neutrophil', 'Synthetically generated Giemsa-stained light micrograph of human peripheral blood cell. As a blood cell recognition system, identify the correct cell type: Lymphocyte', 'Synthetically generated Giemsa-stained light micrograph of human peripheral blood cell. As a blood cell recognition system, identify the correct cell type: none of the above']",1b6c6296-0393-4353-ae46-736fe3b97aa0,Basophil,1,"{'pred': [2], 'probs': [[0.1419072151184082, 0.11812730133533478, 0.47502538561820984, 0.12579624354839325, 0.13346010446548462, 0.005683774594217539]], 'pred_prompt': ['Synthetically generated Giemsa-stained light micrograph of human peripheral blood cell. As a blood cell recognition system, identify the correct cell type: Monocyte']}",0.1599999964237213,pathology,hematopathology,light microscopy,brightfield microscopy,
classification,"['A Giemsa-stained light micrograph displaying human peripheral blood cells. As a blood cell recognition system, identify the correct cell type: platelet', 'A Giemsa-stained light micrograph displaying human peripheral blood cells. As a blood cell recognition system, identify the correct cell type: eosinophil', 'A Giemsa-stained light micrograph displaying human peripheral blood cells. As a blood cell recognition system, identify the correct cell type: basophil', 'A Giemsa-stained light micrograph displaying human peripheral blood cells. As a blood cell recognition system, identify the correct cell type: lymphocyte', 'A Giemsa-stained light micrograph displaying human peripheral blood cells. As a blood cell recognition system, identify the correct cell type: immature granulocyte', 'A Giemsa-stained light micrograph displaying human peripheral blood cells. As a blood cell recognition system, identify the correct cell type: none of the above']",3119c4e5-7000-42f3-96eb-b8f4d95c6bcd,immature granulocyte,4,"{'pred': [4], 'probs': [[0.1769900918006897, 0.22948825359344482, 0.07324707508087158, 0.19348600506782532, 0.286155641078949, 0.04063290357589722]], 'pred_prompt': ['A Giemsa-stained light micrograph displaying human peripheral blood cells. As a blood cell recognition system, identify the correct cell type: immature granulocyte']}",0.10000000149011612,pathology,hematopathology,light microscopy,brightfield microscopy,
classification,"['A Giemsa-stained light micrograph displaying human peripheral blood cells. As a blood cell recognition system, identify the correct cell type: lymphocyte', 'A Giemsa-stained light micrograph displaying human peripheral blood cells. As a blood cell recognition system, identify the correct cell type: monocyte', 'A Giemsa-stained light micrograph displaying human peripheral blood cells. As a blood cell recognition system, identify the correct cell type: neutrophil', 'A Giemsa-stained light micrograph displaying human peripheral blood cells. As a blood cell recognition system, identify the correct cell type: basophil', 'A Giemsa-stained light micrograph displaying human peripheral blood cells. As a blood cell recognition system, identify the correct cell type: eosinophil', 'A Giemsa-stained light micrograph displaying human peripheral blood cells. As a blood cell recognition system, identify the correct cell type: none of the above']",235a9b64-786d-48d3-9c9d-f700e4402a20,eosinophil,4,"{'pred': [1], 'probs': [[0.10099224001169205, 0.4054189622402191, 0.2878582179546356, 0.05862690508365631, 0.12190264463424683, 0.02520107850432396]], 'pred_prompt': ['A Giemsa-stained light micrograph displaying human peripheral blood cells. As a blood cell recognition system, identify the correct cell type: monocyte']}",0.10000000149011612,pathology,hematopathology,light microscopy,brightfield microscopy,
classification,"['A Giemsa-stained light micrograph displaying human peripheral blood cells. As a blood cell recognition system, identify the correct cell type: immature granulocyte', 'A Giemsa-stained light micrograph displaying human peripheral blood cells. As a blood cell recognition system, identify the correct cell type: lymphocyte', 'A Giemsa-stained light micrograph displaying human peripheral blood cells. As a blood cell recognition system, identify the correct cell type: eosinophil', 'A Giemsa-stained light micrograph displaying human peripheral blood cells. As a blood cell recognition system, identify the correct cell type: platelet', 'A Giemsa-stained light micrograph displaying human peripheral blood cells. As a blood cell recognition system, identify the correct cell type: erythroblast', 'A Giemsa-stained light micrograph displaying human peripheral blood cells. As a blood cell recognition system, identify the correct cell type: none of the above']",2667b768-73f6-4558-8bb7-efc3a4cfad3a,platelet,3,"{'pred': [4], 'probs': [[0.12397510558366776, 0.14222007989883423, 0.21738646924495697, 0.21015235781669617, 0.2180783450603485, 0.08818762004375458]], 'pred_prompt': ['A Giemsa-stained light micrograph displaying human peripheral blood cells. As a blood cell recognition system, identify the correct cell type: erythroblast']}",0.10000000149011612,pathology,hematopathology,light microscopy,brightfield microscopy,
classification,"['A Giemsa-stained light micrograph displaying human peripheral blood cells. As a blood cell recognition system, identify the correct cell type: monocyte', 'A Giemsa-stained light micrograph displaying human peripheral blood cells. As a blood cell recognition system, identify the correct cell type: neutrophil', 'A Giemsa-stained light micrograph displaying human peripheral blood cells. As a blood cell recognition system, identify the correct cell type: basophil', 'A Giemsa-stained light micrograph displaying human peripheral blood cells. As a blood cell recognition system, identify the correct cell type: platelet', 'A Giemsa-stained light micrograph displaying human peripheral blood cells. As a blood cell recognition system, identify the correct cell type: immature granulocyte', 'A Giemsa-stained light micrograph displaying human peripheral blood cells. As a blood cell recognition system, identify the correct cell type: none of the above']",e52e1893-ab1e-4694-bb37-07a57c2dbe8a,neutrophil,1,"{'pred': [0], 'probs': [[0.5073323845863342, 0.22173352539539337, 0.036827657371759415, 0.08293260633945465, 0.11753515154123306, 0.033638689666986465]], 'pred_prompt': ['A Giemsa-stained light micrograph displaying human peripheral blood cells. As a blood cell recognition system, identify the correct cell type: monocyte']}",0.10000000149011612,pathology,hematopathology,light microscopy,brightfield microscopy,
classification,"['A Giemsa-stained light micrograph displaying human peripheral blood cells. As a blood cell recognition system, identify the correct cell type: immature granulocyte', 'A Giemsa-stained light micrograph displaying human peripheral blood cells. As a blood cell recognition system, identify the correct cell type: platelet', 'A Giemsa-stained light micrograph displaying human peripheral blood cells. As a blood cell recognition system, identify the correct cell type: lymphocyte', 'A Giemsa-stained light micrograph displaying human peripheral blood cells. As a blood cell recognition system, identify the correct cell type: basophil', 'A Giemsa-stained light micrograph displaying human peripheral blood cells. As a blood cell recognition system, identify the correct cell type: eosinophil', 'A Giemsa-stained light micrograph displaying human peripheral blood cells. As a blood cell recognition system, identify the correct cell type: none of the above']",7a3c3b0d-b6a8-41ca-9ec5-edd07f82d257,basophil,3,"{'pred': [0], 'probs': [[0.4118199646472931, 0.09669098258018494, 0.11404330283403397, 0.06693731993436813, 0.28612902760505676, 0.024379368871450424]], 'pred_prompt': ['A Giemsa-stained light micrograph displaying human peripheral blood cells. As a blood cell recognition system, identify the correct cell type: immature granulocyte']}",0.10000000149011612,pathology,hematopathology,light microscopy,brightfield microscopy,
classification,"['Synthetically generated Giemsa-stained light micrograph of human peripheral blood cell. As a blood cell recognition system, identify the correct cell type: Eosinophil', 'Synthetically generated Giemsa-stained light micrograph of human peripheral blood cell. As a blood cell recognition system, identify the correct cell type: Monocyte', 'Synthetically generated Giemsa-stained light micrograph of human peripheral blood cell. As a blood cell recognition system, identify the correct cell type: Neutrophil', 'Synthetically generated Giemsa-stained light micrograph of human peripheral blood cell. As a blood cell recognition system, identify the correct cell type: Lymphocyte', 'Synthetically generated Giemsa-stained light micrograph of human peripheral blood cell. As a blood cell recognition system, identify the correct cell type: Basophil', 'Synthetically generated Giemsa-stained light micrograph of human peripheral blood cell. As a blood cell recognition system, identify the correct cell type: none of the above']",0321f245-8c1d-47d5-ad92-cdcad5e45430,Eosinophil,0,"{'pred': [1], 'probs': [[0.10578537732362747, 0.3661247491836548, 0.188481405377388, 0.2452743947505951, 0.08922441303730011, 0.005109642166644335]], 'pred_prompt': ['Synthetically generated Giemsa-stained light micrograph of human peripheral blood cell. As a blood cell recognition system, identify the correct cell type: Monocyte']}",0.1599999964237213,pathology,hematopathology,light microscopy,brightfield microscopy,
classification,"['A Giemsa-stained light micrograph displaying human peripheral blood cells. As a blood cell recognition system, identify the correct cell type: neutrophil', 'A Giemsa-stained light micrograph displaying human peripheral blood cells. As a blood cell recognition system, identify the correct cell type: lymphocyte', 'A Giemsa-stained light micrograph displaying human peripheral blood cells. As a blood cell recognition system, identify the correct cell type: immature granulocyte', 'A Giemsa-stained light micrograph displaying human peripheral blood cells. As a blood cell recognition system, identify the correct cell type: eosinophil', 'A Giemsa-stained light micrograph displaying human peripheral blood cells. As a blood cell recognition system, identify the correct cell type: erythroblast', 'A Giemsa-stained light micrograph displaying human peripheral blood cells. As a blood cell recognition system, identify the correct cell type: none of the above']",54f647cc-770d-4b0c-aee1-13e8950f1e9d,neutrophil,0,"{'pred': [4], 'probs': [[0.2538217008113861, 0.09831345826387405, 0.1145448386669159, 0.20302385091781616, 0.30589890480041504, 0.024397213011980057]], 'pred_prompt': ['A Giemsa-stained light micrograph displaying human peripheral blood cells. As a blood cell recognition system, identify the correct cell type: erythroblast']}",0.10000000149011612,pathology,hematopathology,light microscopy,brightfield microscopy,
classification,"['A Giemsa-stained light micrograph displaying human peripheral blood cells. As a blood cell recognition system, identify the correct cell type: erythroblast', 'A Giemsa-stained light micrograph displaying human peripheral blood cells. As a blood cell recognition system, identify the correct cell type: immature granulocyte', 'A Giemsa-stained light micrograph displaying human peripheral blood cells. As a blood cell recognition system, identify the correct cell type: monocyte', 'A Giemsa-stained light micrograph displaying human peripheral blood cells. As a blood cell recognition system, identify the correct cell type: platelet', 'A Giemsa-stained light micrograph displaying human peripheral blood cells. As a blood cell recognition system, identify the correct cell type: lymphocyte', 'A Giemsa-stained light micrograph displaying human peripheral blood cells. As a blood cell recognition system, identify the correct cell type: none of the above']",6e18dee8-28ea-47db-a43e-b1be85c40d5d,platelet,3,"{'pred': [0], 'probs': [[0.3561386466026306, 0.06715480238199234, 0.2860672175884247, 0.15593422949314117, 0.07978208363056183, 0.054922960698604584]], 'pred_prompt': ['A Giemsa-stained light micrograph displaying human peripheral blood cells. As a blood cell recognition system, identify the correct cell type: erythroblast']}",0.10000000149011612,pathology,hematopathology,light microscopy,brightfield microscopy,
classification,"['A Giemsa-stained light micrograph displaying human peripheral blood cells. As a blood cell recognition system, identify the correct cell type: immature granulocyte', 'A Giemsa-stained light micrograph displaying human peripheral blood cells. As a blood cell recognition system, identify the correct cell type: eosinophil', 'A Giemsa-stained light micrograph displaying human peripheral blood cells. As a blood cell recognition system, identify the correct cell type: lymphocyte', 'A Giemsa-stained light micrograph displaying human peripheral blood cells. As a blood cell recognition system, identify the correct cell type: monocyte', 'A Giemsa-stained light micrograph displaying human peripheral blood cells. As a blood cell recognition system, identify the correct cell type: platelet', 'A Giemsa-stained light micrograph displaying human peripheral blood cells. As a blood cell recognition system, identify the correct cell type: none of the above']",0997db24-7530-418e-955e-a1e14bd6e154,lymphocyte,2,"{'pred': [3], 'probs': [[0.09651429951190948, 0.0882161557674408, 0.126692995429039, 0.5747656226158142, 0.08061395585536957, 0.03319692239165306]], 'pred_prompt': ['A Giemsa-stained light micrograph displaying human peripheral blood cells. As a blood cell recognition system, identify the correct cell type: monocyte']}",0.10000000149011612,pathology,hematopathology,light microscopy,brightfield microscopy,
classification,"['A Giemsa-stained light micrograph displaying human peripheral blood cells. As a blood cell recognition system, identify the correct cell type: basophil', 'A Giemsa-stained light micrograph displaying human peripheral blood cells. As a blood cell recognition system, identify the correct cell type: monocyte', 'A Giemsa-stained light micrograph displaying human peripheral blood cells. As a blood cell recognition system, identify the correct cell type: eosinophil', 'A Giemsa-stained light micrograph displaying human peripheral blood cells. As a blood cell recognition system, identify the correct cell type: erythroblast', 'A Giemsa-stained light micrograph displaying human peripheral blood cells. As a blood cell recognition system, identify the correct cell type: neutrophil', 'A Giemsa-stained light micrograph displaying human peripheral blood cells. As a blood cell recognition system, identify the correct cell type: none of the above']",05199e01-494f-48ce-96ff-32892b3e18d0,eosinophil,2,"{'pred': [1], 'probs': [[0.0677846148610115, 0.3880092203617096, 0.1165299341082573, 0.164123073220253, 0.2359885573387146, 0.027564596384763718]], 'pred_prompt': ['A Giemsa-stained light micrograph displaying human peripheral blood cells. As a blood cell recognition system, identify the correct cell type: monocyte']}",0.10000000149011612,pathology,hematopathology,light microscopy,brightfield microscopy,
classification,"['A Giemsa-stained light micrograph displaying human peripheral blood cells. As a blood cell recognition system, identify the correct cell type: immature granulocyte', 'A Giemsa-stained light micrograph displaying human peripheral blood cells. As a blood cell recognition system, identify the correct cell type: erythroblast', 'A Giemsa-stained light micrograph displaying human peripheral blood cells. As a blood cell recognition system, identify the correct cell type: neutrophil', 'A Giemsa-stained light micrograph displaying human peripheral blood cells. As a blood cell recognition system, identify the correct cell type: lymphocyte', 'A Giemsa-stained light micrograph displaying human peripheral blood cells. As a blood cell recognition system, identify the correct cell type: basophil', 'A Giemsa-stained light micrograph displaying human peripheral blood cells. As a blood cell recognition system, identify the correct cell type: none of the above']",55abb191-0c11-4384-8b15-28e372d5f25b,neutrophil,2,"{'pred': [1], 'probs': [[0.17199334502220154, 0.3216128349304199, 0.23912091553211212, 0.14323022961616516, 0.06121696159243584, 0.06282569468021393]], 'pred_prompt': ['A Giemsa-stained light micrograph displaying human peripheral blood cells. As a blood cell recognition system, identify the correct cell type: erythroblast']}",0.10000000149011612,pathology,hematopathology,light microscopy,brightfield microscopy,
classification,"['A Giemsa-stained light micrograph displaying human peripheral blood cells. As a blood cell recognition system, identify the correct cell type: monocyte', 'A Giemsa-stained light micrograph displaying human peripheral blood cells. As a blood cell recognition system, identify the correct cell type: neutrophil', 'A Giemsa-stained light micrograph displaying human peripheral blood cells. As a blood cell recognition system, identify the correct cell type: basophil', 'A Giemsa-stained light micrograph displaying human peripheral blood cells. As a blood cell recognition system, identify the correct cell type: platelet', 'A Giemsa-stained light micrograph displaying human peripheral blood cells. As a blood cell recognition system, identify the correct cell type: immature granulocyte', 'A Giemsa-stained light micrograph displaying human peripheral blood cells. As a blood cell recognition system, identify the correct cell type: none of the above']",59d3f4c8-0814-4b0d-b442-8bdb7295e4ec,monocyte,0,"{'pred': [0], 'probs': [[0.6079020500183105, 0.1843319684267044, 0.02773246541619301, 0.07521948218345642, 0.0913122296333313, 0.013501760549843311]], 'pred_prompt': ['A Giemsa-stained light micrograph displaying human peripheral blood cells. As a blood cell recognition system, identify the correct cell type: monocyte']}",0.10000000149011612,pathology,hematopathology,light microscopy,brightfield microscopy,
classification,"['A Giemsa-stained light micrograph displaying human peripheral blood cells. As a blood cell recognition system, identify the correct cell type: eosinophil', 'A Giemsa-stained light micrograph displaying human peripheral blood cells. As a blood cell recognition system, identify the correct cell type: immature granulocyte', 'A Giemsa-stained light micrograph displaying human peripheral blood cells. As a blood cell recognition system, identify the correct cell type: platelet', 'A Giemsa-stained light micrograph displaying human peripheral blood cells. As a blood cell recognition system, identify the correct cell type: monocyte', 'A Giemsa-stained light micrograph displaying human peripheral blood cells. As a blood cell recognition system, identify the correct cell type: erythroblast', 'A Giemsa-stained light micrograph displaying human peripheral blood cells. As a blood cell recognition system, identify the correct cell type: none of the above']",fe3ed3f8-e273-4ed9-873e-0735ad11991d,eosinophil,0,"{'pred': [3], 'probs': [[0.07809886336326599, 0.11099746823310852, 0.04936317726969719, 0.43305063247680664, 0.3078470826148987, 0.020642809569835663]], 'pred_prompt': ['A Giemsa-stained light micrograph displaying human peripheral blood cells. As a blood cell recognition system, identify the correct cell type: monocyte']}",0.10000000149011612,pathology,hematopathology,light microscopy,brightfield microscopy,
classification,"['A Giemsa-stained light micrograph displaying human peripheral blood cells. As a blood cell recognition system, identify the correct cell type: lymphocyte', 'A Giemsa-stained light micrograph displaying human peripheral blood cells. As a blood cell recognition system, identify the correct cell type: eosinophil', 'A Giemsa-stained light micrograph displaying human peripheral blood cells. As a blood cell recognition system, identify the correct cell type: erythroblast', 'A Giemsa-stained light micrograph displaying human peripheral blood cells. As a blood cell recognition system, identify the correct cell type: platelet', 'A Giemsa-stained light micrograph displaying human peripheral blood cells. As a blood cell recognition system, identify the correct cell type: monocyte', 'A Giemsa-stained light micrograph displaying human peripheral blood cells. As a blood cell recognition system, identify the correct cell type: none of the above']",260faaa8-1dd9-4af8-a6e9-98addc7f89c1,platelet,3,"{'pred': [4], 'probs': [[0.11508253216743469, 0.116407111287117, 0.17836573719978333, 0.09107667207717896, 0.47204941511154175, 0.027018513530492783]], 'pred_prompt': ['A Giemsa-stained light micrograph displaying human peripheral blood cells. As a blood cell recognition system, identify the correct cell type: monocyte']}",0.10000000149011612,pathology,hematopathology,light microscopy,brightfield microscopy,
classification,"['A Giemsa-stained light micrograph displaying human peripheral blood cells. As a blood cell recognition system, identify the correct cell type: neutrophil', 'A Giemsa-stained light micrograph displaying human peripheral blood cells. As a blood cell recognition system, identify the correct cell type: erythroblast', 'A Giemsa-stained light micrograph displaying human peripheral blood cells. As a blood cell recognition system, identify the correct cell type: basophil', 'A Giemsa-stained light micrograph displaying human peripheral blood cells. As a blood cell recognition system, identify the correct cell type: platelet', 'A Giemsa-stained light micrograph displaying human peripheral blood cells. As a blood cell recognition system, identify the correct cell type: monocyte', 'A Giemsa-stained light micrograph displaying human peripheral blood cells. As a blood cell recognition system, identify the correct cell type: none of the above']",dc93bd55-a310-4b3c-83fa-bb8932ebb509,platelet,3,"{'pred': [4], 'probs': [[0.17675262689590454, 0.2755052149295807, 0.04287812113761902, 0.10930907726287842, 0.35406213998794556, 0.04149284586310387]], 'pred_prompt': ['A Giemsa-stained light micrograph displaying human peripheral blood cells. As a blood cell recognition system, identify the correct cell type: monocyte']}",0.10000000149011612,pathology,hematopathology,light microscopy,brightfield microscopy,
classification,"['A Giemsa-stained light micrograph displaying human peripheral blood cells. As a blood cell recognition system, identify the correct cell type: platelet', 'A Giemsa-stained light micrograph displaying human peripheral blood cells. As a blood cell recognition system, identify the correct cell type: immature granulocyte', 'A Giemsa-stained light micrograph displaying human peripheral blood cells. As a blood cell recognition system, identify the correct cell type: lymphocyte', 'A Giemsa-stained light micrograph displaying human peripheral blood cells. As a blood cell recognition system, identify the correct cell type: monocyte', 'A Giemsa-stained light micrograph displaying human peripheral blood cells. As a blood cell recognition system, identify the correct cell type: erythroblast', 'A Giemsa-stained light micrograph displaying human peripheral blood cells. As a blood cell recognition system, identify the correct cell type: none of the above']",65dffe5a-e05f-4f7e-b590-b20a9c50f4f0,monocyte,3,"{'pred': [3], 'probs': [[0.06857127696275711, 0.08593550324440002, 0.07308319211006165, 0.49534979462623596, 0.26445069909095764, 0.01260958518832922]], 'pred_prompt': ['A Giemsa-stained light micrograph displaying human peripheral blood cells. As a blood cell recognition system, identify the correct cell type: monocyte']}",0.10000000149011612,pathology,hematopathology,light microscopy,brightfield microscopy,
classification,"['Synthetically generated Giemsa-stained light micrograph of human peripheral blood cell. As a blood cell recognition system, identify the correct cell type: Monocyte', 'Synthetically generated Giemsa-stained light micrograph of human peripheral blood cell. As a blood cell recognition system, identify the correct cell type: Eosinophil', 'Synthetically generated Giemsa-stained light micrograph of human peripheral blood cell. As a blood cell recognition system, identify the correct cell type: Neutrophil', 'Synthetically generated Giemsa-stained light micrograph of human peripheral blood cell. As a blood cell recognition system, identify the correct cell type: Lymphocyte', 'Synthetically generated Giemsa-stained light micrograph of human peripheral blood cell. As a blood cell recognition system, identify the correct cell type: Basophil', 'Synthetically generated Giemsa-stained light micrograph of human peripheral blood cell. As a blood cell recognition system, identify the correct cell type: none of the above']",637d6fdf-74dc-4101-9ae8-eb6a42a9f35b,Eosinophil,1,"{'pred': [0], 'probs': [[0.43233785033226013, 0.13371199369430542, 0.17115861177444458, 0.1792379468679428, 0.08012010902166367, 0.003433455713093281]], 'pred_prompt': ['Synthetically generated Giemsa-stained light micrograph of human peripheral blood cell. As a blood cell recognition system, identify the correct cell type: Monocyte']}",0.1599999964237213,pathology,hematopathology,light microscopy,brightfield microscopy,
classification,"['Synthetically generated Giemsa-stained light micrograph of human peripheral blood cell. As a blood cell recognition system, identify the correct cell type: Neutrophil', 'Synthetically generated Giemsa-stained light micrograph of human peripheral blood cell. As a blood cell recognition system, identify the correct cell type: Basophil', 'Synthetically generated Giemsa-stained light micrograph of human peripheral blood cell. As a blood cell recognition system, identify the correct cell type: Lymphocyte', 'Synthetically generated Giemsa-stained light micrograph of human peripheral blood cell. As a blood cell recognition system, identify the correct cell type: Monocyte', 'Synthetically generated Giemsa-stained light micrograph of human peripheral blood cell. As a blood cell recognition system, identify the correct cell type: Eosinophil', 'Synthetically generated Giemsa-stained light micrograph of human peripheral blood cell. As a blood cell recognition system, identify the correct cell type: none of the above']",f1c7e7c2-db42-4b92-afa0-cd2ff0155704,Basophil,1,"{'pred': [3], 'probs': [[0.2033989131450653, 0.09022261202335358, 0.08134966343641281, 0.4121077358722687, 0.20751744508743286, 0.0054036336950957775]], 'pred_prompt': ['Synthetically generated Giemsa-stained light micrograph of human peripheral blood cell. As a blood cell recognition system, identify the correct cell type: Monocyte']}",0.1599999964237213,pathology,hematopathology,light microscopy,brightfield microscopy,
classification,"['A Giemsa-stained light micrograph displaying human peripheral blood cells. As a blood cell recognition system, identify the correct cell type: neutrophil', 'A Giemsa-stained light micrograph displaying human peripheral blood cells. As a blood cell recognition system, identify the correct cell type: immature granulocyte', 'A Giemsa-stained light micrograph displaying human peripheral blood cells. As a blood cell recognition system, identify the correct cell type: platelet', 'A Giemsa-stained light micrograph displaying human peripheral blood cells. As a blood cell recognition system, identify the correct cell type: eosinophil', 'A Giemsa-stained light micrograph displaying human peripheral blood cells. As a blood cell recognition system, identify the correct cell type: basophil', 'A Giemsa-stained light micrograph displaying human peripheral blood cells. As a blood cell recognition system, identify the correct cell type: none of the above']",4e0187b7-e798-4c61-a68a-57505f61cdbb,basophil,4,"{'pred': [0], 'probs': [[0.28567346930503845, 0.15422101318836212, 0.17354755103588104, 0.2061777263879776, 0.11010164767503738, 0.0702786073088646]], 'pred_prompt': ['A Giemsa-stained light micrograph displaying human peripheral blood cells. As a blood cell recognition system, identify the correct cell type: neutrophil']}",0.10000000149011612,pathology,hematopathology,light microscopy,brightfield microscopy,
classification,"['A Giemsa-stained light micrograph displaying human peripheral blood cells. As a blood cell recognition system, identify the correct cell type: platelet', 'A Giemsa-stained light micrograph displaying human peripheral blood cells. As a blood cell recognition system, identify the correct cell type: lymphocyte', 'A Giemsa-stained light micrograph displaying human peripheral blood cells. As a blood cell recognition system, identify the correct cell type: basophil', 'A Giemsa-stained light micrograph displaying human peripheral blood cells. As a blood cell recognition system, identify the correct cell type: eosinophil', 'A Giemsa-stained light micrograph displaying human peripheral blood cells. As a blood cell recognition system, identify the correct cell type: erythroblast', 'A Giemsa-stained light micrograph displaying human peripheral blood cells. As a blood cell recognition system, identify the correct cell type: none of the above']",54de39b6-d2bd-4f35-9e3f-414635de1dcf,platelet,0,"{'pred': [4], 'probs': [[0.1650538146495819, 0.14915920794010162, 0.056854248046875, 0.19416587054729462, 0.34044820070266724, 0.09431859105825424]], 'pred_prompt': ['A Giemsa-stained light micrograph displaying human peripheral blood cells. As a blood cell recognition system, identify the correct cell type: erythroblast']}",0.10000000149011612,pathology,hematopathology,light microscopy,brightfield microscopy,
classification,"['A Giemsa-stained light micrograph displaying human peripheral blood cells. As a blood cell recognition system, identify the correct cell type: platelet', 'A Giemsa-stained light micrograph displaying human peripheral blood cells. As a blood cell recognition system, identify the correct cell type: basophil', 'A Giemsa-stained light micrograph displaying human peripheral blood cells. As a blood cell recognition system, identify the correct cell type: eosinophil', 'A Giemsa-stained light micrograph displaying human peripheral blood cells. As a blood cell recognition system, identify the correct cell type: neutrophil', 'A Giemsa-stained light micrograph displaying human peripheral blood cells. As a blood cell recognition system, identify the correct cell type: immature granulocyte', 'A Giemsa-stained light micrograph displaying human peripheral blood cells. As a blood cell recognition system, identify the correct cell type: none of the above']",8e44940b-270c-435a-a1de-5ee0ba252995,eosinophil,2,"{'pred': [4], 'probs': [[0.07629862427711487, 0.06530201435089111, 0.16213101148605347, 0.3200549781322479, 0.34243229031562805, 0.03378106653690338]], 'pred_prompt': ['A Giemsa-stained light micrograph displaying human peripheral blood cells. As a blood cell recognition system, identify the correct cell type: immature granulocyte']}",0.10000000149011612,pathology,hematopathology,light microscopy,brightfield microscopy,
classification,"['Synthetically generated Giemsa-stained light micrograph of human peripheral blood cell. As a blood cell recognition system, identify the correct cell type: Lymphocyte', 'Synthetically generated Giemsa-stained light micrograph of human peripheral blood cell. As a blood cell recognition system, identify the correct cell type: Neutrophil', 'Synthetically generated Giemsa-stained light micrograph of human peripheral blood cell. As a blood cell recognition system, identify the correct cell type: Eosinophil', 'Synthetically generated Giemsa-stained light micrograph of human peripheral blood cell. As a blood cell recognition system, identify the correct cell type: Basophil', 'Synthetically generated Giemsa-stained light micrograph of human peripheral blood cell. As a blood cell recognition system, identify the correct cell type: Monocyte', 'Synthetically generated Giemsa-stained light micrograph of human peripheral blood cell. As a blood cell recognition system, identify the correct cell type: none of the above']",c8d06f83-16f7-4995-85a8-1aa601b059d5,Monocyte,4,"{'pred': [4], 'probs': [[0.08195845037698746, 0.15859855711460114, 0.1541517674922943, 0.08978328108787537, 0.5097039341926575, 0.005804033018648624]], 'pred_prompt': ['Synthetically generated Giemsa-stained light micrograph of human peripheral blood cell. As a blood cell recognition system, identify the correct cell type: Monocyte']}",0.1599999964237213,pathology,hematopathology,light microscopy,brightfield microscopy,
classification,"['A Giemsa-stained light micrograph displaying human peripheral blood cells. As a blood cell recognition system, identify the correct cell type: eosinophil', 'A Giemsa-stained light micrograph displaying human peripheral blood cells. As a blood cell recognition system, identify the correct cell type: monocyte', 'A Giemsa-stained light micrograph displaying human peripheral blood cells. As a blood cell recognition system, identify the correct cell type: erythroblast', 'A Giemsa-stained light micrograph displaying human peripheral blood cells. As a blood cell recognition system, identify the correct cell type: neutrophil', 'A Giemsa-stained light micrograph displaying human peripheral blood cells. As a blood cell recognition system, identify the correct cell type: platelet', 'A Giemsa-stained light micrograph displaying human peripheral blood cells. As a blood cell recognition system, identify the correct cell type: none of the above']",b18cb326-a644-43df-a716-7898a91ade7b,eosinophil,0,"{'pred': [1], 'probs': [[0.08629430085420609, 0.3640061914920807, 0.25918662548065186, 0.18251368403434753, 0.07493919134140015, 0.03306003659963608]], 'pred_prompt': ['A Giemsa-stained light micrograph displaying human peripheral blood cells. As a blood cell recognition system, identify the correct cell type: monocyte']}",0.10000000149011612,pathology,hematopathology,light microscopy,brightfield microscopy,
classification,"['A Giemsa-stained light micrograph displaying human peripheral blood cells. As a blood cell recognition system, identify the correct cell type: eosinophil', 'A Giemsa-stained light micrograph displaying human peripheral blood cells. As a blood cell recognition system, identify the correct cell type: monocyte', 'A Giemsa-stained light micrograph displaying human peripheral blood cells. As a blood cell recognition system, identify the correct cell type: lymphocyte', 'A Giemsa-stained light micrograph displaying human peripheral blood cells. As a blood cell recognition system, identify the correct cell type: neutrophil', 'A Giemsa-stained light micrograph displaying human peripheral blood cells. As a blood cell recognition system, identify the correct cell type: immature granulocyte', 'A Giemsa-stained light micrograph displaying human peripheral blood cells. As a blood cell recognition system, identify the correct cell type: none of the above']",744da693-c2f5-46c3-89d3-385bd9673a8c,immature granulocyte,4,"{'pred': [1], 'probs': [[0.11106756329536438, 0.4742931127548218, 0.06905529648065567, 0.1716243177652359, 0.15337660908699036, 0.02058308757841587]], 'pred_prompt': ['A Giemsa-stained light micrograph displaying human peripheral blood cells. As a blood cell recognition system, identify the correct cell type: monocyte']}",0.10000000149011612,pathology,hematopathology,light microscopy,brightfield microscopy,
classification,"['Synthetically generated Giemsa-stained light micrograph of human peripheral blood cell. As a blood cell recognition system, identify the correct cell type: Eosinophil', 'Synthetically generated Giemsa-stained light micrograph of human peripheral blood cell. As a blood cell recognition system, identify the correct cell type: Neutrophil', 'Synthetically generated Giemsa-stained light micrograph of human peripheral blood cell. As a blood cell recognition system, identify the correct cell type: Lymphocyte', 'Synthetically generated Giemsa-stained light micrograph of human peripheral blood cell. As a blood cell recognition system, identify the correct cell type: Monocyte', 'Synthetically generated Giemsa-stained light micrograph of human peripheral blood cell. As a blood cell recognition system, identify the correct cell type: Basophil', 'Synthetically generated Giemsa-stained light micrograph of human peripheral blood cell. As a blood cell recognition system, identify the correct cell type: none of the above']",599d9916-90b5-4f19-a1a5-b938668bc5f9,Basophil,4,"{'pred': [3], 'probs': [[0.143660306930542, 0.18008872866630554, 0.11580964922904968, 0.4889943301677704, 0.06784816086292267, 0.0035988467279821634]], 'pred_prompt': ['Synthetically generated Giemsa-stained light micrograph of human peripheral blood cell. As a blood cell recognition system, identify the correct cell type: Monocyte']}",0.1599999964237213,pathology,hematopathology,light microscopy,brightfield microscopy,
classification,"['A Giemsa-stained light micrograph displaying human peripheral blood cells. As a blood cell recognition system, identify the correct cell type: basophil', 'A Giemsa-stained light micrograph displaying human peripheral blood cells. As a blood cell recognition system, identify the correct cell type: neutrophil', 'A Giemsa-stained light micrograph displaying human peripheral blood cells. As a blood cell recognition system, identify the correct cell type: erythroblast', 'A Giemsa-stained light micrograph displaying human peripheral blood cells. As a blood cell recognition system, identify the correct cell type: monocyte', 'A Giemsa-stained light micrograph displaying human peripheral blood cells. As a blood cell recognition system, identify the correct cell type: lymphocyte', 'A Giemsa-stained light micrograph displaying human peripheral blood cells. As a blood cell recognition system, identify the correct cell type: none of the above']",4bf4a3d6-1c69-43c9-86d9-61a219ead21b,monocyte,3,"{'pred': [3], 'probs': [[0.03938653692603111, 0.11319747567176819, 0.18354569375514984, 0.5936963558197021, 0.05963927134871483, 0.010534628294408321]], 'pred_prompt': ['A Giemsa-stained light micrograph displaying human peripheral blood cells. As a blood cell recognition system, identify the correct cell type: monocyte']}",0.10000000149011612,pathology,hematopathology,light microscopy,brightfield microscopy,
classification,"['A Giemsa-stained light micrograph displaying human peripheral blood cells. As a blood cell recognition system, identify the correct cell type: lymphocyte', 'A Giemsa-stained light micrograph displaying human peripheral blood cells. As a blood cell recognition system, identify the correct cell type: eosinophil', 'A Giemsa-stained light micrograph displaying human peripheral blood cells. As a blood cell recognition system, identify the correct cell type: monocyte', 'A Giemsa-stained light micrograph displaying human peripheral blood cells. As a blood cell recognition system, identify the correct cell type: erythroblast', 'A Giemsa-stained light micrograph displaying human peripheral blood cells. As a blood cell recognition system, identify the correct cell type: immature granulocyte', 'A Giemsa-stained light micrograph displaying human peripheral blood cells. As a blood cell recognition system, identify the correct cell type: none of the above']",bd75668e-330e-4678-a26e-fa92a5cb6e8c,eosinophil,1,"{'pred': [2], 'probs': [[0.06355303525924683, 0.10725215077400208, 0.47266659140586853, 0.23939873278141022, 0.10208221524953842, 0.015047278255224228]], 'pred_prompt': ['A Giemsa-stained light micrograph displaying human peripheral blood cells. As a blood cell recognition system, identify the correct cell type: monocyte']}",0.10000000149011612,pathology,hematopathology,light microscopy,brightfield microscopy,
classification,"['Synthetically generated Giemsa-stained light micrograph of human peripheral blood cell. As a blood cell recognition system, identify the correct cell type: Lymphocyte', 'Synthetically generated Giemsa-stained light micrograph of human peripheral blood cell. As a blood cell recognition system, identify the correct cell type: Monocyte', 'Synthetically generated Giemsa-stained light micrograph of human peripheral blood cell. As a blood cell recognition system, identify the correct cell type: Eosinophil', 'Synthetically generated Giemsa-stained light micrograph of human peripheral blood cell. As a blood cell recognition system, identify the correct cell type: Basophil', 'Synthetically generated Giemsa-stained light micrograph of human peripheral blood cell. As a blood cell recognition system, identify the correct cell type: Neutrophil', 'Synthetically generated Giemsa-stained light micrograph of human peripheral blood cell. As a blood cell recognition system, identify the correct cell type: none of the above']",b4d77cb6-4be4-423b-97b8-7e2cc3930146,Eosinophil,2,"{'pred': [1], 'probs': [[0.14058221876621246, 0.43449801206588745, 0.12571507692337036, 0.1256546676158905, 0.16955509781837463, 0.0039949920028448105]], 'pred_prompt': ['Synthetically generated Giemsa-stained light micrograph of human peripheral blood cell. As a blood cell recognition system, identify the correct cell type: Monocyte']}",0.1599999964237213,pathology,hematopathology,light microscopy,brightfield microscopy,
classification,"['A Giemsa-stained light micrograph displaying human peripheral blood cells. As a blood cell recognition system, identify the correct cell type: neutrophil', 'A Giemsa-stained light micrograph displaying human peripheral blood cells. As a blood cell recognition system, identify the correct cell type: lymphocyte', 'A Giemsa-stained light micrograph displaying human peripheral blood cells. As a blood cell recognition system, identify the correct cell type: basophil', 'A Giemsa-stained light micrograph displaying human peripheral blood cells. As a blood cell recognition system, identify the correct cell type: monocyte', 'A Giemsa-stained light micrograph displaying human peripheral blood cells. As a blood cell recognition system, identify the correct cell type: platelet', 'A Giemsa-stained light micrograph displaying human peripheral blood cells. As a blood cell recognition system, identify the correct cell type: none of the above']",0e38c58d-6cc3-4a43-8fec-6cfe5d337634,lymphocyte,1,"{'pred': [3], 'probs': [[0.1575995683670044, 0.09264659136533737, 0.03379058837890625, 0.6122190952301025, 0.07536281645298004, 0.028381356969475746]], 'pred_prompt': ['A Giemsa-stained light micrograph displaying human peripheral blood cells. As a blood cell recognition system, identify the correct cell type: monocyte']}",0.10000000149011612,pathology,hematopathology,light microscopy,brightfield microscopy,
classification,"['A Giemsa-stained light micrograph displaying human peripheral blood cells. As a blood cell recognition system, identify the correct cell type: monocyte', 'A Giemsa-stained light micrograph displaying human peripheral blood cells. As a blood cell recognition system, identify the correct cell type: eosinophil', 'A Giemsa-stained light micrograph displaying human peripheral blood cells. As a blood cell recognition system, identify the correct cell type: basophil', 'A Giemsa-stained light micrograph displaying human peripheral blood cells. As a blood cell recognition system, identify the correct cell type: immature granulocyte', 'A Giemsa-stained light micrograph displaying human peripheral blood cells. As a blood cell recognition system, identify the correct cell type: platelet', 'A Giemsa-stained light micrograph displaying human peripheral blood cells. As a blood cell recognition system, identify the correct cell type: none of the above']",ae419857-a818-432f-aa80-3dd35c758b99,eosinophil,1,"{'pred': [0], 'probs': [[0.4392038881778717, 0.19308695197105408, 0.07624740153551102, 0.16325120627880096, 0.10287369042634964, 0.025336869060993195]], 'pred_prompt': ['A Giemsa-stained light micrograph displaying human peripheral blood cells. As a blood cell recognition system, identify the correct cell type: monocyte']}",0.10000000149011612,pathology,hematopathology,light microscopy,brightfield microscopy,
classification,"['A Giemsa-stained light micrograph displaying human peripheral blood cells. As a blood cell recognition system, identify the correct cell type: basophil', 'A Giemsa-stained light micrograph displaying human peripheral blood cells. As a blood cell recognition system, identify the correct cell type: immature granulocyte', 'A Giemsa-stained light micrograph displaying human peripheral blood cells. As a blood cell recognition system, identify the correct cell type: eosinophil', 'A Giemsa-stained light micrograph displaying human peripheral blood cells. As a blood cell recognition system, identify the correct cell type: neutrophil', 'A Giemsa-stained light micrograph displaying human peripheral blood cells. As a blood cell recognition system, identify the correct cell type: erythroblast', 'A Giemsa-stained light micrograph displaying human peripheral blood cells. As a blood cell recognition system, identify the correct cell type: none of the above']",51a3806a-9be5-48e7-a007-57e3faee8a34,eosinophil,2,"{'pred': [4], 'probs': [[0.0842345729470253, 0.12917304039001465, 0.1308353692293167, 0.2820279598236084, 0.33627477288246155, 0.03745422884821892]], 'pred_prompt': ['A Giemsa-stained light micrograph displaying human peripheral blood cells. As a blood cell recognition system, identify the correct cell type: erythroblast']}",0.10000000149011612,pathology,hematopathology,light microscopy,brightfield microscopy,
classification,"['A Giemsa-stained light micrograph displaying human peripheral blood cells. As a blood cell recognition system, identify the correct cell type: erythroblast', 'A Giemsa-stained light micrograph displaying human peripheral blood cells. As a blood cell recognition system, identify the correct cell type: eosinophil', 'A Giemsa-stained light micrograph displaying human peripheral blood cells. As a blood cell recognition system, identify the correct cell type: basophil', 'A Giemsa-stained light micrograph displaying human peripheral blood cells. As a blood cell recognition system, identify the correct cell type: immature granulocyte', 'A Giemsa-stained light micrograph displaying human peripheral blood cells. As a blood cell recognition system, identify the correct cell type: lymphocyte', 'A Giemsa-stained light micrograph displaying human peripheral blood cells. As a blood cell recognition system, identify the correct cell type: none of the above']",4a96f62b-7b6a-4c23-8434-5d3207721fea,lymphocyte,4,"{'pred': [0], 'probs': [[0.37129420042037964, 0.18083840608596802, 0.050489190965890884, 0.15523375570774078, 0.1892988234758377, 0.05284564942121506]], 'pred_prompt': ['A Giemsa-stained light micrograph displaying human peripheral blood cells. As a blood cell recognition system, identify the correct cell type: erythroblast']}",0.10000000149011612,pathology,hematopathology,light microscopy,brightfield microscopy,
classification,"['Synthetically generated Giemsa-stained light micrograph of human peripheral blood cell. As a blood cell recognition system, identify the correct cell type: Eosinophil', 'Synthetically generated Giemsa-stained light micrograph of human peripheral blood cell. As a blood cell recognition system, identify the correct cell type: Lymphocyte', 'Synthetically generated Giemsa-stained light micrograph of human peripheral blood cell. As a blood cell recognition system, identify the correct cell type: Basophil', 'Synthetically generated Giemsa-stained light micrograph of human peripheral blood cell. As a blood cell recognition system, identify the correct cell type: Monocyte', 'Synthetically generated Giemsa-stained light micrograph of human peripheral blood cell. As a blood cell recognition system, identify the correct cell type: Neutrophil', 'Synthetically generated Giemsa-stained light micrograph of human peripheral blood cell. As a blood cell recognition system, identify the correct cell type: none of the above']",e84b0235-e7bc-4c46-a750-83abf8987ea6,Eosinophil,0,"{'pred': [3], 'probs': [[0.14789007604122162, 0.13252130150794983, 0.07295302301645279, 0.4567585289478302, 0.18295040726661682, 0.006926601752638817]], 'pred_prompt': ['Synthetically generated Giemsa-stained light micrograph of human peripheral blood cell. As a blood cell recognition system, identify the correct cell type: Monocyte']}",0.1599999964237213,pathology,hematopathology,light microscopy,brightfield microscopy,
classification,"['Synthetically generated Giemsa-stained light micrograph of human peripheral blood cell. As a blood cell recognition system, identify the correct cell type: Neutrophil', 'Synthetically generated Giemsa-stained light micrograph of human peripheral blood cell. As a blood cell recognition system, identify the correct cell type: Eosinophil', 'Synthetically generated Giemsa-stained light micrograph of human peripheral blood cell. As a blood cell recognition system, identify the correct cell type: Basophil', 'Synthetically generated Giemsa-stained light micrograph of human peripheral blood cell. As a blood cell recognition system, identify the correct cell type: Lymphocyte', 'Synthetically generated Giemsa-stained light micrograph of human peripheral blood cell. As a blood cell recognition system, identify the correct cell type: Monocyte', 'Synthetically generated Giemsa-stained light micrograph of human peripheral blood cell. As a blood cell recognition system, identify the correct cell type: none of the above']",690b2086-92d5-406b-85d6-bf7e3d2d3a20,Lymphocyte,3,"{'pred': [4], 'probs': [[0.238848477602005, 0.11127248406410217, 0.09238053858280182, 0.1418367624282837, 0.3892349302768707, 0.026426810771226883]], 'pred_prompt': ['Synthetically generated Giemsa-stained light micrograph of human peripheral blood cell. As a blood cell recognition system, identify the correct cell type: Monocyte']}",0.1599999964237213,pathology,hematopathology,light microscopy,brightfield microscopy,
classification,"['Synthetically generated Giemsa-stained light micrograph of human peripheral blood cell. As a blood cell recognition system, identify the correct cell type: Eosinophil', 'Synthetically generated Giemsa-stained light micrograph of human peripheral blood cell. As a blood cell recognition system, identify the correct cell type: Monocyte', 'Synthetically generated Giemsa-stained light micrograph of human peripheral blood cell. As a blood cell recognition system, identify the correct cell type: Lymphocyte', 'Synthetically generated Giemsa-stained light micrograph of human peripheral blood cell. As a blood cell recognition system, identify the correct cell type: Basophil', 'Synthetically generated Giemsa-stained light micrograph of human peripheral blood cell. As a blood cell recognition system, identify the correct cell type: Neutrophil', 'Synthetically generated Giemsa-stained light micrograph of human peripheral blood cell. As a blood cell recognition system, identify the correct cell type: none of the above']",45b81ec2-383f-46b4-b011-ddc68771b169,Eosinophil,0,"{'pred': [1], 'probs': [[0.1934116780757904, 0.37720534205436707, 0.12110506743192673, 0.10351989418268204, 0.19821369647979736, 0.006544348783791065]], 'pred_prompt': ['Synthetically generated Giemsa-stained light micrograph of human peripheral blood cell. As a blood cell recognition system, identify the correct cell type: Monocyte']}",0.1599999964237213,pathology,hematopathology,light microscopy,brightfield microscopy,
classification,"['A Giemsa-stained light micrograph displaying human peripheral blood cells. As a blood cell recognition system, identify the correct cell type: monocyte', 'A Giemsa-stained light micrograph displaying human peripheral blood cells. As a blood cell recognition system, identify the correct cell type: immature granulocyte', 'A Giemsa-stained light micrograph displaying human peripheral blood cells. As a blood cell recognition system, identify the correct cell type: eosinophil', 'A Giemsa-stained light micrograph displaying human peripheral blood cells. As a blood cell recognition system, identify the correct cell type: lymphocyte', 'A Giemsa-stained light micrograph displaying human peripheral blood cells. As a blood cell recognition system, identify the correct cell type: neutrophil', 'A Giemsa-stained light micrograph displaying human peripheral blood cells. As a blood cell recognition system, identify the correct cell type: none of the above']",b44df44d-29db-4b32-ae2b-8c5100a4a57c,monocyte,0,"{'pred': [0], 'probs': [[0.5008969306945801, 0.11077875643968582, 0.1272810399532318, 0.07158500701189041, 0.15864147245883942, 0.030816763639450073]], 'pred_prompt': ['A Giemsa-stained light micrograph displaying human peripheral blood cells. As a blood cell recognition system, identify the correct cell type: monocyte']}",0.10000000149011612,pathology,hematopathology,light microscopy,brightfield microscopy,
classification,"['A Giemsa-stained light micrograph displaying human peripheral blood cells. As a blood cell recognition system, identify the correct cell type: erythroblast', 'A Giemsa-stained light micrograph displaying human peripheral blood cells. As a blood cell recognition system, identify the correct cell type: monocyte', 'A Giemsa-stained light micrograph displaying human peripheral blood cells. As a blood cell recognition system, identify the correct cell type: immature granulocyte', 'A Giemsa-stained light micrograph displaying human peripheral blood cells. As a blood cell recognition system, identify the correct cell type: platelet', 'A Giemsa-stained light micrograph displaying human peripheral blood cells. As a blood cell recognition system, identify the correct cell type: neutrophil', 'A Giemsa-stained light micrograph displaying human peripheral blood cells. As a blood cell recognition system, identify the correct cell type: none of the above']",29c229a0-9080-40a9-9f8e-ba713e22d931,erythroblast,0,"{'pred': [1], 'probs': [[0.255149245262146, 0.40744903683662415, 0.1113126277923584, 0.06961251050233841, 0.129753977060318, 0.02672257274389267]], 'pred_prompt': ['A Giemsa-stained light micrograph displaying human peripheral blood cells. As a blood cell recognition system, identify the correct cell type: monocyte']}",0.10000000149011612,pathology,hematopathology,light microscopy,brightfield microscopy,
classification,"['Synthetically generated Giemsa-stained light micrograph of human peripheral blood cell. As a blood cell recognition system, identify the correct cell type: Monocyte', 'Synthetically generated Giemsa-stained light micrograph of human peripheral blood cell. As a blood cell recognition system, identify the correct cell type: Lymphocyte', 'Synthetically generated Giemsa-stained light micrograph of human peripheral blood cell. As a blood cell recognition system, identify the correct cell type: Eosinophil', 'Synthetically generated Giemsa-stained light micrograph of human peripheral blood cell. As a blood cell recognition system, identify the correct cell type: Neutrophil', 'Synthetically generated Giemsa-stained light micrograph of human peripheral blood cell. As a blood cell recognition system, identify the correct cell type: Basophil', 'Synthetically generated Giemsa-stained light micrograph of human peripheral blood cell. As a blood cell recognition system, identify the correct cell type: none of the above']",8a4878ad-a313-4270-84d4-cb34fe6a1734,Neutrophil,3,"{'pred': [0], 'probs': [[0.417192667722702, 0.16022297739982605, 0.1161356195807457, 0.23670299351215363, 0.059840813279151917, 0.009904919192194939]], 'pred_prompt': ['Synthetically generated Giemsa-stained light micrograph of human peripheral blood cell. As a blood cell recognition system, identify the correct cell type: Monocyte']}",0.1599999964237213,pathology,hematopathology,light microscopy,brightfield microscopy,
classification,"['A Giemsa-stained light micrograph displaying human peripheral blood cells. As a blood cell recognition system, identify the correct cell type: eosinophil', 'A Giemsa-stained light micrograph displaying human peripheral blood cells. As a blood cell recognition system, identify the correct cell type: immature granulocyte', 'A Giemsa-stained light micrograph displaying human peripheral blood cells. As a blood cell recognition system, identify the correct cell type: neutrophil', 'A Giemsa-stained light micrograph displaying human peripheral blood cells. As a blood cell recognition system, identify the correct cell type: platelet', 'A Giemsa-stained light micrograph displaying human peripheral blood cells. As a blood cell recognition system, identify the correct cell type: basophil', 'A Giemsa-stained light micrograph displaying human peripheral blood cells. As a blood cell recognition system, identify the correct cell type: none of the above']",064c4f84-d6f8-49d5-a3a6-e414930d1b28,platelet,3,"{'pred': [2], 'probs': [[0.2502390444278717, 0.13097834587097168, 0.3001992106437683, 0.176909402012825, 0.07206128537654877, 0.0696127787232399]], 'pred_prompt': ['A Giemsa-stained light micrograph displaying human peripheral blood cells. As a blood cell recognition system, identify the correct cell type: neutrophil']}",0.10000000149011612,pathology,hematopathology,light microscopy,brightfield microscopy,
classification,"['Synthetically generated Giemsa-stained light micrograph of human peripheral blood cell. As a blood cell recognition system, identify the correct cell type: Eosinophil', 'Synthetically generated Giemsa-stained light micrograph of human peripheral blood cell. As a blood cell recognition system, identify the correct cell type: Lymphocyte', 'Synthetically generated Giemsa-stained light micrograph of human peripheral blood cell. As a blood cell recognition system, identify the correct cell type: Basophil', 'Synthetically generated Giemsa-stained light micrograph of human peripheral blood cell. As a blood cell recognition system, identify the correct cell type: Monocyte', 'Synthetically generated Giemsa-stained light micrograph of human peripheral blood cell. As a blood cell recognition system, identify the correct cell type: Neutrophil', 'Synthetically generated Giemsa-stained light micrograph of human peripheral blood cell. As a blood cell recognition system, identify the correct cell type: none of the above']",c334d1d1-1cbc-4537-8e3c-7aef2db0baf8,Monocyte,3,"{'pred': [3], 'probs': [[0.17432041466236115, 0.15380319952964783, 0.17223037779331207, 0.3784599304199219, 0.11477874964475632, 0.006407335866242647]], 'pred_prompt': ['Synthetically generated Giemsa-stained light micrograph of human peripheral blood cell. As a blood cell recognition system, identify the correct cell type: Monocyte']}",0.1599999964237213,pathology,hematopathology,light microscopy,brightfield microscopy,
classification,"['Synthetically generated Giemsa-stained light micrograph of human peripheral blood cell. As a blood cell recognition system, identify the correct cell type: Monocyte', 'Synthetically generated Giemsa-stained light micrograph of human peripheral blood cell. As a blood cell recognition system, identify the correct cell type: Basophil', 'Synthetically generated Giemsa-stained light micrograph of human peripheral blood cell. As a blood cell recognition system, identify the correct cell type: Lymphocyte', 'Synthetically generated Giemsa-stained light micrograph of human peripheral blood cell. As a blood cell recognition system, identify the correct cell type: Neutrophil', 'Synthetically generated Giemsa-stained light micrograph of human peripheral blood cell. As a blood cell recognition system, identify the correct cell type: Eosinophil', 'Synthetically generated Giemsa-stained light micrograph of human peripheral blood cell. As a blood cell recognition system, identify the correct cell type: none of the above']",5fcb88c5-9f21-41d3-b950-427d59acfff4,Lymphocyte,2,"{'pred': [0], 'probs': [[0.5312872529029846, 0.08066744357347488, 0.11903243511915207, 0.13958142697811127, 0.1213565245270729, 0.008074899204075336]], 'pred_prompt': ['Synthetically generated Giemsa-stained light micrograph of human peripheral blood cell. As a blood cell recognition system, identify the correct cell type: Monocyte']}",0.1599999964237213,pathology,hematopathology,light microscopy,brightfield microscopy,
classification,"['A Giemsa-stained light micrograph displaying human peripheral blood cells. As a blood cell recognition system, identify the correct cell type: lymphocyte', 'A Giemsa-stained light micrograph displaying human peripheral blood cells. As a blood cell recognition system, identify the correct cell type: neutrophil', 'A Giemsa-stained light micrograph displaying human peripheral blood cells. As a blood cell recognition system, identify the correct cell type: immature granulocyte', 'A Giemsa-stained light micrograph displaying human peripheral blood cells. As a blood cell recognition system, identify the correct cell type: monocyte', 'A Giemsa-stained light micrograph displaying human peripheral blood cells. As a blood cell recognition system, identify the correct cell type: basophil', 'A Giemsa-stained light micrograph displaying human peripheral blood cells. As a blood cell recognition system, identify the correct cell type: none of the above']",885ee4b9-b911-4e76-a537-1f6d571ad8a7,immature granulocyte,2,"{'pred': [3], 'probs': [[0.10529632866382599, 0.2029074877500534, 0.17638660967350006, 0.40820538997650146, 0.07468963414430618, 0.032514553517103195]], 'pred_prompt': ['A Giemsa-stained light micrograph displaying human peripheral blood cells. As a blood cell recognition system, identify the correct cell type: monocyte']}",0.10000000149011612,pathology,hematopathology,light microscopy,brightfield microscopy,
classification,"['Synthetically generated Giemsa-stained light micrograph of human peripheral blood cell. As a blood cell recognition system, identify the correct cell type: Basophil', 'Synthetically generated Giemsa-stained light micrograph of human peripheral blood cell. As a blood cell recognition system, identify the correct cell type: Monocyte', 'Synthetically generated Giemsa-stained light micrograph of human peripheral blood cell. As a blood cell recognition system, identify the correct cell type: Lymphocyte', 'Synthetically generated Giemsa-stained light micrograph of human peripheral blood cell. As a blood cell recognition system, identify the correct cell type: Eosinophil', 'Synthetically generated Giemsa-stained light micrograph of human peripheral blood cell. As a blood cell recognition system, identify the correct cell type: Neutrophil', 'Synthetically generated Giemsa-stained light micrograph of human peripheral blood cell. As a blood cell recognition system, identify the correct cell type: none of the above']",6bced3bb-b44c-4854-bee1-7dd89884c3c0,Basophil,0,"{'pred': [1], 'probs': [[0.07403650879859924, 0.38804200291633606, 0.11270330846309662, 0.20235835015773773, 0.21560169756412506, 0.007258163299411535]], 'pred_prompt': ['Synthetically generated Giemsa-stained light micrograph of human peripheral blood cell. As a blood cell recognition system, identify the correct cell type: Monocyte']}",0.1599999964237213,pathology,hematopathology,light microscopy,brightfield microscopy,
classification,"['A Giemsa-stained light micrograph displaying human peripheral blood cells. As a blood cell recognition system, identify the correct cell type: erythroblast', 'A Giemsa-stained light micrograph displaying human peripheral blood cells. As a blood cell recognition system, identify the correct cell type: eosinophil', 'A Giemsa-stained light micrograph displaying human peripheral blood cells. As a blood cell recognition system, identify the correct cell type: immature granulocyte', 'A Giemsa-stained light micrograph displaying human peripheral blood cells. As a blood cell recognition system, identify the correct cell type: lymphocyte', 'A Giemsa-stained light micrograph displaying human peripheral blood cells. As a blood cell recognition system, identify the correct cell type: basophil', 'A Giemsa-stained light micrograph displaying human peripheral blood cells. As a blood cell recognition system, identify the correct cell type: none of the above']",cbb21571-182b-4629-b637-0026a8ecdfee,immature granulocyte,2,"{'pred': [0], 'probs': [[0.35346630215644836, 0.17011399567127228, 0.20897416770458221, 0.1580648422241211, 0.06635838001966476, 0.043022383004426956]], 'pred_prompt': ['A Giemsa-stained light micrograph displaying human peripheral blood cells. As a blood cell recognition system, identify the correct cell type: erythroblast']}",0.10000000149011612,pathology,hematopathology,light microscopy,brightfield microscopy,
classification,"['A Giemsa-stained light micrograph displaying human peripheral blood cells. As a blood cell recognition system, identify the correct cell type: monocyte', 'A Giemsa-stained light micrograph displaying human peripheral blood cells. As a blood cell recognition system, identify the correct cell type: erythroblast', 'A Giemsa-stained light micrograph displaying human peripheral blood cells. As a blood cell recognition system, identify the correct cell type: immature granulocyte', 'A Giemsa-stained light micrograph displaying human peripheral blood cells. As a blood cell recognition system, identify the correct cell type: platelet', 'A Giemsa-stained light micrograph displaying human peripheral blood cells. As a blood cell recognition system, identify the correct cell type: lymphocyte', 'A Giemsa-stained light micrograph displaying human peripheral blood cells. As a blood cell recognition system, identify the correct cell type: none of the above']",f23e76be-f15d-4479-bf50-90084f111544,platelet,3,"{'pred': [0], 'probs': [[0.42232489585876465, 0.2649584710597992, 0.1086280420422554, 0.09372542798519135, 0.08480704575777054, 0.025556141510605812]], 'pred_prompt': ['A Giemsa-stained light micrograph displaying human peripheral blood cells. As a blood cell recognition system, identify the correct cell type: monocyte']}",0.10000000149011612,pathology,hematopathology,light microscopy,brightfield microscopy,
classification,"['A Giemsa-stained light micrograph displaying human peripheral blood cells. As a blood cell recognition system, identify the correct cell type: basophil', 'A Giemsa-stained light micrograph displaying human peripheral blood cells. As a blood cell recognition system, identify the correct cell type: neutrophil', 'A Giemsa-stained light micrograph displaying human peripheral blood cells. As a blood cell recognition system, identify the correct cell type: monocyte', 'A Giemsa-stained light micrograph displaying human peripheral blood cells. As a blood cell recognition system, identify the correct cell type: erythroblast', 'A Giemsa-stained light micrograph displaying human peripheral blood cells. As a blood cell recognition system, identify the correct cell type: platelet', 'A Giemsa-stained light micrograph displaying human peripheral blood cells. As a blood cell recognition system, identify the correct cell type: none of the above']",1021ac33-28a5-4100-a4f8-e1ee7f50d1fb,neutrophil,1,"{'pred': [2], 'probs': [[0.028850408270955086, 0.18143679201602936, 0.5203948020935059, 0.19229963421821594, 0.06694193929433823, 0.010076385922729969]], 'pred_prompt': ['A Giemsa-stained light micrograph displaying human peripheral blood cells. As a blood cell recognition system, identify the correct cell type: monocyte']}",0.10000000149011612,pathology,hematopathology,light microscopy,brightfield microscopy,
classification,"['A Giemsa-stained light micrograph displaying human peripheral blood cells. As a blood cell recognition system, identify the correct cell type: eosinophil', 'A Giemsa-stained light micrograph displaying human peripheral blood cells. As a blood cell recognition system, identify the correct cell type: monocyte', 'A Giemsa-stained light micrograph displaying human peripheral blood cells. As a blood cell recognition system, identify the correct cell type: platelet', 'A Giemsa-stained light micrograph displaying human peripheral blood cells. As a blood cell recognition system, identify the correct cell type: erythroblast', 'A Giemsa-stained light micrograph displaying human peripheral blood cells. As a blood cell recognition system, identify the correct cell type: lymphocyte', 'A Giemsa-stained light micrograph displaying human peripheral blood cells. As a blood cell recognition system, identify the correct cell type: none of the above']",9deb3a9b-dbe9-4319-90cd-b3bb33cf7f1a,lymphocyte,4,"{'pred': [1], 'probs': [[0.08571287989616394, 0.48649388551712036, 0.08284790068864822, 0.18531133234500885, 0.12247583270072937, 0.03715817257761955]], 'pred_prompt': ['A Giemsa-stained light micrograph displaying human peripheral blood cells. As a blood cell recognition system, identify the correct cell type: monocyte']}",0.10000000149011612,pathology,hematopathology,light microscopy,brightfield microscopy,
classification,"['Synthetically generated Giemsa-stained light micrograph of human peripheral blood cell. As a blood cell recognition system, identify the correct cell type: Neutrophil', 'Synthetically generated Giemsa-stained light micrograph of human peripheral blood cell. As a blood cell recognition system, identify the correct cell type: Eosinophil', 'Synthetically generated Giemsa-stained light micrograph of human peripheral blood cell. As a blood cell recognition system, identify the correct cell type: Basophil', 'Synthetically generated Giemsa-stained light micrograph of human peripheral blood cell. As a blood cell recognition system, identify the correct cell type: Lymphocyte', 'Synthetically generated Giemsa-stained light micrograph of human peripheral blood cell. As a blood cell recognition system, identify the correct cell type: Monocyte', 'Synthetically generated Giemsa-stained light micrograph of human peripheral blood cell. As a blood cell recognition system, identify the correct cell type: none of the above']",a1753536-1909-49c6-a062-56372d8d2424,Neutrophil,0,"{'pred': [4], 'probs': [[0.24232083559036255, 0.10736772418022156, 0.06156795844435692, 0.1480526179075241, 0.4358702003955841, 0.004820591304451227]], 'pred_prompt': ['Synthetically generated Giemsa-stained light micrograph of human peripheral blood cell. As a blood cell recognition system, identify the correct cell type: Monocyte']}",0.1599999964237213,pathology,hematopathology,light microscopy,brightfield microscopy,
classification,"['Synthetically generated Giemsa-stained light micrograph of human peripheral blood cell. As a blood cell recognition system, identify the correct cell type: Monocyte', 'Synthetically generated Giemsa-stained light micrograph of human peripheral blood cell. As a blood cell recognition system, identify the correct cell type: Basophil', 'Synthetically generated Giemsa-stained light micrograph of human peripheral blood cell. As a blood cell recognition system, identify the correct cell type: Eosinophil', 'Synthetically generated Giemsa-stained light micrograph of human peripheral blood cell. As a blood cell recognition system, identify the correct cell type: Lymphocyte', 'Synthetically generated Giemsa-stained light micrograph of human peripheral blood cell. As a blood cell recognition system, identify the correct cell type: Neutrophil', 'Synthetically generated Giemsa-stained light micrograph of human peripheral blood cell. As a blood cell recognition system, identify the correct cell type: none of the above']",1d2a023d-a09f-4520-a6e8-73c656cbeb18,Basophil,1,"{'pred': [0], 'probs': [[0.3899828791618347, 0.08231844007968903, 0.19532375037670135, 0.07528246939182281, 0.24762354791164398, 0.009468937292695045]], 'pred_prompt': ['Synthetically generated Giemsa-stained light micrograph of human peripheral blood cell. As a blood cell recognition system, identify the correct cell type: Monocyte']}",0.1599999964237213,pathology,hematopathology,light microscopy,brightfield microscopy,
classification,"['A Giemsa-stained light micrograph displaying human peripheral blood cells. As a blood cell recognition system, identify the correct cell type: basophil', 'A Giemsa-stained light micrograph displaying human peripheral blood cells. As a blood cell recognition system, identify the correct cell type: neutrophil', 'A Giemsa-stained light micrograph displaying human peripheral blood cells. As a blood cell recognition system, identify the correct cell type: monocyte', 'A Giemsa-stained light micrograph displaying human peripheral blood cells. As a blood cell recognition system, identify the correct cell type: erythroblast', 'A Giemsa-stained light micrograph displaying human peripheral blood cells. As a blood cell recognition system, identify the correct cell type: eosinophil', 'A Giemsa-stained light micrograph displaying human peripheral blood cells. As a blood cell recognition system, identify the correct cell type: none of the above']",dec17880-0419-4578-bc62-71a09205593f,eosinophil,4,"{'pred': [2], 'probs': [[0.03879575803875923, 0.15467077493667603, 0.3786022663116455, 0.2964855432510376, 0.11244139820337296, 0.019004294648766518]], 'pred_prompt': ['A Giemsa-stained light micrograph displaying human peripheral blood cells. As a blood cell recognition system, identify the correct cell type: monocyte']}",0.10000000149011612,pathology,hematopathology,light microscopy,brightfield microscopy,
classification,"['Synthetically generated Giemsa-stained light micrograph of human peripheral blood cell. As a blood cell recognition system, identify the correct cell type: Lymphocyte', 'Synthetically generated Giemsa-stained light micrograph of human peripheral blood cell. As a blood cell recognition system, identify the correct cell type: Neutrophil', 'Synthetically generated Giemsa-stained light micrograph of human peripheral blood cell. As a blood cell recognition system, identify the correct cell type: Basophil', 'Synthetically generated Giemsa-stained light micrograph of human peripheral blood cell. As a blood cell recognition system, identify the correct cell type: Eosinophil', 'Synthetically generated Giemsa-stained light micrograph of human peripheral blood cell. As a blood cell recognition system, identify the correct cell type: Monocyte', 'Synthetically generated Giemsa-stained light micrograph of human peripheral blood cell. As a blood cell recognition system, identify the correct cell type: none of the above']",3afa60d2-ad2e-465d-9421-40bbb84ce6f6,Basophil,2,"{'pred': [4], 'probs': [[0.0774049386382103, 0.22533008456230164, 0.10842762887477875, 0.17857609689235687, 0.4029712378978729, 0.007290014997124672]], 'pred_prompt': ['Synthetically generated Giemsa-stained light micrograph of human peripheral blood cell. As a blood cell recognition system, identify the correct cell type: Monocyte']}",0.1599999964237213,pathology,hematopathology,light microscopy,brightfield microscopy,
classification,"['Synthetically generated Giemsa-stained light micrograph of human peripheral blood cell. As a blood cell recognition system, identify the correct cell type: Eosinophil', 'Synthetically generated Giemsa-stained light micrograph of human peripheral blood cell. As a blood cell recognition system, identify the correct cell type: Neutrophil', 'Synthetically generated Giemsa-stained light micrograph of human peripheral blood cell. As a blood cell recognition system, identify the correct cell type: Lymphocyte', 'Synthetically generated Giemsa-stained light micrograph of human peripheral blood cell. As a blood cell recognition system, identify the correct cell type: Monocyte', 'Synthetically generated Giemsa-stained light micrograph of human peripheral blood cell. As a blood cell recognition system, identify the correct cell type: Basophil', 'Synthetically generated Giemsa-stained light micrograph of human peripheral blood cell. As a blood cell recognition system, identify the correct cell type: none of the above']",c67bd7a5-aa3a-45b0-8fd1-1122e683f280,Monocyte,3,"{'pred': [3], 'probs': [[0.1441337913274765, 0.13696065545082092, 0.15683938562870026, 0.45715901255607605, 0.09862122684717178, 0.006285948678851128]], 'pred_prompt': ['Synthetically generated Giemsa-stained light micrograph of human peripheral blood cell. As a blood cell recognition system, identify the correct cell type: Monocyte']}",0.1599999964237213,pathology,hematopathology,light microscopy,brightfield microscopy,
classification,"['A Giemsa-stained light micrograph displaying human peripheral blood cells. As a blood cell recognition system, identify the correct cell type: basophil', 'A Giemsa-stained light micrograph displaying human peripheral blood cells. As a blood cell recognition system, identify the correct cell type: platelet', 'A Giemsa-stained light micrograph displaying human peripheral blood cells. As a blood cell recognition system, identify the correct cell type: lymphocyte', 'A Giemsa-stained light micrograph displaying human peripheral blood cells. As a blood cell recognition system, identify the correct cell type: eosinophil', 'A Giemsa-stained light micrograph displaying human peripheral blood cells. As a blood cell recognition system, identify the correct cell type: erythroblast', 'A Giemsa-stained light micrograph displaying human peripheral blood cells. As a blood cell recognition system, identify the correct cell type: none of the above']",3b159e1b-cd78-4938-afed-4e095e680ae0,erythroblast,4,"{'pred': [4], 'probs': [[0.049518462270498276, 0.15218469500541687, 0.17215536534786224, 0.13038665056228638, 0.43770816922187805, 0.05804663524031639]], 'pred_prompt': ['A Giemsa-stained light micrograph displaying human peripheral blood cells. As a blood cell recognition system, identify the correct cell type: erythroblast']}",0.10000000149011612,pathology,hematopathology,light microscopy,brightfield microscopy,
classification,"['Synthetically generated Giemsa-stained light micrograph of human peripheral blood cell. As a blood cell recognition system, identify the correct cell type: Lymphocyte', 'Synthetically generated Giemsa-stained light micrograph of human peripheral blood cell. As a blood cell recognition system, identify the correct cell type: Eosinophil', 'Synthetically generated Giemsa-stained light micrograph of human peripheral blood cell. As a blood cell recognition system, identify the correct cell type: Basophil', 'Synthetically generated Giemsa-stained light micrograph of human peripheral blood cell. As a blood cell recognition system, identify the correct cell type: Monocyte', 'Synthetically generated Giemsa-stained light micrograph of human peripheral blood cell. As a blood cell recognition system, identify the correct cell type: Neutrophil', 'Synthetically generated Giemsa-stained light micrograph of human peripheral blood cell. As a blood cell recognition system, identify the correct cell type: none of the above']",1bd32f72-d4e2-4881-a103-9e1c4f5731aa,Eosinophil,1,"{'pred': [3], 'probs': [[0.1613760143518448, 0.15156808495521545, 0.09636680036783218, 0.40150535106658936, 0.18057407438755035, 0.008609671145677567]], 'pred_prompt': ['Synthetically generated Giemsa-stained light micrograph of human peripheral blood cell. As a blood cell recognition system, identify the correct cell type: Monocyte']}",0.1599999964237213,pathology,hematopathology,light microscopy,brightfield microscopy,
classification,"['Synthetically generated Giemsa-stained light micrograph of human peripheral blood cell. As a blood cell recognition system, identify the correct cell type: Monocyte', 'Synthetically generated Giemsa-stained light micrograph of human peripheral blood cell. As a blood cell recognition system, identify the correct cell type: Eosinophil', 'Synthetically generated Giemsa-stained light micrograph of human peripheral blood cell. As a blood cell recognition system, identify the correct cell type: Lymphocyte', 'Synthetically generated Giemsa-stained light micrograph of human peripheral blood cell. As a blood cell recognition system, identify the correct cell type: Neutrophil', 'Synthetically generated Giemsa-stained light micrograph of human peripheral blood cell. As a blood cell recognition system, identify the correct cell type: Basophil', 'Synthetically generated Giemsa-stained light micrograph of human peripheral blood cell. As a blood cell recognition system, identify the correct cell type: none of the above']",b97a2d0b-06b2-403b-8e76-660d4c94b8a0,Monocyte,0,"{'pred': [0], 'probs': [[0.5110548734664917, 0.1700468808412552, 0.07063397765159607, 0.12743310630321503, 0.11486870795488358, 0.0059624905698001385]], 'pred_prompt': ['Synthetically generated Giemsa-stained light micrograph of human peripheral blood cell. As a blood cell recognition system, identify the correct cell type: Monocyte']}",0.1599999964237213,pathology,hematopathology,light microscopy,brightfield microscopy,
classification,"['Synthetically generated Giemsa-stained light micrograph of human peripheral blood cell. As a blood cell recognition system, identify the correct cell type: Eosinophil', 'Synthetically generated Giemsa-stained light micrograph of human peripheral blood cell. As a blood cell recognition system, identify the correct cell type: Basophil', 'Synthetically generated Giemsa-stained light micrograph of human peripheral blood cell. As a blood cell recognition system, identify the correct cell type: Monocyte', 'Synthetically generated Giemsa-stained light micrograph of human peripheral blood cell. As a blood cell recognition system, identify the correct cell type: Neutrophil', 'Synthetically generated Giemsa-stained light micrograph of human peripheral blood cell. As a blood cell recognition system, identify the correct cell type: Lymphocyte', 'Synthetically generated Giemsa-stained light micrograph of human peripheral blood cell. As a blood cell recognition system, identify the correct cell type: none of the above']",571034b5-a403-4d7b-8b5e-899b565eafb0,Lymphocyte,4,"{'pred': [2], 'probs': [[0.07190107554197311, 0.12324878573417664, 0.45675763487815857, 0.15011447668075562, 0.18546351790428162, 0.012514520436525345]], 'pred_prompt': ['Synthetically generated Giemsa-stained light micrograph of human peripheral blood cell. As a blood cell recognition system, identify the correct cell type: Monocyte']}",0.1599999964237213,pathology,hematopathology,light microscopy,brightfield microscopy,
classification,"['A Giemsa-stained light micrograph displaying human peripheral blood cells. As a blood cell recognition system, identify the correct cell type: lymphocyte', 'A Giemsa-stained light micrograph displaying human peripheral blood cells. As a blood cell recognition system, identify the correct cell type: platelet', 'A Giemsa-stained light micrograph displaying human peripheral blood cells. As a blood cell recognition system, identify the correct cell type: eosinophil', 'A Giemsa-stained light micrograph displaying human peripheral blood cells. As a blood cell recognition system, identify the correct cell type: monocyte', 'A Giemsa-stained light micrograph displaying human peripheral blood cells. As a blood cell recognition system, identify the correct cell type: immature granulocyte', 'A Giemsa-stained light micrograph displaying human peripheral blood cells. As a blood cell recognition system, identify the correct cell type: none of the above']",7ba9084d-31d3-4e00-bfdd-12842c08bc6f,immature granulocyte,4,"{'pred': [3], 'probs': [[0.11182138323783875, 0.09378769993782043, 0.1353534311056137, 0.4574984312057495, 0.1605682671070099, 0.040970783680677414]], 'pred_prompt': ['A Giemsa-stained light micrograph displaying human peripheral blood cells. As a blood cell recognition system, identify the correct cell type: monocyte']}",0.10000000149011612,pathology,hematopathology,light microscopy,brightfield microscopy,
classification,"['A Giemsa-stained light micrograph displaying human peripheral blood cells. As a blood cell recognition system, identify the correct cell type: neutrophil', 'A Giemsa-stained light micrograph displaying human peripheral blood cells. As a blood cell recognition system, identify the correct cell type: basophil', 'A Giemsa-stained light micrograph displaying human peripheral blood cells. As a blood cell recognition system, identify the correct cell type: lymphocyte', 'A Giemsa-stained light micrograph displaying human peripheral blood cells. As a blood cell recognition system, identify the correct cell type: platelet', 'A Giemsa-stained light micrograph displaying human peripheral blood cells. As a blood cell recognition system, identify the correct cell type: immature granulocyte', 'A Giemsa-stained light micrograph displaying human peripheral blood cells. As a blood cell recognition system, identify the correct cell type: none of the above']",36fd83a6-6d7e-49b9-b7a8-08fa68361abd,lymphocyte,2,"{'pred': [2], 'probs': [[0.24748273193836212, 0.07077986747026443, 0.24982750415802002, 0.1524191051721573, 0.18263134360313416, 0.09685944765806198]], 'pred_prompt': ['A Giemsa-stained light micrograph displaying human peripheral blood cells. As a blood cell recognition system, identify the correct cell type: lymphocyte']}",0.10000000149011612,pathology,hematopathology,light microscopy,brightfield microscopy,
classification,"['Synthetically generated Giemsa-stained light micrograph of human peripheral blood cell. As a blood cell recognition system, identify the correct cell type: Basophil', 'Synthetically generated Giemsa-stained light micrograph of human peripheral blood cell. As a blood cell recognition system, identify the correct cell type: Neutrophil', 'Synthetically generated Giemsa-stained light micrograph of human peripheral blood cell. As a blood cell recognition system, identify the correct cell type: Lymphocyte', 'Synthetically generated Giemsa-stained light micrograph of human peripheral blood cell. As a blood cell recognition system, identify the correct cell type: Monocyte', 'Synthetically generated Giemsa-stained light micrograph of human peripheral blood cell. As a blood cell recognition system, identify the correct cell type: Eosinophil', 'Synthetically generated Giemsa-stained light micrograph of human peripheral blood cell. As a blood cell recognition system, identify the correct cell type: none of the above']",cb1987eb-a1d0-4096-9de3-80b4c3c68727,Monocyte,3,"{'pred': [4], 'probs': [[0.16920004785060883, 0.10205776244401932, 0.06303374469280243, 0.3029728829860687, 0.3503864109516144, 0.012349124997854233]], 'pred_prompt': ['Synthetically generated Giemsa-stained light micrograph of human peripheral blood cell. As a blood cell recognition system, identify the correct cell type: Eosinophil']}",0.1599999964237213,pathology,hematopathology,light microscopy,brightfield microscopy,
classification,"['Synthetically generated Giemsa-stained light micrograph of human peripheral blood cell. As a blood cell recognition system, identify the correct cell type: Monocyte', 'Synthetically generated Giemsa-stained light micrograph of human peripheral blood cell. As a blood cell recognition system, identify the correct cell type: Eosinophil', 'Synthetically generated Giemsa-stained light micrograph of human peripheral blood cell. As a blood cell recognition system, identify the correct cell type: Lymphocyte', 'Synthetically generated Giemsa-stained light micrograph of human peripheral blood cell. As a blood cell recognition system, identify the correct cell type: Neutrophil', 'Synthetically generated Giemsa-stained light micrograph of human peripheral blood cell. As a blood cell recognition system, identify the correct cell type: Basophil', 'Synthetically generated Giemsa-stained light micrograph of human peripheral blood cell. As a blood cell recognition system, identify the correct cell type: none of the above']",74f4a74c-ad87-4c9f-9cd4-80b40b35c991,Lymphocyte,2,"{'pred': [0], 'probs': [[0.5097034573554993, 0.1235198825597763, 0.11276426911354065, 0.1637590080499649, 0.08398842811584473, 0.006264982745051384]], 'pred_prompt': ['Synthetically generated Giemsa-stained light micrograph of human peripheral blood cell. As a blood cell recognition system, identify the correct cell type: Monocyte']}",0.1599999964237213,pathology,hematopathology,light microscopy,brightfield microscopy,
classification,"['A Giemsa-stained light micrograph displaying human peripheral blood cells. As a blood cell recognition system, identify the correct cell type: monocyte', 'A Giemsa-stained light micrograph displaying human peripheral blood cells. As a blood cell recognition system, identify the correct cell type: eosinophil', 'A Giemsa-stained light micrograph displaying human peripheral blood cells. As a blood cell recognition system, identify the correct cell type: platelet', 'A Giemsa-stained light micrograph displaying human peripheral blood cells. As a blood cell recognition system, identify the correct cell type: erythroblast', 'A Giemsa-stained light micrograph displaying human peripheral blood cells. As a blood cell recognition system, identify the correct cell type: immature granulocyte', 'A Giemsa-stained light micrograph displaying human peripheral blood cells. As a blood cell recognition system, identify the correct cell type: none of the above']",c7db375e-47d1-45bb-93c6-1542dad67e9a,monocyte,0,"{'pred': [0], 'probs': [[0.40950289368629456, 0.11031927913427353, 0.10842595249414444, 0.19063204526901245, 0.14678680896759033, 0.034333035349845886]], 'pred_prompt': ['A Giemsa-stained light micrograph displaying human peripheral blood cells. As a blood cell recognition system, identify the correct cell type: monocyte']}",0.10000000149011612,pathology,hematopathology,light microscopy,brightfield microscopy,
classification,"['A Giemsa-stained light micrograph displaying human peripheral blood cells. As a blood cell recognition system, identify the correct cell type: immature granulocyte', 'A Giemsa-stained light micrograph displaying human peripheral blood cells. As a blood cell recognition system, identify the correct cell type: monocyte', 'A Giemsa-stained light micrograph displaying human peripheral blood cells. As a blood cell recognition system, identify the correct cell type: neutrophil', 'A Giemsa-stained light micrograph displaying human peripheral blood cells. As a blood cell recognition system, identify the correct cell type: basophil', 'A Giemsa-stained light micrograph displaying human peripheral blood cells. As a blood cell recognition system, identify the correct cell type: erythroblast', 'A Giemsa-stained light micrograph displaying human peripheral blood cells. As a blood cell recognition system, identify the correct cell type: none of the above']",92edffdb-65e0-4c57-9f38-f50de5eabc32,neutrophil,2,"{'pred': [1], 'probs': [[0.08032285422086716, 0.541631281375885, 0.15952490270137787, 0.020194463431835175, 0.1860913187265396, 0.012235206551849842]], 'pred_prompt': ['A Giemsa-stained light micrograph displaying human peripheral blood cells. As a blood cell recognition system, identify the correct cell type: monocyte']}",0.10000000149011612,pathology,hematopathology,light microscopy,brightfield microscopy,
classification,"['Synthetically generated Giemsa-stained light micrograph of human peripheral blood cell. As a blood cell recognition system, identify the correct cell type: Lymphocyte', 'Synthetically generated Giemsa-stained light micrograph of human peripheral blood cell. As a blood cell recognition system, identify the correct cell type: Basophil', 'Synthetically generated Giemsa-stained light micrograph of human peripheral blood cell. As a blood cell recognition system, identify the correct cell type: Neutrophil', 'Synthetically generated Giemsa-stained light micrograph of human peripheral blood cell. As a blood cell recognition system, identify the correct cell type: Eosinophil', 'Synthetically generated Giemsa-stained light micrograph of human peripheral blood cell. As a blood cell recognition system, identify the correct cell type: Monocyte', 'Synthetically generated Giemsa-stained light micrograph of human peripheral blood cell. As a blood cell recognition system, identify the correct cell type: none of the above']",74c26290-495c-430e-a1dc-3de4df47a477,Basophil,1,"{'pred': [4], 'probs': [[0.07884804904460907, 0.13394558429718018, 0.1876123994588852, 0.2231593132019043, 0.36793869733810425, 0.008496022783219814]], 'pred_prompt': ['Synthetically generated Giemsa-stained light micrograph of human peripheral blood cell. As a blood cell recognition system, identify the correct cell type: Monocyte']}",0.1599999964237213,pathology,hematopathology,light microscopy,brightfield microscopy,
classification,"['A Giemsa-stained light micrograph displaying human peripheral blood cells. As a blood cell recognition system, identify the correct cell type: monocyte', 'A Giemsa-stained light micrograph displaying human peripheral blood cells. As a blood cell recognition system, identify the correct cell type: neutrophil', 'A Giemsa-stained light micrograph displaying human peripheral blood cells. As a blood cell recognition system, identify the correct cell type: lymphocyte', 'A Giemsa-stained light micrograph displaying human peripheral blood cells. As a blood cell recognition system, identify the correct cell type: immature granulocyte', 'A Giemsa-stained light micrograph displaying human peripheral blood cells. As a blood cell recognition system, identify the correct cell type: basophil', 'A Giemsa-stained light micrograph displaying human peripheral blood cells. As a blood cell recognition system, identify the correct cell type: none of the above']",c84d9f04-7284-477c-be9a-ba309b868e9b,lymphocyte,2,"{'pred': [0], 'probs': [[0.6080282926559448, 0.15187190473079681, 0.07135245949029922, 0.1279572695493698, 0.01974399760365486, 0.021046018227934837]], 'pred_prompt': ['A Giemsa-stained light micrograph displaying human peripheral blood cells. As a blood cell recognition system, identify the correct cell type: monocyte']}",0.10000000149011612,pathology,hematopathology,light microscopy,brightfield microscopy,
classification,"['A Giemsa-stained light micrograph displaying human peripheral blood cells. As a blood cell recognition system, identify the correct cell type: lymphocyte', 'A Giemsa-stained light micrograph displaying human peripheral blood cells. As a blood cell recognition system, identify the correct cell type: erythroblast', 'A Giemsa-stained light micrograph displaying human peripheral blood cells. As a blood cell recognition system, identify the correct cell type: eosinophil', 'A Giemsa-stained light micrograph displaying human peripheral blood cells. As a blood cell recognition system, identify the correct cell type: basophil', 'A Giemsa-stained light micrograph displaying human peripheral blood cells. As a blood cell recognition system, identify the correct cell type: platelet', 'A Giemsa-stained light micrograph displaying human peripheral blood cells. As a blood cell recognition system, identify the correct cell type: none of the above']",5b3f2b14-8002-4d43-adfb-488532a0350d,basophil,3,"{'pred': [1], 'probs': [[0.11303149908781052, 0.31689703464508057, 0.23526531457901, 0.11928581446409225, 0.1753372699022293, 0.04018303006887436]], 'pred_prompt': ['A Giemsa-stained light micrograph displaying human peripheral blood cells. As a blood cell recognition system, identify the correct cell type: erythroblast']}",0.10000000149011612,pathology,hematopathology,light microscopy,brightfield microscopy,
classification,"['Synthetically generated Giemsa-stained light micrograph of human peripheral blood cell. As a blood cell recognition system, identify the correct cell type: Neutrophil', 'Synthetically generated Giemsa-stained light micrograph of human peripheral blood cell. As a blood cell recognition system, identify the correct cell type: Eosinophil', 'Synthetically generated Giemsa-stained light micrograph of human peripheral blood cell. As a blood cell recognition system, identify the correct cell type: Basophil', 'Synthetically generated Giemsa-stained light micrograph of human peripheral blood cell. As a blood cell recognition system, identify the correct cell type: Lymphocyte', 'Synthetically generated Giemsa-stained light micrograph of human peripheral blood cell. As a blood cell recognition system, identify the correct cell type: Monocyte', 'Synthetically generated Giemsa-stained light micrograph of human peripheral blood cell. As a blood cell recognition system, identify the correct cell type: none of the above']",f11d0aa7-11dd-4933-8f8b-b7df16ff38fa,Basophil,2,"{'pred': [4], 'probs': [[0.17134392261505127, 0.1657494455575943, 0.08739548176527023, 0.1279362291097641, 0.44102922081947327, 0.006545640528202057]], 'pred_prompt': ['Synthetically generated Giemsa-stained light micrograph of human peripheral blood cell. As a blood cell recognition system, identify the correct cell type: Monocyte']}",0.1599999964237213,pathology,hematopathology,light microscopy,brightfield microscopy,
classification,"['Synthetically generated Giemsa-stained light micrograph of human peripheral blood cell. As a blood cell recognition system, identify the correct cell type: Basophil', 'Synthetically generated Giemsa-stained light micrograph of human peripheral blood cell. As a blood cell recognition system, identify the correct cell type: Neutrophil', 'Synthetically generated Giemsa-stained light micrograph of human peripheral blood cell. As a blood cell recognition system, identify the correct cell type: Eosinophil', 'Synthetically generated Giemsa-stained light micrograph of human peripheral blood cell. As a blood cell recognition system, identify the correct cell type: Monocyte', 'Synthetically generated Giemsa-stained light micrograph of human peripheral blood cell. As a blood cell recognition system, identify the correct cell type: Lymphocyte', 'Synthetically generated Giemsa-stained light micrograph of human peripheral blood cell. As a blood cell recognition system, identify the correct cell type: none of the above']",f132165f-55e3-4317-a1dc-ca39daa44be3,Eosinophil,2,"{'pred': [3], 'probs': [[0.09507958590984344, 0.1916612833738327, 0.13675694167613983, 0.4253554344177246, 0.14658229053020477, 0.004564402624964714]], 'pred_prompt': ['Synthetically generated Giemsa-stained light micrograph of human peripheral blood cell. As a blood cell recognition system, identify the correct cell type: Monocyte']}",0.1599999964237213,pathology,hematopathology,light microscopy,brightfield microscopy,
classification,"['A Giemsa-stained light micrograph displaying human peripheral blood cells. As a blood cell recognition system, identify the correct cell type: immature granulocyte', 'A Giemsa-stained light micrograph displaying human peripheral blood cells. As a blood cell recognition system, identify the correct cell type: monocyte', 'A Giemsa-stained light micrograph displaying human peripheral blood cells. As a blood cell recognition system, identify the correct cell type: neutrophil', 'A Giemsa-stained light micrograph displaying human peripheral blood cells. As a blood cell recognition system, identify the correct cell type: erythroblast', 'A Giemsa-stained light micrograph displaying human peripheral blood cells. As a blood cell recognition system, identify the correct cell type: basophil', 'A Giemsa-stained light micrograph displaying human peripheral blood cells. As a blood cell recognition system, identify the correct cell type: none of the above']",b07f95c1-7bc2-43c5-afe2-e989d9fc2626,monocyte,1,"{'pred': [1], 'probs': [[0.07774646580219269, 0.575247049331665, 0.14863614737987518, 0.15868718922138214, 0.026098288595676422, 0.013584882952272892]], 'pred_prompt': ['A Giemsa-stained light micrograph displaying human peripheral blood cells. As a blood cell recognition system, identify the correct cell type: monocyte']}",0.10000000149011612,pathology,hematopathology,light microscopy,brightfield microscopy,
classification,"['A Giemsa-stained light micrograph displaying human peripheral blood cells. As a blood cell recognition system, identify the correct cell type: basophil', 'A Giemsa-stained light micrograph displaying human peripheral blood cells. As a blood cell recognition system, identify the correct cell type: neutrophil', 'A Giemsa-stained light micrograph displaying human peripheral blood cells. As a blood cell recognition system, identify the correct cell type: immature granulocyte', 'A Giemsa-stained light micrograph displaying human peripheral blood cells. As a blood cell recognition system, identify the correct cell type: lymphocyte', 'A Giemsa-stained light micrograph displaying human peripheral blood cells. As a blood cell recognition system, identify the correct cell type: platelet', 'A Giemsa-stained light micrograph displaying human peripheral blood cells. As a blood cell recognition system, identify the correct cell type: none of the above']",235ba2c1-bfce-4d2f-914e-8eaae3031ba1,lymphocyte,3,"{'pred': [1], 'probs': [[0.07947316020727158, 0.34057092666625977, 0.15534409880638123, 0.1461763083934784, 0.20521187782287598, 0.07322360575199127]], 'pred_prompt': ['A Giemsa-stained light micrograph displaying human peripheral blood cells. As a blood cell recognition system, identify the correct cell type: neutrophil']}",0.10000000149011612,pathology,hematopathology,light microscopy,brightfield microscopy,
classification,"['Synthetically generated Giemsa-stained light micrograph of human peripheral blood cell. As a blood cell recognition system, identify the correct cell type: Monocyte', 'Synthetically generated Giemsa-stained light micrograph of human peripheral blood cell. As a blood cell recognition system, identify the correct cell type: Eosinophil', 'Synthetically generated Giemsa-stained light micrograph of human peripheral blood cell. As a blood cell recognition system, identify the correct cell type: Lymphocyte', 'Synthetically generated Giemsa-stained light micrograph of human peripheral blood cell. As a blood cell recognition system, identify the correct cell type: Neutrophil', 'Synthetically generated Giemsa-stained light micrograph of human peripheral blood cell. As a blood cell recognition system, identify the correct cell type: Basophil', 'Synthetically generated Giemsa-stained light micrograph of human peripheral blood cell. As a blood cell recognition system, identify the correct cell type: none of the above']",a0b83328-4731-4697-b546-6b64143d01fc,Monocyte,0,"{'pred': [0], 'probs': [[0.45475834608078003, 0.09855044633150101, 0.187247171998024, 0.15523630380630493, 0.09713328629732132, 0.00707442220300436]], 'pred_prompt': ['Synthetically generated Giemsa-stained light micrograph of human peripheral blood cell. As a blood cell recognition system, identify the correct cell type: Monocyte']}",0.1599999964237213,pathology,hematopathology,light microscopy,brightfield microscopy,
classification,"['A Giemsa-stained light micrograph displaying human peripheral blood cells. As a blood cell recognition system, identify the correct cell type: platelet', 'A Giemsa-stained light micrograph displaying human peripheral blood cells. As a blood cell recognition system, identify the correct cell type: lymphocyte', 'A Giemsa-stained light micrograph displaying human peripheral blood cells. As a blood cell recognition system, identify the correct cell type: monocyte', 'A Giemsa-stained light micrograph displaying human peripheral blood cells. As a blood cell recognition system, identify the correct cell type: erythroblast', 'A Giemsa-stained light micrograph displaying human peripheral blood cells. As a blood cell recognition system, identify the correct cell type: neutrophil', 'A Giemsa-stained light micrograph displaying human peripheral blood cells. As a blood cell recognition system, identify the correct cell type: none of the above']",491523aa-35ee-4c7a-ab37-3fbd540c7f5c,erythroblast,3,"{'pred': [2], 'probs': [[0.08549340814352036, 0.11795245110988617, 0.45987972617149353, 0.19986774027347565, 0.09703688323497772, 0.03976980969309807]], 'pred_prompt': ['A Giemsa-stained light micrograph displaying human peripheral blood cells. As a blood cell recognition system, identify the correct cell type: monocyte']}",0.10000000149011612,pathology,hematopathology,light microscopy,brightfield microscopy,
classification,"['A Giemsa-stained light micrograph displaying human peripheral blood cells. As a blood cell recognition system, identify the correct cell type: monocyte', 'A Giemsa-stained light micrograph displaying human peripheral blood cells. As a blood cell recognition system, identify the correct cell type: immature granulocyte', 'A Giemsa-stained light micrograph displaying human peripheral blood cells. As a blood cell recognition system, identify the correct cell type: erythroblast', 'A Giemsa-stained light micrograph displaying human peripheral blood cells. As a blood cell recognition system, identify the correct cell type: eosinophil', 'A Giemsa-stained light micrograph displaying human peripheral blood cells. As a blood cell recognition system, identify the correct cell type: neutrophil', 'A Giemsa-stained light micrograph displaying human peripheral blood cells. As a blood cell recognition system, identify the correct cell type: none of the above']",64e4f854-27dc-42b8-9e38-f6419e3fc154,monocyte,0,"{'pred': [0], 'probs': [[0.5077550411224365, 0.09674016386270523, 0.1572105884552002, 0.09064596146345139, 0.1274787336587906, 0.02016952447593212]], 'pred_prompt': ['A Giemsa-stained light micrograph displaying human peripheral blood cells. As a blood cell recognition system, identify the correct cell type: monocyte']}",0.10000000149011612,pathology,hematopathology,light microscopy,brightfield microscopy,
classification,"['Synthetically generated Giemsa-stained light micrograph of human peripheral blood cell. As a blood cell recognition system, identify the correct cell type: Basophil', 'Synthetically generated Giemsa-stained light micrograph of human peripheral blood cell. As a blood cell recognition system, identify the correct cell type: Monocyte', 'Synthetically generated Giemsa-stained light micrograph of human peripheral blood cell. As a blood cell recognition system, identify the correct cell type: Neutrophil', 'Synthetically generated Giemsa-stained light micrograph of human peripheral blood cell. As a blood cell recognition system, identify the correct cell type: Lymphocyte', 'Synthetically generated Giemsa-stained light micrograph of human peripheral blood cell. As a blood cell recognition system, identify the correct cell type: Eosinophil', 'Synthetically generated Giemsa-stained light micrograph of human peripheral blood cell. As a blood cell recognition system, identify the correct cell type: none of the above']",7ea64bb5-9ff4-4768-9e90-10da13eb8b8d,Eosinophil,4,"{'pred': [1], 'probs': [[0.15797492861747742, 0.39175310730934143, 0.1736147254705429, 0.10885939002037048, 0.16204293072223663, 0.005754982586950064]], 'pred_prompt': ['Synthetically generated Giemsa-stained light micrograph of human peripheral blood cell. As a blood cell recognition system, identify the correct cell type: Monocyte']}",0.1599999964237213,pathology,hematopathology,light microscopy,brightfield microscopy,
classification,"['A Giemsa-stained light micrograph displaying human peripheral blood cells. As a blood cell recognition system, identify the correct cell type: monocyte', 'A Giemsa-stained light micrograph displaying human peripheral blood cells. As a blood cell recognition system, identify the correct cell type: erythroblast', 'A Giemsa-stained light micrograph displaying human peripheral blood cells. As a blood cell recognition system, identify the correct cell type: immature granulocyte', 'A Giemsa-stained light micrograph displaying human peripheral blood cells. As a blood cell recognition system, identify the correct cell type: neutrophil', 'A Giemsa-stained light micrograph displaying human peripheral blood cells. As a blood cell recognition system, identify the correct cell type: eosinophil', 'A Giemsa-stained light micrograph displaying human peripheral blood cells. As a blood cell recognition system, identify the correct cell type: none of the above']",ad1c9bc4-5a1f-45fe-bba4-8b2321c8fb40,erythroblast,1,"{'pred': [0], 'probs': [[0.3314036428928375, 0.2499181479215622, 0.10859090089797974, 0.13806475698947906, 0.1247301697731018, 0.04729241132736206]], 'pred_prompt': ['A Giemsa-stained light micrograph displaying human peripheral blood cells. As a blood cell recognition system, identify the correct cell type: monocyte']}",0.10000000149011612,pathology,hematopathology,light microscopy,brightfield microscopy,
classification,"['Synthetically generated Giemsa-stained light micrograph of human peripheral blood cell. As a blood cell recognition system, identify the correct cell type: Monocyte', 'Synthetically generated Giemsa-stained light micrograph of human peripheral blood cell. As a blood cell recognition system, identify the correct cell type: Neutrophil', 'Synthetically generated Giemsa-stained light micrograph of human peripheral blood cell. As a blood cell recognition system, identify the correct cell type: Basophil', 'Synthetically generated Giemsa-stained light micrograph of human peripheral blood cell. As a blood cell recognition system, identify the correct cell type: Eosinophil', 'Synthetically generated Giemsa-stained light micrograph of human peripheral blood cell. As a blood cell recognition system, identify the correct cell type: Lymphocyte', 'Synthetically generated Giemsa-stained light micrograph of human peripheral blood cell. As a blood cell recognition system, identify the correct cell type: none of the above']",faa5b2c3-29e3-4248-a710-3d9266fb1d45,Monocyte,0,"{'pred': [0], 'probs': [[0.43386176228523254, 0.19408681988716125, 0.10845913738012314, 0.1549527496099472, 0.10241985321044922, 0.0062196627259254456]], 'pred_prompt': ['Synthetically generated Giemsa-stained light micrograph of human peripheral blood cell. As a blood cell recognition system, identify the correct cell type: Monocyte']}",0.1599999964237213,pathology,hematopathology,light microscopy,brightfield microscopy,
classification,"['A Giemsa-stained light micrograph displaying human peripheral blood cells. As a blood cell recognition system, identify the correct cell type: immature granulocyte', 'A Giemsa-stained light micrograph displaying human peripheral blood cells. As a blood cell recognition system, identify the correct cell type: platelet', 'A Giemsa-stained light micrograph displaying human peripheral blood cells. As a blood cell recognition system, identify the correct cell type: monocyte', 'A Giemsa-stained light micrograph displaying human peripheral blood cells. As a blood cell recognition system, identify the correct cell type: eosinophil', 'A Giemsa-stained light micrograph displaying human peripheral blood cells. As a blood cell recognition system, identify the correct cell type: neutrophil', 'A Giemsa-stained light micrograph displaying human peripheral blood cells. As a blood cell recognition system, identify the correct cell type: none of the above']",4d624ed0-5836-42d7-989c-dc8134741c57,neutrophil,4,"{'pred': [2], 'probs': [[0.14403723180294037, 0.05254871025681496, 0.5202317833900452, 0.0945369079709053, 0.17543840408325195, 0.013206958770751953]], 'pred_prompt': ['A Giemsa-stained light micrograph displaying human peripheral blood cells. As a blood cell recognition system, identify the correct cell type: monocyte']}",0.10000000149011612,pathology,hematopathology,light microscopy,brightfield microscopy,
classification,"['A Giemsa-stained light micrograph displaying human peripheral blood cells. As a blood cell recognition system, identify the correct cell type: immature granulocyte', 'A Giemsa-stained light micrograph displaying human peripheral blood cells. As a blood cell recognition system, identify the correct cell type: neutrophil', 'A Giemsa-stained light micrograph displaying human peripheral blood cells. As a blood cell recognition system, identify the correct cell type: eosinophil', 'A Giemsa-stained light micrograph displaying human peripheral blood cells. As a blood cell recognition system, identify the correct cell type: erythroblast', 'A Giemsa-stained light micrograph displaying human peripheral blood cells. As a blood cell recognition system, identify the correct cell type: basophil', 'A Giemsa-stained light micrograph displaying human peripheral blood cells. As a blood cell recognition system, identify the correct cell type: none of the above']",2bca7e7b-2b6e-48ad-b85a-7c4235b71ec9,basophil,4,"{'pred': [3], 'probs': [[0.17819935083389282, 0.2374459058046341, 0.1819172352552414, 0.2637737989425659, 0.08294154703617096, 0.05572214722633362]], 'pred_prompt': ['A Giemsa-stained light micrograph displaying human peripheral blood cells. As a blood cell recognition system, identify the correct cell type: erythroblast']}",0.10000000149011612,pathology,hematopathology,light microscopy,brightfield microscopy,
classification,"['A Giemsa-stained light micrograph displaying human peripheral blood cells. As a blood cell recognition system, identify the correct cell type: erythroblast', 'A Giemsa-stained light micrograph displaying human peripheral blood cells. As a blood cell recognition system, identify the correct cell type: immature granulocyte', 'A Giemsa-stained light micrograph displaying human peripheral blood cells. As a blood cell recognition system, identify the correct cell type: lymphocyte', 'A Giemsa-stained light micrograph displaying human peripheral blood cells. As a blood cell recognition system, identify the correct cell type: basophil', 'A Giemsa-stained light micrograph displaying human peripheral blood cells. As a blood cell recognition system, identify the correct cell type: eosinophil', 'A Giemsa-stained light micrograph displaying human peripheral blood cells. As a blood cell recognition system, identify the correct cell type: none of the above']",52acd4e9-d45b-4a80-8681-9252ecb06615,eosinophil,4,"{'pred': [0], 'probs': [[0.3951415717601776, 0.20486383140087128, 0.15909838676452637, 0.06865194439888, 0.14484690129756927, 0.027397384867072105]], 'pred_prompt': ['A Giemsa-stained light micrograph displaying human peripheral blood cells. As a blood cell recognition system, identify the correct cell type: erythroblast']}",0.10000000149011612,pathology,hematopathology,light microscopy,brightfield microscopy,
classification,"['A Giemsa-stained light micrograph displaying human peripheral blood cells. As a blood cell recognition system, identify the correct cell type: erythroblast', 'A Giemsa-stained light micrograph displaying human peripheral blood cells. As a blood cell recognition system, identify the correct cell type: neutrophil', 'A Giemsa-stained light micrograph displaying human peripheral blood cells. As a blood cell recognition system, identify the correct cell type: basophil', 'A Giemsa-stained light micrograph displaying human peripheral blood cells. As a blood cell recognition system, identify the correct cell type: platelet', 'A Giemsa-stained light micrograph displaying human peripheral blood cells. As a blood cell recognition system, identify the correct cell type: lymphocyte', 'A Giemsa-stained light micrograph displaying human peripheral blood cells. As a blood cell recognition system, identify the correct cell type: none of the above']",21bac064-8451-4202-aadd-85c377ac6975,erythroblast,0,"{'pred': [0], 'probs': [[0.3567896783351898, 0.1976032704114914, 0.0621572807431221, 0.1339644193649292, 0.20184221863746643, 0.04764310270547867]], 'pred_prompt': ['A Giemsa-stained light micrograph displaying human peripheral blood cells. As a blood cell recognition system, identify the correct cell type: erythroblast']}",0.10000000149011612,pathology,hematopathology,light microscopy,brightfield microscopy,
classification,"['A Giemsa-stained light micrograph displaying human peripheral blood cells. As a blood cell recognition system, identify the correct cell type: platelet', 'A Giemsa-stained light micrograph displaying human peripheral blood cells. As a blood cell recognition system, identify the correct cell type: lymphocyte', 'A Giemsa-stained light micrograph displaying human peripheral blood cells. As a blood cell recognition system, identify the correct cell type: neutrophil', 'A Giemsa-stained light micrograph displaying human peripheral blood cells. As a blood cell recognition system, identify the correct cell type: eosinophil', 'A Giemsa-stained light micrograph displaying human peripheral blood cells. As a blood cell recognition system, identify the correct cell type: monocyte', 'A Giemsa-stained light micrograph displaying human peripheral blood cells. As a blood cell recognition system, identify the correct cell type: none of the above']",2e2203fa-7212-4ba6-8fa2-ecb7df28a565,monocyte,4,"{'pred': [4], 'probs': [[0.08212167024612427, 0.0787181705236435, 0.19409939646720886, 0.12882886826992035, 0.49924802780151367, 0.016983911395072937]], 'pred_prompt': ['A Giemsa-stained light micrograph displaying human peripheral blood cells. As a blood cell recognition system, identify the correct cell type: monocyte']}",0.10000000149011612,pathology,hematopathology,light microscopy,brightfield microscopy,
classification,"['Synthetically generated Giemsa-stained light micrograph of human peripheral blood cell. As a blood cell recognition system, identify the correct cell type: Basophil', 'Synthetically generated Giemsa-stained light micrograph of human peripheral blood cell. As a blood cell recognition system, identify the correct cell type: Eosinophil', 'Synthetically generated Giemsa-stained light micrograph of human peripheral blood cell. As a blood cell recognition system, identify the correct cell type: Neutrophil', 'Synthetically generated Giemsa-stained light micrograph of human peripheral blood cell. As a blood cell recognition system, identify the correct cell type: Monocyte', 'Synthetically generated Giemsa-stained light micrograph of human peripheral blood cell. As a blood cell recognition system, identify the correct cell type: Lymphocyte', 'Synthetically generated Giemsa-stained light micrograph of human peripheral blood cell. As a blood cell recognition system, identify the correct cell type: none of the above']",953a9a7a-b4bc-44ca-a108-c9d06aff1315,Lymphocyte,4,"{'pred': [3], 'probs': [[0.08883097022771835, 0.15567676723003387, 0.14737831056118011, 0.4494478404521942, 0.15406747162342072, 0.00459853932261467]], 'pred_prompt': ['Synthetically generated Giemsa-stained light micrograph of human peripheral blood cell. As a blood cell recognition system, identify the correct cell type: Monocyte']}",0.1599999964237213,pathology,hematopathology,light microscopy,brightfield microscopy,
classification,"['A Giemsa-stained light micrograph displaying human peripheral blood cells. As a blood cell recognition system, identify the correct cell type: lymphocyte', 'A Giemsa-stained light micrograph displaying human peripheral blood cells. As a blood cell recognition system, identify the correct cell type: immature granulocyte', 'A Giemsa-stained light micrograph displaying human peripheral blood cells. As a blood cell recognition system, identify the correct cell type: platelet', 'A Giemsa-stained light micrograph displaying human peripheral blood cells. As a blood cell recognition system, identify the correct cell type: neutrophil', 'A Giemsa-stained light micrograph displaying human peripheral blood cells. As a blood cell recognition system, identify the correct cell type: erythroblast', 'A Giemsa-stained light micrograph displaying human peripheral blood cells. As a blood cell recognition system, identify the correct cell type: none of the above']",76a676c9-84ae-4470-aa14-291acd2a1ea8,neutrophil,3,"{'pred': [4], 'probs': [[0.13577011227607727, 0.15069253742694855, 0.11558935046195984, 0.22279666364192963, 0.3451189696788788, 0.030032401904463768]], 'pred_prompt': ['A Giemsa-stained light micrograph displaying human peripheral blood cells. As a blood cell recognition system, identify the correct cell type: erythroblast']}",0.10000000149011612,pathology,hematopathology,light microscopy,brightfield microscopy,
classification,"['Synthetically generated Giemsa-stained light micrograph of human peripheral blood cell. As a blood cell recognition system, identify the correct cell type: Basophil', 'Synthetically generated Giemsa-stained light micrograph of human peripheral blood cell. As a blood cell recognition system, identify the correct cell type: Monocyte', 'Synthetically generated Giemsa-stained light micrograph of human peripheral blood cell. As a blood cell recognition system, identify the correct cell type: Lymphocyte', 'Synthetically generated Giemsa-stained light micrograph of human peripheral blood cell. As a blood cell recognition system, identify the correct cell type: Neutrophil', 'Synthetically generated Giemsa-stained light micrograph of human peripheral blood cell. As a blood cell recognition system, identify the correct cell type: Eosinophil', 'Synthetically generated Giemsa-stained light micrograph of human peripheral blood cell. As a blood cell recognition system, identify the correct cell type: none of the above']",637c955c-7c25-4d9d-943d-1642d9194a10,Basophil,0,"{'pred': [1], 'probs': [[0.10552508383989334, 0.4140028953552246, 0.09821134060621262, 0.1742704063653946, 0.20065364241600037, 0.007336546666920185]], 'pred_prompt': ['Synthetically generated Giemsa-stained light micrograph of human peripheral blood cell. As a blood cell recognition system, identify the correct cell type: Monocyte']}",0.1599999964237213,pathology,hematopathology,light microscopy,brightfield microscopy,
classification,"['Synthetically generated Giemsa-stained light micrograph of human peripheral blood cell. As a blood cell recognition system, identify the correct cell type: Monocyte', 'Synthetically generated Giemsa-stained light micrograph of human peripheral blood cell. As a blood cell recognition system, identify the correct cell type: Basophil', 'Synthetically generated Giemsa-stained light micrograph of human peripheral blood cell. As a blood cell recognition system, identify the correct cell type: Eosinophil', 'Synthetically generated Giemsa-stained light micrograph of human peripheral blood cell. As a blood cell recognition system, identify the correct cell type: Lymphocyte', 'Synthetically generated Giemsa-stained light micrograph of human peripheral blood cell. As a blood cell recognition system, identify the correct cell type: Neutrophil', 'Synthetically generated Giemsa-stained light micrograph of human peripheral blood cell. As a blood cell recognition system, identify the correct cell type: none of the above']",c257dd80-ca43-417d-b3d3-b4dd6d29cdf7,Monocyte,0,"{'pred': [0], 'probs': [[0.41449540853500366, 0.10166756808757782, 0.21482829749584198, 0.0999753549695015, 0.1645776778459549, 0.0044556185603141785]], 'pred_prompt': ['Synthetically generated Giemsa-stained light micrograph of human peripheral blood cell. As a blood cell recognition system, identify the correct cell type: Monocyte']}",0.1599999964237213,pathology,hematopathology,light microscopy,brightfield microscopy,
classification,"['A Giemsa-stained light micrograph displaying human peripheral blood cells. As a blood cell recognition system, identify the correct cell type: eosinophil', 'A Giemsa-stained light micrograph displaying human peripheral blood cells. As a blood cell recognition system, identify the correct cell type: erythroblast', 'A Giemsa-stained light micrograph displaying human peripheral blood cells. As a blood cell recognition system, identify the correct cell type: platelet', 'A Giemsa-stained light micrograph displaying human peripheral blood cells. As a blood cell recognition system, identify the correct cell type: immature granulocyte', 'A Giemsa-stained light micrograph displaying human peripheral blood cells. As a blood cell recognition system, identify the correct cell type: neutrophil', 'A Giemsa-stained light micrograph displaying human peripheral blood cells. As a blood cell recognition system, identify the correct cell type: none of the above']",161b4abc-8b36-4a00-9e07-bde8cb96974b,immature granulocyte,3,"{'pred': [1], 'probs': [[0.11744271963834763, 0.4356590807437897, 0.09415249526500702, 0.13676288723945618, 0.18958261609077454, 0.026400167495012283]], 'pred_prompt': ['A Giemsa-stained light micrograph displaying human peripheral blood cells. As a blood cell recognition system, identify the correct cell type: erythroblast']}",0.10000000149011612,pathology,hematopathology,light microscopy,brightfield microscopy,
classification,"['Synthetically generated Giemsa-stained light micrograph of human peripheral blood cell. As a blood cell recognition system, identify the correct cell type: Lymphocyte', 'Synthetically generated Giemsa-stained light micrograph of human peripheral blood cell. As a blood cell recognition system, identify the correct cell type: Neutrophil', 'Synthetically generated Giemsa-stained light micrograph of human peripheral blood cell. As a blood cell recognition system, identify the correct cell type: Monocyte', 'Synthetically generated Giemsa-stained light micrograph of human peripheral blood cell. As a blood cell recognition system, identify the correct cell type: Basophil', 'Synthetically generated Giemsa-stained light micrograph of human peripheral blood cell. As a blood cell recognition system, identify the correct cell type: Eosinophil', 'Synthetically generated Giemsa-stained light micrograph of human peripheral blood cell. As a blood cell recognition system, identify the correct cell type: none of the above']",d0f9f8c4-41d6-497f-a3e3-588b0782a6c3,Monocyte,2,"{'pred': [2], 'probs': [[0.12359490245580673, 0.1674201786518097, 0.4405452013015747, 0.09324167668819427, 0.166665717959404, 0.008532295003533363]], 'pred_prompt': ['Synthetically generated Giemsa-stained light micrograph of human peripheral blood cell. As a blood cell recognition system, identify the correct cell type: Monocyte']}",0.1599999964237213,pathology,hematopathology,light microscopy,brightfield microscopy,
classification,"['A Giemsa-stained light micrograph displaying human peripheral blood cells. As a blood cell recognition system, identify the correct cell type: immature granulocyte', 'A Giemsa-stained light micrograph displaying human peripheral blood cells. As a blood cell recognition system, identify the correct cell type: lymphocyte', 'A Giemsa-stained light micrograph displaying human peripheral blood cells. As a blood cell recognition system, identify the correct cell type: basophil', 'A Giemsa-stained light micrograph displaying human peripheral blood cells. As a blood cell recognition system, identify the correct cell type: neutrophil', 'A Giemsa-stained light micrograph displaying human peripheral blood cells. As a blood cell recognition system, identify the correct cell type: eosinophil', 'A Giemsa-stained light micrograph displaying human peripheral blood cells. As a blood cell recognition system, identify the correct cell type: none of the above']",5c2ff299-0cec-4250-9267-22b7a26d27f0,eosinophil,4,"{'pred': [3], 'probs': [[0.16773629188537598, 0.153169646859169, 0.07752878963947296, 0.3524983525276184, 0.22197473049163818, 0.027092106640338898]], 'pred_prompt': ['A Giemsa-stained light micrograph displaying human peripheral blood cells. As a blood cell recognition system, identify the correct cell type: neutrophil']}",0.10000000149011612,pathology,hematopathology,light microscopy,brightfield microscopy,
classification,"['Synthetically generated Giemsa-stained light micrograph of human peripheral blood cell. As a blood cell recognition system, identify the correct cell type: Neutrophil', 'Synthetically generated Giemsa-stained light micrograph of human peripheral blood cell. As a blood cell recognition system, identify the correct cell type: Monocyte', 'Synthetically generated Giemsa-stained light micrograph of human peripheral blood cell. As a blood cell recognition system, identify the correct cell type: Lymphocyte', 'Synthetically generated Giemsa-stained light micrograph of human peripheral blood cell. As a blood cell recognition system, identify the correct cell type: Eosinophil', 'Synthetically generated Giemsa-stained light micrograph of human peripheral blood cell. As a blood cell recognition system, identify the correct cell type: Basophil', 'Synthetically generated Giemsa-stained light micrograph of human peripheral blood cell. As a blood cell recognition system, identify the correct cell type: none of the above']",2bcaf473-4be7-4003-a0c6-de60e6d3d952,Lymphocyte,2,"{'pred': [1], 'probs': [[0.1604798436164856, 0.5082482099533081, 0.14401791989803314, 0.10999230295419693, 0.07047070562839508, 0.006791021209210157]], 'pred_prompt': ['Synthetically generated Giemsa-stained light micrograph of human peripheral blood cell. As a blood cell recognition system, identify the correct cell type: Monocyte']}",0.1599999964237213,pathology,hematopathology,light microscopy,brightfield microscopy,
classification,"['A Giemsa-stained light micrograph displaying human peripheral blood cells. As a blood cell recognition system, identify the correct cell type: immature granulocyte', 'A Giemsa-stained light micrograph displaying human peripheral blood cells. As a blood cell recognition system, identify the correct cell type: eosinophil', 'A Giemsa-stained light micrograph displaying human peripheral blood cells. As a blood cell recognition system, identify the correct cell type: neutrophil', 'A Giemsa-stained light micrograph displaying human peripheral blood cells. As a blood cell recognition system, identify the correct cell type: monocyte', 'A Giemsa-stained light micrograph displaying human peripheral blood cells. As a blood cell recognition system, identify the correct cell type: lymphocyte', 'A Giemsa-stained light micrograph displaying human peripheral blood cells. As a blood cell recognition system, identify the correct cell type: none of the above']",41381a4f-c2d0-4e22-b1c3-e3d6a6b1f34d,eosinophil,1,"{'pred': [3], 'probs': [[0.1371755301952362, 0.12098495662212372, 0.19070746004581451, 0.45661860704421997, 0.07231345027685165, 0.022200046107172966]], 'pred_prompt': ['A Giemsa-stained light micrograph displaying human peripheral blood cells. As a blood cell recognition system, identify the correct cell type: monocyte']}",0.10000000149011612,pathology,hematopathology,light microscopy,brightfield microscopy,
classification,"['A Giemsa-stained light micrograph displaying human peripheral blood cells. As a blood cell recognition system, identify the correct cell type: eosinophil', 'A Giemsa-stained light micrograph displaying human peripheral blood cells. As a blood cell recognition system, identify the correct cell type: monocyte', 'A Giemsa-stained light micrograph displaying human peripheral blood cells. As a blood cell recognition system, identify the correct cell type: basophil', 'A Giemsa-stained light micrograph displaying human peripheral blood cells. As a blood cell recognition system, identify the correct cell type: platelet', 'A Giemsa-stained light micrograph displaying human peripheral blood cells. As a blood cell recognition system, identify the correct cell type: erythroblast', 'A Giemsa-stained light micrograph displaying human peripheral blood cells. As a blood cell recognition system, identify the correct cell type: none of the above']",06edd71f-c1fb-4d23-867e-c82d88589073,monocyte,1,"{'pred': [1], 'probs': [[0.1265193521976471, 0.6053794622421265, 0.029665092006325722, 0.07179681956768036, 0.1491137593984604, 0.017525572329759598]], 'pred_prompt': ['A Giemsa-stained light micrograph displaying human peripheral blood cells. As a blood cell recognition system, identify the correct cell type: monocyte']}",0.10000000149011612,pathology,hematopathology,light microscopy,brightfield microscopy,
classification,"['A Giemsa-stained light micrograph displaying human peripheral blood cells. As a blood cell recognition system, identify the correct cell type: immature granulocyte', 'A Giemsa-stained light micrograph displaying human peripheral blood cells. As a blood cell recognition system, identify the correct cell type: erythroblast', 'A Giemsa-stained light micrograph displaying human peripheral blood cells. As a blood cell recognition system, identify the correct cell type: basophil', 'A Giemsa-stained light micrograph displaying human peripheral blood cells. As a blood cell recognition system, identify the correct cell type: eosinophil', 'A Giemsa-stained light micrograph displaying human peripheral blood cells. As a blood cell recognition system, identify the correct cell type: monocyte', 'A Giemsa-stained light micrograph displaying human peripheral blood cells. As a blood cell recognition system, identify the correct cell type: none of the above']",eacbd405-fbae-4aa1-8587-450e36734bf3,erythroblast,1,"{'pred': [4], 'probs': [[0.12211938947439194, 0.28446948528289795, 0.03851814568042755, 0.11683157831430435, 0.40055763721466064, 0.03750378265976906]], 'pred_prompt': ['A Giemsa-stained light micrograph displaying human peripheral blood cells. As a blood cell recognition system, identify the correct cell type: monocyte']}",0.10000000149011612,pathology,hematopathology,light microscopy,brightfield microscopy,
classification,"['A Giemsa-stained light micrograph displaying human peripheral blood cells. As a blood cell recognition system, identify the correct cell type: platelet', 'A Giemsa-stained light micrograph displaying human peripheral blood cells. As a blood cell recognition system, identify the correct cell type: immature granulocyte', 'A Giemsa-stained light micrograph displaying human peripheral blood cells. As a blood cell recognition system, identify the correct cell type: monocyte', 'A Giemsa-stained light micrograph displaying human peripheral blood cells. As a blood cell recognition system, identify the correct cell type: lymphocyte', 'A Giemsa-stained light micrograph displaying human peripheral blood cells. As a blood cell recognition system, identify the correct cell type: erythroblast', 'A Giemsa-stained light micrograph displaying human peripheral blood cells. As a blood cell recognition system, identify the correct cell type: none of the above']",25603fbf-e75c-4f01-b41d-0368a27552c0,platelet,0,"{'pred': [4], 'probs': [[0.1262453943490982, 0.0922103151679039, 0.2520323693752289, 0.07636546343564987, 0.3875466585159302, 0.06559976190328598]], 'pred_prompt': ['A Giemsa-stained light micrograph displaying human peripheral blood cells. As a blood cell recognition system, identify the correct cell type: erythroblast']}",0.10000000149011612,pathology,hematopathology,light microscopy,brightfield microscopy,
classification,"['A Giemsa-stained light micrograph displaying human peripheral blood cells. As a blood cell recognition system, identify the correct cell type: platelet', 'A Giemsa-stained light micrograph displaying human peripheral blood cells. As a blood cell recognition system, identify the correct cell type: monocyte', 'A Giemsa-stained light micrograph displaying human peripheral blood cells. As a blood cell recognition system, identify the correct cell type: immature granulocyte', 'A Giemsa-stained light micrograph displaying human peripheral blood cells. As a blood cell recognition system, identify the correct cell type: basophil', 'A Giemsa-stained light micrograph displaying human peripheral blood cells. As a blood cell recognition system, identify the correct cell type: neutrophil', 'A Giemsa-stained light micrograph displaying human peripheral blood cells. As a blood cell recognition system, identify the correct cell type: none of the above']",43d0d3ac-95c4-4ad1-8584-8b7c6e03cad4,basophil,3,"{'pred': [1], 'probs': [[0.11301424354314804, 0.462228924036026, 0.11800766736268997, 0.0497501976788044, 0.2266489565372467, 0.030350029468536377]], 'pred_prompt': ['A Giemsa-stained light micrograph displaying human peripheral blood cells. As a blood cell recognition system, identify the correct cell type: monocyte']}",0.10000000149011612,pathology,hematopathology,light microscopy,brightfield microscopy,
classification,"['A Giemsa-stained light micrograph displaying human peripheral blood cells. As a blood cell recognition system, identify the correct cell type: lymphocyte', 'A Giemsa-stained light micrograph displaying human peripheral blood cells. As a blood cell recognition system, identify the correct cell type: eosinophil', 'A Giemsa-stained light micrograph displaying human peripheral blood cells. As a blood cell recognition system, identify the correct cell type: immature granulocyte', 'A Giemsa-stained light micrograph displaying human peripheral blood cells. As a blood cell recognition system, identify the correct cell type: monocyte', 'A Giemsa-stained light micrograph displaying human peripheral blood cells. As a blood cell recognition system, identify the correct cell type: neutrophil', 'A Giemsa-stained light micrograph displaying human peripheral blood cells. As a blood cell recognition system, identify the correct cell type: none of the above']",79409ab2-28b4-40b6-be32-5396aa77e6a8,immature granulocyte,2,"{'pred': [3], 'probs': [[0.08372905105352402, 0.113569475710392, 0.1640317589044571, 0.4286508560180664, 0.17239172756671906, 0.03762708604335785]], 'pred_prompt': ['A Giemsa-stained light micrograph displaying human peripheral blood cells. As a blood cell recognition system, identify the correct cell type: monocyte']}",0.10000000149011612,pathology,hematopathology,light microscopy,brightfield microscopy,
classification,"['A Giemsa-stained light micrograph displaying human peripheral blood cells. As a blood cell recognition system, identify the correct cell type: eosinophil', 'A Giemsa-stained light micrograph displaying human peripheral blood cells. As a blood cell recognition system, identify the correct cell type: erythroblast', 'A Giemsa-stained light micrograph displaying human peripheral blood cells. As a blood cell recognition system, identify the correct cell type: basophil', 'A Giemsa-stained light micrograph displaying human peripheral blood cells. As a blood cell recognition system, identify the correct cell type: lymphocyte', 'A Giemsa-stained light micrograph displaying human peripheral blood cells. As a blood cell recognition system, identify the correct cell type: immature granulocyte', 'A Giemsa-stained light micrograph displaying human peripheral blood cells. As a blood cell recognition system, identify the correct cell type: none of the above']",df97f947-6870-4ea9-8000-0d1bf26d3a96,basophil,2,"{'pred': [4], 'probs': [[0.19352979958057404, 0.17880700528621674, 0.0805426836013794, 0.21362470090389252, 0.2693401277065277, 0.06415572017431259]], 'pred_prompt': ['A Giemsa-stained light micrograph displaying human peripheral blood cells. As a blood cell recognition system, identify the correct cell type: immature granulocyte']}",0.10000000149011612,pathology,hematopathology,light microscopy,brightfield microscopy,
classification,"['Synthetically generated Giemsa-stained light micrograph of human peripheral blood cell. As a blood cell recognition system, identify the correct cell type: Lymphocyte', 'Synthetically generated Giemsa-stained light micrograph of human peripheral blood cell. As a blood cell recognition system, identify the correct cell type: Neutrophil', 'Synthetically generated Giemsa-stained light micrograph of human peripheral blood cell. As a blood cell recognition system, identify the correct cell type: Eosinophil', 'Synthetically generated Giemsa-stained light micrograph of human peripheral blood cell. As a blood cell recognition system, identify the correct cell type: Basophil', 'Synthetically generated Giemsa-stained light micrograph of human peripheral blood cell. As a blood cell recognition system, identify the correct cell type: Monocyte', 'Synthetically generated Giemsa-stained light micrograph of human peripheral blood cell. As a blood cell recognition system, identify the correct cell type: none of the above']",b285d6b4-19c8-45c2-ba7e-ddb695c84d2b,Neutrophil,1,"{'pred': [4], 'probs': [[0.11491995304822922, 0.25255268812179565, 0.13898049294948578, 0.07124879956245422, 0.41826432943344116, 0.0040337443351745605]], 'pred_prompt': ['Synthetically generated Giemsa-stained light micrograph of human peripheral blood cell. As a blood cell recognition system, identify the correct cell type: Monocyte']}",0.1599999964237213,pathology,hematopathology,light microscopy,brightfield microscopy,
classification,"['A Giemsa-stained light micrograph displaying human peripheral blood cells. As a blood cell recognition system, identify the correct cell type: basophil', 'A Giemsa-stained light micrograph displaying human peripheral blood cells. As a blood cell recognition system, identify the correct cell type: eosinophil', 'A Giemsa-stained light micrograph displaying human peripheral blood cells. As a blood cell recognition system, identify the correct cell type: immature granulocyte', 'A Giemsa-stained light micrograph displaying human peripheral blood cells. As a blood cell recognition system, identify the correct cell type: platelet', 'A Giemsa-stained light micrograph displaying human peripheral blood cells. As a blood cell recognition system, identify the correct cell type: monocyte', 'A Giemsa-stained light micrograph displaying human peripheral blood cells. As a blood cell recognition system, identify the correct cell type: none of the above']",41c8f26b-5a7a-42cd-8a67-5ce490844b60,immature granulocyte,2,"{'pred': [4], 'probs': [[0.06735662370920181, 0.15148334205150604, 0.1307193785905838, 0.09701018780469894, 0.5233848690986633, 0.030045589432120323]], 'pred_prompt': ['A Giemsa-stained light micrograph displaying human peripheral blood cells. As a blood cell recognition system, identify the correct cell type: monocyte']}",0.10000000149011612,pathology,hematopathology,light microscopy,brightfield microscopy,
classification,"['A Giemsa-stained light micrograph displaying human peripheral blood cells. As a blood cell recognition system, identify the correct cell type: basophil', 'A Giemsa-stained light micrograph displaying human peripheral blood cells. As a blood cell recognition system, identify the correct cell type: erythroblast', 'A Giemsa-stained light micrograph displaying human peripheral blood cells. As a blood cell recognition system, identify the correct cell type: neutrophil', 'A Giemsa-stained light micrograph displaying human peripheral blood cells. As a blood cell recognition system, identify the correct cell type: lymphocyte', 'A Giemsa-stained light micrograph displaying human peripheral blood cells. As a blood cell recognition system, identify the correct cell type: monocyte', 'A Giemsa-stained light micrograph displaying human peripheral blood cells. As a blood cell recognition system, identify the correct cell type: none of the above']",41e24ab5-604d-4e8f-9b27-8f94df60dfbb,basophil,0,"{'pred': [4], 'probs': [[0.05060507357120514, 0.11716540902853012, 0.18254689872264862, 0.09658557921648026, 0.51106196641922, 0.04203510284423828]], 'pred_prompt': ['A Giemsa-stained light micrograph displaying human peripheral blood cells. As a blood cell recognition system, identify the correct cell type: monocyte']}",0.10000000149011612,pathology,hematopathology,light microscopy,brightfield microscopy,
classification,"['A Giemsa-stained light micrograph displaying human peripheral blood cells. As a blood cell recognition system, identify the correct cell type: eosinophil', 'A Giemsa-stained light micrograph displaying human peripheral blood cells. As a blood cell recognition system, identify the correct cell type: platelet', 'A Giemsa-stained light micrograph displaying human peripheral blood cells. As a blood cell recognition system, identify the correct cell type: neutrophil', 'A Giemsa-stained light micrograph displaying human peripheral blood cells. As a blood cell recognition system, identify the correct cell type: lymphocyte', 'A Giemsa-stained light micrograph displaying human peripheral blood cells. As a blood cell recognition system, identify the correct cell type: monocyte', 'A Giemsa-stained light micrograph displaying human peripheral blood cells. As a blood cell recognition system, identify the correct cell type: none of the above']",3b05e215-6025-439e-b052-d1158cd8cdfe,eosinophil,0,"{'pred': [4], 'probs': [[0.12847961485385895, 0.07267598062753677, 0.21528685092926025, 0.08751360327005386, 0.4836024045944214, 0.012441602535545826]], 'pred_prompt': ['A Giemsa-stained light micrograph displaying human peripheral blood cells. As a blood cell recognition system, identify the correct cell type: monocyte']}",0.10000000149011612,pathology,hematopathology,light microscopy,brightfield microscopy,
classification,"['Synthetically generated Giemsa-stained light micrograph of human peripheral blood cell. As a blood cell recognition system, identify the correct cell type: Basophil', 'Synthetically generated Giemsa-stained light micrograph of human peripheral blood cell. As a blood cell recognition system, identify the correct cell type: Lymphocyte', 'Synthetically generated Giemsa-stained light micrograph of human peripheral blood cell. As a blood cell recognition system, identify the correct cell type: Neutrophil', 'Synthetically generated Giemsa-stained light micrograph of human peripheral blood cell. As a blood cell recognition system, identify the correct cell type: Eosinophil', 'Synthetically generated Giemsa-stained light micrograph of human peripheral blood cell. As a blood cell recognition system, identify the correct cell type: Monocyte', 'Synthetically generated Giemsa-stained light micrograph of human peripheral blood cell. As a blood cell recognition system, identify the correct cell type: none of the above']",57d483af-9924-49d0-93b7-a3e570e97b9f,Eosinophil,3,"{'pred': [4], 'probs': [[0.06328431516885757, 0.1415591835975647, 0.20085185766220093, 0.13475146889686584, 0.45355653762817383, 0.005996734835207462]], 'pred_prompt': ['Synthetically generated Giemsa-stained light micrograph of human peripheral blood cell. As a blood cell recognition system, identify the correct cell type: Monocyte']}",0.1599999964237213,pathology,hematopathology,light microscopy,brightfield microscopy,
classification,"['Synthetically generated Giemsa-stained light micrograph of human peripheral blood cell. As a blood cell recognition system, identify the correct cell type: Basophil', 'Synthetically generated Giemsa-stained light micrograph of human peripheral blood cell. As a blood cell recognition system, identify the correct cell type: Monocyte', 'Synthetically generated Giemsa-stained light micrograph of human peripheral blood cell. As a blood cell recognition system, identify the correct cell type: Lymphocyte', 'Synthetically generated Giemsa-stained light micrograph of human peripheral blood cell. As a blood cell recognition system, identify the correct cell type: Eosinophil', 'Synthetically generated Giemsa-stained light micrograph of human peripheral blood cell. As a blood cell recognition system, identify the correct cell type: Neutrophil', 'Synthetically generated Giemsa-stained light micrograph of human peripheral blood cell. As a blood cell recognition system, identify the correct cell type: none of the above']",f516b88c-3b49-4344-a59e-2a556e907d44,Basophil,0,"{'pred': [1], 'probs': [[0.1212247684597969, 0.36889633536338806, 0.0908953845500946, 0.21967220306396484, 0.1940361112356186, 0.0052751777693629265]], 'pred_prompt': ['Synthetically generated Giemsa-stained light micrograph of human peripheral blood cell. As a blood cell recognition system, identify the correct cell type: Monocyte']}",0.1599999964237213,pathology,hematopathology,light microscopy,brightfield microscopy,
classification,"['Synthetically generated Giemsa-stained light micrograph of human peripheral blood cell. As a blood cell recognition system, identify the correct cell type: Basophil', 'Synthetically generated Giemsa-stained light micrograph of human peripheral blood cell. As a blood cell recognition system, identify the correct cell type: Eosinophil', 'Synthetically generated Giemsa-stained light micrograph of human peripheral blood cell. As a blood cell recognition system, identify the correct cell type: Neutrophil', 'Synthetically generated Giemsa-stained light micrograph of human peripheral blood cell. As a blood cell recognition system, identify the correct cell type: Lymphocyte', 'Synthetically generated Giemsa-stained light micrograph of human peripheral blood cell. As a blood cell recognition system, identify the correct cell type: Monocyte', 'Synthetically generated Giemsa-stained light micrograph of human peripheral blood cell. As a blood cell recognition system, identify the correct cell type: none of the above']",4204a247-5c2e-4c58-b151-f31d98bdf5d3,Neutrophil,2,"{'pred': [4], 'probs': [[0.050366323441267014, 0.10847124457359314, 0.19363220036029816, 0.1420908272266388, 0.5021364688873291, 0.0033029764890670776]], 'pred_prompt': ['Synthetically generated Giemsa-stained light micrograph of human peripheral blood cell. As a blood cell recognition system, identify the correct cell type: Monocyte']}",0.1599999964237213,pathology,hematopathology,light microscopy,brightfield microscopy,
classification,"['A Giemsa-stained light micrograph displaying human peripheral blood cells. As a blood cell recognition system, identify the correct cell type: eosinophil', 'A Giemsa-stained light micrograph displaying human peripheral blood cells. As a blood cell recognition system, identify the correct cell type: lymphocyte', 'A Giemsa-stained light micrograph displaying human peripheral blood cells. As a blood cell recognition system, identify the correct cell type: immature granulocyte', 'A Giemsa-stained light micrograph displaying human peripheral blood cells. As a blood cell recognition system, identify the correct cell type: platelet', 'A Giemsa-stained light micrograph displaying human peripheral blood cells. As a blood cell recognition system, identify the correct cell type: monocyte', 'A Giemsa-stained light micrograph displaying human peripheral blood cells. As a blood cell recognition system, identify the correct cell type: none of the above']",90930840-8f69-40f1-a11d-07adf5fb3a58,eosinophil,0,"{'pred': [4], 'probs': [[0.20114798843860626, 0.068855881690979, 0.17771370708942413, 0.08479859679937363, 0.4388400912284851, 0.028643788769841194]], 'pred_prompt': ['A Giemsa-stained light micrograph displaying human peripheral blood cells. As a blood cell recognition system, identify the correct cell type: monocyte']}",0.10000000149011612,pathology,hematopathology,light microscopy,brightfield microscopy,
classification,"['A Giemsa-stained light micrograph displaying human peripheral blood cells. As a blood cell recognition system, identify the correct cell type: neutrophil', 'A Giemsa-stained light micrograph displaying human peripheral blood cells. As a blood cell recognition system, identify the correct cell type: eosinophil', 'A Giemsa-stained light micrograph displaying human peripheral blood cells. As a blood cell recognition system, identify the correct cell type: monocyte', 'A Giemsa-stained light micrograph displaying human peripheral blood cells. As a blood cell recognition system, identify the correct cell type: lymphocyte', 'A Giemsa-stained light micrograph displaying human peripheral blood cells. As a blood cell recognition system, identify the correct cell type: basophil', 'A Giemsa-stained light micrograph displaying human peripheral blood cells. As a blood cell recognition system, identify the correct cell type: none of the above']",83831edd-d164-4407-983a-abb94be532c0,neutrophil,0,"{'pred': [2], 'probs': [[0.15063537657260895, 0.16166983544826508, 0.5393616557121277, 0.08557248115539551, 0.029081163927912712, 0.03367944806814194]], 'pred_prompt': ['A Giemsa-stained light micrograph displaying human peripheral blood cells. As a blood cell recognition system, identify the correct cell type: monocyte']}",0.10000000149011612,pathology,hematopathology,light microscopy,brightfield microscopy,
classification,"['Synthetically generated Giemsa-stained light micrograph of human peripheral blood cell. As a blood cell recognition system, identify the correct cell type: Basophil', 'Synthetically generated Giemsa-stained light micrograph of human peripheral blood cell. As a blood cell recognition system, identify the correct cell type: Neutrophil', 'Synthetically generated Giemsa-stained light micrograph of human peripheral blood cell. As a blood cell recognition system, identify the correct cell type: Eosinophil', 'Synthetically generated Giemsa-stained light micrograph of human peripheral blood cell. As a blood cell recognition system, identify the correct cell type: Monocyte', 'Synthetically generated Giemsa-stained light micrograph of human peripheral blood cell. As a blood cell recognition system, identify the correct cell type: Lymphocyte', 'Synthetically generated Giemsa-stained light micrograph of human peripheral blood cell. As a blood cell recognition system, identify the correct cell type: none of the above']",111d268c-c9b1-4b88-8fb9-a8d69ba9094d,Monocyte,3,"{'pred': [3], 'probs': [[0.10325290262699127, 0.15460354089736938, 0.14329449832439423, 0.4385518431663513, 0.15648803114891052, 0.003809219691902399]], 'pred_prompt': ['Synthetically generated Giemsa-stained light micrograph of human peripheral blood cell. As a blood cell recognition system, identify the correct cell type: Monocyte']}",0.1599999964237213,pathology,hematopathology,light microscopy,brightfield microscopy,
classification,"['Synthetically generated Giemsa-stained light micrograph of human peripheral blood cell. As a blood cell recognition system, identify the correct cell type: Neutrophil', 'Synthetically generated Giemsa-stained light micrograph of human peripheral blood cell. As a blood cell recognition system, identify the correct cell type: Basophil', 'Synthetically generated Giemsa-stained light micrograph of human peripheral blood cell. As a blood cell recognition system, identify the correct cell type: Monocyte', 'Synthetically generated Giemsa-stained light micrograph of human peripheral blood cell. As a blood cell recognition system, identify the correct cell type: Eosinophil', 'Synthetically generated Giemsa-stained light micrograph of human peripheral blood cell. As a blood cell recognition system, identify the correct cell type: Lymphocyte', 'Synthetically generated Giemsa-stained light micrograph of human peripheral blood cell. As a blood cell recognition system, identify the correct cell type: none of the above']",ac28829e-d0b9-4289-bc7a-fb73f9f27e38,Lymphocyte,4,"{'pred': [2], 'probs': [[0.18006430566310883, 0.08778813481330872, 0.47450581192970276, 0.09269622713327408, 0.15928003191947937, 0.005665475036948919]], 'pred_prompt': ['Synthetically generated Giemsa-stained light micrograph of human peripheral blood cell. As a blood cell recognition system, identify the correct cell type: Monocyte']}",0.1599999964237213,pathology,hematopathology,light microscopy,brightfield microscopy,
classification,"['A Giemsa-stained light micrograph displaying human peripheral blood cells. As a blood cell recognition system, identify the correct cell type: erythroblast', 'A Giemsa-stained light micrograph displaying human peripheral blood cells. As a blood cell recognition system, identify the correct cell type: basophil', 'A Giemsa-stained light micrograph displaying human peripheral blood cells. As a blood cell recognition system, identify the correct cell type: neutrophil', 'A Giemsa-stained light micrograph displaying human peripheral blood cells. As a blood cell recognition system, identify the correct cell type: monocyte', 'A Giemsa-stained light micrograph displaying human peripheral blood cells. As a blood cell recognition system, identify the correct cell type: platelet', 'A Giemsa-stained light micrograph displaying human peripheral blood cells. As a blood cell recognition system, identify the correct cell type: none of the above']",574dbf6d-1f4c-4a59-b48a-b789ff24bed5,erythroblast,0,"{'pred': [3], 'probs': [[0.29254451394081116, 0.04221680015325546, 0.1302439123392105, 0.39171579480171204, 0.11495695263147354, 0.028321944177150726]], 'pred_prompt': ['A Giemsa-stained light micrograph displaying human peripheral blood cells. As a blood cell recognition system, identify the correct cell type: monocyte']}",0.10000000149011612,pathology,hematopathology,light microscopy,brightfield microscopy,
classification,"['Synthetically generated Giemsa-stained light micrograph of human peripheral blood cell. As a blood cell recognition system, identify the correct cell type: Neutrophil', 'Synthetically generated Giemsa-stained light micrograph of human peripheral blood cell. As a blood cell recognition system, identify the correct cell type: Monocyte', 'Synthetically generated Giemsa-stained light micrograph of human peripheral blood cell. As a blood cell recognition system, identify the correct cell type: Eosinophil', 'Synthetically generated Giemsa-stained light micrograph of human peripheral blood cell. As a blood cell recognition system, identify the correct cell type: Lymphocyte', 'Synthetically generated Giemsa-stained light micrograph of human peripheral blood cell. As a blood cell recognition system, identify the correct cell type: Basophil', 'Synthetically generated Giemsa-stained light micrograph of human peripheral blood cell. As a blood cell recognition system, identify the correct cell type: none of the above']",33e05ea1-e9f5-4aa1-823f-c606d4a3bb27,Monocyte,1,"{'pred': [1], 'probs': [[0.21723276376724243, 0.437618613243103, 0.16374148428440094, 0.110834039747715, 0.0675174742937088, 0.003055673325434327]], 'pred_prompt': ['Synthetically generated Giemsa-stained light micrograph of human peripheral blood cell. As a blood cell recognition system, identify the correct cell type: Monocyte']}",0.1599999964237213,pathology,hematopathology,light microscopy,brightfield microscopy,
classification,"['A Giemsa-stained light micrograph displaying human peripheral blood cells. As a blood cell recognition system, identify the correct cell type: platelet', 'A Giemsa-stained light micrograph displaying human peripheral blood cells. As a blood cell recognition system, identify the correct cell type: eosinophil', 'A Giemsa-stained light micrograph displaying human peripheral blood cells. As a blood cell recognition system, identify the correct cell type: erythroblast', 'A Giemsa-stained light micrograph displaying human peripheral blood cells. As a blood cell recognition system, identify the correct cell type: lymphocyte', 'A Giemsa-stained light micrograph displaying human peripheral blood cells. As a blood cell recognition system, identify the correct cell type: monocyte', 'A Giemsa-stained light micrograph displaying human peripheral blood cells. As a blood cell recognition system, identify the correct cell type: none of the above']",fad32d46-0669-4ce8-9d80-26fe5e6fb81e,eosinophil,1,"{'pred': [4], 'probs': [[0.08823369443416595, 0.15045170485973358, 0.2859431505203247, 0.06599555909633636, 0.3862816095352173, 0.023094266653060913]], 'pred_prompt': ['A Giemsa-stained light micrograph displaying human peripheral blood cells. As a blood cell recognition system, identify the correct cell type: monocyte']}",0.10000000149011612,pathology,hematopathology,light microscopy,brightfield microscopy,
classification,"['Synthetically generated Giemsa-stained light micrograph of human peripheral blood cell. As a blood cell recognition system, identify the correct cell type: Lymphocyte', 'Synthetically generated Giemsa-stained light micrograph of human peripheral blood cell. As a blood cell recognition system, identify the correct cell type: Neutrophil', 'Synthetically generated Giemsa-stained light micrograph of human peripheral blood cell. As a blood cell recognition system, identify the correct cell type: Eosinophil', 'Synthetically generated Giemsa-stained light micrograph of human peripheral blood cell. As a blood cell recognition system, identify the correct cell type: Basophil', 'Synthetically generated Giemsa-stained light micrograph of human peripheral blood cell. As a blood cell recognition system, identify the correct cell type: Monocyte', 'Synthetically generated Giemsa-stained light micrograph of human peripheral blood cell. As a blood cell recognition system, identify the correct cell type: none of the above']",12329f0d-bf24-456a-90f9-ac668c02c328,Lymphocyte,0,"{'pred': [4], 'probs': [[0.16635745763778687, 0.16434471309185028, 0.12918473780155182, 0.06828572601079941, 0.4649176001548767, 0.006909774150699377]], 'pred_prompt': ['Synthetically generated Giemsa-stained light micrograph of human peripheral blood cell. As a blood cell recognition system, identify the correct cell type: Monocyte']}",0.1599999964237213,pathology,hematopathology,light microscopy,brightfield microscopy,
classification,"['A Giemsa-stained light micrograph displaying human peripheral blood cells. As a blood cell recognition system, identify the correct cell type: platelet', 'A Giemsa-stained light micrograph displaying human peripheral blood cells. As a blood cell recognition system, identify the correct cell type: immature granulocyte', 'A Giemsa-stained light micrograph displaying human peripheral blood cells. As a blood cell recognition system, identify the correct cell type: neutrophil', 'A Giemsa-stained light micrograph displaying human peripheral blood cells. As a blood cell recognition system, identify the correct cell type: eosinophil', 'A Giemsa-stained light micrograph displaying human peripheral blood cells. As a blood cell recognition system, identify the correct cell type: monocyte', 'A Giemsa-stained light micrograph displaying human peripheral blood cells. As a blood cell recognition system, identify the correct cell type: none of the above']",2e3cb160-3d08-4c61-9362-b69d137c9dd5,neutrophil,2,"{'pred': [4], 'probs': [[0.08222164958715439, 0.0892065018415451, 0.22033977508544922, 0.11143553256988525, 0.4785805642604828, 0.018216069787740707]], 'pred_prompt': ['A Giemsa-stained light micrograph displaying human peripheral blood cells. As a blood cell recognition system, identify the correct cell type: monocyte']}",0.10000000149011612,pathology,hematopathology,light microscopy,brightfield microscopy,
classification,"['A Giemsa-stained light micrograph displaying human peripheral blood cells. As a blood cell recognition system, identify the correct cell type: eosinophil', 'A Giemsa-stained light micrograph displaying human peripheral blood cells. As a blood cell recognition system, identify the correct cell type: neutrophil', 'A Giemsa-stained light micrograph displaying human peripheral blood cells. As a blood cell recognition system, identify the correct cell type: erythroblast', 'A Giemsa-stained light micrograph displaying human peripheral blood cells. As a blood cell recognition system, identify the correct cell type: immature granulocyte', 'A Giemsa-stained light micrograph displaying human peripheral blood cells. As a blood cell recognition system, identify the correct cell type: platelet', 'A Giemsa-stained light micrograph displaying human peripheral blood cells. As a blood cell recognition system, identify the correct cell type: none of the above']",5c289066-83d6-4f5a-9823-d087e36a2750,immature granulocyte,3,"{'pred': [2], 'probs': [[0.13406601548194885, 0.24126015603542328, 0.30353638529777527, 0.18239915370941162, 0.09987331181764603, 0.03886495530605316]], 'pred_prompt': ['A Giemsa-stained light micrograph displaying human peripheral blood cells. As a blood cell recognition system, identify the correct cell type: erythroblast']}",0.10000000149011612,pathology,hematopathology,light microscopy,brightfield microscopy,
classification,"['A Giemsa-stained light micrograph displaying human peripheral blood cells. As a blood cell recognition system, identify the correct cell type: neutrophil', 'A Giemsa-stained light micrograph displaying human peripheral blood cells. As a blood cell recognition system, identify the correct cell type: immature granulocyte', 'A Giemsa-stained light micrograph displaying human peripheral blood cells. As a blood cell recognition system, identify the correct cell type: lymphocyte', 'A Giemsa-stained light micrograph displaying human peripheral blood cells. As a blood cell recognition system, identify the correct cell type: basophil', 'A Giemsa-stained light micrograph displaying human peripheral blood cells. As a blood cell recognition system, identify the correct cell type: erythroblast', 'A Giemsa-stained light micrograph displaying human peripheral blood cells. As a blood cell recognition system, identify the correct cell type: none of the above']",0e4edfa9-3e61-4a6b-b08e-fe0d68ed2027,immature granulocyte,1,"{'pred': [4], 'probs': [[0.19942757487297058, 0.13854631781578064, 0.12802593410015106, 0.05883587524294853, 0.43118563294410706, 0.04397870972752571]], 'pred_prompt': ['A Giemsa-stained light micrograph displaying human peripheral blood cells. As a blood cell recognition system, identify the correct cell type: erythroblast']}",0.10000000149011612,pathology,hematopathology,light microscopy,brightfield microscopy,
classification,"['Synthetically generated Giemsa-stained light micrograph of human peripheral blood cell. As a blood cell recognition system, identify the correct cell type: Eosinophil', 'Synthetically generated Giemsa-stained light micrograph of human peripheral blood cell. As a blood cell recognition system, identify the correct cell type: Monocyte', 'Synthetically generated Giemsa-stained light micrograph of human peripheral blood cell. As a blood cell recognition system, identify the correct cell type: Neutrophil', 'Synthetically generated Giemsa-stained light micrograph of human peripheral blood cell. As a blood cell recognition system, identify the correct cell type: Basophil', 'Synthetically generated Giemsa-stained light micrograph of human peripheral blood cell. As a blood cell recognition system, identify the correct cell type: Lymphocyte', 'Synthetically generated Giemsa-stained light micrograph of human peripheral blood cell. As a blood cell recognition system, identify the correct cell type: none of the above']",ae252696-b289-440d-a448-a8fb78653f1b,Neutrophil,2,"{'pred': [1], 'probs': [[0.1710144430398941, 0.3826315402984619, 0.25034788250923157, 0.07981600612401962, 0.10745088756084442, 0.008739257231354713]], 'pred_prompt': ['Synthetically generated Giemsa-stained light micrograph of human peripheral blood cell. As a blood cell recognition system, identify the correct cell type: Monocyte']}",0.1599999964237213,pathology,hematopathology,light microscopy,brightfield microscopy,
classification,"['Synthetically generated Giemsa-stained light micrograph of human peripheral blood cell. As a blood cell recognition system, identify the correct cell type: Eosinophil', 'Synthetically generated Giemsa-stained light micrograph of human peripheral blood cell. As a blood cell recognition system, identify the correct cell type: Neutrophil', 'Synthetically generated Giemsa-stained light micrograph of human peripheral blood cell. As a blood cell recognition system, identify the correct cell type: Basophil', 'Synthetically generated Giemsa-stained light micrograph of human peripheral blood cell. As a blood cell recognition system, identify the correct cell type: Lymphocyte', 'Synthetically generated Giemsa-stained light micrograph of human peripheral blood cell. As a blood cell recognition system, identify the correct cell type: Monocyte', 'Synthetically generated Giemsa-stained light micrograph of human peripheral blood cell. As a blood cell recognition system, identify the correct cell type: none of the above']",86ec8ac1-c5eb-4ea6-b6ad-9201b3fe4456,Neutrophil,1,"{'pred': [4], 'probs': [[0.11729424446821213, 0.22909273207187653, 0.04156678915023804, 0.15824902057647705, 0.4487728178501129, 0.005024382844567299]], 'pred_prompt': ['Synthetically generated Giemsa-stained light micrograph of human peripheral blood cell. As a blood cell recognition system, identify the correct cell type: Monocyte']}",0.1599999964237213,pathology,hematopathology,light microscopy,brightfield microscopy,
classification,"['A Giemsa-stained light micrograph displaying human peripheral blood cells. As a blood cell recognition system, identify the correct cell type: immature granulocyte', 'A Giemsa-stained light micrograph displaying human peripheral blood cells. As a blood cell recognition system, identify the correct cell type: lymphocyte', 'A Giemsa-stained light micrograph displaying human peripheral blood cells. As a blood cell recognition system, identify the correct cell type: basophil', 'A Giemsa-stained light micrograph displaying human peripheral blood cells. As a blood cell recognition system, identify the correct cell type: platelet', 'A Giemsa-stained light micrograph displaying human peripheral blood cells. As a blood cell recognition system, identify the correct cell type: erythroblast', 'A Giemsa-stained light micrograph displaying human peripheral blood cells. As a blood cell recognition system, identify the correct cell type: none of the above']",280c8d59-f1d8-4789-96a2-7031cc7e3663,immature granulocyte,0,"{'pred': [4], 'probs': [[0.1069037988781929, 0.1861434429883957, 0.07029775530099869, 0.15583866834640503, 0.4449976980686188, 0.035818666219711304]], 'pred_prompt': ['A Giemsa-stained light micrograph displaying human peripheral blood cells. As a blood cell recognition system, identify the correct cell type: erythroblast']}",0.10000000149011612,pathology,hematopathology,light microscopy,brightfield microscopy,
classification,"['Synthetically generated Giemsa-stained light micrograph of human peripheral blood cell. As a blood cell recognition system, identify the correct cell type: Monocyte', 'Synthetically generated Giemsa-stained light micrograph of human peripheral blood cell. As a blood cell recognition system, identify the correct cell type: Eosinophil', 'Synthetically generated Giemsa-stained light micrograph of human peripheral blood cell. As a blood cell recognition system, identify the correct cell type: Basophil', 'Synthetically generated Giemsa-stained light micrograph of human peripheral blood cell. As a blood cell recognition system, identify the correct cell type: Lymphocyte', 'Synthetically generated Giemsa-stained light micrograph of human peripheral blood cell. As a blood cell recognition system, identify the correct cell type: Neutrophil', 'Synthetically generated Giemsa-stained light micrograph of human peripheral blood cell. As a blood cell recognition system, identify the correct cell type: none of the above']",8c93833f-0b26-433b-b73d-5d1ec8c7d2e3,Monocyte,0,"{'pred': [0], 'probs': [[0.49401652812957764, 0.16139696538448334, 0.0728611946105957, 0.11655805259943008, 0.14984630048274994, 0.00532094482332468]], 'pred_prompt': ['Synthetically generated Giemsa-stained light micrograph of human peripheral blood cell. As a blood cell recognition system, identify the correct cell type: Monocyte']}",0.1599999964237213,pathology,hematopathology,light microscopy,brightfield microscopy,
classification,"['Synthetically generated Giemsa-stained light micrograph of human peripheral blood cell. As a blood cell recognition system, identify the correct cell type: Lymphocyte', 'Synthetically generated Giemsa-stained light micrograph of human peripheral blood cell. As a blood cell recognition system, identify the correct cell type: Monocyte', 'Synthetically generated Giemsa-stained light micrograph of human peripheral blood cell. As a blood cell recognition system, identify the correct cell type: Neutrophil', 'Synthetically generated Giemsa-stained light micrograph of human peripheral blood cell. As a blood cell recognition system, identify the correct cell type: Basophil', 'Synthetically generated Giemsa-stained light micrograph of human peripheral blood cell. As a blood cell recognition system, identify the correct cell type: Eosinophil', 'Synthetically generated Giemsa-stained light micrograph of human peripheral blood cell. As a blood cell recognition system, identify the correct cell type: none of the above']",7734be72-6486-4d6b-bc88-cedb7eb48d7d,Lymphocyte,0,"{'pred': [1], 'probs': [[0.12524406611919403, 0.4986468255519867, 0.1911289095878601, 0.06821959465742111, 0.10290590673685074, 0.013854630291461945]], 'pred_prompt': ['Synthetically generated Giemsa-stained light micrograph of human peripheral blood cell. As a blood cell recognition system, identify the correct cell type: Monocyte']}",0.1599999964237213,pathology,hematopathology,light microscopy,brightfield microscopy,
classification,"['A Giemsa-stained light micrograph displaying human peripheral blood cells. As a blood cell recognition system, identify the correct cell type: eosinophil', 'A Giemsa-stained light micrograph displaying human peripheral blood cells. As a blood cell recognition system, identify the correct cell type: erythroblast', 'A Giemsa-stained light micrograph displaying human peripheral blood cells. As a blood cell recognition system, identify the correct cell type: monocyte', 'A Giemsa-stained light micrograph displaying human peripheral blood cells. As a blood cell recognition system, identify the correct cell type: platelet', 'A Giemsa-stained light micrograph displaying human peripheral blood cells. As a blood cell recognition system, identify the correct cell type: lymphocyte', 'A Giemsa-stained light micrograph displaying human peripheral blood cells. As a blood cell recognition system, identify the correct cell type: none of the above']",fe6b4059-262f-4887-a48c-756dd2dd2d19,lymphocyte,4,"{'pred': [2], 'probs': [[0.07436784356832504, 0.23420986533164978, 0.49687880277633667, 0.06613731384277344, 0.1048806682229042, 0.023525560274720192]], 'pred_prompt': ['A Giemsa-stained light micrograph displaying human peripheral blood cells. As a blood cell recognition system, identify the correct cell type: monocyte']}",0.10000000149011612,pathology,hematopathology,light microscopy,brightfield microscopy,
classification,"['Synthetically generated Giemsa-stained light micrograph of human peripheral blood cell. As a blood cell recognition system, identify the correct cell type: Basophil', 'Synthetically generated Giemsa-stained light micrograph of human peripheral blood cell. As a blood cell recognition system, identify the correct cell type: Monocyte', 'Synthetically generated Giemsa-stained light micrograph of human peripheral blood cell. As a blood cell recognition system, identify the correct cell type: Eosinophil', 'Synthetically generated Giemsa-stained light micrograph of human peripheral blood cell. As a blood cell recognition system, identify the correct cell type: Lymphocyte', 'Synthetically generated Giemsa-stained light micrograph of human peripheral blood cell. As a blood cell recognition system, identify the correct cell type: Neutrophil', 'Synthetically generated Giemsa-stained light micrograph of human peripheral blood cell. As a blood cell recognition system, identify the correct cell type: none of the above']",b1a05713-eff2-4560-b8f5-4707dff2df71,Neutrophil,4,"{'pred': [1], 'probs': [[0.05076035112142563, 0.40279334783554077, 0.1288662850856781, 0.14243479073047638, 0.27091413736343384, 0.004231019411236048]], 'pred_prompt': ['Synthetically generated Giemsa-stained light micrograph of human peripheral blood cell. As a blood cell recognition system, identify the correct cell type: Monocyte']}",0.1599999964237213,pathology,hematopathology,light microscopy,brightfield microscopy,
classification,"['A Giemsa-stained light micrograph displaying human peripheral blood cells. As a blood cell recognition system, identify the correct cell type: neutrophil', 'A Giemsa-stained light micrograph displaying human peripheral blood cells. As a blood cell recognition system, identify the correct cell type: eosinophil', 'A Giemsa-stained light micrograph displaying human peripheral blood cells. As a blood cell recognition system, identify the correct cell type: erythroblast', 'A Giemsa-stained light micrograph displaying human peripheral blood cells. As a blood cell recognition system, identify the correct cell type: basophil', 'A Giemsa-stained light micrograph displaying human peripheral blood cells. As a blood cell recognition system, identify the correct cell type: immature granulocyte', 'A Giemsa-stained light micrograph displaying human peripheral blood cells. As a blood cell recognition system, identify the correct cell type: none of the above']",6bfe3e2b-5caa-462a-96da-87ba51290cf8,erythroblast,2,"{'pred': [2], 'probs': [[0.19324088096618652, 0.12007711082696915, 0.478931188583374, 0.06959902495145798, 0.08795121312141418, 0.05020052567124367]], 'pred_prompt': ['A Giemsa-stained light micrograph displaying human peripheral blood cells. As a blood cell recognition system, identify the correct cell type: erythroblast']}",0.10000000149011612,pathology,hematopathology,light microscopy,brightfield microscopy,
classification,"['A Giemsa-stained light micrograph displaying human peripheral blood cells. As a blood cell recognition system, identify the correct cell type: immature granulocyte', 'A Giemsa-stained light micrograph displaying human peripheral blood cells. As a blood cell recognition system, identify the correct cell type: eosinophil', 'A Giemsa-stained light micrograph displaying human peripheral blood cells. As a blood cell recognition system, identify the correct cell type: monocyte', 'A Giemsa-stained light micrograph displaying human peripheral blood cells. As a blood cell recognition system, identify the correct cell type: platelet', 'A Giemsa-stained light micrograph displaying human peripheral blood cells. As a blood cell recognition system, identify the correct cell type: neutrophil', 'A Giemsa-stained light micrograph displaying human peripheral blood cells. As a blood cell recognition system, identify the correct cell type: none of the above']",f754bcdd-573a-40d7-9017-d5c3e687fef2,neutrophil,4,"{'pred': [2], 'probs': [[0.10029096156358719, 0.1130979061126709, 0.5138745307922363, 0.07794952392578125, 0.16962210834026337, 0.02516499161720276]], 'pred_prompt': ['A Giemsa-stained light micrograph displaying human peripheral blood cells. As a blood cell recognition system, identify the correct cell type: monocyte']}",0.10000000149011612,pathology,hematopathology,light microscopy,brightfield microscopy,
classification,"['A Giemsa-stained light micrograph displaying human peripheral blood cells. As a blood cell recognition system, identify the correct cell type: eosinophil', 'A Giemsa-stained light micrograph displaying human peripheral blood cells. As a blood cell recognition system, identify the correct cell type: platelet', 'A Giemsa-stained light micrograph displaying human peripheral blood cells. As a blood cell recognition system, identify the correct cell type: lymphocyte', 'A Giemsa-stained light micrograph displaying human peripheral blood cells. As a blood cell recognition system, identify the correct cell type: immature granulocyte', 'A Giemsa-stained light micrograph displaying human peripheral blood cells. As a blood cell recognition system, identify the correct cell type: erythroblast', 'A Giemsa-stained light micrograph displaying human peripheral blood cells. As a blood cell recognition system, identify the correct cell type: none of the above']",f11dfc36-cc94-4280-ae71-7ef3e71c34fb,eosinophil,0,"{'pred': [4], 'probs': [[0.18797071278095245, 0.12598833441734314, 0.10130168497562408, 0.13426591455936432, 0.4134734869003296, 0.03699979558587074]], 'pred_prompt': ['A Giemsa-stained light micrograph displaying human peripheral blood cells. As a blood cell recognition system, identify the correct cell type: erythroblast']}",0.10000000149011612,pathology,hematopathology,light microscopy,brightfield microscopy,
classification,"['A Giemsa-stained light micrograph displaying human peripheral blood cells. As a blood cell recognition system, identify the correct cell type: lymphocyte', 'A Giemsa-stained light micrograph displaying human peripheral blood cells. As a blood cell recognition system, identify the correct cell type: platelet', 'A Giemsa-stained light micrograph displaying human peripheral blood cells. As a blood cell recognition system, identify the correct cell type: immature granulocyte', 'A Giemsa-stained light micrograph displaying human peripheral blood cells. As a blood cell recognition system, identify the correct cell type: erythroblast', 'A Giemsa-stained light micrograph displaying human peripheral blood cells. As a blood cell recognition system, identify the correct cell type: monocyte', 'A Giemsa-stained light micrograph displaying human peripheral blood cells. As a blood cell recognition system, identify the correct cell type: none of the above']",64d3597d-b97c-4c9d-b347-a46d0b34c709,monocyte,4,"{'pred': [4], 'probs': [[0.10030952095985413, 0.07550588250160217, 0.07224113494157791, 0.25339794158935547, 0.47925877571105957, 0.019286759197711945]], 'pred_prompt': ['A Giemsa-stained light micrograph displaying human peripheral blood cells. As a blood cell recognition system, identify the correct cell type: monocyte']}",0.10000000149011612,pathology,hematopathology,light microscopy,brightfield microscopy,
classification,"['A Giemsa-stained light micrograph displaying human peripheral blood cells. As a blood cell recognition system, identify the correct cell type: neutrophil', 'A Giemsa-stained light micrograph displaying human peripheral blood cells. As a blood cell recognition system, identify the correct cell type: eosinophil', 'A Giemsa-stained light micrograph displaying human peripheral blood cells. As a blood cell recognition system, identify the correct cell type: erythroblast', 'A Giemsa-stained light micrograph displaying human peripheral blood cells. As a blood cell recognition system, identify the correct cell type: immature granulocyte', 'A Giemsa-stained light micrograph displaying human peripheral blood cells. As a blood cell recognition system, identify the correct cell type: lymphocyte', 'A Giemsa-stained light micrograph displaying human peripheral blood cells. As a blood cell recognition system, identify the correct cell type: none of the above']",4a43ac42-13d3-4393-afb8-63d091ff7904,immature granulocyte,3,"{'pred': [2], 'probs': [[0.2037225067615509, 0.15147976577281952, 0.37520790100097656, 0.13104631006717682, 0.09771132469177246, 0.04083217680454254]], 'pred_prompt': ['A Giemsa-stained light micrograph displaying human peripheral blood cells. As a blood cell recognition system, identify the correct cell type: erythroblast']}",0.10000000149011612,pathology,hematopathology,light microscopy,brightfield microscopy,
classification,"['A Giemsa-stained light micrograph displaying human peripheral blood cells. As a blood cell recognition system, identify the correct cell type: eosinophil', 'A Giemsa-stained light micrograph displaying human peripheral blood cells. As a blood cell recognition system, identify the correct cell type: immature granulocyte', 'A Giemsa-stained light micrograph displaying human peripheral blood cells. As a blood cell recognition system, identify the correct cell type: platelet', 'A Giemsa-stained light micrograph displaying human peripheral blood cells. As a blood cell recognition system, identify the correct cell type: erythroblast', 'A Giemsa-stained light micrograph displaying human peripheral blood cells. As a blood cell recognition system, identify the correct cell type: lymphocyte', 'A Giemsa-stained light micrograph displaying human peripheral blood cells. As a blood cell recognition system, identify the correct cell type: none of the above']",0504239c-36ea-471d-973d-3ebf1fcca38f,erythroblast,3,"{'pred': [3], 'probs': [[0.14772553741931915, 0.09545266628265381, 0.10223792493343353, 0.46365097165107727, 0.14430458843708038, 0.04662829264998436]], 'pred_prompt': ['A Giemsa-stained light micrograph displaying human peripheral blood cells. As a blood cell recognition system, identify the correct cell type: erythroblast']}",0.10000000149011612,pathology,hematopathology,light microscopy,brightfield microscopy,
classification,"['Synthetically generated Giemsa-stained light micrograph of human peripheral blood cell. As a blood cell recognition system, identify the correct cell type: Monocyte', 'Synthetically generated Giemsa-stained light micrograph of human peripheral blood cell. As a blood cell recognition system, identify the correct cell type: Eosinophil', 'Synthetically generated Giemsa-stained light micrograph of human peripheral blood cell. As a blood cell recognition system, identify the correct cell type: Basophil', 'Synthetically generated Giemsa-stained light micrograph of human peripheral blood cell. As a blood cell recognition system, identify the correct cell type: Neutrophil', 'Synthetically generated Giemsa-stained light micrograph of human peripheral blood cell. As a blood cell recognition system, identify the correct cell type: Lymphocyte', 'Synthetically generated Giemsa-stained light micrograph of human peripheral blood cell. As a blood cell recognition system, identify the correct cell type: none of the above']",05f63ef5-eea8-4a48-bf92-2e6e28c2dff2,Basophil,2,"{'pred': [0], 'probs': [[0.3110447824001312, 0.1819860339164734, 0.1095963642001152, 0.26634013652801514, 0.12312617897987366, 0.00790652260184288]], 'pred_prompt': ['Synthetically generated Giemsa-stained light micrograph of human peripheral blood cell. As a blood cell recognition system, identify the correct cell type: Monocyte']}",0.1599999964237213,pathology,hematopathology,light microscopy,brightfield microscopy,
classification,"['Synthetically generated Giemsa-stained light micrograph of human peripheral blood cell. As a blood cell recognition system, identify the correct cell type: Eosinophil', 'Synthetically generated Giemsa-stained light micrograph of human peripheral blood cell. As a blood cell recognition system, identify the correct cell type: Neutrophil', 'Synthetically generated Giemsa-stained light micrograph of human peripheral blood cell. As a blood cell recognition system, identify the correct cell type: Monocyte', 'Synthetically generated Giemsa-stained light micrograph of human peripheral blood cell. As a blood cell recognition system, identify the correct cell type: Basophil', 'Synthetically generated Giemsa-stained light micrograph of human peripheral blood cell. As a blood cell recognition system, identify the correct cell type: Lymphocyte', 'Synthetically generated Giemsa-stained light micrograph of human peripheral blood cell. As a blood cell recognition system, identify the correct cell type: none of the above']",4894f828-9814-42e0-9e85-acdea63cfe7b,Lymphocyte,4,"{'pred': [2], 'probs': [[0.10620365291833878, 0.1976560801267624, 0.49258729815483093, 0.07746142148971558, 0.11140836775302887, 0.014683223329484463]], 'pred_prompt': ['Synthetically generated Giemsa-stained light micrograph of human peripheral blood cell. As a blood cell recognition system, identify the correct cell type: Monocyte']}",0.1599999964237213,pathology,hematopathology,light microscopy,brightfield microscopy,
classification,"['A Giemsa-stained light micrograph displaying human peripheral blood cells. As a blood cell recognition system, identify the correct cell type: immature granulocyte', 'A Giemsa-stained light micrograph displaying human peripheral blood cells. As a blood cell recognition system, identify the correct cell type: basophil', 'A Giemsa-stained light micrograph displaying human peripheral blood cells. As a blood cell recognition system, identify the correct cell type: lymphocyte', 'A Giemsa-stained light micrograph displaying human peripheral blood cells. As a blood cell recognition system, identify the correct cell type: platelet', 'A Giemsa-stained light micrograph displaying human peripheral blood cells. As a blood cell recognition system, identify the correct cell type: erythroblast', 'A Giemsa-stained light micrograph displaying human peripheral blood cells. As a blood cell recognition system, identify the correct cell type: none of the above']",dc04b6d6-b5eb-4a55-9a60-d6f4b6ecbee3,basophil,1,"{'pred': [4], 'probs': [[0.27843499183654785, 0.04555463418364525, 0.1953124850988388, 0.1375899761915207, 0.3006468117237091, 0.042461100965738297]], 'pred_prompt': ['A Giemsa-stained light micrograph displaying human peripheral blood cells. As a blood cell recognition system, identify the correct cell type: erythroblast']}",0.10000000149011612,pathology,hematopathology,light microscopy,brightfield microscopy,
classification,"['A Giemsa-stained light micrograph displaying human peripheral blood cells. As a blood cell recognition system, identify the correct cell type: platelet', 'A Giemsa-stained light micrograph displaying human peripheral blood cells. As a blood cell recognition system, identify the correct cell type: immature granulocyte', 'A Giemsa-stained light micrograph displaying human peripheral blood cells. As a blood cell recognition system, identify the correct cell type: lymphocyte', 'A Giemsa-stained light micrograph displaying human peripheral blood cells. As a blood cell recognition system, identify the correct cell type: monocyte', 'A Giemsa-stained light micrograph displaying human peripheral blood cells. As a blood cell recognition system, identify the correct cell type: basophil', 'A Giemsa-stained light micrograph displaying human peripheral blood cells. As a blood cell recognition system, identify the correct cell type: none of the above']",e446f17b-3718-4758-acc8-3667853e2ec2,lymphocyte,2,"{'pred': [3], 'probs': [[0.07988063246011734, 0.11787187308073044, 0.0831194519996643, 0.6608359813690186, 0.03923604637384415, 0.019056076183915138]], 'pred_prompt': ['A Giemsa-stained light micrograph displaying human peripheral blood cells. As a blood cell recognition system, identify the correct cell type: monocyte']}",0.10000000149011612,pathology,hematopathology,light microscopy,brightfield microscopy,
classification,"['A Giemsa-stained light micrograph displaying human peripheral blood cells. As a blood cell recognition system, identify the correct cell type: platelet', 'A Giemsa-stained light micrograph displaying human peripheral blood cells. As a blood cell recognition system, identify the correct cell type: neutrophil', 'A Giemsa-stained light micrograph displaying human peripheral blood cells. As a blood cell recognition system, identify the correct cell type: monocyte', 'A Giemsa-stained light micrograph displaying human peripheral blood cells. As a blood cell recognition system, identify the correct cell type: basophil', 'A Giemsa-stained light micrograph displaying human peripheral blood cells. As a blood cell recognition system, identify the correct cell type: immature granulocyte', 'A Giemsa-stained light micrograph displaying human peripheral blood cells. As a blood cell recognition system, identify the correct cell type: none of the above']",95828a5e-1a64-4572-8dc3-28242e920333,immature granulocyte,4,"{'pred': [2], 'probs': [[0.13743461668491364, 0.16643106937408447, 0.471351683139801, 0.06821100413799286, 0.11094526201486588, 0.045626427978277206]], 'pred_prompt': ['A Giemsa-stained light micrograph displaying human peripheral blood cells. As a blood cell recognition system, identify the correct cell type: monocyte']}",0.10000000149011612,pathology,hematopathology,light microscopy,brightfield microscopy,
classification,"['Synthetically generated Giemsa-stained light micrograph of human peripheral blood cell. As a blood cell recognition system, identify the correct cell type: Monocyte', 'Synthetically generated Giemsa-stained light micrograph of human peripheral blood cell. As a blood cell recognition system, identify the correct cell type: Neutrophil', 'Synthetically generated Giemsa-stained light micrograph of human peripheral blood cell. As a blood cell recognition system, identify the correct cell type: Lymphocyte', 'Synthetically generated Giemsa-stained light micrograph of human peripheral blood cell. As a blood cell recognition system, identify the correct cell type: Basophil', 'Synthetically generated Giemsa-stained light micrograph of human peripheral blood cell. As a blood cell recognition system, identify the correct cell type: Eosinophil', 'Synthetically generated Giemsa-stained light micrograph of human peripheral blood cell. As a blood cell recognition system, identify the correct cell type: none of the above']",933389b6-2542-4e80-a387-0868b830f483,Neutrophil,1,"{'pred': [0], 'probs': [[0.440792053937912, 0.24340341985225677, 0.12353450059890747, 0.08612623810768127, 0.09875891357660294, 0.007384940516203642]], 'pred_prompt': ['Synthetically generated Giemsa-stained light micrograph of human peripheral blood cell. As a blood cell recognition system, identify the correct cell type: Monocyte']}",0.1599999964237213,pathology,hematopathology,light microscopy,brightfield microscopy,
classification,"['Synthetically generated Giemsa-stained light micrograph of human peripheral blood cell. As a blood cell recognition system, identify the correct cell type: Lymphocyte', 'Synthetically generated Giemsa-stained light micrograph of human peripheral blood cell. As a blood cell recognition system, identify the correct cell type: Eosinophil', 'Synthetically generated Giemsa-stained light micrograph of human peripheral blood cell. As a blood cell recognition system, identify the correct cell type: Monocyte', 'Synthetically generated Giemsa-stained light micrograph of human peripheral blood cell. As a blood cell recognition system, identify the correct cell type: Neutrophil', 'Synthetically generated Giemsa-stained light micrograph of human peripheral blood cell. As a blood cell recognition system, identify the correct cell type: Basophil', 'Synthetically generated Giemsa-stained light micrograph of human peripheral blood cell. As a blood cell recognition system, identify the correct cell type: none of the above']",afda6b99-7616-4b9e-864a-9468813cb38d,Lymphocyte,0,"{'pred': [2], 'probs': [[0.10221974551677704, 0.10524511337280273, 0.5716953277587891, 0.14307481050491333, 0.0693725049495697, 0.008392436429858208]], 'pred_prompt': ['Synthetically generated Giemsa-stained light micrograph of human peripheral blood cell. As a blood cell recognition system, identify the correct cell type: Monocyte']}",0.1599999964237213,pathology,hematopathology,light microscopy,brightfield microscopy,
classification,"['Synthetically generated Giemsa-stained light micrograph of human peripheral blood cell. As a blood cell recognition system, identify the correct cell type: Eosinophil', 'Synthetically generated Giemsa-stained light micrograph of human peripheral blood cell. As a blood cell recognition system, identify the correct cell type: Monocyte', 'Synthetically generated Giemsa-stained light micrograph of human peripheral blood cell. As a blood cell recognition system, identify the correct cell type: Lymphocyte', 'Synthetically generated Giemsa-stained light micrograph of human peripheral blood cell. As a blood cell recognition system, identify the correct cell type: Neutrophil', 'Synthetically generated Giemsa-stained light micrograph of human peripheral blood cell. As a blood cell recognition system, identify the correct cell type: Basophil', 'Synthetically generated Giemsa-stained light micrograph of human peripheral blood cell. As a blood cell recognition system, identify the correct cell type: none of the above']",654b1d20-ce0c-4d48-8ff0-68dd934c542f,Lymphocyte,2,"{'pred': [1], 'probs': [[0.12299592792987823, 0.4381643831729889, 0.14288528263568878, 0.154083251953125, 0.12233707308769226, 0.019534042105078697]], 'pred_prompt': ['Synthetically generated Giemsa-stained light micrograph of human peripheral blood cell. As a blood cell recognition system, identify the correct cell type: Monocyte']}",0.1599999964237213,pathology,hematopathology,light microscopy,brightfield microscopy,
classification,"['A Giemsa-stained light micrograph displaying human peripheral blood cells. As a blood cell recognition system, identify the correct cell type: platelet', 'A Giemsa-stained light micrograph displaying human peripheral blood cells. As a blood cell recognition system, identify the correct cell type: immature granulocyte', 'A Giemsa-stained light micrograph displaying human peripheral blood cells. As a blood cell recognition system, identify the correct cell type: neutrophil', 'A Giemsa-stained light micrograph displaying human peripheral blood cells. As a blood cell recognition system, identify the correct cell type: basophil', 'A Giemsa-stained light micrograph displaying human peripheral blood cells. As a blood cell recognition system, identify the correct cell type: lymphocyte', 'A Giemsa-stained light micrograph displaying human peripheral blood cells. As a blood cell recognition system, identify the correct cell type: none of the above']",b6b81d68-e95e-45f9-b168-203dc1365d2a,platelet,0,"{'pred': [2], 'probs': [[0.20812788605690002, 0.17645803093910217, 0.290691614151001, 0.07744427770376205, 0.14614495635032654, 0.10113321989774704]], 'pred_prompt': ['A Giemsa-stained light micrograph displaying human peripheral blood cells. As a blood cell recognition system, identify the correct cell type: neutrophil']}",0.10000000149011612,pathology,hematopathology,light microscopy,brightfield microscopy,
classification,"['A Giemsa-stained light micrograph displaying human peripheral blood cells. As a blood cell recognition system, identify the correct cell type: basophil', 'A Giemsa-stained light micrograph displaying human peripheral blood cells. As a blood cell recognition system, identify the correct cell type: immature granulocyte', 'A Giemsa-stained light micrograph displaying human peripheral blood cells. As a blood cell recognition system, identify the correct cell type: neutrophil', 'A Giemsa-stained light micrograph displaying human peripheral blood cells. As a blood cell recognition system, identify the correct cell type: eosinophil', 'A Giemsa-stained light micrograph displaying human peripheral blood cells. As a blood cell recognition system, identify the correct cell type: lymphocyte', 'A Giemsa-stained light micrograph displaying human peripheral blood cells. As a blood cell recognition system, identify the correct cell type: none of the above']",d2adb0ac-c323-40ca-9ba5-2c8804820e7c,immature granulocyte,1,"{'pred': [2], 'probs': [[0.06366761028766632, 0.26048633456230164, 0.2977299392223358, 0.177149698138237, 0.1431950330734253, 0.05777133256196976]], 'pred_prompt': ['A Giemsa-stained light micrograph displaying human peripheral blood cells. As a blood cell recognition system, identify the correct cell type: neutrophil']}",0.10000000149011612,pathology,hematopathology,light microscopy,brightfield microscopy,
classification,"['A Giemsa-stained light micrograph displaying human peripheral blood cells. As a blood cell recognition system, identify the correct cell type: lymphocyte', 'A Giemsa-stained light micrograph displaying human peripheral blood cells. As a blood cell recognition system, identify the correct cell type: eosinophil', 'A Giemsa-stained light micrograph displaying human peripheral blood cells. As a blood cell recognition system, identify the correct cell type: erythroblast', 'A Giemsa-stained light micrograph displaying human peripheral blood cells. As a blood cell recognition system, identify the correct cell type: immature granulocyte', 'A Giemsa-stained light micrograph displaying human peripheral blood cells. As a blood cell recognition system, identify the correct cell type: basophil', 'A Giemsa-stained light micrograph displaying human peripheral blood cells. As a blood cell recognition system, identify the correct cell type: none of the above']",f5db5773-bba5-4078-b7ff-384f71eafdbf,basophil,4,"{'pred': [2], 'probs': [[0.11244533956050873, 0.23600336909294128, 0.3203403949737549, 0.16839203238487244, 0.10552830994129181, 0.05729054659605026]], 'pred_prompt': ['A Giemsa-stained light micrograph displaying human peripheral blood cells. As a blood cell recognition system, identify the correct cell type: erythroblast']}",0.10000000149011612,pathology,hematopathology,light microscopy,brightfield microscopy,
classification,"['Synthetically generated Giemsa-stained light micrograph of human peripheral blood cell. As a blood cell recognition system, identify the correct cell type: Monocyte', 'Synthetically generated Giemsa-stained light micrograph of human peripheral blood cell. As a blood cell recognition system, identify the correct cell type: Basophil', 'Synthetically generated Giemsa-stained light micrograph of human peripheral blood cell. As a blood cell recognition system, identify the correct cell type: Lymphocyte', 'Synthetically generated Giemsa-stained light micrograph of human peripheral blood cell. As a blood cell recognition system, identify the correct cell type: Eosinophil', 'Synthetically generated Giemsa-stained light micrograph of human peripheral blood cell. As a blood cell recognition system, identify the correct cell type: Neutrophil', 'Synthetically generated Giemsa-stained light micrograph of human peripheral blood cell. As a blood cell recognition system, identify the correct cell type: none of the above']",6567f6ea-8e19-4ef4-84b4-b5157b46291b,Lymphocyte,2,"{'pred': [0], 'probs': [[0.4140538275241852, 0.09772299975156784, 0.19155435264110565, 0.1147603765130043, 0.17125554382801056, 0.010652858763933182]], 'pred_prompt': ['Synthetically generated Giemsa-stained light micrograph of human peripheral blood cell. As a blood cell recognition system, identify the correct cell type: Monocyte']}",0.1599999964237213,pathology,hematopathology,light microscopy,brightfield microscopy,
classification,"['Synthetically generated Giemsa-stained light micrograph of human peripheral blood cell. As a blood cell recognition system, identify the correct cell type: Lymphocyte', 'Synthetically generated Giemsa-stained light micrograph of human peripheral blood cell. As a blood cell recognition system, identify the correct cell type: Neutrophil', 'Synthetically generated Giemsa-stained light micrograph of human peripheral blood cell. As a blood cell recognition system, identify the correct cell type: Eosinophil', 'Synthetically generated Giemsa-stained light micrograph of human peripheral blood cell. As a blood cell recognition system, identify the correct cell type: Monocyte', 'Synthetically generated Giemsa-stained light micrograph of human peripheral blood cell. As a blood cell recognition system, identify the correct cell type: Basophil', 'Synthetically generated Giemsa-stained light micrograph of human peripheral blood cell. As a blood cell recognition system, identify the correct cell type: none of the above']",43332e6e-c4db-44fe-846a-a15e482f5f38,Eosinophil,2,"{'pred': [3], 'probs': [[0.09460943937301636, 0.17229273915290833, 0.17302316427230835, 0.47227099537849426, 0.0818885862827301, 0.0059149740263819695]], 'pred_prompt': ['Synthetically generated Giemsa-stained light micrograph of human peripheral blood cell. As a blood cell recognition system, identify the correct cell type: Monocyte']}",0.1599999964237213,pathology,hematopathology,light microscopy,brightfield microscopy,
classification,"['A Giemsa-stained light micrograph displaying human peripheral blood cells. As a blood cell recognition system, identify the correct cell type: lymphocyte', 'A Giemsa-stained light micrograph displaying human peripheral blood cells. As a blood cell recognition system, identify the correct cell type: neutrophil', 'A Giemsa-stained light micrograph displaying human peripheral blood cells. As a blood cell recognition system, identify the correct cell type: basophil', 'A Giemsa-stained light micrograph displaying human peripheral blood cells. As a blood cell recognition system, identify the correct cell type: platelet', 'A Giemsa-stained light micrograph displaying human peripheral blood cells. As a blood cell recognition system, identify the correct cell type: monocyte', 'A Giemsa-stained light micrograph displaying human peripheral blood cells. As a blood cell recognition system, identify the correct cell type: none of the above']",5da77017-d6f2-4be4-afae-403b4b1d3e30,monocyte,4,"{'pred': [4], 'probs': [[0.10156258195638657, 0.1938689798116684, 0.04404125362634659, 0.09382153302431107, 0.5421966314315796, 0.024509098380804062]], 'pred_prompt': ['A Giemsa-stained light micrograph displaying human peripheral blood cells. As a blood cell recognition system, identify the correct cell type: monocyte']}",0.10000000149011612,pathology,hematopathology,light microscopy,brightfield microscopy,
classification,"['A Giemsa-stained light micrograph displaying human peripheral blood cells. As a blood cell recognition system, identify the correct cell type: platelet', 'A Giemsa-stained light micrograph displaying human peripheral blood cells. As a blood cell recognition system, identify the correct cell type: erythroblast', 'A Giemsa-stained light micrograph displaying human peripheral blood cells. As a blood cell recognition system, identify the correct cell type: neutrophil', 'A Giemsa-stained light micrograph displaying human peripheral blood cells. As a blood cell recognition system, identify the correct cell type: eosinophil', 'A Giemsa-stained light micrograph displaying human peripheral blood cells. As a blood cell recognition system, identify the correct cell type: monocyte', 'A Giemsa-stained light micrograph displaying human peripheral blood cells. As a blood cell recognition system, identify the correct cell type: none of the above']",f6702a78-898a-4699-8d68-4b57745ed7bc,monocyte,4,"{'pred': [4], 'probs': [[0.04880164936184883, 0.1311836838722229, 0.15567991137504578, 0.11787119507789612, 0.5390304923057556, 0.007433018647134304]], 'pred_prompt': ['A Giemsa-stained light micrograph displaying human peripheral blood cells. As a blood cell recognition system, identify the correct cell type: monocyte']}",0.10000000149011612,pathology,hematopathology,light microscopy,brightfield microscopy,
classification,"['Synthetically generated Giemsa-stained light micrograph of human peripheral blood cell. As a blood cell recognition system, identify the correct cell type: Monocyte', 'Synthetically generated Giemsa-stained light micrograph of human peripheral blood cell. As a blood cell recognition system, identify the correct cell type: Lymphocyte', 'Synthetically generated Giemsa-stained light micrograph of human peripheral blood cell. As a blood cell recognition system, identify the correct cell type: Basophil', 'Synthetically generated Giemsa-stained light micrograph of human peripheral blood cell. As a blood cell recognition system, identify the correct cell type: Neutrophil', 'Synthetically generated Giemsa-stained light micrograph of human peripheral blood cell. As a blood cell recognition system, identify the correct cell type: Eosinophil', 'Synthetically generated Giemsa-stained light micrograph of human peripheral blood cell. As a blood cell recognition system, identify the correct cell type: none of the above']",e1b22a85-efc5-4175-b257-81444576e58c,Basophil,2,"{'pred': [0], 'probs': [[0.4832598567008972, 0.11844824999570847, 0.0655447244644165, 0.1676938533782959, 0.16045469045639038, 0.004598565865308046]], 'pred_prompt': ['Synthetically generated Giemsa-stained light micrograph of human peripheral blood cell. As a blood cell recognition system, identify the correct cell type: Monocyte']}",0.1599999964237213,pathology,hematopathology,light microscopy,brightfield microscopy,
classification,"['A Giemsa-stained light micrograph displaying human peripheral blood cells. As a blood cell recognition system, identify the correct cell type: erythroblast', 'A Giemsa-stained light micrograph displaying human peripheral blood cells. As a blood cell recognition system, identify the correct cell type: neutrophil', 'A Giemsa-stained light micrograph displaying human peripheral blood cells. As a blood cell recognition system, identify the correct cell type: basophil', 'A Giemsa-stained light micrograph displaying human peripheral blood cells. As a blood cell recognition system, identify the correct cell type: lymphocyte', 'A Giemsa-stained light micrograph displaying human peripheral blood cells. As a blood cell recognition system, identify the correct cell type: immature granulocyte', 'A Giemsa-stained light micrograph displaying human peripheral blood cells. As a blood cell recognition system, identify the correct cell type: none of the above']",38fc1c18-91c0-4255-93ab-341975608d40,neutrophil,1,"{'pred': [0], 'probs': [[0.2933146357536316, 0.27716073393821716, 0.053478337824344635, 0.11092864722013474, 0.2247600555419922, 0.0403575599193573]], 'pred_prompt': ['A Giemsa-stained light micrograph displaying human peripheral blood cells. As a blood cell recognition system, identify the correct cell type: erythroblast']}",0.10000000149011612,pathology,hematopathology,light microscopy,brightfield microscopy,
classification,"['A Giemsa-stained light micrograph displaying human peripheral blood cells. As a blood cell recognition system, identify the correct cell type: basophil', 'A Giemsa-stained light micrograph displaying human peripheral blood cells. As a blood cell recognition system, identify the correct cell type: monocyte', 'A Giemsa-stained light micrograph displaying human peripheral blood cells. As a blood cell recognition system, identify the correct cell type: immature granulocyte', 'A Giemsa-stained light micrograph displaying human peripheral blood cells. As a blood cell recognition system, identify the correct cell type: neutrophil', 'A Giemsa-stained light micrograph displaying human peripheral blood cells. As a blood cell recognition system, identify the correct cell type: platelet', 'A Giemsa-stained light micrograph displaying human peripheral blood cells. As a blood cell recognition system, identify the correct cell type: none of the above']",5cc10632-fe42-4838-914d-4d4e3ef94a5f,monocyte,1,"{'pred': [1], 'probs': [[0.028075244277715683, 0.6459968090057373, 0.09396719187498093, 0.14906109869480133, 0.06741044670343399, 0.015489194542169571]], 'pred_prompt': ['A Giemsa-stained light micrograph displaying human peripheral blood cells. As a blood cell recognition system, identify the correct cell type: monocyte']}",0.10000000149011612,pathology,hematopathology,light microscopy,brightfield microscopy,
classification,"['A Giemsa-stained light micrograph displaying human peripheral blood cells. As a blood cell recognition system, identify the correct cell type: neutrophil', 'A Giemsa-stained light micrograph displaying human peripheral blood cells. As a blood cell recognition system, identify the correct cell type: immature granulocyte', 'A Giemsa-stained light micrograph displaying human peripheral blood cells. As a blood cell recognition system, identify the correct cell type: monocyte', 'A Giemsa-stained light micrograph displaying human peripheral blood cells. As a blood cell recognition system, identify the correct cell type: platelet', 'A Giemsa-stained light micrograph displaying human peripheral blood cells. As a blood cell recognition system, identify the correct cell type: lymphocyte', 'A Giemsa-stained light micrograph displaying human peripheral blood cells. As a blood cell recognition system, identify the correct cell type: none of the above']",32a92b5a-81bd-4d51-94d8-60cf6f0c31b5,neutrophil,0,"{'pred': [2], 'probs': [[0.19399090111255646, 0.09635133296251297, 0.533161461353302, 0.06693413853645325, 0.09228343516588211, 0.017278729006648064]], 'pred_prompt': ['A Giemsa-stained light micrograph displaying human peripheral blood cells. As a blood cell recognition system, identify the correct cell type: monocyte']}",0.10000000149011612,pathology,hematopathology,light microscopy,brightfield microscopy,
classification,"['Synthetically generated Giemsa-stained light micrograph of human peripheral blood cell. As a blood cell recognition system, identify the correct cell type: Monocyte', 'Synthetically generated Giemsa-stained light micrograph of human peripheral blood cell. As a blood cell recognition system, identify the correct cell type: Eosinophil', 'Synthetically generated Giemsa-stained light micrograph of human peripheral blood cell. As a blood cell recognition system, identify the correct cell type: Neutrophil', 'Synthetically generated Giemsa-stained light micrograph of human peripheral blood cell. As a blood cell recognition system, identify the correct cell type: Basophil', 'Synthetically generated Giemsa-stained light micrograph of human peripheral blood cell. As a blood cell recognition system, identify the correct cell type: Lymphocyte', 'Synthetically generated Giemsa-stained light micrograph of human peripheral blood cell. As a blood cell recognition system, identify the correct cell type: none of the above']",de46cb70-550f-4b0f-a1a2-b7395c2abae5,Neutrophil,2,"{'pred': [0], 'probs': [[0.4263465106487274, 0.12116830796003342, 0.2371762990951538, 0.0963667705655098, 0.11316467076539993, 0.005777524784207344]], 'pred_prompt': ['Synthetically generated Giemsa-stained light micrograph of human peripheral blood cell. As a blood cell recognition system, identify the correct cell type: Monocyte']}",0.1599999964237213,pathology,hematopathology,light microscopy,brightfield microscopy,
classification,"['Synthetically generated Giemsa-stained light micrograph of human peripheral blood cell. As a blood cell recognition system, identify the correct cell type: Eosinophil', 'Synthetically generated Giemsa-stained light micrograph of human peripheral blood cell. As a blood cell recognition system, identify the correct cell type: Basophil', 'Synthetically generated Giemsa-stained light micrograph of human peripheral blood cell. As a blood cell recognition system, identify the correct cell type: Neutrophil', 'Synthetically generated Giemsa-stained light micrograph of human peripheral blood cell. As a blood cell recognition system, identify the correct cell type: Lymphocyte', 'Synthetically generated Giemsa-stained light micrograph of human peripheral blood cell. As a blood cell recognition system, identify the correct cell type: Monocyte', 'Synthetically generated Giemsa-stained light micrograph of human peripheral blood cell. As a blood cell recognition system, identify the correct cell type: none of the above']",51f0c736-0e31-46bd-b2be-5942b546f253,Monocyte,4,"{'pred': [4], 'probs': [[0.1852535754442215, 0.10696163028478622, 0.12894457578659058, 0.18686401844024658, 0.38434261083602905, 0.007633592467755079]], 'pred_prompt': ['Synthetically generated Giemsa-stained light micrograph of human peripheral blood cell. As a blood cell recognition system, identify the correct cell type: Monocyte']}",0.1599999964237213,pathology,hematopathology,light microscopy,brightfield microscopy,
classification,"['A Giemsa-stained light micrograph displaying human peripheral blood cells. As a blood cell recognition system, identify the correct cell type: basophil', 'A Giemsa-stained light micrograph displaying human peripheral blood cells. As a blood cell recognition system, identify the correct cell type: lymphocyte', 'A Giemsa-stained light micrograph displaying human peripheral blood cells. As a blood cell recognition system, identify the correct cell type: neutrophil', 'A Giemsa-stained light micrograph displaying human peripheral blood cells. As a blood cell recognition system, identify the correct cell type: erythroblast', 'A Giemsa-stained light micrograph displaying human peripheral blood cells. As a blood cell recognition system, identify the correct cell type: immature granulocyte', 'A Giemsa-stained light micrograph displaying human peripheral blood cells. As a blood cell recognition system, identify the correct cell type: none of the above']",ef59bb89-f0e8-4b7a-9571-0dd217d83682,lymphocyte,1,"{'pred': [3], 'probs': [[0.06479664891958237, 0.1681806743144989, 0.22822172939777374, 0.3556149899959564, 0.13094277679920197, 0.05224323645234108]], 'pred_prompt': ['A Giemsa-stained light micrograph displaying human peripheral blood cells. As a blood cell recognition system, identify the correct cell type: erythroblast']}",0.10000000149011612,pathology,hematopathology,light microscopy,brightfield microscopy,
classification,"['A Giemsa-stained light micrograph displaying human peripheral blood cells. As a blood cell recognition system, identify the correct cell type: eosinophil', 'A Giemsa-stained light micrograph displaying human peripheral blood cells. As a blood cell recognition system, identify the correct cell type: platelet', 'A Giemsa-stained light micrograph displaying human peripheral blood cells. As a blood cell recognition system, identify the correct cell type: basophil', 'A Giemsa-stained light micrograph displaying human peripheral blood cells. As a blood cell recognition system, identify the correct cell type: immature granulocyte', 'A Giemsa-stained light micrograph displaying human peripheral blood cells. As a blood cell recognition system, identify the correct cell type: erythroblast', 'A Giemsa-stained light micrograph displaying human peripheral blood cells. As a blood cell recognition system, identify the correct cell type: none of the above']",63303fa4-040a-4fe1-b5a1-62d8cdd563ca,erythroblast,4,"{'pred': [4], 'probs': [[0.1391482949256897, 0.1265452653169632, 0.08042540401220322, 0.11475449055433273, 0.4835308790206909, 0.05559568107128143]], 'pred_prompt': ['A Giemsa-stained light micrograph displaying human peripheral blood cells. As a blood cell recognition system, identify the correct cell type: erythroblast']}",0.10000000149011612,pathology,hematopathology,light microscopy,brightfield microscopy,
classification,"['A Giemsa-stained light micrograph displaying human peripheral blood cells. As a blood cell recognition system, identify the correct cell type: immature granulocyte', 'A Giemsa-stained light micrograph displaying human peripheral blood cells. As a blood cell recognition system, identify the correct cell type: monocyte', 'A Giemsa-stained light micrograph displaying human peripheral blood cells. As a blood cell recognition system, identify the correct cell type: erythroblast', 'A Giemsa-stained light micrograph displaying human peripheral blood cells. As a blood cell recognition system, identify the correct cell type: lymphocyte', 'A Giemsa-stained light micrograph displaying human peripheral blood cells. As a blood cell recognition system, identify the correct cell type: basophil', 'A Giemsa-stained light micrograph displaying human peripheral blood cells. As a blood cell recognition system, identify the correct cell type: none of the above']",d9af793b-4aa8-46c0-8f67-e0a2e8c4ec11,monocyte,1,"{'pred': [1], 'probs': [[0.12234517186880112, 0.6159912347793579, 0.1261315792798996, 0.0711124837398529, 0.04573240131139755, 0.018687166273593903]], 'pred_prompt': ['A Giemsa-stained light micrograph displaying human peripheral blood cells. As a blood cell recognition system, identify the correct cell type: monocyte']}",0.10000000149011612,pathology,hematopathology,light microscopy,brightfield microscopy,
classification,"['Synthetically generated Giemsa-stained light micrograph of human peripheral blood cell. As a blood cell recognition system, identify the correct cell type: Basophil', 'Synthetically generated Giemsa-stained light micrograph of human peripheral blood cell. As a blood cell recognition system, identify the correct cell type: Neutrophil', 'Synthetically generated Giemsa-stained light micrograph of human peripheral blood cell. As a blood cell recognition system, identify the correct cell type: Lymphocyte', 'Synthetically generated Giemsa-stained light micrograph of human peripheral blood cell. As a blood cell recognition system, identify the correct cell type: Monocyte', 'Synthetically generated Giemsa-stained light micrograph of human peripheral blood cell. As a blood cell recognition system, identify the correct cell type: Eosinophil', 'Synthetically generated Giemsa-stained light micrograph of human peripheral blood cell. As a blood cell recognition system, identify the correct cell type: none of the above']",4666791c-5e39-4e2b-b8e8-2dff4f07bda4,Basophil,0,"{'pred': [3], 'probs': [[0.09751081466674805, 0.16287124156951904, 0.09206394851207733, 0.47189342975616455, 0.16465099155902863, 0.011009532026946545]], 'pred_prompt': ['Synthetically generated Giemsa-stained light micrograph of human peripheral blood cell. As a blood cell recognition system, identify the correct cell type: Monocyte']}",0.1599999964237213,pathology,hematopathology,light microscopy,brightfield microscopy,
classification,"['A Giemsa-stained light micrograph displaying human peripheral blood cells. As a blood cell recognition system, identify the correct cell type: lymphocyte', 'A Giemsa-stained light micrograph displaying human peripheral blood cells. As a blood cell recognition system, identify the correct cell type: immature granulocyte', 'A Giemsa-stained light micrograph displaying human peripheral blood cells. As a blood cell recognition system, identify the correct cell type: eosinophil', 'A Giemsa-stained light micrograph displaying human peripheral blood cells. As a blood cell recognition system, identify the correct cell type: platelet', 'A Giemsa-stained light micrograph displaying human peripheral blood cells. As a blood cell recognition system, identify the correct cell type: erythroblast', 'A Giemsa-stained light micrograph displaying human peripheral blood cells. As a blood cell recognition system, identify the correct cell type: none of the above']",67a8f6b3-f79d-40f8-b868-509db87f8acc,erythroblast,4,"{'pred': [4], 'probs': [[0.14672604203224182, 0.10838190466165543, 0.1475348174571991, 0.13430020213127136, 0.3954235315322876, 0.0676335021853447]], 'pred_prompt': ['A Giemsa-stained light micrograph displaying human peripheral blood cells. As a blood cell recognition system, identify the correct cell type: erythroblast']}",0.10000000149011612,pathology,hematopathology,light microscopy,brightfield microscopy,
classification,"['A Giemsa-stained light micrograph displaying human peripheral blood cells. As a blood cell recognition system, identify the correct cell type: platelet', 'A Giemsa-stained light micrograph displaying human peripheral blood cells. As a blood cell recognition system, identify the correct cell type: eosinophil', 'A Giemsa-stained light micrograph displaying human peripheral blood cells. As a blood cell recognition system, identify the correct cell type: erythroblast', 'A Giemsa-stained light micrograph displaying human peripheral blood cells. As a blood cell recognition system, identify the correct cell type: immature granulocyte', 'A Giemsa-stained light micrograph displaying human peripheral blood cells. As a blood cell recognition system, identify the correct cell type: basophil', 'A Giemsa-stained light micrograph displaying human peripheral blood cells. As a blood cell recognition system, identify the correct cell type: none of the above']",a8f4b29d-1fd9-423e-b0b5-c724aa3179ce,platelet,0,"{'pred': [2], 'probs': [[0.1369546353816986, 0.2458086758852005, 0.3250775933265686, 0.174948588013649, 0.04721232131123543, 0.06999816000461578]], 'pred_prompt': ['A Giemsa-stained light micrograph displaying human peripheral blood cells. As a blood cell recognition system, identify the correct cell type: erythroblast']}",0.10000000149011612,pathology,hematopathology,light microscopy,brightfield microscopy,
classification,"['Synthetically generated Giemsa-stained light micrograph of human peripheral blood cell. As a blood cell recognition system, identify the correct cell type: Eosinophil', 'Synthetically generated Giemsa-stained light micrograph of human peripheral blood cell. As a blood cell recognition system, identify the correct cell type: Lymphocyte', 'Synthetically generated Giemsa-stained light micrograph of human peripheral blood cell. As a blood cell recognition system, identify the correct cell type: Neutrophil', 'Synthetically generated Giemsa-stained light micrograph of human peripheral blood cell. As a blood cell recognition system, identify the correct cell type: Monocyte', 'Synthetically generated Giemsa-stained light micrograph of human peripheral blood cell. As a blood cell recognition system, identify the correct cell type: Basophil', 'Synthetically generated Giemsa-stained light micrograph of human peripheral blood cell. As a blood cell recognition system, identify the correct cell type: none of the above']",a682d1d4-005e-4aba-ae1f-7f4c12e2969d,Neutrophil,2,"{'pred': [3], 'probs': [[0.13992412388324738, 0.1113004982471466, 0.19119305908679962, 0.48500046133995056, 0.06896741688251495, 0.003614457556977868]], 'pred_prompt': ['Synthetically generated Giemsa-stained light micrograph of human peripheral blood cell. As a blood cell recognition system, identify the correct cell type: Monocyte']}",0.1599999964237213,pathology,hematopathology,light microscopy,brightfield microscopy,
classification,"['Synthetically generated Giemsa-stained light micrograph of human peripheral blood cell. As a blood cell recognition system, identify the correct cell type: Neutrophil', 'Synthetically generated Giemsa-stained light micrograph of human peripheral blood cell. As a blood cell recognition system, identify the correct cell type: Monocyte', 'Synthetically generated Giemsa-stained light micrograph of human peripheral blood cell. As a blood cell recognition system, identify the correct cell type: Lymphocyte', 'Synthetically generated Giemsa-stained light micrograph of human peripheral blood cell. As a blood cell recognition system, identify the correct cell type: Eosinophil', 'Synthetically generated Giemsa-stained light micrograph of human peripheral blood cell. As a blood cell recognition system, identify the correct cell type: Basophil', 'Synthetically generated Giemsa-stained light micrograph of human peripheral blood cell. As a blood cell recognition system, identify the correct cell type: none of the above']",b5dd44e6-bbdd-42ec-bf1e-431e56f13b06,Lymphocyte,2,"{'pred': [1], 'probs': [[0.158686563372612, 0.46498632431030273, 0.12823699414730072, 0.12758414447307587, 0.10779911279678345, 0.012706825509667397]], 'pred_prompt': ['Synthetically generated Giemsa-stained light micrograph of human peripheral blood cell. As a blood cell recognition system, identify the correct cell type: Monocyte']}",0.1599999964237213,pathology,hematopathology,light microscopy,brightfield microscopy,
classification,"['Synthetically generated Giemsa-stained light micrograph of human peripheral blood cell. As a blood cell recognition system, identify the correct cell type: Eosinophil', 'Synthetically generated Giemsa-stained light micrograph of human peripheral blood cell. As a blood cell recognition system, identify the correct cell type: Neutrophil', 'Synthetically generated Giemsa-stained light micrograph of human peripheral blood cell. As a blood cell recognition system, identify the correct cell type: Basophil', 'Synthetically generated Giemsa-stained light micrograph of human peripheral blood cell. As a blood cell recognition system, identify the correct cell type: Monocyte', 'Synthetically generated Giemsa-stained light micrograph of human peripheral blood cell. As a blood cell recognition system, identify the correct cell type: Lymphocyte', 'Synthetically generated Giemsa-stained light micrograph of human peripheral blood cell. As a blood cell recognition system, identify the correct cell type: none of the above']",247e9a49-0a63-4af4-9445-7a6420617c6c,Monocyte,3,"{'pred': [3], 'probs': [[0.19636869430541992, 0.15881145000457764, 0.10475674271583557, 0.43578600883483887, 0.1004672572016716, 0.0038098443765193224]], 'pred_prompt': ['Synthetically generated Giemsa-stained light micrograph of human peripheral blood cell. As a blood cell recognition system, identify the correct cell type: Monocyte']}",0.1599999964237213,pathology,hematopathology,light microscopy,brightfield microscopy,
classification,"['Synthetically generated Giemsa-stained light micrograph of human peripheral blood cell. As a blood cell recognition system, identify the correct cell type: Monocyte', 'Synthetically generated Giemsa-stained light micrograph of human peripheral blood cell. As a blood cell recognition system, identify the correct cell type: Eosinophil', 'Synthetically generated Giemsa-stained light micrograph of human peripheral blood cell. As a blood cell recognition system, identify the correct cell type: Basophil', 'Synthetically generated Giemsa-stained light micrograph of human peripheral blood cell. As a blood cell recognition system, identify the correct cell type: Lymphocyte', 'Synthetically generated Giemsa-stained light micrograph of human peripheral blood cell. As a blood cell recognition system, identify the correct cell type: Neutrophil', 'Synthetically generated Giemsa-stained light micrograph of human peripheral blood cell. As a blood cell recognition system, identify the correct cell type: none of the above']",d5402816-9c66-4400-a254-9ca7840ddab9,Neutrophil,4,"{'pred': [0], 'probs': [[0.4737304151058197, 0.11464167386293411, 0.04924323409795761, 0.12192049622535706, 0.2347167283296585, 0.0057474160566926]], 'pred_prompt': ['Synthetically generated Giemsa-stained light micrograph of human peripheral blood cell. As a blood cell recognition system, identify the correct cell type: Monocyte']}",0.1599999964237213,pathology,hematopathology,light microscopy,brightfield microscopy,
classification,"['Synthetically generated Giemsa-stained light micrograph of human peripheral blood cell. As a blood cell recognition system, identify the correct cell type: Neutrophil', 'Synthetically generated Giemsa-stained light micrograph of human peripheral blood cell. As a blood cell recognition system, identify the correct cell type: Monocyte', 'Synthetically generated Giemsa-stained light micrograph of human peripheral blood cell. As a blood cell recognition system, identify the correct cell type: Eosinophil', 'Synthetically generated Giemsa-stained light micrograph of human peripheral blood cell. As a blood cell recognition system, identify the correct cell type: Lymphocyte', 'Synthetically generated Giemsa-stained light micrograph of human peripheral blood cell. As a blood cell recognition system, identify the correct cell type: Basophil', 'Synthetically generated Giemsa-stained light micrograph of human peripheral blood cell. As a blood cell recognition system, identify the correct cell type: none of the above']",1df8ae5a-28c3-4e42-9076-67675afb2516,Neutrophil,0,"{'pred': [1], 'probs': [[0.21613259613513947, 0.4380980134010315, 0.13303661346435547, 0.15280385315418243, 0.0532941035926342, 0.006634782068431377]], 'pred_prompt': ['Synthetically generated Giemsa-stained light micrograph of human peripheral blood cell. As a blood cell recognition system, identify the correct cell type: Monocyte']}",0.1599999964237213,pathology,hematopathology,light microscopy,brightfield microscopy,
classification,"['A Giemsa-stained light micrograph displaying human peripheral blood cells. As a blood cell recognition system, identify the correct cell type: platelet', 'A Giemsa-stained light micrograph displaying human peripheral blood cells. As a blood cell recognition system, identify the correct cell type: lymphocyte', 'A Giemsa-stained light micrograph displaying human peripheral blood cells. As a blood cell recognition system, identify the correct cell type: erythroblast', 'A Giemsa-stained light micrograph displaying human peripheral blood cells. As a blood cell recognition system, identify the correct cell type: basophil', 'A Giemsa-stained light micrograph displaying human peripheral blood cells. As a blood cell recognition system, identify the correct cell type: neutrophil', 'A Giemsa-stained light micrograph displaying human peripheral blood cells. As a blood cell recognition system, identify the correct cell type: none of the above']",061da81a-17e0-4222-8da8-0326eb91a4aa,neutrophil,4,"{'pred': [2], 'probs': [[0.1308421492576599, 0.13802982866764069, 0.3468468189239502, 0.051546309143304825, 0.2834901213645935, 0.04924478381872177]], 'pred_prompt': ['A Giemsa-stained light micrograph displaying human peripheral blood cells. As a blood cell recognition system, identify the correct cell type: erythroblast']}",0.10000000149011612,pathology,hematopathology,light microscopy,brightfield microscopy,
classification,"['Synthetically generated Giemsa-stained light micrograph of human peripheral blood cell. As a blood cell recognition system, identify the correct cell type: Neutrophil', 'Synthetically generated Giemsa-stained light micrograph of human peripheral blood cell. As a blood cell recognition system, identify the correct cell type: Eosinophil', 'Synthetically generated Giemsa-stained light micrograph of human peripheral blood cell. As a blood cell recognition system, identify the correct cell type: Basophil', 'Synthetically generated Giemsa-stained light micrograph of human peripheral blood cell. As a blood cell recognition system, identify the correct cell type: Lymphocyte', 'Synthetically generated Giemsa-stained light micrograph of human peripheral blood cell. As a blood cell recognition system, identify the correct cell type: Monocyte', 'Synthetically generated Giemsa-stained light micrograph of human peripheral blood cell. As a blood cell recognition system, identify the correct cell type: none of the above']",3b92b82c-e49c-400c-9687-31bba40fed7a,Basophil,2,"{'pred': [4], 'probs': [[0.1944943219423294, 0.2200557142496109, 0.08671884983778, 0.08903579413890839, 0.3998444080352783, 0.009850961156189442]], 'pred_prompt': ['Synthetically generated Giemsa-stained light micrograph of human peripheral blood cell. As a blood cell recognition system, identify the correct cell type: Monocyte']}",0.1599999964237213,pathology,hematopathology,light microscopy,brightfield microscopy,
classification,"['A Giemsa-stained light micrograph displaying human peripheral blood cells. As a blood cell recognition system, identify the correct cell type: basophil', 'A Giemsa-stained light micrograph displaying human peripheral blood cells. As a blood cell recognition system, identify the correct cell type: lymphocyte', 'A Giemsa-stained light micrograph displaying human peripheral blood cells. As a blood cell recognition system, identify the correct cell type: monocyte', 'A Giemsa-stained light micrograph displaying human peripheral blood cells. As a blood cell recognition system, identify the correct cell type: platelet', 'A Giemsa-stained light micrograph displaying human peripheral blood cells. As a blood cell recognition system, identify the correct cell type: eosinophil', 'A Giemsa-stained light micrograph displaying human peripheral blood cells. As a blood cell recognition system, identify the correct cell type: none of the above']",ed58d5a0-3226-431b-9c9b-005c26a64a08,eosinophil,4,"{'pred': [2], 'probs': [[0.08583016693592072, 0.08922610431909561, 0.4784775972366333, 0.1177845373749733, 0.17829273641109467, 0.05038886144757271]], 'pred_prompt': ['A Giemsa-stained light micrograph displaying human peripheral blood cells. As a blood cell recognition system, identify the correct cell type: monocyte']}",0.10000000149011612,pathology,hematopathology,light microscopy,brightfield microscopy,
classification,"['A Giemsa-stained light micrograph displaying human peripheral blood cells. As a blood cell recognition system, identify the correct cell type: neutrophil', 'A Giemsa-stained light micrograph displaying human peripheral blood cells. As a blood cell recognition system, identify the correct cell type: monocyte', 'A Giemsa-stained light micrograph displaying human peripheral blood cells. As a blood cell recognition system, identify the correct cell type: platelet', 'A Giemsa-stained light micrograph displaying human peripheral blood cells. As a blood cell recognition system, identify the correct cell type: eosinophil', 'A Giemsa-stained light micrograph displaying human peripheral blood cells. As a blood cell recognition system, identify the correct cell type: erythroblast', 'A Giemsa-stained light micrograph displaying human peripheral blood cells. As a blood cell recognition system, identify the correct cell type: none of the above']",fad757df-8834-4c7b-b656-e1dacbc8a187,neutrophil,0,"{'pred': [1], 'probs': [[0.14730414748191833, 0.3879467248916626, 0.08929439634084702, 0.12657353281974792, 0.22170069813728333, 0.02718052826821804]], 'pred_prompt': ['A Giemsa-stained light micrograph displaying human peripheral blood cells. As a blood cell recognition system, identify the correct cell type: monocyte']}",0.10000000149011612,pathology,hematopathology,light microscopy,brightfield microscopy,
classification,"['Synthetically generated Giemsa-stained light micrograph of human peripheral blood cell. As a blood cell recognition system, identify the correct cell type: Lymphocyte', 'Synthetically generated Giemsa-stained light micrograph of human peripheral blood cell. As a blood cell recognition system, identify the correct cell type: Monocyte', 'Synthetically generated Giemsa-stained light micrograph of human peripheral blood cell. As a blood cell recognition system, identify the correct cell type: Neutrophil', 'Synthetically generated Giemsa-stained light micrograph of human peripheral blood cell. As a blood cell recognition system, identify the correct cell type: Eosinophil', 'Synthetically generated Giemsa-stained light micrograph of human peripheral blood cell. As a blood cell recognition system, identify the correct cell type: Basophil', 'Synthetically generated Giemsa-stained light micrograph of human peripheral blood cell. As a blood cell recognition system, identify the correct cell type: none of the above']",3886d0df-e5dd-4f22-9283-72554311f29e,Monocyte,1,"{'pred': [1], 'probs': [[0.08023717254400253, 0.4449191987514496, 0.18996310234069824, 0.1841241866350174, 0.09747514873743057, 0.003281175624579191]], 'pred_prompt': ['Synthetically generated Giemsa-stained light micrograph of human peripheral blood cell. As a blood cell recognition system, identify the correct cell type: Monocyte']}",0.1599999964237213,pathology,hematopathology,light microscopy,brightfield microscopy,
classification,"['Synthetically generated Giemsa-stained light micrograph of human peripheral blood cell. As a blood cell recognition system, identify the correct cell type: Monocyte', 'Synthetically generated Giemsa-stained light micrograph of human peripheral blood cell. As a blood cell recognition system, identify the correct cell type: Neutrophil', 'Synthetically generated Giemsa-stained light micrograph of human peripheral blood cell. As a blood cell recognition system, identify the correct cell type: Basophil', 'Synthetically generated Giemsa-stained light micrograph of human peripheral blood cell. As a blood cell recognition system, identify the correct cell type: Lymphocyte', 'Synthetically generated Giemsa-stained light micrograph of human peripheral blood cell. As a blood cell recognition system, identify the correct cell type: Eosinophil', 'Synthetically generated Giemsa-stained light micrograph of human peripheral blood cell. As a blood cell recognition system, identify the correct cell type: none of the above']",ab575375-9e25-4edd-8230-01a321c7e46b,Neutrophil,1,"{'pred': [0], 'probs': [[0.3998643159866333, 0.2623784840106964, 0.08578543365001678, 0.09075414389371872, 0.15616975724697113, 0.005047912709414959]], 'pred_prompt': ['Synthetically generated Giemsa-stained light micrograph of human peripheral blood cell. As a blood cell recognition system, identify the correct cell type: Monocyte']}",0.1599999964237213,pathology,hematopathology,light microscopy,brightfield microscopy,
classification,"['A Giemsa-stained light micrograph displaying human peripheral blood cells. As a blood cell recognition system, identify the correct cell type: monocyte', 'A Giemsa-stained light micrograph displaying human peripheral blood cells. As a blood cell recognition system, identify the correct cell type: lymphocyte', 'A Giemsa-stained light micrograph displaying human peripheral blood cells. As a blood cell recognition system, identify the correct cell type: neutrophil', 'A Giemsa-stained light micrograph displaying human peripheral blood cells. As a blood cell recognition system, identify the correct cell type: eosinophil', 'A Giemsa-stained light micrograph displaying human peripheral blood cells. As a blood cell recognition system, identify the correct cell type: platelet', 'A Giemsa-stained light micrograph displaying human peripheral blood cells. As a blood cell recognition system, identify the correct cell type: none of the above']",63873aed-cba1-45d5-9f0e-15e4ee3bf6c2,lymphocyte,1,"{'pred': [0], 'probs': [[0.5650956630706787, 0.09147489070892334, 0.16113735735416412, 0.0906900092959404, 0.06352471560239792, 0.02807731181383133]], 'pred_prompt': ['A Giemsa-stained light micrograph displaying human peripheral blood cells. As a blood cell recognition system, identify the correct cell type: monocyte']}",0.10000000149011612,pathology,hematopathology,light microscopy,brightfield microscopy,
classification,"['A Giemsa-stained light micrograph displaying human peripheral blood cells. As a blood cell recognition system, identify the correct cell type: basophil', 'A Giemsa-stained light micrograph displaying human peripheral blood cells. As a blood cell recognition system, identify the correct cell type: monocyte', 'A Giemsa-stained light micrograph displaying human peripheral blood cells. As a blood cell recognition system, identify the correct cell type: eosinophil', 'A Giemsa-stained light micrograph displaying human peripheral blood cells. As a blood cell recognition system, identify the correct cell type: platelet', 'A Giemsa-stained light micrograph displaying human peripheral blood cells. As a blood cell recognition system, identify the correct cell type: neutrophil', 'A Giemsa-stained light micrograph displaying human peripheral blood cells. As a blood cell recognition system, identify the correct cell type: none of the above']",7e87b1b0-a9d8-451e-8cc8-74667bd426f8,neutrophil,4,"{'pred': [1], 'probs': [[0.05812642723321915, 0.3894113004207611, 0.18802492320537567, 0.12142904102802277, 0.21055865287780762, 0.0324496254324913]], 'pred_prompt': ['A Giemsa-stained light micrograph displaying human peripheral blood cells. As a blood cell recognition system, identify the correct cell type: monocyte']}",0.10000000149011612,pathology,hematopathology,light microscopy,brightfield microscopy,
classification,"['A Giemsa-stained light micrograph displaying human peripheral blood cells. As a blood cell recognition system, identify the correct cell type: neutrophil', 'A Giemsa-stained light micrograph displaying human peripheral blood cells. As a blood cell recognition system, identify the correct cell type: monocyte', 'A Giemsa-stained light micrograph displaying human peripheral blood cells. As a blood cell recognition system, identify the correct cell type: basophil', 'A Giemsa-stained light micrograph displaying human peripheral blood cells. As a blood cell recognition system, identify the correct cell type: erythroblast', 'A Giemsa-stained light micrograph displaying human peripheral blood cells. As a blood cell recognition system, identify the correct cell type: immature granulocyte', 'A Giemsa-stained light micrograph displaying human peripheral blood cells. As a blood cell recognition system, identify the correct cell type: none of the above']",4c3a2077-62c8-4c26-a5a5-a7031aae08f5,neutrophil,0,"{'pred': [1], 'probs': [[0.15214063227176666, 0.49000442028045654, 0.01971798948943615, 0.20330649614334106, 0.11883126199245453, 0.015999210998415947]], 'pred_prompt': ['A Giemsa-stained light micrograph displaying human peripheral blood cells. As a blood cell recognition system, identify the correct cell type: monocyte']}",0.10000000149011612,pathology,hematopathology,light microscopy,brightfield microscopy,
classification,"['A Giemsa-stained light micrograph displaying human peripheral blood cells. As a blood cell recognition system, identify the correct cell type: neutrophil', 'A Giemsa-stained light micrograph displaying human peripheral blood cells. As a blood cell recognition system, identify the correct cell type: basophil', 'A Giemsa-stained light micrograph displaying human peripheral blood cells. As a blood cell recognition system, identify the correct cell type: lymphocyte', 'A Giemsa-stained light micrograph displaying human peripheral blood cells. As a blood cell recognition system, identify the correct cell type: immature granulocyte', 'A Giemsa-stained light micrograph displaying human peripheral blood cells. As a blood cell recognition system, identify the correct cell type: monocyte', 'A Giemsa-stained light micrograph displaying human peripheral blood cells. As a blood cell recognition system, identify the correct cell type: none of the above']",5c746777-d4e4-4a82-8864-d426eaac4c6e,lymphocyte,2,"{'pred': [4], 'probs': [[0.16083694994449615, 0.03666134551167488, 0.18022440373897552, 0.10859012603759766, 0.4813992977142334, 0.03228780999779701]], 'pred_prompt': ['A Giemsa-stained light micrograph displaying human peripheral blood cells. As a blood cell recognition system, identify the correct cell type: monocyte']}",0.10000000149011612,pathology,hematopathology,light microscopy,brightfield microscopy,
classification,"['A Giemsa-stained light micrograph displaying human peripheral blood cells. As a blood cell recognition system, identify the correct cell type: basophil', 'A Giemsa-stained light micrograph displaying human peripheral blood cells. As a blood cell recognition system, identify the correct cell type: lymphocyte', 'A Giemsa-stained light micrograph displaying human peripheral blood cells. As a blood cell recognition system, identify the correct cell type: erythroblast', 'A Giemsa-stained light micrograph displaying human peripheral blood cells. As a blood cell recognition system, identify the correct cell type: neutrophil', 'A Giemsa-stained light micrograph displaying human peripheral blood cells. As a blood cell recognition system, identify the correct cell type: monocyte', 'A Giemsa-stained light micrograph displaying human peripheral blood cells. As a blood cell recognition system, identify the correct cell type: none of the above']",7cfde3c0-6fab-4272-ba85-e15e95034a7d,monocyte,4,"{'pred': [4], 'probs': [[0.03503446280956268, 0.06758687645196915, 0.19138960540294647, 0.12553361058235168, 0.5568674802780151, 0.02358805574476719]], 'pred_prompt': ['A Giemsa-stained light micrograph displaying human peripheral blood cells. As a blood cell recognition system, identify the correct cell type: monocyte']}",0.10000000149011612,pathology,hematopathology,light microscopy,brightfield microscopy,
classification,"['A Giemsa-stained light micrograph displaying human peripheral blood cells. As a blood cell recognition system, identify the correct cell type: immature granulocyte', 'A Giemsa-stained light micrograph displaying human peripheral blood cells. As a blood cell recognition system, identify the correct cell type: erythroblast', 'A Giemsa-stained light micrograph displaying human peripheral blood cells. As a blood cell recognition system, identify the correct cell type: basophil', 'A Giemsa-stained light micrograph displaying human peripheral blood cells. As a blood cell recognition system, identify the correct cell type: eosinophil', 'A Giemsa-stained light micrograph displaying human peripheral blood cells. As a blood cell recognition system, identify the correct cell type: neutrophil', 'A Giemsa-stained light micrograph displaying human peripheral blood cells. As a blood cell recognition system, identify the correct cell type: none of the above']",f4645ac5-b4d4-479d-acbf-5943702ff808,neutrophil,4,"{'pred': [1], 'probs': [[0.11207721382379532, 0.337262362241745, 0.06132100895047188, 0.1977986842393875, 0.261562317609787, 0.029978416860103607]], 'pred_prompt': ['A Giemsa-stained light micrograph displaying human peripheral blood cells. As a blood cell recognition system, identify the correct cell type: erythroblast']}",0.10000000149011612,pathology,hematopathology,light microscopy,brightfield microscopy,
classification,"['A Giemsa-stained light micrograph displaying human peripheral blood cells. As a blood cell recognition system, identify the correct cell type: eosinophil', 'A Giemsa-stained light micrograph displaying human peripheral blood cells. As a blood cell recognition system, identify the correct cell type: monocyte', 'A Giemsa-stained light micrograph displaying human peripheral blood cells. As a blood cell recognition system, identify the correct cell type: neutrophil', 'A Giemsa-stained light micrograph displaying human peripheral blood cells. As a blood cell recognition system, identify the correct cell type: erythroblast', 'A Giemsa-stained light micrograph displaying human peripheral blood cells. As a blood cell recognition system, identify the correct cell type: lymphocyte', 'A Giemsa-stained light micrograph displaying human peripheral blood cells. As a blood cell recognition system, identify the correct cell type: none of the above']",3adf6886-bbde-4e02-adcd-b49cc1aa55e1,erythroblast,3,"{'pred': [3], 'probs': [[0.13633310794830322, 0.27308011054992676, 0.1352871060371399, 0.30038583278656006, 0.09898722171783447, 0.05592666193842888]], 'pred_prompt': ['A Giemsa-stained light micrograph displaying human peripheral blood cells. As a blood cell recognition system, identify the correct cell type: erythroblast']}",0.10000000149011612,pathology,hematopathology,light microscopy,brightfield microscopy,
classification,"['A Giemsa-stained light micrograph displaying human peripheral blood cells. As a blood cell recognition system, identify the correct cell type: erythroblast', 'A Giemsa-stained light micrograph displaying human peripheral blood cells. As a blood cell recognition system, identify the correct cell type: monocyte', 'A Giemsa-stained light micrograph displaying human peripheral blood cells. As a blood cell recognition system, identify the correct cell type: eosinophil', 'A Giemsa-stained light micrograph displaying human peripheral blood cells. As a blood cell recognition system, identify the correct cell type: basophil', 'A Giemsa-stained light micrograph displaying human peripheral blood cells. As a blood cell recognition system, identify the correct cell type: immature granulocyte', 'A Giemsa-stained light micrograph displaying human peripheral blood cells. As a blood cell recognition system, identify the correct cell type: none of the above']",ffff2308-b6da-44cc-9688-468dd3b12538,monocyte,1,"{'pred': [1], 'probs': [[0.21368297934532166, 0.5326038002967834, 0.08619093894958496, 0.02710566483438015, 0.12302182614803314, 0.017394840717315674]], 'pred_prompt': ['A Giemsa-stained light micrograph displaying human peripheral blood cells. As a blood cell recognition system, identify the correct cell type: monocyte']}",0.10000000149011612,pathology,hematopathology,light microscopy,brightfield microscopy,
classification,"['A Giemsa-stained light micrograph displaying human peripheral blood cells. As a blood cell recognition system, identify the correct cell type: erythroblast', 'A Giemsa-stained light micrograph displaying human peripheral blood cells. As a blood cell recognition system, identify the correct cell type: neutrophil', 'A Giemsa-stained light micrograph displaying human peripheral blood cells. As a blood cell recognition system, identify the correct cell type: lymphocyte', 'A Giemsa-stained light micrograph displaying human peripheral blood cells. As a blood cell recognition system, identify the correct cell type: immature granulocyte', 'A Giemsa-stained light micrograph displaying human peripheral blood cells. As a blood cell recognition system, identify the correct cell type: eosinophil', 'A Giemsa-stained light micrograph displaying human peripheral blood cells. As a blood cell recognition system, identify the correct cell type: none of the above']",f3de2978-14fb-4443-90a5-5c28349061dc,lymphocyte,2,"{'pred': [1], 'probs': [[0.2322227656841278, 0.2812415659427643, 0.10942511260509491, 0.17005471885204315, 0.15927395224571228, 0.047781869769096375]], 'pred_prompt': ['A Giemsa-stained light micrograph displaying human peripheral blood cells. As a blood cell recognition system, identify the correct cell type: neutrophil']}",0.10000000149011612,pathology,hematopathology,light microscopy,brightfield microscopy,
classification,"['Synthetically generated Giemsa-stained light micrograph of human peripheral blood cell. As a blood cell recognition system, identify the correct cell type: Neutrophil', 'Synthetically generated Giemsa-stained light micrograph of human peripheral blood cell. As a blood cell recognition system, identify the correct cell type: Basophil', 'Synthetically generated Giemsa-stained light micrograph of human peripheral blood cell. As a blood cell recognition system, identify the correct cell type: Monocyte', 'Synthetically generated Giemsa-stained light micrograph of human peripheral blood cell. As a blood cell recognition system, identify the correct cell type: Eosinophil', 'Synthetically generated Giemsa-stained light micrograph of human peripheral blood cell. As a blood cell recognition system, identify the correct cell type: Lymphocyte', 'Synthetically generated Giemsa-stained light micrograph of human peripheral blood cell. As a blood cell recognition system, identify the correct cell type: none of the above']",a56784f6-4b3a-4316-9a30-d995042399a2,Eosinophil,3,"{'pred': [2], 'probs': [[0.21118827164173126, 0.07058314234018326, 0.44074389338493347, 0.14582116901874542, 0.12729620933532715, 0.004367267247289419]], 'pred_prompt': ['Synthetically generated Giemsa-stained light micrograph of human peripheral blood cell. As a blood cell recognition system, identify the correct cell type: Monocyte']}",0.1599999964237213,pathology,hematopathology,light microscopy,brightfield microscopy,
classification,"['Synthetically generated Giemsa-stained light micrograph of human peripheral blood cell. As a blood cell recognition system, identify the correct cell type: Neutrophil', 'Synthetically generated Giemsa-stained light micrograph of human peripheral blood cell. As a blood cell recognition system, identify the correct cell type: Eosinophil', 'Synthetically generated Giemsa-stained light micrograph of human peripheral blood cell. As a blood cell recognition system, identify the correct cell type: Monocyte', 'Synthetically generated Giemsa-stained light micrograph of human peripheral blood cell. As a blood cell recognition system, identify the correct cell type: Basophil', 'Synthetically generated Giemsa-stained light micrograph of human peripheral blood cell. As a blood cell recognition system, identify the correct cell type: Lymphocyte', 'Synthetically generated Giemsa-stained light micrograph of human peripheral blood cell. As a blood cell recognition system, identify the correct cell type: none of the above']",3218d55f-ddb6-4aa0-b58f-5afbc318f5bb,Eosinophil,1,"{'pred': [2], 'probs': [[0.2227548509836197, 0.12263832241296768, 0.4031984806060791, 0.11266381293535233, 0.13352544605731964, 0.005219104699790478]], 'pred_prompt': ['Synthetically generated Giemsa-stained light micrograph of human peripheral blood cell. As a blood cell recognition system, identify the correct cell type: Monocyte']}",0.1599999964237213,pathology,hematopathology,light microscopy,brightfield microscopy,
classification,"['Synthetically generated Giemsa-stained light micrograph of human peripheral blood cell. As a blood cell recognition system, identify the correct cell type: Eosinophil', 'Synthetically generated Giemsa-stained light micrograph of human peripheral blood cell. As a blood cell recognition system, identify the correct cell type: Lymphocyte', 'Synthetically generated Giemsa-stained light micrograph of human peripheral blood cell. As a blood cell recognition system, identify the correct cell type: Neutrophil', 'Synthetically generated Giemsa-stained light micrograph of human peripheral blood cell. As a blood cell recognition system, identify the correct cell type: Basophil', 'Synthetically generated Giemsa-stained light micrograph of human peripheral blood cell. As a blood cell recognition system, identify the correct cell type: Monocyte', 'Synthetically generated Giemsa-stained light micrograph of human peripheral blood cell. As a blood cell recognition system, identify the correct cell type: none of the above']",d4c5d645-b804-4bde-9e8c-16ef2196189f,Neutrophil,2,"{'pred': [4], 'probs': [[0.12972073256969452, 0.12051194161176682, 0.24634143710136414, 0.09916635602712631, 0.3992617726325989, 0.004997764248400927]], 'pred_prompt': ['Synthetically generated Giemsa-stained light micrograph of human peripheral blood cell. As a blood cell recognition system, identify the correct cell type: Monocyte']}",0.1599999964237213,pathology,hematopathology,light microscopy,brightfield microscopy,
classification,"['A Giemsa-stained light micrograph displaying human peripheral blood cells. As a blood cell recognition system, identify the correct cell type: neutrophil', 'A Giemsa-stained light micrograph displaying human peripheral blood cells. As a blood cell recognition system, identify the correct cell type: monocyte', 'A Giemsa-stained light micrograph displaying human peripheral blood cells. As a blood cell recognition system, identify the correct cell type: platelet', 'A Giemsa-stained light micrograph displaying human peripheral blood cells. As a blood cell recognition system, identify the correct cell type: basophil', 'A Giemsa-stained light micrograph displaying human peripheral blood cells. As a blood cell recognition system, identify the correct cell type: eosinophil', 'A Giemsa-stained light micrograph displaying human peripheral blood cells. As a blood cell recognition system, identify the correct cell type: none of the above']",288f4eee-5bea-47f1-98be-67f005d59d68,basophil,3,"{'pred': [1], 'probs': [[0.21298198401927948, 0.4599388837814331, 0.10774478316307068, 0.048484962433576584, 0.1461798995733261, 0.024669507518410683]], 'pred_prompt': ['A Giemsa-stained light micrograph displaying human peripheral blood cells. As a blood cell recognition system, identify the correct cell type: monocyte']}",0.10000000149011612,pathology,hematopathology,light microscopy,brightfield microscopy,
classification,"['Synthetically generated Giemsa-stained light micrograph of human peripheral blood cell. As a blood cell recognition system, identify the correct cell type: Neutrophil', 'Synthetically generated Giemsa-stained light micrograph of human peripheral blood cell. As a blood cell recognition system, identify the correct cell type: Monocyte', 'Synthetically generated Giemsa-stained light micrograph of human peripheral blood cell. As a blood cell recognition system, identify the correct cell type: Lymphocyte', 'Synthetically generated Giemsa-stained light micrograph of human peripheral blood cell. As a blood cell recognition system, identify the correct cell type: Basophil', 'Synthetically generated Giemsa-stained light micrograph of human peripheral blood cell. As a blood cell recognition system, identify the correct cell type: Eosinophil', 'Synthetically generated Giemsa-stained light micrograph of human peripheral blood cell. As a blood cell recognition system, identify the correct cell type: none of the above']",24048d17-008d-4868-b626-e1b0d82424d6,Neutrophil,0,"{'pred': [1], 'probs': [[0.1980547457933426, 0.45351269841194153, 0.09402061253786087, 0.06948451697826385, 0.1800985485315323, 0.004828791134059429]], 'pred_prompt': ['Synthetically generated Giemsa-stained light micrograph of human peripheral blood cell. As a blood cell recognition system, identify the correct cell type: Monocyte']}",0.1599999964237213,pathology,hematopathology,light microscopy,brightfield microscopy,
classification,"['Synthetically generated Giemsa-stained light micrograph of human peripheral blood cell. As a blood cell recognition system, identify the correct cell type: Basophil', 'Synthetically generated Giemsa-stained light micrograph of human peripheral blood cell. As a blood cell recognition system, identify the correct cell type: Eosinophil', 'Synthetically generated Giemsa-stained light micrograph of human peripheral blood cell. As a blood cell recognition system, identify the correct cell type: Monocyte', 'Synthetically generated Giemsa-stained light micrograph of human peripheral blood cell. As a blood cell recognition system, identify the correct cell type: Lymphocyte', 'Synthetically generated Giemsa-stained light micrograph of human peripheral blood cell. As a blood cell recognition system, identify the correct cell type: Neutrophil', 'Synthetically generated Giemsa-stained light micrograph of human peripheral blood cell. As a blood cell recognition system, identify the correct cell type: none of the above']",e20f0d87-c9c5-47fa-a40c-4ea65fc1be00,Basophil,0,"{'pred': [2], 'probs': [[0.04974344000220299, 0.16877233982086182, 0.4129466414451599, 0.15056456625461578, 0.2149239331483841, 0.003049081889912486]], 'pred_prompt': ['Synthetically generated Giemsa-stained light micrograph of human peripheral blood cell. As a blood cell recognition system, identify the correct cell type: Monocyte']}",0.1599999964237213,pathology,hematopathology,light microscopy,brightfield microscopy,
classification,"['Synthetically generated Giemsa-stained light micrograph of human peripheral blood cell. As a blood cell recognition system, identify the correct cell type: Neutrophil', 'Synthetically generated Giemsa-stained light micrograph of human peripheral blood cell. As a blood cell recognition system, identify the correct cell type: Eosinophil', 'Synthetically generated Giemsa-stained light micrograph of human peripheral blood cell. As a blood cell recognition system, identify the correct cell type: Basophil', 'Synthetically generated Giemsa-stained light micrograph of human peripheral blood cell. As a blood cell recognition system, identify the correct cell type: Lymphocyte', 'Synthetically generated Giemsa-stained light micrograph of human peripheral blood cell. As a blood cell recognition system, identify the correct cell type: Monocyte', 'Synthetically generated Giemsa-stained light micrograph of human peripheral blood cell. As a blood cell recognition system, identify the correct cell type: none of the above']",cb14b11e-94dd-4af6-86f9-9f668ed8efbb,Monocyte,4,"{'pred': [4], 'probs': [[0.166185662150383, 0.20478492975234985, 0.08928831666707993, 0.08707069605588913, 0.4479060769081116, 0.0047643124125897884]], 'pred_prompt': ['Synthetically generated Giemsa-stained light micrograph of human peripheral blood cell. As a blood cell recognition system, identify the correct cell type: Monocyte']}",0.1599999964237213,pathology,hematopathology,light microscopy,brightfield microscopy,
classification,"['Synthetically generated Giemsa-stained light micrograph of human peripheral blood cell. As a blood cell recognition system, identify the correct cell type: Lymphocyte', 'Synthetically generated Giemsa-stained light micrograph of human peripheral blood cell. As a blood cell recognition system, identify the correct cell type: Eosinophil', 'Synthetically generated Giemsa-stained light micrograph of human peripheral blood cell. As a blood cell recognition system, identify the correct cell type: Monocyte', 'Synthetically generated Giemsa-stained light micrograph of human peripheral blood cell. As a blood cell recognition system, identify the correct cell type: Neutrophil', 'Synthetically generated Giemsa-stained light micrograph of human peripheral blood cell. As a blood cell recognition system, identify the correct cell type: Basophil', 'Synthetically generated Giemsa-stained light micrograph of human peripheral blood cell. As a blood cell recognition system, identify the correct cell type: none of the above']",d8baa161-a440-45dc-aba2-c79ac14ae168,Eosinophil,1,"{'pred': [2], 'probs': [[0.1453433781862259, 0.14560921490192413, 0.44262197613716125, 0.1939619481563568, 0.06870487332344055, 0.0037586302496492863]], 'pred_prompt': ['Synthetically generated Giemsa-stained light micrograph of human peripheral blood cell. As a blood cell recognition system, identify the correct cell type: Monocyte']}",0.1599999964237213,pathology,hematopathology,light microscopy,brightfield microscopy,
classification,"['Synthetically generated Giemsa-stained light micrograph of human peripheral blood cell. As a blood cell recognition system, identify the correct cell type: Neutrophil', 'Synthetically generated Giemsa-stained light micrograph of human peripheral blood cell. As a blood cell recognition system, identify the correct cell type: Basophil', 'Synthetically generated Giemsa-stained light micrograph of human peripheral blood cell. As a blood cell recognition system, identify the correct cell type: Eosinophil', 'Synthetically generated Giemsa-stained light micrograph of human peripheral blood cell. As a blood cell recognition system, identify the correct cell type: Monocyte', 'Synthetically generated Giemsa-stained light micrograph of human peripheral blood cell. As a blood cell recognition system, identify the correct cell type: Lymphocyte', 'Synthetically generated Giemsa-stained light micrograph of human peripheral blood cell. As a blood cell recognition system, identify the correct cell type: none of the above']",7180698a-57fe-4519-a17c-2e60c5c9a556,Basophil,1,"{'pred': [3], 'probs': [[0.18481163680553436, 0.14532728493213654, 0.2704888582229614, 0.3170318901538849, 0.07588474452495575, 0.0064555504359304905]], 'pred_prompt': ['Synthetically generated Giemsa-stained light micrograph of human peripheral blood cell. As a blood cell recognition system, identify the correct cell type: Monocyte']}",0.1599999964237213,pathology,hematopathology,light microscopy,brightfield microscopy,
classification,"['Synthetically generated Giemsa-stained light micrograph of human peripheral blood cell. As a blood cell recognition system, identify the correct cell type: Eosinophil', 'Synthetically generated Giemsa-stained light micrograph of human peripheral blood cell. As a blood cell recognition system, identify the correct cell type: Basophil', 'Synthetically generated Giemsa-stained light micrograph of human peripheral blood cell. As a blood cell recognition system, identify the correct cell type: Monocyte', 'Synthetically generated Giemsa-stained light micrograph of human peripheral blood cell. As a blood cell recognition system, identify the correct cell type: Neutrophil', 'Synthetically generated Giemsa-stained light micrograph of human peripheral blood cell. As a blood cell recognition system, identify the correct cell type: Lymphocyte', 'Synthetically generated Giemsa-stained light micrograph of human peripheral blood cell. As a blood cell recognition system, identify the correct cell type: none of the above']",e80845e5-4bc7-404e-a309-fa558d041dbf,Monocyte,2,"{'pred': [2], 'probs': [[0.1968066394329071, 0.13119103014469147, 0.38152727484703064, 0.15698815882205963, 0.12696954607963562, 0.006517293397337198]], 'pred_prompt': ['Synthetically generated Giemsa-stained light micrograph of human peripheral blood cell. As a blood cell recognition system, identify the correct cell type: Monocyte']}",0.1599999964237213,pathology,hematopathology,light microscopy,brightfield microscopy,
classification,"['A Giemsa-stained light micrograph displaying human peripheral blood cells. As a blood cell recognition system, identify the correct cell type: eosinophil', 'A Giemsa-stained light micrograph displaying human peripheral blood cells. As a blood cell recognition system, identify the correct cell type: platelet', 'A Giemsa-stained light micrograph displaying human peripheral blood cells. As a blood cell recognition system, identify the correct cell type: immature granulocyte', 'A Giemsa-stained light micrograph displaying human peripheral blood cells. As a blood cell recognition system, identify the correct cell type: basophil', 'A Giemsa-stained light micrograph displaying human peripheral blood cells. As a blood cell recognition system, identify the correct cell type: monocyte', 'A Giemsa-stained light micrograph displaying human peripheral blood cells. As a blood cell recognition system, identify the correct cell type: none of the above']",8dacdfc6-a31d-4572-9855-c32d41187c3f,basophil,3,"{'pred': [4], 'probs': [[0.18317683041095734, 0.1599922776222229, 0.10273485630750656, 0.05203232541680336, 0.47629866003990173, 0.025765040889382362]], 'pred_prompt': ['A Giemsa-stained light micrograph displaying human peripheral blood cells. As a blood cell recognition system, identify the correct cell type: monocyte']}",0.10000000149011612,pathology,hematopathology,light microscopy,brightfield microscopy,
classification,"['Synthetically generated Giemsa-stained light micrograph of human peripheral blood cell. As a blood cell recognition system, identify the correct cell type: Monocyte', 'Synthetically generated Giemsa-stained light micrograph of human peripheral blood cell. As a blood cell recognition system, identify the correct cell type: Neutrophil', 'Synthetically generated Giemsa-stained light micrograph of human peripheral blood cell. As a blood cell recognition system, identify the correct cell type: Basophil', 'Synthetically generated Giemsa-stained light micrograph of human peripheral blood cell. As a blood cell recognition system, identify the correct cell type: Lymphocyte', 'Synthetically generated Giemsa-stained light micrograph of human peripheral blood cell. As a blood cell recognition system, identify the correct cell type: Eosinophil', 'Synthetically generated Giemsa-stained light micrograph of human peripheral blood cell. As a blood cell recognition system, identify the correct cell type: none of the above']",c68d5f6a-2342-4e3d-9ed8-9aadc3a90fa8,Lymphocyte,3,"{'pred': [0], 'probs': [[0.48692435026168823, 0.17627093195915222, 0.1023639589548111, 0.1223720908164978, 0.09568998217582703, 0.016378747299313545]], 'pred_prompt': ['Synthetically generated Giemsa-stained light micrograph of human peripheral blood cell. As a blood cell recognition system, identify the correct cell type: Monocyte']}",0.1599999964237213,pathology,hematopathology,light microscopy,brightfield microscopy,
classification,"['A Giemsa-stained light micrograph displaying human peripheral blood cells. As a blood cell recognition system, identify the correct cell type: monocyte', 'A Giemsa-stained light micrograph displaying human peripheral blood cells. As a blood cell recognition system, identify the correct cell type: lymphocyte', 'A Giemsa-stained light micrograph displaying human peripheral blood cells. As a blood cell recognition system, identify the correct cell type: erythroblast', 'A Giemsa-stained light micrograph displaying human peripheral blood cells. As a blood cell recognition system, identify the correct cell type: eosinophil', 'A Giemsa-stained light micrograph displaying human peripheral blood cells. As a blood cell recognition system, identify the correct cell type: neutrophil', 'A Giemsa-stained light micrograph displaying human peripheral blood cells. As a blood cell recognition system, identify the correct cell type: none of the above']",b5c645c7-e233-4365-a2f9-3c5fc5c4288c,eosinophil,3,"{'pred': [0], 'probs': [[0.39181196689605713, 0.06343862414360046, 0.22361764311790466, 0.10549258440732956, 0.19419124722480774, 0.02144790254533291]], 'pred_prompt': ['A Giemsa-stained light micrograph displaying human peripheral blood cells. As a blood cell recognition system, identify the correct cell type: monocyte']}",0.10000000149011612,pathology,hematopathology,light microscopy,brightfield microscopy,
classification,"['A Giemsa-stained light micrograph displaying human peripheral blood cells. As a blood cell recognition system, identify the correct cell type: eosinophil', 'A Giemsa-stained light micrograph displaying human peripheral blood cells. As a blood cell recognition system, identify the correct cell type: neutrophil', 'A Giemsa-stained light micrograph displaying human peripheral blood cells. As a blood cell recognition system, identify the correct cell type: monocyte', 'A Giemsa-stained light micrograph displaying human peripheral blood cells. As a blood cell recognition system, identify the correct cell type: lymphocyte', 'A Giemsa-stained light micrograph displaying human peripheral blood cells. As a blood cell recognition system, identify the correct cell type: platelet', 'A Giemsa-stained light micrograph displaying human peripheral blood cells. As a blood cell recognition system, identify the correct cell type: none of the above']",8c1a39d8-ca7c-4406-a21c-fa1b60a63654,lymphocyte,3,"{'pred': [2], 'probs': [[0.180595263838768, 0.17526276409626007, 0.3803389370441437, 0.06371079385280609, 0.1358776092529297, 0.06421464681625366]], 'pred_prompt': ['A Giemsa-stained light micrograph displaying human peripheral blood cells. As a blood cell recognition system, identify the correct cell type: monocyte']}",0.10000000149011612,pathology,hematopathology,light microscopy,brightfield microscopy,
classification,"['A Giemsa-stained light micrograph displaying human peripheral blood cells. As a blood cell recognition system, identify the correct cell type: immature granulocyte', 'A Giemsa-stained light micrograph displaying human peripheral blood cells. As a blood cell recognition system, identify the correct cell type: monocyte', 'A Giemsa-stained light micrograph displaying human peripheral blood cells. As a blood cell recognition system, identify the correct cell type: eosinophil', 'A Giemsa-stained light micrograph displaying human peripheral blood cells. As a blood cell recognition system, identify the correct cell type: neutrophil', 'A Giemsa-stained light micrograph displaying human peripheral blood cells. As a blood cell recognition system, identify the correct cell type: basophil', 'A Giemsa-stained light micrograph displaying human peripheral blood cells. As a blood cell recognition system, identify the correct cell type: none of the above']",62d566a0-1c4d-4e2b-ac9f-b14372f843fd,monocyte,1,"{'pred': [1], 'probs': [[0.09865270555019379, 0.6059993505477905, 0.09176380932331085, 0.14076094329357147, 0.04066033661365509, 0.022162793204188347]], 'pred_prompt': ['A Giemsa-stained light micrograph displaying human peripheral blood cells. As a blood cell recognition system, identify the correct cell type: monocyte']}",0.10000000149011612,pathology,hematopathology,light microscopy,brightfield microscopy,
classification,"['Synthetically generated Giemsa-stained light micrograph of human peripheral blood cell. As a blood cell recognition system, identify the correct cell type: Lymphocyte', 'Synthetically generated Giemsa-stained light micrograph of human peripheral blood cell. As a blood cell recognition system, identify the correct cell type: Eosinophil', 'Synthetically generated Giemsa-stained light micrograph of human peripheral blood cell. As a blood cell recognition system, identify the correct cell type: Monocyte', 'Synthetically generated Giemsa-stained light micrograph of human peripheral blood cell. As a blood cell recognition system, identify the correct cell type: Basophil', 'Synthetically generated Giemsa-stained light micrograph of human peripheral blood cell. As a blood cell recognition system, identify the correct cell type: Neutrophil', 'Synthetically generated Giemsa-stained light micrograph of human peripheral blood cell. As a blood cell recognition system, identify the correct cell type: none of the above']",b1df4781-43a3-44bd-a29a-0638b0630c10,Lymphocyte,0,"{'pred': [2], 'probs': [[0.20371316373348236, 0.09448350220918655, 0.44660672545433044, 0.10370888561010361, 0.1386735588312149, 0.012814151123166084]], 'pred_prompt': ['Synthetically generated Giemsa-stained light micrograph of human peripheral blood cell. As a blood cell recognition system, identify the correct cell type: Monocyte']}",0.1599999964237213,pathology,hematopathology,light microscopy,brightfield microscopy,
classification,"['A Giemsa-stained light micrograph displaying human peripheral blood cells. As a blood cell recognition system, identify the correct cell type: erythroblast', 'A Giemsa-stained light micrograph displaying human peripheral blood cells. As a blood cell recognition system, identify the correct cell type: basophil', 'A Giemsa-stained light micrograph displaying human peripheral blood cells. As a blood cell recognition system, identify the correct cell type: neutrophil', 'A Giemsa-stained light micrograph displaying human peripheral blood cells. As a blood cell recognition system, identify the correct cell type: platelet', 'A Giemsa-stained light micrograph displaying human peripheral blood cells. As a blood cell recognition system, identify the correct cell type: monocyte', 'A Giemsa-stained light micrograph displaying human peripheral blood cells. As a blood cell recognition system, identify the correct cell type: none of the above']",4e697577-258a-4f1b-8f84-4c8edc0306ef,monocyte,4,"{'pred': [4], 'probs': [[0.13844703137874603, 0.025561228394508362, 0.1613142192363739, 0.05478566884994507, 0.6047521829605103, 0.015139617957174778]], 'pred_prompt': ['A Giemsa-stained light micrograph displaying human peripheral blood cells. As a blood cell recognition system, identify the correct cell type: monocyte']}",0.10000000149011612,pathology,hematopathology,light microscopy,brightfield microscopy,
classification,"['Synthetically generated Giemsa-stained light micrograph of human peripheral blood cell. As a blood cell recognition system, identify the correct cell type: Basophil', 'Synthetically generated Giemsa-stained light micrograph of human peripheral blood cell. As a blood cell recognition system, identify the correct cell type: Eosinophil', 'Synthetically generated Giemsa-stained light micrograph of human peripheral blood cell. As a blood cell recognition system, identify the correct cell type: Lymphocyte', 'Synthetically generated Giemsa-stained light micrograph of human peripheral blood cell. As a blood cell recognition system, identify the correct cell type: Monocyte', 'Synthetically generated Giemsa-stained light micrograph of human peripheral blood cell. As a blood cell recognition system, identify the correct cell type: Neutrophil', 'Synthetically generated Giemsa-stained light micrograph of human peripheral blood cell. As a blood cell recognition system, identify the correct cell type: none of the above']",e66be009-9dfa-43e3-aee8-eeeb172e8295,Lymphocyte,2,"{'pred': [3], 'probs': [[0.09095898270606995, 0.12183736264705658, 0.09804107248783112, 0.4674299359321594, 0.20751416683197021, 0.014218433760106564]], 'pred_prompt': ['Synthetically generated Giemsa-stained light micrograph of human peripheral blood cell. As a blood cell recognition system, identify the correct cell type: Monocyte']}",0.1599999964237213,pathology,hematopathology,light microscopy,brightfield microscopy,
classification,"['A Giemsa-stained light micrograph displaying human peripheral blood cells. As a blood cell recognition system, identify the correct cell type: lymphocyte', 'A Giemsa-stained light micrograph displaying human peripheral blood cells. As a blood cell recognition system, identify the correct cell type: erythroblast', 'A Giemsa-stained light micrograph displaying human peripheral blood cells. As a blood cell recognition system, identify the correct cell type: monocyte', 'A Giemsa-stained light micrograph displaying human peripheral blood cells. As a blood cell recognition system, identify the correct cell type: eosinophil', 'A Giemsa-stained light micrograph displaying human peripheral blood cells. As a blood cell recognition system, identify the correct cell type: basophil', 'A Giemsa-stained light micrograph displaying human peripheral blood cells. As a blood cell recognition system, identify the correct cell type: none of the above']",72ac5c43-078c-4442-8df9-48f04ae816bb,monocyte,2,"{'pred': [2], 'probs': [[0.10858964174985886, 0.1850253939628601, 0.5310298204421997, 0.10253488272428513, 0.045469384640455246, 0.027350913733243942]], 'pred_prompt': ['A Giemsa-stained light micrograph displaying human peripheral blood cells. As a blood cell recognition system, identify the correct cell type: monocyte']}",0.10000000149011612,pathology,hematopathology,light microscopy,brightfield microscopy,
classification,"['A Giemsa-stained light micrograph displaying human peripheral blood cells. As a blood cell recognition system, identify the correct cell type: lymphocyte', 'A Giemsa-stained light micrograph displaying human peripheral blood cells. As a blood cell recognition system, identify the correct cell type: immature granulocyte', 'A Giemsa-stained light micrograph displaying human peripheral blood cells. As a blood cell recognition system, identify the correct cell type: platelet', 'A Giemsa-stained light micrograph displaying human peripheral blood cells. As a blood cell recognition system, identify the correct cell type: neutrophil', 'A Giemsa-stained light micrograph displaying human peripheral blood cells. As a blood cell recognition system, identify the correct cell type: basophil', 'A Giemsa-stained light micrograph displaying human peripheral blood cells. As a blood cell recognition system, identify the correct cell type: none of the above']",a74889a2-75f7-449d-8000-09e2faa57497,platelet,2,"{'pred': [3], 'probs': [[0.21411572396755219, 0.13251051306724548, 0.19154152274131775, 0.2717694938182831, 0.08768405765295029, 0.10237862914800644]], 'pred_prompt': ['A Giemsa-stained light micrograph displaying human peripheral blood cells. As a blood cell recognition system, identify the correct cell type: neutrophil']}",0.10000000149011612,pathology,hematopathology,light microscopy,brightfield microscopy,
classification,"['A Giemsa-stained light micrograph displaying human peripheral blood cells. As a blood cell recognition system, identify the correct cell type: erythroblast', 'A Giemsa-stained light micrograph displaying human peripheral blood cells. As a blood cell recognition system, identify the correct cell type: monocyte', 'A Giemsa-stained light micrograph displaying human peripheral blood cells. As a blood cell recognition system, identify the correct cell type: neutrophil', 'A Giemsa-stained light micrograph displaying human peripheral blood cells. As a blood cell recognition system, identify the correct cell type: platelet', 'A Giemsa-stained light micrograph displaying human peripheral blood cells. As a blood cell recognition system, identify the correct cell type: lymphocyte', 'A Giemsa-stained light micrograph displaying human peripheral blood cells. As a blood cell recognition system, identify the correct cell type: none of the above']",4194a7b9-1b90-4fb2-9a2a-9741ecfa8bc0,erythroblast,0,"{'pred': [1], 'probs': [[0.16369567811489105, 0.42084991931915283, 0.1592237651348114, 0.0599450059235096, 0.14879493415355682, 0.047490641474723816]], 'pred_prompt': ['A Giemsa-stained light micrograph displaying human peripheral blood cells. As a blood cell recognition system, identify the correct cell type: monocyte']}",0.10000000149011612,pathology,hematopathology,light microscopy,brightfield microscopy,
classification,"['A Giemsa-stained light micrograph displaying human peripheral blood cells. As a blood cell recognition system, identify the correct cell type: platelet', 'A Giemsa-stained light micrograph displaying human peripheral blood cells. As a blood cell recognition system, identify the correct cell type: erythroblast', 'A Giemsa-stained light micrograph displaying human peripheral blood cells. As a blood cell recognition system, identify the correct cell type: neutrophil', 'A Giemsa-stained light micrograph displaying human peripheral blood cells. As a blood cell recognition system, identify the correct cell type: lymphocyte', 'A Giemsa-stained light micrograph displaying human peripheral blood cells. As a blood cell recognition system, identify the correct cell type: basophil', 'A Giemsa-stained light micrograph displaying human peripheral blood cells. As a blood cell recognition system, identify the correct cell type: none of the above']",7ed1c7fb-2d97-4e02-aaf4-9f57a168ba2f,lymphocyte,3,"{'pred': [2], 'probs': [[0.1789267361164093, 0.2646767795085907, 0.34456679224967957, 0.09672460705041885, 0.09041797369718552, 0.024687141180038452]], 'pred_prompt': ['A Giemsa-stained light micrograph displaying human peripheral blood cells. As a blood cell recognition system, identify the correct cell type: neutrophil']}",0.10000000149011612,pathology,hematopathology,light microscopy,brightfield microscopy,
classification,"['A Giemsa-stained light micrograph displaying human peripheral blood cells. As a blood cell recognition system, identify the correct cell type: basophil', 'A Giemsa-stained light micrograph displaying human peripheral blood cells. As a blood cell recognition system, identify the correct cell type: eosinophil', 'A Giemsa-stained light micrograph displaying human peripheral blood cells. As a blood cell recognition system, identify the correct cell type: platelet', 'A Giemsa-stained light micrograph displaying human peripheral blood cells. As a blood cell recognition system, identify the correct cell type: immature granulocyte', 'A Giemsa-stained light micrograph displaying human peripheral blood cells. As a blood cell recognition system, identify the correct cell type: monocyte', 'A Giemsa-stained light micrograph displaying human peripheral blood cells. As a blood cell recognition system, identify the correct cell type: none of the above']",6ea738a8-8c59-4676-af00-157b34d348ea,immature granulocyte,3,"{'pred': [4], 'probs': [[0.06919094920158386, 0.11714638024568558, 0.12004021555185318, 0.17017604410648346, 0.49059826135635376, 0.03284810483455658]], 'pred_prompt': ['A Giemsa-stained light micrograph displaying human peripheral blood cells. As a blood cell recognition system, identify the correct cell type: monocyte']}",0.10000000149011612,pathology,hematopathology,light microscopy,brightfield microscopy,
classification,"['Synthetically generated Giemsa-stained light micrograph of human peripheral blood cell. As a blood cell recognition system, identify the correct cell type: Basophil', 'Synthetically generated Giemsa-stained light micrograph of human peripheral blood cell. As a blood cell recognition system, identify the correct cell type: Monocyte', 'Synthetically generated Giemsa-stained light micrograph of human peripheral blood cell. As a blood cell recognition system, identify the correct cell type: Lymphocyte', 'Synthetically generated Giemsa-stained light micrograph of human peripheral blood cell. As a blood cell recognition system, identify the correct cell type: Eosinophil', 'Synthetically generated Giemsa-stained light micrograph of human peripheral blood cell. As a blood cell recognition system, identify the correct cell type: Neutrophil', 'Synthetically generated Giemsa-stained light micrograph of human peripheral blood cell. As a blood cell recognition system, identify the correct cell type: none of the above']",8a75ceb3-9b0c-4078-9201-6d859bc6b92b,Lymphocyte,2,"{'pred': [1], 'probs': [[0.09491805732250214, 0.46710145473480225, 0.15630309283733368, 0.09439843893051147, 0.1752241998910904, 0.01205473206937313]], 'pred_prompt': ['Synthetically generated Giemsa-stained light micrograph of human peripheral blood cell. As a blood cell recognition system, identify the correct cell type: Monocyte']}",0.1599999964237213,pathology,hematopathology,light microscopy,brightfield microscopy,
classification,"['A Giemsa-stained light micrograph displaying human peripheral blood cells. As a blood cell recognition system, identify the correct cell type: lymphocyte', 'A Giemsa-stained light micrograph displaying human peripheral blood cells. As a blood cell recognition system, identify the correct cell type: eosinophil', 'A Giemsa-stained light micrograph displaying human peripheral blood cells. As a blood cell recognition system, identify the correct cell type: immature granulocyte', 'A Giemsa-stained light micrograph displaying human peripheral blood cells. As a blood cell recognition system, identify the correct cell type: platelet', 'A Giemsa-stained light micrograph displaying human peripheral blood cells. As a blood cell recognition system, identify the correct cell type: basophil', 'A Giemsa-stained light micrograph displaying human peripheral blood cells. As a blood cell recognition system, identify the correct cell type: none of the above']",3ca6ca4c-e761-4dc9-9d70-cc47681de862,platelet,3,"{'pred': [2], 'probs': [[0.11974114924669266, 0.25609979033470154, 0.288735955953598, 0.1862058788537979, 0.08143457770347595, 0.06778259575366974]], 'pred_prompt': ['A Giemsa-stained light micrograph displaying human peripheral blood cells. As a blood cell recognition system, identify the correct cell type: immature granulocyte']}",0.10000000149011612,pathology,hematopathology,light microscopy,brightfield microscopy,
classification,"['A Giemsa-stained light micrograph displaying human peripheral blood cells. As a blood cell recognition system, identify the correct cell type: eosinophil', 'A Giemsa-stained light micrograph displaying human peripheral blood cells. As a blood cell recognition system, identify the correct cell type: neutrophil', 'A Giemsa-stained light micrograph displaying human peripheral blood cells. As a blood cell recognition system, identify the correct cell type: monocyte', 'A Giemsa-stained light micrograph displaying human peripheral blood cells. As a blood cell recognition system, identify the correct cell type: lymphocyte', 'A Giemsa-stained light micrograph displaying human peripheral blood cells. As a blood cell recognition system, identify the correct cell type: basophil', 'A Giemsa-stained light micrograph displaying human peripheral blood cells. As a blood cell recognition system, identify the correct cell type: none of the above']",ce5e29d6-8da5-475b-bb70-425b3f4f952f,lymphocyte,3,"{'pred': [2], 'probs': [[0.1256963461637497, 0.20415455102920532, 0.4602572023868561, 0.09216967225074768, 0.07497229427099228, 0.04274987801909447]], 'pred_prompt': ['A Giemsa-stained light micrograph displaying human peripheral blood cells. As a blood cell recognition system, identify the correct cell type: monocyte']}",0.10000000149011612,pathology,hematopathology,light microscopy,brightfield microscopy,
classification,"['A Giemsa-stained light micrograph displaying human peripheral blood cells. As a blood cell recognition system, identify the correct cell type: immature granulocyte', 'A Giemsa-stained light micrograph displaying human peripheral blood cells. As a blood cell recognition system, identify the correct cell type: basophil', 'A Giemsa-stained light micrograph displaying human peripheral blood cells. As a blood cell recognition system, identify the correct cell type: neutrophil', 'A Giemsa-stained light micrograph displaying human peripheral blood cells. As a blood cell recognition system, identify the correct cell type: eosinophil', 'A Giemsa-stained light micrograph displaying human peripheral blood cells. As a blood cell recognition system, identify the correct cell type: platelet', 'A Giemsa-stained light micrograph displaying human peripheral blood cells. As a blood cell recognition system, identify the correct cell type: none of the above']",ffb3c74f-f88c-4cfd-afaa-8b68a880903c,neutrophil,2,"{'pred': [2], 'probs': [[0.18788693845272064, 0.06666480004787445, 0.3228771388530731, 0.1771516650915146, 0.18179117143154144, 0.06362826377153397]], 'pred_prompt': ['A Giemsa-stained light micrograph displaying human peripheral blood cells. As a blood cell recognition system, identify the correct cell type: neutrophil']}",0.10000000149011612,pathology,hematopathology,light microscopy,brightfield microscopy,
classification,"['A Giemsa-stained light micrograph displaying human peripheral blood cells. As a blood cell recognition system, identify the correct cell type: lymphocyte', 'A Giemsa-stained light micrograph displaying human peripheral blood cells. As a blood cell recognition system, identify the correct cell type: platelet', 'A Giemsa-stained light micrograph displaying human peripheral blood cells. As a blood cell recognition system, identify the correct cell type: erythroblast', 'A Giemsa-stained light micrograph displaying human peripheral blood cells. As a blood cell recognition system, identify the correct cell type: immature granulocyte', 'A Giemsa-stained light micrograph displaying human peripheral blood cells. As a blood cell recognition system, identify the correct cell type: eosinophil', 'A Giemsa-stained light micrograph displaying human peripheral blood cells. As a blood cell recognition system, identify the correct cell type: none of the above']",5fa29ce8-26aa-4f03-ab37-6929a079ee9c,lymphocyte,0,"{'pred': [2], 'probs': [[0.15306049585342407, 0.1200510561466217, 0.33556827902793884, 0.21413910388946533, 0.11782655119895935, 0.059354592114686966]], 'pred_prompt': ['A Giemsa-stained light micrograph displaying human peripheral blood cells. As a blood cell recognition system, identify the correct cell type: erythroblast']}",0.10000000149011612,pathology,hematopathology,light microscopy,brightfield microscopy,
classification,"['Synthetically generated Giemsa-stained light micrograph of human peripheral blood cell. As a blood cell recognition system, identify the correct cell type: Basophil', 'Synthetically generated Giemsa-stained light micrograph of human peripheral blood cell. As a blood cell recognition system, identify the correct cell type: Monocyte', 'Synthetically generated Giemsa-stained light micrograph of human peripheral blood cell. As a blood cell recognition system, identify the correct cell type: Lymphocyte', 'Synthetically generated Giemsa-stained light micrograph of human peripheral blood cell. As a blood cell recognition system, identify the correct cell type: Eosinophil', 'Synthetically generated Giemsa-stained light micrograph of human peripheral blood cell. As a blood cell recognition system, identify the correct cell type: Neutrophil', 'Synthetically generated Giemsa-stained light micrograph of human peripheral blood cell. As a blood cell recognition system, identify the correct cell type: none of the above']",ca671fd5-27a6-4268-a581-896c529034fe,Lymphocyte,2,"{'pred': [1], 'probs': [[0.11179037392139435, 0.4893272817134857, 0.12624238431453705, 0.11734405159950256, 0.1413017213344574, 0.013994235545396805]], 'pred_prompt': ['Synthetically generated Giemsa-stained light micrograph of human peripheral blood cell. As a blood cell recognition system, identify the correct cell type: Monocyte']}",0.1599999964237213,pathology,hematopathology,light microscopy,brightfield microscopy,
classification,"['A Giemsa-stained light micrograph displaying human peripheral blood cells. As a blood cell recognition system, identify the correct cell type: lymphocyte', 'A Giemsa-stained light micrograph displaying human peripheral blood cells. As a blood cell recognition system, identify the correct cell type: immature granulocyte', 'A Giemsa-stained light micrograph displaying human peripheral blood cells. As a blood cell recognition system, identify the correct cell type: monocyte', 'A Giemsa-stained light micrograph displaying human peripheral blood cells. As a blood cell recognition system, identify the correct cell type: platelet', 'A Giemsa-stained light micrograph displaying human peripheral blood cells. As a blood cell recognition system, identify the correct cell type: eosinophil', 'A Giemsa-stained light micrograph displaying human peripheral blood cells. As a blood cell recognition system, identify the correct cell type: none of the above']",d72e752c-c074-4132-875e-0034ba253bce,monocyte,2,"{'pred': [2], 'probs': [[0.07443714886903763, 0.0959053486585617, 0.6155025959014893, 0.06867367029190063, 0.12891057133674622, 0.01657063327729702]], 'pred_prompt': ['A Giemsa-stained light micrograph displaying human peripheral blood cells. As a blood cell recognition system, identify the correct cell type: monocyte']}",0.10000000149011612,pathology,hematopathology,light microscopy,brightfield microscopy,
classification,"['A Giemsa-stained light micrograph displaying human peripheral blood cells. As a blood cell recognition system, identify the correct cell type: eosinophil', 'A Giemsa-stained light micrograph displaying human peripheral blood cells. As a blood cell recognition system, identify the correct cell type: neutrophil', 'A Giemsa-stained light micrograph displaying human peripheral blood cells. As a blood cell recognition system, identify the correct cell type: monocyte', 'A Giemsa-stained light micrograph displaying human peripheral blood cells. As a blood cell recognition system, identify the correct cell type: platelet', 'A Giemsa-stained light micrograph displaying human peripheral blood cells. As a blood cell recognition system, identify the correct cell type: lymphocyte', 'A Giemsa-stained light micrograph displaying human peripheral blood cells. As a blood cell recognition system, identify the correct cell type: none of the above']",f637f000-0d6f-4889-8743-f86d1ab2430c,monocyte,2,"{'pred': [2], 'probs': [[0.08507414162158966, 0.11992892622947693, 0.6266542673110962, 0.06654836982488632, 0.08889508992433548, 0.012899119406938553]], 'pred_prompt': ['A Giemsa-stained light micrograph displaying human peripheral blood cells. As a blood cell recognition system, identify the correct cell type: monocyte']}",0.10000000149011612,pathology,hematopathology,light microscopy,brightfield microscopy,
classification,"['A Giemsa-stained light micrograph displaying human peripheral blood cells. As a blood cell recognition system, identify the correct cell type: lymphocyte', 'A Giemsa-stained light micrograph displaying human peripheral blood cells. As a blood cell recognition system, identify the correct cell type: platelet', 'A Giemsa-stained light micrograph displaying human peripheral blood cells. As a blood cell recognition system, identify the correct cell type: neutrophil', 'A Giemsa-stained light micrograph displaying human peripheral blood cells. As a blood cell recognition system, identify the correct cell type: erythroblast', 'A Giemsa-stained light micrograph displaying human peripheral blood cells. As a blood cell recognition system, identify the correct cell type: basophil', 'A Giemsa-stained light micrograph displaying human peripheral blood cells. As a blood cell recognition system, identify the correct cell type: none of the above']",ef42b62c-1106-4b19-b9b6-e13e3c7e10fc,basophil,4,"{'pred': [2], 'probs': [[0.17740681767463684, 0.1642492115497589, 0.31812405586242676, 0.2190464735031128, 0.062053222209215164, 0.059120189398527145]], 'pred_prompt': ['A Giemsa-stained light micrograph displaying human peripheral blood cells. As a blood cell recognition system, identify the correct cell type: neutrophil']}",0.10000000149011612,pathology,hematopathology,light microscopy,brightfield microscopy,
classification,"['Synthetically generated Giemsa-stained light micrograph of human peripheral blood cell. As a blood cell recognition system, identify the correct cell type: Monocyte', 'Synthetically generated Giemsa-stained light micrograph of human peripheral blood cell. As a blood cell recognition system, identify the correct cell type: Eosinophil', 'Synthetically generated Giemsa-stained light micrograph of human peripheral blood cell. As a blood cell recognition system, identify the correct cell type: Lymphocyte', 'Synthetically generated Giemsa-stained light micrograph of human peripheral blood cell. As a blood cell recognition system, identify the correct cell type: Neutrophil', 'Synthetically generated Giemsa-stained light micrograph of human peripheral blood cell. As a blood cell recognition system, identify the correct cell type: Basophil', 'Synthetically generated Giemsa-stained light micrograph of human peripheral blood cell. As a blood cell recognition system, identify the correct cell type: none of the above']",91fd3dc4-9617-4c5e-adee-8dd242c8223a,Lymphocyte,2,"{'pred': [0], 'probs': [[0.5198571085929871, 0.08913202583789825, 0.1342519074678421, 0.16132153570652008, 0.08966881036758423, 0.005768639966845512]], 'pred_prompt': ['Synthetically generated Giemsa-stained light micrograph of human peripheral blood cell. As a blood cell recognition system, identify the correct cell type: Monocyte']}",0.1599999964237213,pathology,hematopathology,light microscopy,brightfield microscopy,
classification,"['A Giemsa-stained light micrograph displaying human peripheral blood cells. As a blood cell recognition system, identify the correct cell type: erythroblast', 'A Giemsa-stained light micrograph displaying human peripheral blood cells. As a blood cell recognition system, identify the correct cell type: monocyte', 'A Giemsa-stained light micrograph displaying human peripheral blood cells. As a blood cell recognition system, identify the correct cell type: immature granulocyte', 'A Giemsa-stained light micrograph displaying human peripheral blood cells. As a blood cell recognition system, identify the correct cell type: eosinophil', 'A Giemsa-stained light micrograph displaying human peripheral blood cells. As a blood cell recognition system, identify the correct cell type: basophil', 'A Giemsa-stained light micrograph displaying human peripheral blood cells. As a blood cell recognition system, identify the correct cell type: none of the above']",ef991ef5-b9b4-4c0c-971e-6d03f6807769,monocyte,1,"{'pred': [1], 'probs': [[0.17302128672599792, 0.5959920287132263, 0.08456898480653763, 0.10251094400882721, 0.031040778383612633, 0.012865990400314331]], 'pred_prompt': ['A Giemsa-stained light micrograph displaying human peripheral blood cells. As a blood cell recognition system, identify the correct cell type: monocyte']}",0.10000000149011612,pathology,hematopathology,light microscopy,brightfield microscopy,
classification,"['Synthetically generated Giemsa-stained light micrograph of human peripheral blood cell. As a blood cell recognition system, identify the correct cell type: Neutrophil', 'Synthetically generated Giemsa-stained light micrograph of human peripheral blood cell. As a blood cell recognition system, identify the correct cell type: Eosinophil', 'Synthetically generated Giemsa-stained light micrograph of human peripheral blood cell. As a blood cell recognition system, identify the correct cell type: Lymphocyte', 'Synthetically generated Giemsa-stained light micrograph of human peripheral blood cell. As a blood cell recognition system, identify the correct cell type: Monocyte', 'Synthetically generated Giemsa-stained light micrograph of human peripheral blood cell. As a blood cell recognition system, identify the correct cell type: Basophil', 'Synthetically generated Giemsa-stained light micrograph of human peripheral blood cell. As a blood cell recognition system, identify the correct cell type: none of the above']",e9c09bb1-dcce-44c5-9c69-db73efef3a36,Eosinophil,1,"{'pred': [3], 'probs': [[0.22098462283611298, 0.1417047679424286, 0.13344471156597137, 0.4105794429779053, 0.08840806037187576, 0.004878425970673561]], 'pred_prompt': ['Synthetically generated Giemsa-stained light micrograph of human peripheral blood cell. As a blood cell recognition system, identify the correct cell type: Monocyte']}",0.1599999964237213,pathology,hematopathology,light microscopy,brightfield microscopy,
classification,"['Synthetically generated Giemsa-stained light micrograph of human peripheral blood cell. As a blood cell recognition system, identify the correct cell type: Monocyte', 'Synthetically generated Giemsa-stained light micrograph of human peripheral blood cell. As a blood cell recognition system, identify the correct cell type: Basophil', 'Synthetically generated Giemsa-stained light micrograph of human peripheral blood cell. As a blood cell recognition system, identify the correct cell type: Eosinophil', 'Synthetically generated Giemsa-stained light micrograph of human peripheral blood cell. As a blood cell recognition system, identify the correct cell type: Neutrophil', 'Synthetically generated Giemsa-stained light micrograph of human peripheral blood cell. As a blood cell recognition system, identify the correct cell type: Lymphocyte', 'Synthetically generated Giemsa-stained light micrograph of human peripheral blood cell. As a blood cell recognition system, identify the correct cell type: none of the above']",49081af0-244a-43ac-b65d-9c765e24ba48,Monocyte,0,"{'pred': [0], 'probs': [[0.5205119848251343, 0.05617563799023628, 0.15981414914131165, 0.17326299846172333, 0.0861409455537796, 0.004094263073056936]], 'pred_prompt': ['Synthetically generated Giemsa-stained light micrograph of human peripheral blood cell. As a blood cell recognition system, identify the correct cell type: Monocyte']}",0.1599999964237213,pathology,hematopathology,light microscopy,brightfield microscopy,
classification,"['A Giemsa-stained light micrograph displaying human peripheral blood cells. As a blood cell recognition system, identify the correct cell type: lymphocyte', 'A Giemsa-stained light micrograph displaying human peripheral blood cells. As a blood cell recognition system, identify the correct cell type: erythroblast', 'A Giemsa-stained light micrograph displaying human peripheral blood cells. As a blood cell recognition system, identify the correct cell type: monocyte', 'A Giemsa-stained light micrograph displaying human peripheral blood cells. As a blood cell recognition system, identify the correct cell type: platelet', 'A Giemsa-stained light micrograph displaying human peripheral blood cells. As a blood cell recognition system, identify the correct cell type: eosinophil', 'A Giemsa-stained light micrograph displaying human peripheral blood cells. As a blood cell recognition system, identify the correct cell type: none of the above']",fcc0c3ca-5298-4974-b639-4cd528e0dfea,lymphocyte,0,"{'pred': [2], 'probs': [[0.08561425656080246, 0.2170075625181198, 0.4624221622943878, 0.0935697928071022, 0.11599593609571457, 0.025390299037098885]], 'pred_prompt': ['A Giemsa-stained light micrograph displaying human peripheral blood cells. As a blood cell recognition system, identify the correct cell type: monocyte']}",0.10000000149011612,pathology,hematopathology,light microscopy,brightfield microscopy,
classification,"['A Giemsa-stained light micrograph displaying human peripheral blood cells. As a blood cell recognition system, identify the correct cell type: basophil', 'A Giemsa-stained light micrograph displaying human peripheral blood cells. As a blood cell recognition system, identify the correct cell type: erythroblast', 'A Giemsa-stained light micrograph displaying human peripheral blood cells. As a blood cell recognition system, identify the correct cell type: platelet', 'A Giemsa-stained light micrograph displaying human peripheral blood cells. As a blood cell recognition system, identify the correct cell type: lymphocyte', 'A Giemsa-stained light micrograph displaying human peripheral blood cells. As a blood cell recognition system, identify the correct cell type: neutrophil', 'A Giemsa-stained light micrograph displaying human peripheral blood cells. As a blood cell recognition system, identify the correct cell type: none of the above']",32a006cd-51af-4b53-9cd0-788807227ac2,erythroblast,1,"{'pred': [1], 'probs': [[0.05521142855286598, 0.4405015707015991, 0.06268481910228729, 0.16717450320720673, 0.23168128728866577, 0.04274635389447212]], 'pred_prompt': ['A Giemsa-stained light micrograph displaying human peripheral blood cells. As a blood cell recognition system, identify the correct cell type: erythroblast']}",0.10000000149011612,pathology,hematopathology,light microscopy,brightfield microscopy,
classification,"['A Giemsa-stained light micrograph displaying human peripheral blood cells. As a blood cell recognition system, identify the correct cell type: erythroblast', 'A Giemsa-stained light micrograph displaying human peripheral blood cells. As a blood cell recognition system, identify the correct cell type: eosinophil', 'A Giemsa-stained light micrograph displaying human peripheral blood cells. As a blood cell recognition system, identify the correct cell type: basophil', 'A Giemsa-stained light micrograph displaying human peripheral blood cells. As a blood cell recognition system, identify the correct cell type: immature granulocyte', 'A Giemsa-stained light micrograph displaying human peripheral blood cells. As a blood cell recognition system, identify the correct cell type: monocyte', 'A Giemsa-stained light micrograph displaying human peripheral blood cells. As a blood cell recognition system, identify the correct cell type: none of the above']",233c373d-54e2-4f33-9899-2e43bf363f8c,monocyte,4,"{'pred': [4], 'probs': [[0.2363792061805725, 0.1004844382405281, 0.0448513887822628, 0.19394390285015106, 0.3874051570892334, 0.036935850977897644]], 'pred_prompt': ['A Giemsa-stained light micrograph displaying human peripheral blood cells. As a blood cell recognition system, identify the correct cell type: monocyte']}",0.10000000149011612,pathology,hematopathology,light microscopy,brightfield microscopy,
classification,"['A Giemsa-stained light micrograph displaying human peripheral blood cells. As a blood cell recognition system, identify the correct cell type: erythroblast', 'A Giemsa-stained light micrograph displaying human peripheral blood cells. As a blood cell recognition system, identify the correct cell type: eosinophil', 'A Giemsa-stained light micrograph displaying human peripheral blood cells. As a blood cell recognition system, identify the correct cell type: immature granulocyte', 'A Giemsa-stained light micrograph displaying human peripheral blood cells. As a blood cell recognition system, identify the correct cell type: basophil', 'A Giemsa-stained light micrograph displaying human peripheral blood cells. As a blood cell recognition system, identify the correct cell type: monocyte', 'A Giemsa-stained light micrograph displaying human peripheral blood cells. As a blood cell recognition system, identify the correct cell type: none of the above']",8eecd2a4-bff1-4634-a5ca-b2b03716b733,monocyte,4,"{'pred': [4], 'probs': [[0.1586935967206955, 0.1034819707274437, 0.08306322991847992, 0.02941960096359253, 0.6106691360473633, 0.014672442339360714]], 'pred_prompt': ['A Giemsa-stained light micrograph displaying human peripheral blood cells. As a blood cell recognition system, identify the correct cell type: monocyte']}",0.10000000149011612,pathology,hematopathology,light microscopy,brightfield microscopy,
classification,"['Synthetically generated Giemsa-stained light micrograph of human peripheral blood cell. As a blood cell recognition system, identify the correct cell type: Basophil', 'Synthetically generated Giemsa-stained light micrograph of human peripheral blood cell. As a blood cell recognition system, identify the correct cell type: Neutrophil', 'Synthetically generated Giemsa-stained light micrograph of human peripheral blood cell. As a blood cell recognition system, identify the correct cell type: Monocyte', 'Synthetically generated Giemsa-stained light micrograph of human peripheral blood cell. As a blood cell recognition system, identify the correct cell type: Eosinophil', 'Synthetically generated Giemsa-stained light micrograph of human peripheral blood cell. As a blood cell recognition system, identify the correct cell type: Lymphocyte', 'Synthetically generated Giemsa-stained light micrograph of human peripheral blood cell. As a blood cell recognition system, identify the correct cell type: none of the above']",51904b2b-ce93-4a50-b2d8-e446f46731e2,Monocyte,2,"{'pred': [2], 'probs': [[0.16549500823020935, 0.15427596867084503, 0.36274516582489014, 0.19133420288562775, 0.11819861829280853, 0.007951080799102783]], 'pred_prompt': ['Synthetically generated Giemsa-stained light micrograph of human peripheral blood cell. As a blood cell recognition system, identify the correct cell type: Monocyte']}",0.1599999964237213,pathology,hematopathology,light microscopy,brightfield microscopy,
classification,"['Synthetically generated Giemsa-stained light micrograph of human peripheral blood cell. As a blood cell recognition system, identify the correct cell type: Neutrophil', 'Synthetically generated Giemsa-stained light micrograph of human peripheral blood cell. As a blood cell recognition system, identify the correct cell type: Lymphocyte', 'Synthetically generated Giemsa-stained light micrograph of human peripheral blood cell. As a blood cell recognition system, identify the correct cell type: Eosinophil', 'Synthetically generated Giemsa-stained light micrograph of human peripheral blood cell. As a blood cell recognition system, identify the correct cell type: Monocyte', 'Synthetically generated Giemsa-stained light micrograph of human peripheral blood cell. As a blood cell recognition system, identify the correct cell type: Basophil', 'Synthetically generated Giemsa-stained light micrograph of human peripheral blood cell. As a blood cell recognition system, identify the correct cell type: none of the above']",fcfa0e13-30c8-4f73-b94a-40e364e58567,Lymphocyte,1,"{'pred': [3], 'probs': [[0.24989134073257446, 0.13989375531673431, 0.11439898610115051, 0.3943975269794464, 0.08029194176197052, 0.021126437932252884]], 'pred_prompt': ['Synthetically generated Giemsa-stained light micrograph of human peripheral blood cell. As a blood cell recognition system, identify the correct cell type: Monocyte']}",0.1599999964237213,pathology,hematopathology,light microscopy,brightfield microscopy,
classification,"['A Giemsa-stained light micrograph displaying human peripheral blood cells. As a blood cell recognition system, identify the correct cell type: erythroblast', 'A Giemsa-stained light micrograph displaying human peripheral blood cells. As a blood cell recognition system, identify the correct cell type: immature granulocyte', 'A Giemsa-stained light micrograph displaying human peripheral blood cells. As a blood cell recognition system, identify the correct cell type: lymphocyte', 'A Giemsa-stained light micrograph displaying human peripheral blood cells. As a blood cell recognition system, identify the correct cell type: eosinophil', 'A Giemsa-stained light micrograph displaying human peripheral blood cells. As a blood cell recognition system, identify the correct cell type: neutrophil', 'A Giemsa-stained light micrograph displaying human peripheral blood cells. As a blood cell recognition system, identify the correct cell type: none of the above']",38aaf9ba-6351-432c-a349-d1c009506e82,eosinophil,3,"{'pred': [0], 'probs': [[0.33487603068351746, 0.16408951580524445, 0.13174203038215637, 0.1030699759721756, 0.24138258397579193, 0.024839865043759346]], 'pred_prompt': ['A Giemsa-stained light micrograph displaying human peripheral blood cells. As a blood cell recognition system, identify the correct cell type: erythroblast']}",0.10000000149011612,pathology,hematopathology,light microscopy,brightfield microscopy,
classification,"['Synthetically generated Giemsa-stained light micrograph of human peripheral blood cell. As a blood cell recognition system, identify the correct cell type: Lymphocyte', 'Synthetically generated Giemsa-stained light micrograph of human peripheral blood cell. As a blood cell recognition system, identify the correct cell type: Eosinophil', 'Synthetically generated Giemsa-stained light micrograph of human peripheral blood cell. As a blood cell recognition system, identify the correct cell type: Basophil', 'Synthetically generated Giemsa-stained light micrograph of human peripheral blood cell. As a blood cell recognition system, identify the correct cell type: Monocyte', 'Synthetically generated Giemsa-stained light micrograph of human peripheral blood cell. As a blood cell recognition system, identify the correct cell type: Neutrophil', 'Synthetically generated Giemsa-stained light micrograph of human peripheral blood cell. As a blood cell recognition system, identify the correct cell type: none of the above']",109f7f9b-03fd-4cdc-bdf6-8213c38b4c1b,Basophil,2,"{'pred': [1], 'probs': [[0.09203843772411346, 0.26073193550109863, 0.18196260929107666, 0.23746977746486664, 0.21181999146938324, 0.015977265313267708]], 'pred_prompt': ['Synthetically generated Giemsa-stained light micrograph of human peripheral blood cell. As a blood cell recognition system, identify the correct cell type: Eosinophil']}",0.1599999964237213,pathology,hematopathology,light microscopy,brightfield microscopy,
classification,"['Synthetically generated Giemsa-stained light micrograph of human peripheral blood cell. As a blood cell recognition system, identify the correct cell type: Basophil', 'Synthetically generated Giemsa-stained light micrograph of human peripheral blood cell. As a blood cell recognition system, identify the correct cell type: Neutrophil', 'Synthetically generated Giemsa-stained light micrograph of human peripheral blood cell. As a blood cell recognition system, identify the correct cell type: Monocyte', 'Synthetically generated Giemsa-stained light micrograph of human peripheral blood cell. As a blood cell recognition system, identify the correct cell type: Lymphocyte', 'Synthetically generated Giemsa-stained light micrograph of human peripheral blood cell. As a blood cell recognition system, identify the correct cell type: Eosinophil', 'Synthetically generated Giemsa-stained light micrograph of human peripheral blood cell. As a blood cell recognition system, identify the correct cell type: none of the above']",af363276-c0c3-4246-9730-226d5f8ea535,Eosinophil,4,"{'pred': [2], 'probs': [[0.06730710715055466, 0.20736713707447052, 0.44535863399505615, 0.12219957262277603, 0.15468229353427887, 0.0030852470081299543]], 'pred_prompt': ['Synthetically generated Giemsa-stained light micrograph of human peripheral blood cell. As a blood cell recognition system, identify the correct cell type: Monocyte']}",0.1599999964237213,pathology,hematopathology,light microscopy,brightfield microscopy,
classification,"['Synthetically generated Giemsa-stained light micrograph of human peripheral blood cell. As a blood cell recognition system, identify the correct cell type: Monocyte', 'Synthetically generated Giemsa-stained light micrograph of human peripheral blood cell. As a blood cell recognition system, identify the correct cell type: Lymphocyte', 'Synthetically generated Giemsa-stained light micrograph of human peripheral blood cell. As a blood cell recognition system, identify the correct cell type: Eosinophil', 'Synthetically generated Giemsa-stained light micrograph of human peripheral blood cell. As a blood cell recognition system, identify the correct cell type: Neutrophil', 'Synthetically generated Giemsa-stained light micrograph of human peripheral blood cell. As a blood cell recognition system, identify the correct cell type: Basophil', 'Synthetically generated Giemsa-stained light micrograph of human peripheral blood cell. As a blood cell recognition system, identify the correct cell type: none of the above']",559b376d-40a5-4022-8ba1-9a961b29f3ad,Eosinophil,2,"{'pred': [1], 'probs': [[0.29772278666496277, 0.3743722438812256, 0.13193589448928833, 0.12095578759908676, 0.06312846392393112, 0.0118849016726017]], 'pred_prompt': ['Synthetically generated Giemsa-stained light micrograph of human peripheral blood cell. As a blood cell recognition system, identify the correct cell type: Lymphocyte']}",0.1599999964237213,pathology,hematopathology,light microscopy,brightfield microscopy,
classification,"['Synthetically generated Giemsa-stained light micrograph of human peripheral blood cell. As a blood cell recognition system, identify the correct cell type: Monocyte', 'Synthetically generated Giemsa-stained light micrograph of human peripheral blood cell. As a blood cell recognition system, identify the correct cell type: Lymphocyte', 'Synthetically generated Giemsa-stained light micrograph of human peripheral blood cell. As a blood cell recognition system, identify the correct cell type: Neutrophil', 'Synthetically generated Giemsa-stained light micrograph of human peripheral blood cell. As a blood cell recognition system, identify the correct cell type: Basophil', 'Synthetically generated Giemsa-stained light micrograph of human peripheral blood cell. As a blood cell recognition system, identify the correct cell type: Eosinophil', 'Synthetically generated Giemsa-stained light micrograph of human peripheral blood cell. As a blood cell recognition system, identify the correct cell type: none of the above']",ec7a2267-1afc-4ab0-adbc-f43dcd887adf,Basophil,3,"{'pred': [0], 'probs': [[0.43829241394996643, 0.08711528033018112, 0.23279665410518646, 0.08241461217403412, 0.15130291879177094, 0.008078106679022312]], 'pred_prompt': ['Synthetically generated Giemsa-stained light micrograph of human peripheral blood cell. As a blood cell recognition system, identify the correct cell type: Monocyte']}",0.1599999964237213,pathology,hematopathology,light microscopy,brightfield microscopy,
classification,"['Synthetically generated Giemsa-stained light micrograph of human peripheral blood cell. As a blood cell recognition system, identify the correct cell type: Lymphocyte', 'Synthetically generated Giemsa-stained light micrograph of human peripheral blood cell. As a blood cell recognition system, identify the correct cell type: Eosinophil', 'Synthetically generated Giemsa-stained light micrograph of human peripheral blood cell. As a blood cell recognition system, identify the correct cell type: Neutrophil', 'Synthetically generated Giemsa-stained light micrograph of human peripheral blood cell. As a blood cell recognition system, identify the correct cell type: Monocyte', 'Synthetically generated Giemsa-stained light micrograph of human peripheral blood cell. As a blood cell recognition system, identify the correct cell type: Basophil', 'Synthetically generated Giemsa-stained light micrograph of human peripheral blood cell. As a blood cell recognition system, identify the correct cell type: none of the above']",eebea72e-c8bc-48d4-b210-b68b19abb604,Basophil,4,"{'pred': [3], 'probs': [[0.07266979664564133, 0.1964353770017624, 0.15741273760795593, 0.4595203399658203, 0.10555580258369446, 0.00840588379651308]], 'pred_prompt': ['Synthetically generated Giemsa-stained light micrograph of human peripheral blood cell. As a blood cell recognition system, identify the correct cell type: Monocyte']}",0.1599999964237213,pathology,hematopathology,light microscopy,brightfield microscopy,
classification,"['Synthetically generated Giemsa-stained light micrograph of human peripheral blood cell. As a blood cell recognition system, identify the correct cell type: Eosinophil', 'Synthetically generated Giemsa-stained light micrograph of human peripheral blood cell. As a blood cell recognition system, identify the correct cell type: Neutrophil', 'Synthetically generated Giemsa-stained light micrograph of human peripheral blood cell. As a blood cell recognition system, identify the correct cell type: Basophil', 'Synthetically generated Giemsa-stained light micrograph of human peripheral blood cell. As a blood cell recognition system, identify the correct cell type: Monocyte', 'Synthetically generated Giemsa-stained light micrograph of human peripheral blood cell. As a blood cell recognition system, identify the correct cell type: Lymphocyte', 'Synthetically generated Giemsa-stained light micrograph of human peripheral blood cell. As a blood cell recognition system, identify the correct cell type: none of the above']",187540bb-0c10-4190-a508-dad615d38a12,Lymphocyte,4,"{'pred': [3], 'probs': [[0.0962243378162384, 0.1521097868680954, 0.0793902799487114, 0.5504474639892578, 0.1148136705160141, 0.007014481350779533]], 'pred_prompt': ['Synthetically generated Giemsa-stained light micrograph of human peripheral blood cell. As a blood cell recognition system, identify the correct cell type: Monocyte']}",0.1599999964237213,pathology,hematopathology,light microscopy,brightfield microscopy,
classification,"['A Giemsa-stained light micrograph displaying human peripheral blood cells. As a blood cell recognition system, identify the correct cell type: lymphocyte', 'A Giemsa-stained light micrograph displaying human peripheral blood cells. As a blood cell recognition system, identify the correct cell type: neutrophil', 'A Giemsa-stained light micrograph displaying human peripheral blood cells. As a blood cell recognition system, identify the correct cell type: erythroblast', 'A Giemsa-stained light micrograph displaying human peripheral blood cells. As a blood cell recognition system, identify the correct cell type: immature granulocyte', 'A Giemsa-stained light micrograph displaying human peripheral blood cells. As a blood cell recognition system, identify the correct cell type: monocyte', 'A Giemsa-stained light micrograph displaying human peripheral blood cells. As a blood cell recognition system, identify the correct cell type: none of the above']",af2b27f0-9e7a-4a4b-b136-fce690a8eec8,neutrophil,1,"{'pred': [4], 'probs': [[0.08469720184803009, 0.12587586045265198, 0.2174956351518631, 0.08359206467866898, 0.4675125181674957, 0.020826689898967743]], 'pred_prompt': ['A Giemsa-stained light micrograph displaying human peripheral blood cells. As a blood cell recognition system, identify the correct cell type: monocyte']}",0.10000000149011612,pathology,hematopathology,light microscopy,brightfield microscopy,
classification,"['A Giemsa-stained light micrograph displaying human peripheral blood cells. As a blood cell recognition system, identify the correct cell type: platelet', 'A Giemsa-stained light micrograph displaying human peripheral blood cells. As a blood cell recognition system, identify the correct cell type: eosinophil', 'A Giemsa-stained light micrograph displaying human peripheral blood cells. As a blood cell recognition system, identify the correct cell type: monocyte', 'A Giemsa-stained light micrograph displaying human peripheral blood cells. As a blood cell recognition system, identify the correct cell type: immature granulocyte', 'A Giemsa-stained light micrograph displaying human peripheral blood cells. As a blood cell recognition system, identify the correct cell type: lymphocyte', 'A Giemsa-stained light micrograph displaying human peripheral blood cells. As a blood cell recognition system, identify the correct cell type: none of the above']",8c0889ec-abdc-48f5-9edc-527ae33a434a,immature granulocyte,3,"{'pred': [2], 'probs': [[0.08291763067245483, 0.12402857840061188, 0.5685315132141113, 0.13585495948791504, 0.06469787657260895, 0.02396939881145954]], 'pred_prompt': ['A Giemsa-stained light micrograph displaying human peripheral blood cells. As a blood cell recognition system, identify the correct cell type: monocyte']}",0.10000000149011612,pathology,hematopathology,light microscopy,brightfield microscopy,
classification,"['A Giemsa-stained light micrograph displaying human peripheral blood cells. As a blood cell recognition system, identify the correct cell type: eosinophil', 'A Giemsa-stained light micrograph displaying human peripheral blood cells. As a blood cell recognition system, identify the correct cell type: lymphocyte', 'A Giemsa-stained light micrograph displaying human peripheral blood cells. As a blood cell recognition system, identify the correct cell type: immature granulocyte', 'A Giemsa-stained light micrograph displaying human peripheral blood cells. As a blood cell recognition system, identify the correct cell type: erythroblast', 'A Giemsa-stained light micrograph displaying human peripheral blood cells. As a blood cell recognition system, identify the correct cell type: basophil', 'A Giemsa-stained light micrograph displaying human peripheral blood cells. As a blood cell recognition system, identify the correct cell type: none of the above']",5e03ef47-b1dd-40e4-8f0a-f4778144a428,immature granulocyte,2,"{'pred': [2], 'probs': [[0.17048878967761993, 0.1806761622428894, 0.28979551792144775, 0.2883102595806122, 0.039512842893600464, 0.03121635876595974]], 'pred_prompt': ['A Giemsa-stained light micrograph displaying human peripheral blood cells. As a blood cell recognition system, identify the correct cell type: immature granulocyte']}",0.10000000149011612,pathology,hematopathology,light microscopy,brightfield microscopy,
classification,"['A Giemsa-stained light micrograph displaying human peripheral blood cells. As a blood cell recognition system, identify the correct cell type: monocyte', 'A Giemsa-stained light micrograph displaying human peripheral blood cells. As a blood cell recognition system, identify the correct cell type: platelet', 'A Giemsa-stained light micrograph displaying human peripheral blood cells. As a blood cell recognition system, identify the correct cell type: lymphocyte', 'A Giemsa-stained light micrograph displaying human peripheral blood cells. As a blood cell recognition system, identify the correct cell type: eosinophil', 'A Giemsa-stained light micrograph displaying human peripheral blood cells. As a blood cell recognition system, identify the correct cell type: immature granulocyte', 'A Giemsa-stained light micrograph displaying human peripheral blood cells. As a blood cell recognition system, identify the correct cell type: none of the above']",7ecdf779-c3c8-4b38-a2d3-7b2df176719b,lymphocyte,2,"{'pred': [0], 'probs': [[0.5166212916374207, 0.12927892804145813, 0.10604297369718552, 0.11206398159265518, 0.08761976659297943, 0.04837309569120407]], 'pred_prompt': ['A Giemsa-stained light micrograph displaying human peripheral blood cells. As a blood cell recognition system, identify the correct cell type: monocyte']}",0.10000000149011612,pathology,hematopathology,light microscopy,brightfield microscopy,
classification,"['Synthetically generated Giemsa-stained light micrograph of human peripheral blood cell. As a blood cell recognition system, identify the correct cell type: Lymphocyte', 'Synthetically generated Giemsa-stained light micrograph of human peripheral blood cell. As a blood cell recognition system, identify the correct cell type: Basophil', 'Synthetically generated Giemsa-stained light micrograph of human peripheral blood cell. As a blood cell recognition system, identify the correct cell type: Eosinophil', 'Synthetically generated Giemsa-stained light micrograph of human peripheral blood cell. As a blood cell recognition system, identify the correct cell type: Monocyte', 'Synthetically generated Giemsa-stained light micrograph of human peripheral blood cell. As a blood cell recognition system, identify the correct cell type: Neutrophil', 'Synthetically generated Giemsa-stained light micrograph of human peripheral blood cell. As a blood cell recognition system, identify the correct cell type: none of the above']",5ae1ecf6-50d0-4361-ad1a-23aed75f751b,Neutrophil,4,"{'pred': [3], 'probs': [[0.12492254376411438, 0.059697750955820084, 0.19666723906993866, 0.41274064779281616, 0.20059742033481598, 0.005374386440962553]], 'pred_prompt': ['Synthetically generated Giemsa-stained light micrograph of human peripheral blood cell. As a blood cell recognition system, identify the correct cell type: Monocyte']}",0.1599999964237213,pathology,hematopathology,light microscopy,brightfield microscopy,
classification,"['Synthetically generated Giemsa-stained light micrograph of human peripheral blood cell. As a blood cell recognition system, identify the correct cell type: Lymphocyte', 'Synthetically generated Giemsa-stained light micrograph of human peripheral blood cell. As a blood cell recognition system, identify the correct cell type: Basophil', 'Synthetically generated Giemsa-stained light micrograph of human peripheral blood cell. As a blood cell recognition system, identify the correct cell type: Eosinophil', 'Synthetically generated Giemsa-stained light micrograph of human peripheral blood cell. As a blood cell recognition system, identify the correct cell type: Neutrophil', 'Synthetically generated Giemsa-stained light micrograph of human peripheral blood cell. As a blood cell recognition system, identify the correct cell type: Monocyte', 'Synthetically generated Giemsa-stained light micrograph of human peripheral blood cell. As a blood cell recognition system, identify the correct cell type: none of the above']",3851770c-2f37-48b9-a274-cd567865d665,Basophil,1,"{'pred': [4], 'probs': [[0.1226133331656456, 0.11947501450777054, 0.16611018776893616, 0.2064201682806015, 0.37849774956703186, 0.006883506663143635]], 'pred_prompt': ['Synthetically generated Giemsa-stained light micrograph of human peripheral blood cell. As a blood cell recognition system, identify the correct cell type: Monocyte']}",0.1599999964237213,pathology,hematopathology,light microscopy,brightfield microscopy,
classification,"['Synthetically generated Giemsa-stained light micrograph of human peripheral blood cell. As a blood cell recognition system, identify the correct cell type: Monocyte', 'Synthetically generated Giemsa-stained light micrograph of human peripheral blood cell. As a blood cell recognition system, identify the correct cell type: Eosinophil', 'Synthetically generated Giemsa-stained light micrograph of human peripheral blood cell. As a blood cell recognition system, identify the correct cell type: Basophil', 'Synthetically generated Giemsa-stained light micrograph of human peripheral blood cell. As a blood cell recognition system, identify the correct cell type: Lymphocyte', 'Synthetically generated Giemsa-stained light micrograph of human peripheral blood cell. As a blood cell recognition system, identify the correct cell type: Neutrophil', 'Synthetically generated Giemsa-stained light micrograph of human peripheral blood cell. As a blood cell recognition system, identify the correct cell type: none of the above']",96a96150-fca5-43f7-83f4-60029667aab0,Basophil,2,"{'pred': [0], 'probs': [[0.362201064825058, 0.20265622437000275, 0.1420051008462906, 0.10149770230054855, 0.17870913445949554, 0.012930790893733501]], 'pred_prompt': ['Synthetically generated Giemsa-stained light micrograph of human peripheral blood cell. As a blood cell recognition system, identify the correct cell type: Monocyte']}",0.1599999964237213,pathology,hematopathology,light microscopy,brightfield microscopy,
classification,"['A Giemsa-stained light micrograph displaying human peripheral blood cells. As a blood cell recognition system, identify the correct cell type: immature granulocyte', 'A Giemsa-stained light micrograph displaying human peripheral blood cells. As a blood cell recognition system, identify the correct cell type: monocyte', 'A Giemsa-stained light micrograph displaying human peripheral blood cells. As a blood cell recognition system, identify the correct cell type: lymphocyte', 'A Giemsa-stained light micrograph displaying human peripheral blood cells. As a blood cell recognition system, identify the correct cell type: eosinophil', 'A Giemsa-stained light micrograph displaying human peripheral blood cells. As a blood cell recognition system, identify the correct cell type: neutrophil', 'A Giemsa-stained light micrograph displaying human peripheral blood cells. As a blood cell recognition system, identify the correct cell type: none of the above']",2d136936-739c-4649-b8ff-26c79555664d,monocyte,1,"{'pred': [1], 'probs': [[0.11191641539335251, 0.4661458730697632, 0.08555597811937332, 0.11934316903352737, 0.19484402239322662, 0.022194482386112213]], 'pred_prompt': ['A Giemsa-stained light micrograph displaying human peripheral blood cells. As a blood cell recognition system, identify the correct cell type: monocyte']}",0.10000000149011612,pathology,hematopathology,light microscopy,brightfield microscopy,
classification,"['A Giemsa-stained light micrograph displaying human peripheral blood cells. As a blood cell recognition system, identify the correct cell type: monocyte', 'A Giemsa-stained light micrograph displaying human peripheral blood cells. As a blood cell recognition system, identify the correct cell type: basophil', 'A Giemsa-stained light micrograph displaying human peripheral blood cells. As a blood cell recognition system, identify the correct cell type: platelet', 'A Giemsa-stained light micrograph displaying human peripheral blood cells. As a blood cell recognition system, identify the correct cell type: lymphocyte', 'A Giemsa-stained light micrograph displaying human peripheral blood cells. As a blood cell recognition system, identify the correct cell type: eosinophil', 'A Giemsa-stained light micrograph displaying human peripheral blood cells. As a blood cell recognition system, identify the correct cell type: none of the above']",d6c9331e-dc1a-4432-97e8-c51acc27c967,lymphocyte,3,"{'pred': [0], 'probs': [[0.5246080160140991, 0.06328870356082916, 0.12325890362262726, 0.11325985193252563, 0.12960265576839447, 0.04598177224397659]], 'pred_prompt': ['A Giemsa-stained light micrograph displaying human peripheral blood cells. As a blood cell recognition system, identify the correct cell type: monocyte']}",0.10000000149011612,pathology,hematopathology,light microscopy,brightfield microscopy,
classification,"['Synthetically generated Giemsa-stained light micrograph of human peripheral blood cell. As a blood cell recognition system, identify the correct cell type: Basophil', 'Synthetically generated Giemsa-stained light micrograph of human peripheral blood cell. As a blood cell recognition system, identify the correct cell type: Eosinophil', 'Synthetically generated Giemsa-stained light micrograph of human peripheral blood cell. As a blood cell recognition system, identify the correct cell type: Lymphocyte', 'Synthetically generated Giemsa-stained light micrograph of human peripheral blood cell. As a blood cell recognition system, identify the correct cell type: Neutrophil', 'Synthetically generated Giemsa-stained light micrograph of human peripheral blood cell. As a blood cell recognition system, identify the correct cell type: Monocyte', 'Synthetically generated Giemsa-stained light micrograph of human peripheral blood cell. As a blood cell recognition system, identify the correct cell type: none of the above']",bd0a4300-8294-498f-81ea-57c8530d83e3,Basophil,0,"{'pred': [4], 'probs': [[0.06148587539792061, 0.15941229462623596, 0.10764465481042862, 0.17607878148555756, 0.48751556873321533, 0.007862839847803116]], 'pred_prompt': ['Synthetically generated Giemsa-stained light micrograph of human peripheral blood cell. As a blood cell recognition system, identify the correct cell type: Monocyte']}",0.1599999964237213,pathology,hematopathology,light microscopy,brightfield microscopy,
classification,"['Synthetically generated Giemsa-stained light micrograph of human peripheral blood cell. As a blood cell recognition system, identify the correct cell type: Basophil', 'Synthetically generated Giemsa-stained light micrograph of human peripheral blood cell. As a blood cell recognition system, identify the correct cell type: Neutrophil', 'Synthetically generated Giemsa-stained light micrograph of human peripheral blood cell. As a blood cell recognition system, identify the correct cell type: Eosinophil', 'Synthetically generated Giemsa-stained light micrograph of human peripheral blood cell. As a blood cell recognition system, identify the correct cell type: Lymphocyte', 'Synthetically generated Giemsa-stained light micrograph of human peripheral blood cell. As a blood cell recognition system, identify the correct cell type: Monocyte', 'Synthetically generated Giemsa-stained light micrograph of human peripheral blood cell. As a blood cell recognition system, identify the correct cell type: none of the above']",12834eef-9b80-483d-be0c-bdcbc7763469,Lymphocyte,3,"{'pred': [4], 'probs': [[0.11386174708604813, 0.17612329125404358, 0.10015391558408737, 0.12400472909212112, 0.47857195138931274, 0.007284327410161495]], 'pred_prompt': ['Synthetically generated Giemsa-stained light micrograph of human peripheral blood cell. As a blood cell recognition system, identify the correct cell type: Monocyte']}",0.1599999964237213,pathology,hematopathology,light microscopy,brightfield microscopy,
classification,"['Synthetically generated Giemsa-stained light micrograph of human peripheral blood cell. As a blood cell recognition system, identify the correct cell type: Eosinophil', 'Synthetically generated Giemsa-stained light micrograph of human peripheral blood cell. As a blood cell recognition system, identify the correct cell type: Neutrophil', 'Synthetically generated Giemsa-stained light micrograph of human peripheral blood cell. As a blood cell recognition system, identify the correct cell type: Lymphocyte', 'Synthetically generated Giemsa-stained light micrograph of human peripheral blood cell. As a blood cell recognition system, identify the correct cell type: Basophil', 'Synthetically generated Giemsa-stained light micrograph of human peripheral blood cell. As a blood cell recognition system, identify the correct cell type: Monocyte', 'Synthetically generated Giemsa-stained light micrograph of human peripheral blood cell. As a blood cell recognition system, identify the correct cell type: none of the above']",982cd096-a9d7-488e-8745-33005547d66f,Neutrophil,1,"{'pred': [4], 'probs': [[0.12502197921276093, 0.193642258644104, 0.18119949102401733, 0.06246626749634743, 0.430541068315506, 0.007128944154828787]], 'pred_prompt': ['Synthetically generated Giemsa-stained light micrograph of human peripheral blood cell. As a blood cell recognition system, identify the correct cell type: Monocyte']}",0.1599999964237213,pathology,hematopathology,light microscopy,brightfield microscopy,
classification,"['A Giemsa-stained light micrograph displaying human peripheral blood cells. As a blood cell recognition system, identify the correct cell type: immature granulocyte', 'A Giemsa-stained light micrograph displaying human peripheral blood cells. As a blood cell recognition system, identify the correct cell type: monocyte', 'A Giemsa-stained light micrograph displaying human peripheral blood cells. As a blood cell recognition system, identify the correct cell type: lymphocyte', 'A Giemsa-stained light micrograph displaying human peripheral blood cells. As a blood cell recognition system, identify the correct cell type: basophil', 'A Giemsa-stained light micrograph displaying human peripheral blood cells. As a blood cell recognition system, identify the correct cell type: platelet', 'A Giemsa-stained light micrograph displaying human peripheral blood cells. As a blood cell recognition system, identify the correct cell type: none of the above']",5864c3a8-7233-4085-b2b1-074a436ac083,platelet,4,"{'pred': [1], 'probs': [[0.09554515033960342, 0.3965330719947815, 0.11070331931114197, 0.09993737190961838, 0.2110096514225006, 0.08627143502235413]], 'pred_prompt': ['A Giemsa-stained light micrograph displaying human peripheral blood cells. As a blood cell recognition system, identify the correct cell type: monocyte']}",0.10000000149011612,pathology,hematopathology,light microscopy,brightfield microscopy,
classification,"['A Giemsa-stained light micrograph displaying human peripheral blood cells. As a blood cell recognition system, identify the correct cell type: platelet', 'A Giemsa-stained light micrograph displaying human peripheral blood cells. As a blood cell recognition system, identify the correct cell type: basophil', 'A Giemsa-stained light micrograph displaying human peripheral blood cells. As a blood cell recognition system, identify the correct cell type: monocyte', 'A Giemsa-stained light micrograph displaying human peripheral blood cells. As a blood cell recognition system, identify the correct cell type: neutrophil', 'A Giemsa-stained light micrograph displaying human peripheral blood cells. As a blood cell recognition system, identify the correct cell type: eosinophil', 'A Giemsa-stained light micrograph displaying human peripheral blood cells. As a blood cell recognition system, identify the correct cell type: none of the above']",74ba21c2-56f3-4f8b-8666-6779e01d28e8,neutrophil,3,"{'pred': [2], 'probs': [[0.09039241820573807, 0.05270633101463318, 0.5349348783493042, 0.17025041580200195, 0.09955007582902908, 0.05216585844755173]], 'pred_prompt': ['A Giemsa-stained light micrograph displaying human peripheral blood cells. As a blood cell recognition system, identify the correct cell type: monocyte']}",0.10000000149011612,pathology,hematopathology,light microscopy,brightfield microscopy,
classification,"['A Giemsa-stained light micrograph displaying human peripheral blood cells. As a blood cell recognition system, identify the correct cell type: immature granulocyte', 'A Giemsa-stained light micrograph displaying human peripheral blood cells. As a blood cell recognition system, identify the correct cell type: neutrophil', 'A Giemsa-stained light micrograph displaying human peripheral blood cells. As a blood cell recognition system, identify the correct cell type: platelet', 'A Giemsa-stained light micrograph displaying human peripheral blood cells. As a blood cell recognition system, identify the correct cell type: erythroblast', 'A Giemsa-stained light micrograph displaying human peripheral blood cells. As a blood cell recognition system, identify the correct cell type: lymphocyte', 'A Giemsa-stained light micrograph displaying human peripheral blood cells. As a blood cell recognition system, identify the correct cell type: none of the above']",0374e827-6fa9-4034-bcec-4436a9b6824b,immature granulocyte,0,"{'pred': [3], 'probs': [[0.2045348435640335, 0.20815721154212952, 0.1566220223903656, 0.24526911973953247, 0.1345123052597046, 0.050904590636491776]], 'pred_prompt': ['A Giemsa-stained light micrograph displaying human peripheral blood cells. As a blood cell recognition system, identify the correct cell type: erythroblast']}",0.10000000149011612,pathology,hematopathology,light microscopy,brightfield microscopy,
classification,"['Synthetically generated Giemsa-stained light micrograph of human peripheral blood cell. As a blood cell recognition system, identify the correct cell type: Basophil', 'Synthetically generated Giemsa-stained light micrograph of human peripheral blood cell. As a blood cell recognition system, identify the correct cell type: Neutrophil', 'Synthetically generated Giemsa-stained light micrograph of human peripheral blood cell. As a blood cell recognition system, identify the correct cell type: Eosinophil', 'Synthetically generated Giemsa-stained light micrograph of human peripheral blood cell. As a blood cell recognition system, identify the correct cell type: Monocyte', 'Synthetically generated Giemsa-stained light micrograph of human peripheral blood cell. As a blood cell recognition system, identify the correct cell type: Lymphocyte', 'Synthetically generated Giemsa-stained light micrograph of human peripheral blood cell. As a blood cell recognition system, identify the correct cell type: none of the above']",d8696180-cd80-4294-a00c-6e3620b51271,Basophil,0,"{'pred': [3], 'probs': [[0.09161790460348129, 0.18427720665931702, 0.2145618349313736, 0.43437525629997253, 0.07160937041044235, 0.0035583863500505686]], 'pred_prompt': ['Synthetically generated Giemsa-stained light micrograph of human peripheral blood cell. As a blood cell recognition system, identify the correct cell type: Monocyte']}",0.1599999964237213,pathology,hematopathology,light microscopy,brightfield microscopy,
classification,"['A Giemsa-stained light micrograph displaying human peripheral blood cells. As a blood cell recognition system, identify the correct cell type: monocyte', 'A Giemsa-stained light micrograph displaying human peripheral blood cells. As a blood cell recognition system, identify the correct cell type: platelet', 'A Giemsa-stained light micrograph displaying human peripheral blood cells. As a blood cell recognition system, identify the correct cell type: immature granulocyte', 'A Giemsa-stained light micrograph displaying human peripheral blood cells. As a blood cell recognition system, identify the correct cell type: neutrophil', 'A Giemsa-stained light micrograph displaying human peripheral blood cells. As a blood cell recognition system, identify the correct cell type: erythroblast', 'A Giemsa-stained light micrograph displaying human peripheral blood cells. As a blood cell recognition system, identify the correct cell type: none of the above']",b6f06059-9699-444d-9bf9-fba2d41b9368,neutrophil,3,"{'pred': [0], 'probs': [[0.49798110127449036, 0.09655939787626266, 0.0726897194981575, 0.12843824923038483, 0.17915406823158264, 0.025177497416734695]], 'pred_prompt': ['A Giemsa-stained light micrograph displaying human peripheral blood cells. As a blood cell recognition system, identify the correct cell type: monocyte']}",0.10000000149011612,pathology,hematopathology,light microscopy,brightfield microscopy,
classification,"['A Giemsa-stained light micrograph displaying human peripheral blood cells. As a blood cell recognition system, identify the correct cell type: eosinophil', 'A Giemsa-stained light micrograph displaying human peripheral blood cells. As a blood cell recognition system, identify the correct cell type: lymphocyte', 'A Giemsa-stained light micrograph displaying human peripheral blood cells. As a blood cell recognition system, identify the correct cell type: neutrophil', 'A Giemsa-stained light micrograph displaying human peripheral blood cells. As a blood cell recognition system, identify the correct cell type: erythroblast', 'A Giemsa-stained light micrograph displaying human peripheral blood cells. As a blood cell recognition system, identify the correct cell type: immature granulocyte', 'A Giemsa-stained light micrograph displaying human peripheral blood cells. As a blood cell recognition system, identify the correct cell type: none of the above']",dbe7a4f0-10b2-4555-8f22-860a493949de,neutrophil,2,"{'pred': [3], 'probs': [[0.1721939742565155, 0.09667500853538513, 0.23820923268795013, 0.34787988662719727, 0.126548171043396, 0.018493732437491417]], 'pred_prompt': ['A Giemsa-stained light micrograph displaying human peripheral blood cells. As a blood cell recognition system, identify the correct cell type: erythroblast']}",0.10000000149011612,pathology,hematopathology,light microscopy,brightfield microscopy,
classification,"['A Giemsa-stained light micrograph displaying human peripheral blood cells. As a blood cell recognition system, identify the correct cell type: lymphocyte', 'A Giemsa-stained light micrograph displaying human peripheral blood cells. As a blood cell recognition system, identify the correct cell type: platelet', 'A Giemsa-stained light micrograph displaying human peripheral blood cells. As a blood cell recognition system, identify the correct cell type: immature granulocyte', 'A Giemsa-stained light micrograph displaying human peripheral blood cells. As a blood cell recognition system, identify the correct cell type: basophil', 'A Giemsa-stained light micrograph displaying human peripheral blood cells. As a blood cell recognition system, identify the correct cell type: erythroblast', 'A Giemsa-stained light micrograph displaying human peripheral blood cells. As a blood cell recognition system, identify the correct cell type: none of the above']",7ac13a60-4446-44ae-a0e8-cfdd808a846c,immature granulocyte,2,"{'pred': [2], 'probs': [[0.14829109609127045, 0.20619304478168488, 0.24523702263832092, 0.11784479767084122, 0.20172648131847382, 0.08070755749940872]], 'pred_prompt': ['A Giemsa-stained light micrograph displaying human peripheral blood cells. As a blood cell recognition system, identify the correct cell type: immature granulocyte']}",0.10000000149011612,pathology,hematopathology,light microscopy,brightfield microscopy,
classification,"['Synthetically generated Giemsa-stained light micrograph of human peripheral blood cell. As a blood cell recognition system, identify the correct cell type: Lymphocyte', 'Synthetically generated Giemsa-stained light micrograph of human peripheral blood cell. As a blood cell recognition system, identify the correct cell type: Basophil', 'Synthetically generated Giemsa-stained light micrograph of human peripheral blood cell. As a blood cell recognition system, identify the correct cell type: Neutrophil', 'Synthetically generated Giemsa-stained light micrograph of human peripheral blood cell. As a blood cell recognition system, identify the correct cell type: Eosinophil', 'Synthetically generated Giemsa-stained light micrograph of human peripheral blood cell. As a blood cell recognition system, identify the correct cell type: Monocyte', 'Synthetically generated Giemsa-stained light micrograph of human peripheral blood cell. As a blood cell recognition system, identify the correct cell type: none of the above']",d0fb82e7-62ac-452e-9618-2920255cc6ef,Eosinophil,3,"{'pred': [4], 'probs': [[0.10134875774383545, 0.11263050884008408, 0.19362764060497284, 0.2021736353635788, 0.38491153717041016, 0.005307940300554037]], 'pred_prompt': ['Synthetically generated Giemsa-stained light micrograph of human peripheral blood cell. As a blood cell recognition system, identify the correct cell type: Monocyte']}",0.1599999964237213,pathology,hematopathology,light microscopy,brightfield microscopy,
classification,"['A Giemsa-stained light micrograph displaying human peripheral blood cells. As a blood cell recognition system, identify the correct cell type: immature granulocyte', 'A Giemsa-stained light micrograph displaying human peripheral blood cells. As a blood cell recognition system, identify the correct cell type: platelet', 'A Giemsa-stained light micrograph displaying human peripheral blood cells. As a blood cell recognition system, identify the correct cell type: basophil', 'A Giemsa-stained light micrograph displaying human peripheral blood cells. As a blood cell recognition system, identify the correct cell type: neutrophil', 'A Giemsa-stained light micrograph displaying human peripheral blood cells. As a blood cell recognition system, identify the correct cell type: monocyte', 'A Giemsa-stained light micrograph displaying human peripheral blood cells. As a blood cell recognition system, identify the correct cell type: none of the above']",3dcaa348-2a68-4ea7-85a7-3f189e7b07e8,immature granulocyte,0,"{'pred': [4], 'probs': [[0.15111279487609863, 0.09372574836015701, 0.05138745531439781, 0.18669408559799194, 0.4782682955265045, 0.038811489939689636]], 'pred_prompt': ['A Giemsa-stained light micrograph displaying human peripheral blood cells. As a blood cell recognition system, identify the correct cell type: monocyte']}",0.10000000149011612,pathology,hematopathology,light microscopy,brightfield microscopy,
classification,"['Synthetically generated Giemsa-stained light micrograph of human peripheral blood cell. As a blood cell recognition system, identify the correct cell type: Neutrophil', 'Synthetically generated Giemsa-stained light micrograph of human peripheral blood cell. As a blood cell recognition system, identify the correct cell type: Lymphocyte', 'Synthetically generated Giemsa-stained light micrograph of human peripheral blood cell. As a blood cell recognition system, identify the correct cell type: Monocyte', 'Synthetically generated Giemsa-stained light micrograph of human peripheral blood cell. As a blood cell recognition system, identify the correct cell type: Eosinophil', 'Synthetically generated Giemsa-stained light micrograph of human peripheral blood cell. As a blood cell recognition system, identify the correct cell type: Basophil', 'Synthetically generated Giemsa-stained light micrograph of human peripheral blood cell. As a blood cell recognition system, identify the correct cell type: none of the above']",35b342ee-6602-4ea2-bdd3-8c78f4df09a5,Monocyte,2,"{'pred': [2], 'probs': [[0.16759032011032104, 0.12367192655801773, 0.4446060061454773, 0.13735997676849365, 0.12084440141916275, 0.005927415564656258]], 'pred_prompt': ['Synthetically generated Giemsa-stained light micrograph of human peripheral blood cell. As a blood cell recognition system, identify the correct cell type: Monocyte']}",0.1599999964237213,pathology,hematopathology,light microscopy,brightfield microscopy,
classification,"['A Giemsa-stained light micrograph displaying human peripheral blood cells. As a blood cell recognition system, identify the correct cell type: basophil', 'A Giemsa-stained light micrograph displaying human peripheral blood cells. As a blood cell recognition system, identify the correct cell type: erythroblast', 'A Giemsa-stained light micrograph displaying human peripheral blood cells. As a blood cell recognition system, identify the correct cell type: lymphocyte', 'A Giemsa-stained light micrograph displaying human peripheral blood cells. As a blood cell recognition system, identify the correct cell type: platelet', 'A Giemsa-stained light micrograph displaying human peripheral blood cells. As a blood cell recognition system, identify the correct cell type: eosinophil', 'A Giemsa-stained light micrograph displaying human peripheral blood cells. As a blood cell recognition system, identify the correct cell type: none of the above']",6e79b769-1ec2-44be-8312-31a671d004b0,erythroblast,1,"{'pred': [1], 'probs': [[0.04517314210534096, 0.479124516248703, 0.2109580934047699, 0.11677085608243942, 0.10855713486671448, 0.039416346698999405]], 'pred_prompt': ['A Giemsa-stained light micrograph displaying human peripheral blood cells. As a blood cell recognition system, identify the correct cell type: erythroblast']}",0.10000000149011612,pathology,hematopathology,light microscopy,brightfield microscopy,
classification,"['A Giemsa-stained light micrograph displaying human peripheral blood cells. As a blood cell recognition system, identify the correct cell type: eosinophil', 'A Giemsa-stained light micrograph displaying human peripheral blood cells. As a blood cell recognition system, identify the correct cell type: neutrophil', 'A Giemsa-stained light micrograph displaying human peripheral blood cells. As a blood cell recognition system, identify the correct cell type: lymphocyte', 'A Giemsa-stained light micrograph displaying human peripheral blood cells. As a blood cell recognition system, identify the correct cell type: platelet', 'A Giemsa-stained light micrograph displaying human peripheral blood cells. As a blood cell recognition system, identify the correct cell type: monocyte', 'A Giemsa-stained light micrograph displaying human peripheral blood cells. As a blood cell recognition system, identify the correct cell type: none of the above']",85affb1e-e54c-4066-a06f-80645dea5618,platelet,3,"{'pred': [4], 'probs': [[0.17502878606319427, 0.18117959797382355, 0.09749291837215424, 0.16038767993450165, 0.29039135575294495, 0.09551974385976791]], 'pred_prompt': ['A Giemsa-stained light micrograph displaying human peripheral blood cells. As a blood cell recognition system, identify the correct cell type: monocyte']}",0.10000000149011612,pathology,hematopathology,light microscopy,brightfield microscopy,
classification,"['A Giemsa-stained light micrograph displaying human peripheral blood cells. As a blood cell recognition system, identify the correct cell type: monocyte', 'A Giemsa-stained light micrograph displaying human peripheral blood cells. As a blood cell recognition system, identify the correct cell type: erythroblast', 'A Giemsa-stained light micrograph displaying human peripheral blood cells. As a blood cell recognition system, identify the correct cell type: platelet', 'A Giemsa-stained light micrograph displaying human peripheral blood cells. As a blood cell recognition system, identify the correct cell type: lymphocyte', 'A Giemsa-stained light micrograph displaying human peripheral blood cells. As a blood cell recognition system, identify the correct cell type: basophil', 'A Giemsa-stained light micrograph displaying human peripheral blood cells. As a blood cell recognition system, identify the correct cell type: none of the above']",46dd9f98-f248-4d23-94c4-ef8215a24929,basophil,4,"{'pred': [0], 'probs': [[0.46454399824142456, 0.1359865367412567, 0.14772970974445343, 0.14500118792057037, 0.058542441576719284, 0.04819612577557564]], 'pred_prompt': ['A Giemsa-stained light micrograph displaying human peripheral blood cells. As a blood cell recognition system, identify the correct cell type: monocyte']}",0.10000000149011612,pathology,hematopathology,light microscopy,brightfield microscopy,
classification,"['Synthetically generated Giemsa-stained light micrograph of human peripheral blood cell. As a blood cell recognition system, identify the correct cell type: Monocyte', 'Synthetically generated Giemsa-stained light micrograph of human peripheral blood cell. As a blood cell recognition system, identify the correct cell type: Neutrophil', 'Synthetically generated Giemsa-stained light micrograph of human peripheral blood cell. As a blood cell recognition system, identify the correct cell type: Eosinophil', 'Synthetically generated Giemsa-stained light micrograph of human peripheral blood cell. As a blood cell recognition system, identify the correct cell type: Basophil', 'Synthetically generated Giemsa-stained light micrograph of human peripheral blood cell. As a blood cell recognition system, identify the correct cell type: Lymphocyte', 'Synthetically generated Giemsa-stained light micrograph of human peripheral blood cell. As a blood cell recognition system, identify the correct cell type: none of the above']",59af5aa9-b2be-42b8-a3e5-4dd5601fd6e6,Lymphocyte,4,"{'pred': [0], 'probs': [[0.44917041063308716, 0.15414634346961975, 0.135992169380188, 0.08610290288925171, 0.1650119125843048, 0.00957630854099989]], 'pred_prompt': ['Synthetically generated Giemsa-stained light micrograph of human peripheral blood cell. As a blood cell recognition system, identify the correct cell type: Monocyte']}",0.1599999964237213,pathology,hematopathology,light microscopy,brightfield microscopy,
classification,"['A Giemsa-stained light micrograph displaying human peripheral blood cells. As a blood cell recognition system, identify the correct cell type: platelet', 'A Giemsa-stained light micrograph displaying human peripheral blood cells. As a blood cell recognition system, identify the correct cell type: eosinophil', 'A Giemsa-stained light micrograph displaying human peripheral blood cells. As a blood cell recognition system, identify the correct cell type: lymphocyte', 'A Giemsa-stained light micrograph displaying human peripheral blood cells. As a blood cell recognition system, identify the correct cell type: immature granulocyte', 'A Giemsa-stained light micrograph displaying human peripheral blood cells. As a blood cell recognition system, identify the correct cell type: monocyte', 'A Giemsa-stained light micrograph displaying human peripheral blood cells. As a blood cell recognition system, identify the correct cell type: none of the above']",a9d4db01-fbb6-4e47-a631-f4cf31e82b15,monocyte,4,"{'pred': [4], 'probs': [[0.08758325129747391, 0.13357602059841156, 0.07221736758947372, 0.13682249188423157, 0.556672990322113, 0.013127900660037994]], 'pred_prompt': ['A Giemsa-stained light micrograph displaying human peripheral blood cells. As a blood cell recognition system, identify the correct cell type: monocyte']}",0.10000000149011612,pathology,hematopathology,light microscopy,brightfield microscopy,
classification,"['A Giemsa-stained light micrograph displaying human peripheral blood cells. As a blood cell recognition system, identify the correct cell type: erythroblast', 'A Giemsa-stained light micrograph displaying human peripheral blood cells. As a blood cell recognition system, identify the correct cell type: immature granulocyte', 'A Giemsa-stained light micrograph displaying human peripheral blood cells. As a blood cell recognition system, identify the correct cell type: eosinophil', 'A Giemsa-stained light micrograph displaying human peripheral blood cells. As a blood cell recognition system, identify the correct cell type: lymphocyte', 'A Giemsa-stained light micrograph displaying human peripheral blood cells. As a blood cell recognition system, identify the correct cell type: platelet', 'A Giemsa-stained light micrograph displaying human peripheral blood cells. As a blood cell recognition system, identify the correct cell type: none of the above']",7252e5bb-52f0-4598-bdce-9fea5c4b2896,eosinophil,2,"{'pred': [0], 'probs': [[0.4035414457321167, 0.15063029527664185, 0.1620570719242096, 0.13801327347755432, 0.09411974251270294, 0.051638130098581314]], 'pred_prompt': ['A Giemsa-stained light micrograph displaying human peripheral blood cells. As a blood cell recognition system, identify the correct cell type: erythroblast']}",0.10000000149011612,pathology,hematopathology,light microscopy,brightfield microscopy,
classification,"['Synthetically generated Giemsa-stained light micrograph of human peripheral blood cell. As a blood cell recognition system, identify the correct cell type: Monocyte', 'Synthetically generated Giemsa-stained light micrograph of human peripheral blood cell. As a blood cell recognition system, identify the correct cell type: Neutrophil', 'Synthetically generated Giemsa-stained light micrograph of human peripheral blood cell. As a blood cell recognition system, identify the correct cell type: Eosinophil', 'Synthetically generated Giemsa-stained light micrograph of human peripheral blood cell. As a blood cell recognition system, identify the correct cell type: Basophil', 'Synthetically generated Giemsa-stained light micrograph of human peripheral blood cell. As a blood cell recognition system, identify the correct cell type: Lymphocyte', 'Synthetically generated Giemsa-stained light micrograph of human peripheral blood cell. As a blood cell recognition system, identify the correct cell type: none of the above']",bbba1a99-d0f8-447a-8d5f-1bbef32d899e,Monocyte,0,"{'pred': [0], 'probs': [[0.40756821632385254, 0.1589837521314621, 0.22757045924663544, 0.09451654553413391, 0.10531460493803024, 0.006046471651643515]], 'pred_prompt': ['Synthetically generated Giemsa-stained light micrograph of human peripheral blood cell. As a blood cell recognition system, identify the correct cell type: Monocyte']}",0.1599999964237213,pathology,hematopathology,light microscopy,brightfield microscopy,
classification,"['Synthetically generated Giemsa-stained light micrograph of human peripheral blood cell. As a blood cell recognition system, identify the correct cell type: Neutrophil', 'Synthetically generated Giemsa-stained light micrograph of human peripheral blood cell. As a blood cell recognition system, identify the correct cell type: Eosinophil', 'Synthetically generated Giemsa-stained light micrograph of human peripheral blood cell. As a blood cell recognition system, identify the correct cell type: Basophil', 'Synthetically generated Giemsa-stained light micrograph of human peripheral blood cell. As a blood cell recognition system, identify the correct cell type: Monocyte', 'Synthetically generated Giemsa-stained light micrograph of human peripheral blood cell. As a blood cell recognition system, identify the correct cell type: Lymphocyte', 'Synthetically generated Giemsa-stained light micrograph of human peripheral blood cell. As a blood cell recognition system, identify the correct cell type: none of the above']",e33fab9f-9247-450a-addd-261a7e1c6a6e,Lymphocyte,4,"{'pred': [3], 'probs': [[0.1817200779914856, 0.11292384564876556, 0.08983758091926575, 0.4953306019306183, 0.10549093782901764, 0.014696944504976273]], 'pred_prompt': ['Synthetically generated Giemsa-stained light micrograph of human peripheral blood cell. As a blood cell recognition system, identify the correct cell type: Monocyte']}",0.1599999964237213,pathology,hematopathology,light microscopy,brightfield microscopy,
classification,"['Synthetically generated Giemsa-stained light micrograph of human peripheral blood cell. As a blood cell recognition system, identify the correct cell type: Eosinophil', 'Synthetically generated Giemsa-stained light micrograph of human peripheral blood cell. As a blood cell recognition system, identify the correct cell type: Neutrophil', 'Synthetically generated Giemsa-stained light micrograph of human peripheral blood cell. As a blood cell recognition system, identify the correct cell type: Monocyte', 'Synthetically generated Giemsa-stained light micrograph of human peripheral blood cell. As a blood cell recognition system, identify the correct cell type: Basophil', 'Synthetically generated Giemsa-stained light micrograph of human peripheral blood cell. As a blood cell recognition system, identify the correct cell type: Lymphocyte', 'Synthetically generated Giemsa-stained light micrograph of human peripheral blood cell. As a blood cell recognition system, identify the correct cell type: none of the above']",b1400203-9d9d-461f-be53-0a9fa42b4010,Monocyte,2,"{'pred': [2], 'probs': [[0.17124322056770325, 0.13599887490272522, 0.5068531632423401, 0.09204321354627609, 0.08995048701763153, 0.003911077044904232]], 'pred_prompt': ['Synthetically generated Giemsa-stained light micrograph of human peripheral blood cell. As a blood cell recognition system, identify the correct cell type: Monocyte']}",0.1599999964237213,pathology,hematopathology,light microscopy,brightfield microscopy,
classification,"['A Giemsa-stained light micrograph displaying human peripheral blood cells. As a blood cell recognition system, identify the correct cell type: lymphocyte', 'A Giemsa-stained light micrograph displaying human peripheral blood cells. As a blood cell recognition system, identify the correct cell type: basophil', 'A Giemsa-stained light micrograph displaying human peripheral blood cells. As a blood cell recognition system, identify the correct cell type: eosinophil', 'A Giemsa-stained light micrograph displaying human peripheral blood cells. As a blood cell recognition system, identify the correct cell type: monocyte', 'A Giemsa-stained light micrograph displaying human peripheral blood cells. As a blood cell recognition system, identify the correct cell type: erythroblast', 'A Giemsa-stained light micrograph displaying human peripheral blood cells. As a blood cell recognition system, identify the correct cell type: none of the above']",cf2e3f3b-3a43-4706-951f-da582587e556,eosinophil,2,"{'pred': [3], 'probs': [[0.07652916014194489, 0.03650401160120964, 0.10314518213272095, 0.4437050521373749, 0.32264256477355957, 0.017474040389060974]], 'pred_prompt': ['A Giemsa-stained light micrograph displaying human peripheral blood cells. As a blood cell recognition system, identify the correct cell type: monocyte']}",0.10000000149011612,pathology,hematopathology,light microscopy,brightfield microscopy,
classification,"['A Giemsa-stained light micrograph displaying human peripheral blood cells. As a blood cell recognition system, identify the correct cell type: monocyte', 'A Giemsa-stained light micrograph displaying human peripheral blood cells. As a blood cell recognition system, identify the correct cell type: immature granulocyte', 'A Giemsa-stained light micrograph displaying human peripheral blood cells. As a blood cell recognition system, identify the correct cell type: lymphocyte', 'A Giemsa-stained light micrograph displaying human peripheral blood cells. As a blood cell recognition system, identify the correct cell type: neutrophil', 'A Giemsa-stained light micrograph displaying human peripheral blood cells. As a blood cell recognition system, identify the correct cell type: erythroblast', 'A Giemsa-stained light micrograph displaying human peripheral blood cells. As a blood cell recognition system, identify the correct cell type: none of the above']",92a10bc9-7093-471d-9cb3-2c01446c8419,erythroblast,4,"{'pred': [0], 'probs': [[0.47419601678848267, 0.08501314371824265, 0.06759222596883774, 0.1190473884344101, 0.22559617459774017, 0.02855502814054489]], 'pred_prompt': ['A Giemsa-stained light micrograph displaying human peripheral blood cells. As a blood cell recognition system, identify the correct cell type: monocyte']}",0.10000000149011612,pathology,hematopathology,light microscopy,brightfield microscopy,
classification,"['Synthetically generated Giemsa-stained light micrograph of human peripheral blood cell. As a blood cell recognition system, identify the correct cell type: Monocyte', 'Synthetically generated Giemsa-stained light micrograph of human peripheral blood cell. As a blood cell recognition system, identify the correct cell type: Basophil', 'Synthetically generated Giemsa-stained light micrograph of human peripheral blood cell. As a blood cell recognition system, identify the correct cell type: Lymphocyte', 'Synthetically generated Giemsa-stained light micrograph of human peripheral blood cell. As a blood cell recognition system, identify the correct cell type: Eosinophil', 'Synthetically generated Giemsa-stained light micrograph of human peripheral blood cell. As a blood cell recognition system, identify the correct cell type: Neutrophil', 'Synthetically generated Giemsa-stained light micrograph of human peripheral blood cell. As a blood cell recognition system, identify the correct cell type: none of the above']",032a3c0e-6c9c-402a-8b39-fa4f736db76b,Basophil,1,"{'pred': [0], 'probs': [[0.4536727964878082, 0.09993773698806763, 0.08613397181034088, 0.1746291071176529, 0.1770620495080948, 0.008564312942326069]], 'pred_prompt': ['Synthetically generated Giemsa-stained light micrograph of human peripheral blood cell. As a blood cell recognition system, identify the correct cell type: Monocyte']}",0.1599999964237213,pathology,hematopathology,light microscopy,brightfield microscopy,
classification,"['A Giemsa-stained light micrograph displaying human peripheral blood cells. As a blood cell recognition system, identify the correct cell type: immature granulocyte', 'A Giemsa-stained light micrograph displaying human peripheral blood cells. As a blood cell recognition system, identify the correct cell type: basophil', 'A Giemsa-stained light micrograph displaying human peripheral blood cells. As a blood cell recognition system, identify the correct cell type: erythroblast', 'A Giemsa-stained light micrograph displaying human peripheral blood cells. As a blood cell recognition system, identify the correct cell type: platelet', 'A Giemsa-stained light micrograph displaying human peripheral blood cells. As a blood cell recognition system, identify the correct cell type: neutrophil', 'A Giemsa-stained light micrograph displaying human peripheral blood cells. As a blood cell recognition system, identify the correct cell type: none of the above']",8225aafb-3b02-45e4-807d-ee4e2ac2fb16,neutrophil,4,"{'pred': [2], 'probs': [[0.12845754623413086, 0.0515078566968441, 0.3672420382499695, 0.1281398981809616, 0.28020164370536804, 0.044451016932725906]], 'pred_prompt': ['A Giemsa-stained light micrograph displaying human peripheral blood cells. As a blood cell recognition system, identify the correct cell type: erythroblast']}",0.10000000149011612,pathology,hematopathology,light microscopy,brightfield microscopy,
classification,"['A Giemsa-stained light micrograph displaying human peripheral blood cells. As a blood cell recognition system, identify the correct cell type: eosinophil', 'A Giemsa-stained light micrograph displaying human peripheral blood cells. As a blood cell recognition system, identify the correct cell type: lymphocyte', 'A Giemsa-stained light micrograph displaying human peripheral blood cells. As a blood cell recognition system, identify the correct cell type: basophil', 'A Giemsa-stained light micrograph displaying human peripheral blood cells. As a blood cell recognition system, identify the correct cell type: platelet', 'A Giemsa-stained light micrograph displaying human peripheral blood cells. As a blood cell recognition system, identify the correct cell type: erythroblast', 'A Giemsa-stained light micrograph displaying human peripheral blood cells. As a blood cell recognition system, identify the correct cell type: none of the above']",abb818e8-11ca-4d30-825a-49b5e7332c2e,eosinophil,0,"{'pred': [4], 'probs': [[0.2676011621952057, 0.11292111128568649, 0.09711893647909164, 0.14200755953788757, 0.3321317136287689, 0.04821952432394028]], 'pred_prompt': ['A Giemsa-stained light micrograph displaying human peripheral blood cells. As a blood cell recognition system, identify the correct cell type: erythroblast']}",0.10000000149011612,pathology,hematopathology,light microscopy,brightfield microscopy,
classification,"['Synthetically generated Giemsa-stained light micrograph of human peripheral blood cell. As a blood cell recognition system, identify the correct cell type: Lymphocyte', 'Synthetically generated Giemsa-stained light micrograph of human peripheral blood cell. As a blood cell recognition system, identify the correct cell type: Monocyte', 'Synthetically generated Giemsa-stained light micrograph of human peripheral blood cell. As a blood cell recognition system, identify the correct cell type: Eosinophil', 'Synthetically generated Giemsa-stained light micrograph of human peripheral blood cell. As a blood cell recognition system, identify the correct cell type: Neutrophil', 'Synthetically generated Giemsa-stained light micrograph of human peripheral blood cell. As a blood cell recognition system, identify the correct cell type: Basophil', 'Synthetically generated Giemsa-stained light micrograph of human peripheral blood cell. As a blood cell recognition system, identify the correct cell type: none of the above']",fc9e7ef4-dc84-41f9-be81-55845618926f,Lymphocyte,0,"{'pred': [1], 'probs': [[0.15208549797534943, 0.46258020401000977, 0.1008249968290329, 0.16288842260837555, 0.1155078336596489, 0.00611300952732563]], 'pred_prompt': ['Synthetically generated Giemsa-stained light micrograph of human peripheral blood cell. As a blood cell recognition system, identify the correct cell type: Monocyte']}",0.1599999964237213,pathology,hematopathology,light microscopy,brightfield microscopy,
classification,"['A Giemsa-stained light micrograph displaying human peripheral blood cells. As a blood cell recognition system, identify the correct cell type: monocyte', 'A Giemsa-stained light micrograph displaying human peripheral blood cells. As a blood cell recognition system, identify the correct cell type: eosinophil', 'A Giemsa-stained light micrograph displaying human peripheral blood cells. As a blood cell recognition system, identify the correct cell type: immature granulocyte', 'A Giemsa-stained light micrograph displaying human peripheral blood cells. As a blood cell recognition system, identify the correct cell type: platelet', 'A Giemsa-stained light micrograph displaying human peripheral blood cells. As a blood cell recognition system, identify the correct cell type: erythroblast', 'A Giemsa-stained light micrograph displaying human peripheral blood cells. As a blood cell recognition system, identify the correct cell type: none of the above']",916a7685-e7eb-4865-87ab-cf0072371192,platelet,3,"{'pred': [0], 'probs': [[0.3434884548187256, 0.13231754302978516, 0.09410461783409119, 0.08153090626001358, 0.31277844309806824, 0.03577999770641327]], 'pred_prompt': ['A Giemsa-stained light micrograph displaying human peripheral blood cells. As a blood cell recognition system, identify the correct cell type: monocyte']}",0.10000000149011612,pathology,hematopathology,light microscopy,brightfield microscopy,
classification,"['A Giemsa-stained light micrograph displaying human peripheral blood cells. As a blood cell recognition system, identify the correct cell type: platelet', 'A Giemsa-stained light micrograph displaying human peripheral blood cells. As a blood cell recognition system, identify the correct cell type: lymphocyte', 'A Giemsa-stained light micrograph displaying human peripheral blood cells. As a blood cell recognition system, identify the correct cell type: basophil', 'A Giemsa-stained light micrograph displaying human peripheral blood cells. As a blood cell recognition system, identify the correct cell type: neutrophil', 'A Giemsa-stained light micrograph displaying human peripheral blood cells. As a blood cell recognition system, identify the correct cell type: immature granulocyte', 'A Giemsa-stained light micrograph displaying human peripheral blood cells. As a blood cell recognition system, identify the correct cell type: none of the above']",9b00d7c1-bd91-483e-9f57-6930fd2202f3,lymphocyte,1,"{'pred': [3], 'probs': [[0.16569337248802185, 0.18580859899520874, 0.0929023027420044, 0.28990375995635986, 0.18106798827648163, 0.08462401479482651]], 'pred_prompt': ['A Giemsa-stained light micrograph displaying human peripheral blood cells. As a blood cell recognition system, identify the correct cell type: neutrophil']}",0.10000000149011612,pathology,hematopathology,light microscopy,brightfield microscopy,
classification,"['Synthetically generated Giemsa-stained light micrograph of human peripheral blood cell. As a blood cell recognition system, identify the correct cell type: Monocyte', 'Synthetically generated Giemsa-stained light micrograph of human peripheral blood cell. As a blood cell recognition system, identify the correct cell type: Eosinophil', 'Synthetically generated Giemsa-stained light micrograph of human peripheral blood cell. As a blood cell recognition system, identify the correct cell type: Basophil', 'Synthetically generated Giemsa-stained light micrograph of human peripheral blood cell. As a blood cell recognition system, identify the correct cell type: Lymphocyte', 'Synthetically generated Giemsa-stained light micrograph of human peripheral blood cell. As a blood cell recognition system, identify the correct cell type: Neutrophil', 'Synthetically generated Giemsa-stained light micrograph of human peripheral blood cell. As a blood cell recognition system, identify the correct cell type: none of the above']",646ec331-ce1a-4df5-bcfb-20af260f47b5,Lymphocyte,3,"{'pred': [0], 'probs': [[0.46052825450897217, 0.0897408202290535, 0.10301757603883743, 0.1589280217885971, 0.17217418551445007, 0.015611105598509312]], 'pred_prompt': ['Synthetically generated Giemsa-stained light micrograph of human peripheral blood cell. As a blood cell recognition system, identify the correct cell type: Monocyte']}",0.1599999964237213,pathology,hematopathology,light microscopy,brightfield microscopy,
classification,"['Synthetically generated Giemsa-stained light micrograph of human peripheral blood cell. As a blood cell recognition system, identify the correct cell type: Lymphocyte', 'Synthetically generated Giemsa-stained light micrograph of human peripheral blood cell. As a blood cell recognition system, identify the correct cell type: Basophil', 'Synthetically generated Giemsa-stained light micrograph of human peripheral blood cell. As a blood cell recognition system, identify the correct cell type: Monocyte', 'Synthetically generated Giemsa-stained light micrograph of human peripheral blood cell. As a blood cell recognition system, identify the correct cell type: Neutrophil', 'Synthetically generated Giemsa-stained light micrograph of human peripheral blood cell. As a blood cell recognition system, identify the correct cell type: Eosinophil', 'Synthetically generated Giemsa-stained light micrograph of human peripheral blood cell. As a blood cell recognition system, identify the correct cell type: none of the above']",70bc869c-d1ba-4f62-8327-3232bc1f3800,Lymphocyte,0,"{'pred': [2], 'probs': [[0.18468253314495087, 0.10200811177492142, 0.43684449791908264, 0.17471322417259216, 0.08344482630491257, 0.018306845799088478]], 'pred_prompt': ['Synthetically generated Giemsa-stained light micrograph of human peripheral blood cell. As a blood cell recognition system, identify the correct cell type: Monocyte']}",0.1599999964237213,pathology,hematopathology,light microscopy,brightfield microscopy,
classification,"['A Giemsa-stained light micrograph displaying human peripheral blood cells. As a blood cell recognition system, identify the correct cell type: monocyte', 'A Giemsa-stained light micrograph displaying human peripheral blood cells. As a blood cell recognition system, identify the correct cell type: basophil', 'A Giemsa-stained light micrograph displaying human peripheral blood cells. As a blood cell recognition system, identify the correct cell type: erythroblast', 'A Giemsa-stained light micrograph displaying human peripheral blood cells. As a blood cell recognition system, identify the correct cell type: neutrophil', 'A Giemsa-stained light micrograph displaying human peripheral blood cells. As a blood cell recognition system, identify the correct cell type: immature granulocyte', 'A Giemsa-stained light micrograph displaying human peripheral blood cells. As a blood cell recognition system, identify the correct cell type: none of the above']",8aba6be9-708d-4b9e-8b7f-cea34819c924,monocyte,0,"{'pred': [0], 'probs': [[0.5383232235908508, 0.030748164281249046, 0.20029450953006744, 0.1336006224155426, 0.08139286190271378, 0.015640713274478912]], 'pred_prompt': ['A Giemsa-stained light micrograph displaying human peripheral blood cells. As a blood cell recognition system, identify the correct cell type: monocyte']}",0.10000000149011612,pathology,hematopathology,light microscopy,brightfield microscopy,
classification,"['A Giemsa-stained light micrograph displaying human peripheral blood cells. As a blood cell recognition system, identify the correct cell type: erythroblast', 'A Giemsa-stained light micrograph displaying human peripheral blood cells. As a blood cell recognition system, identify the correct cell type: immature granulocyte', 'A Giemsa-stained light micrograph displaying human peripheral blood cells. As a blood cell recognition system, identify the correct cell type: monocyte', 'A Giemsa-stained light micrograph displaying human peripheral blood cells. As a blood cell recognition system, identify the correct cell type: lymphocyte', 'A Giemsa-stained light micrograph displaying human peripheral blood cells. As a blood cell recognition system, identify the correct cell type: basophil', 'A Giemsa-stained light micrograph displaying human peripheral blood cells. As a blood cell recognition system, identify the correct cell type: none of the above']",36eb1a59-aa84-4be6-a0ac-91664950d16f,immature granulocyte,1,"{'pred': [2], 'probs': [[0.13239210844039917, 0.10889655351638794, 0.6021738648414612, 0.06562189757823944, 0.0673774927854538, 0.02353813499212265]], 'pred_prompt': ['A Giemsa-stained light micrograph displaying human peripheral blood cells. As a blood cell recognition system, identify the correct cell type: monocyte']}",0.10000000149011612,pathology,hematopathology,light microscopy,brightfield microscopy,
classification,"['A Giemsa-stained light micrograph displaying human peripheral blood cells. As a blood cell recognition system, identify the correct cell type: neutrophil', 'A Giemsa-stained light micrograph displaying human peripheral blood cells. As a blood cell recognition system, identify the correct cell type: immature granulocyte', 'A Giemsa-stained light micrograph displaying human peripheral blood cells. As a blood cell recognition system, identify the correct cell type: lymphocyte', 'A Giemsa-stained light micrograph displaying human peripheral blood cells. As a blood cell recognition system, identify the correct cell type: basophil', 'A Giemsa-stained light micrograph displaying human peripheral blood cells. As a blood cell recognition system, identify the correct cell type: erythroblast', 'A Giemsa-stained light micrograph displaying human peripheral blood cells. As a blood cell recognition system, identify the correct cell type: none of the above']",1138c510-de5a-49da-bc71-064c17658d60,immature granulocyte,1,"{'pred': [4], 'probs': [[0.25366371870040894, 0.0852140486240387, 0.1701822727918625, 0.06619662046432495, 0.39173269271850586, 0.03301059827208519]], 'pred_prompt': ['A Giemsa-stained light micrograph displaying human peripheral blood cells. As a blood cell recognition system, identify the correct cell type: erythroblast']}",0.10000000149011612,pathology,hematopathology,light microscopy,brightfield microscopy,
classification,"['Synthetically generated Giemsa-stained light micrograph of human peripheral blood cell. As a blood cell recognition system, identify the correct cell type: Neutrophil', 'Synthetically generated Giemsa-stained light micrograph of human peripheral blood cell. As a blood cell recognition system, identify the correct cell type: Monocyte', 'Synthetically generated Giemsa-stained light micrograph of human peripheral blood cell. As a blood cell recognition system, identify the correct cell type: Eosinophil', 'Synthetically generated Giemsa-stained light micrograph of human peripheral blood cell. As a blood cell recognition system, identify the correct cell type: Lymphocyte', 'Synthetically generated Giemsa-stained light micrograph of human peripheral blood cell. As a blood cell recognition system, identify the correct cell type: Basophil', 'Synthetically generated Giemsa-stained light micrograph of human peripheral blood cell. As a blood cell recognition system, identify the correct cell type: none of the above']",989b8da2-45d4-493e-85f3-d6be0d90146c,Basophil,4,"{'pred': [1], 'probs': [[0.2322833091020584, 0.42466387152671814, 0.13501034677028656, 0.10954052954912186, 0.09063509106636047, 0.00786676350980997]], 'pred_prompt': ['Synthetically generated Giemsa-stained light micrograph of human peripheral blood cell. As a blood cell recognition system, identify the correct cell type: Monocyte']}",0.1599999964237213,pathology,hematopathology,light microscopy,brightfield microscopy,
classification,"['A Giemsa-stained light micrograph displaying human peripheral blood cells. As a blood cell recognition system, identify the correct cell type: basophil', 'A Giemsa-stained light micrograph displaying human peripheral blood cells. As a blood cell recognition system, identify the correct cell type: platelet', 'A Giemsa-stained light micrograph displaying human peripheral blood cells. As a blood cell recognition system, identify the correct cell type: lymphocyte', 'A Giemsa-stained light micrograph displaying human peripheral blood cells. As a blood cell recognition system, identify the correct cell type: monocyte', 'A Giemsa-stained light micrograph displaying human peripheral blood cells. As a blood cell recognition system, identify the correct cell type: erythroblast', 'A Giemsa-stained light micrograph displaying human peripheral blood cells. As a blood cell recognition system, identify the correct cell type: none of the above']",27176a27-8f0a-4db1-9cc3-248ad4318131,erythroblast,4,"{'pred': [3], 'probs': [[0.034510429948568344, 0.08067836612462997, 0.1432984322309494, 0.5200392007827759, 0.19464494287967682, 0.026828603819012642]], 'pred_prompt': ['A Giemsa-stained light micrograph displaying human peripheral blood cells. As a blood cell recognition system, identify the correct cell type: monocyte']}",0.10000000149011612,pathology,hematopathology,light microscopy,brightfield microscopy,
classification,"['Synthetically generated Giemsa-stained light micrograph of human peripheral blood cell. As a blood cell recognition system, identify the correct cell type: Lymphocyte', 'Synthetically generated Giemsa-stained light micrograph of human peripheral blood cell. As a blood cell recognition system, identify the correct cell type: Eosinophil', 'Synthetically generated Giemsa-stained light micrograph of human peripheral blood cell. As a blood cell recognition system, identify the correct cell type: Monocyte', 'Synthetically generated Giemsa-stained light micrograph of human peripheral blood cell. As a blood cell recognition system, identify the correct cell type: Neutrophil', 'Synthetically generated Giemsa-stained light micrograph of human peripheral blood cell. As a blood cell recognition system, identify the correct cell type: Basophil', 'Synthetically generated Giemsa-stained light micrograph of human peripheral blood cell. As a blood cell recognition system, identify the correct cell type: none of the above']",75e49547-f425-4fd6-87f4-b6df374e2dbc,Lymphocyte,0,"{'pred': [2], 'probs': [[0.12411586195230484, 0.10635241866111755, 0.5099130868911743, 0.1704239547252655, 0.08240661025047302, 0.006788076367229223]], 'pred_prompt': ['Synthetically generated Giemsa-stained light micrograph of human peripheral blood cell. As a blood cell recognition system, identify the correct cell type: Monocyte']}",0.1599999964237213,pathology,hematopathology,light microscopy,brightfield microscopy,
classification,"['Synthetically generated Giemsa-stained light micrograph of human peripheral blood cell. As a blood cell recognition system, identify the correct cell type: Eosinophil', 'Synthetically generated Giemsa-stained light micrograph of human peripheral blood cell. As a blood cell recognition system, identify the correct cell type: Monocyte', 'Synthetically generated Giemsa-stained light micrograph of human peripheral blood cell. As a blood cell recognition system, identify the correct cell type: Basophil', 'Synthetically generated Giemsa-stained light micrograph of human peripheral blood cell. As a blood cell recognition system, identify the correct cell type: Lymphocyte', 'Synthetically generated Giemsa-stained light micrograph of human peripheral blood cell. As a blood cell recognition system, identify the correct cell type: Neutrophil', 'Synthetically generated Giemsa-stained light micrograph of human peripheral blood cell. As a blood cell recognition system, identify the correct cell type: none of the above']",790179ca-6b87-4a9d-9ad2-130a27a27457,Monocyte,1,"{'pred': [1], 'probs': [[0.16741825640201569, 0.47500741481781006, 0.09401814639568329, 0.0798521563410759, 0.17757247388362885, 0.006131589412689209]], 'pred_prompt': ['Synthetically generated Giemsa-stained light micrograph of human peripheral blood cell. As a blood cell recognition system, identify the correct cell type: Monocyte']}",0.1599999964237213,pathology,hematopathology,light microscopy,brightfield microscopy,
classification,"['Synthetically generated Giemsa-stained light micrograph of human peripheral blood cell. As a blood cell recognition system, identify the correct cell type: Neutrophil', 'Synthetically generated Giemsa-stained light micrograph of human peripheral blood cell. As a blood cell recognition system, identify the correct cell type: Monocyte', 'Synthetically generated Giemsa-stained light micrograph of human peripheral blood cell. As a blood cell recognition system, identify the correct cell type: Lymphocyte', 'Synthetically generated Giemsa-stained light micrograph of human peripheral blood cell. As a blood cell recognition system, identify the correct cell type: Basophil', 'Synthetically generated Giemsa-stained light micrograph of human peripheral blood cell. As a blood cell recognition system, identify the correct cell type: Eosinophil', 'Synthetically generated Giemsa-stained light micrograph of human peripheral blood cell. As a blood cell recognition system, identify the correct cell type: none of the above']",a1f0244e-510e-46fa-93d8-77cd8a760f52,Monocyte,1,"{'pred': [1], 'probs': [[0.17388436198234558, 0.45926159620285034, 0.09744805097579956, 0.10051223635673523, 0.16612555086612701, 0.0027681344654411077]], 'pred_prompt': ['Synthetically generated Giemsa-stained light micrograph of human peripheral blood cell. As a blood cell recognition system, identify the correct cell type: Monocyte']}",0.1599999964237213,pathology,hematopathology,light microscopy,brightfield microscopy,
classification,"['A Giemsa-stained light micrograph displaying human peripheral blood cells. As a blood cell recognition system, identify the correct cell type: basophil', 'A Giemsa-stained light micrograph displaying human peripheral blood cells. As a blood cell recognition system, identify the correct cell type: eosinophil', 'A Giemsa-stained light micrograph displaying human peripheral blood cells. As a blood cell recognition system, identify the correct cell type: immature granulocyte', 'A Giemsa-stained light micrograph displaying human peripheral blood cells. As a blood cell recognition system, identify the correct cell type: neutrophil', 'A Giemsa-stained light micrograph displaying human peripheral blood cells. As a blood cell recognition system, identify the correct cell type: monocyte', 'A Giemsa-stained light micrograph displaying human peripheral blood cells. As a blood cell recognition system, identify the correct cell type: none of the above']",3b04b768-4aa4-41a0-8906-ebd627343c2b,neutrophil,3,"{'pred': [4], 'probs': [[0.04567208141088486, 0.14658617973327637, 0.11145904660224915, 0.23041017353534698, 0.44357526302337646, 0.022297292947769165]], 'pred_prompt': ['A Giemsa-stained light micrograph displaying human peripheral blood cells. As a blood cell recognition system, identify the correct cell type: monocyte']}",0.10000000149011612,pathology,hematopathology,light microscopy,brightfield microscopy,
classification,"['A Giemsa-stained light micrograph displaying human peripheral blood cells. As a blood cell recognition system, identify the correct cell type: erythroblast', 'A Giemsa-stained light micrograph displaying human peripheral blood cells. As a blood cell recognition system, identify the correct cell type: platelet', 'A Giemsa-stained light micrograph displaying human peripheral blood cells. As a blood cell recognition system, identify the correct cell type: neutrophil', 'A Giemsa-stained light micrograph displaying human peripheral blood cells. As a blood cell recognition system, identify the correct cell type: immature granulocyte', 'A Giemsa-stained light micrograph displaying human peripheral blood cells. As a blood cell recognition system, identify the correct cell type: lymphocyte', 'A Giemsa-stained light micrograph displaying human peripheral blood cells. As a blood cell recognition system, identify the correct cell type: none of the above']",c46421ae-8aa3-4bef-939e-f8c15eb1b99f,neutrophil,2,"{'pred': [0], 'probs': [[0.3709019720554352, 0.11307643353939056, 0.2684398591518402, 0.11473362892866135, 0.11554442346096039, 0.017303695902228355]], 'pred_prompt': ['A Giemsa-stained light micrograph displaying human peripheral blood cells. As a blood cell recognition system, identify the correct cell type: erythroblast']}",0.10000000149011612,pathology,hematopathology,light microscopy,brightfield microscopy,
classification,"['A Giemsa-stained light micrograph displaying human peripheral blood cells. As a blood cell recognition system, identify the correct cell type: basophil', 'A Giemsa-stained light micrograph displaying human peripheral blood cells. As a blood cell recognition system, identify the correct cell type: eosinophil', 'A Giemsa-stained light micrograph displaying human peripheral blood cells. As a blood cell recognition system, identify the correct cell type: neutrophil', 'A Giemsa-stained light micrograph displaying human peripheral blood cells. As a blood cell recognition system, identify the correct cell type: lymphocyte', 'A Giemsa-stained light micrograph displaying human peripheral blood cells. As a blood cell recognition system, identify the correct cell type: erythroblast', 'A Giemsa-stained light micrograph displaying human peripheral blood cells. As a blood cell recognition system, identify the correct cell type: none of the above']",2da21834-fdbd-47a2-a90a-c3ebad07b581,erythroblast,4,"{'pred': [4], 'probs': [[0.07866348326206207, 0.14072906970977783, 0.15497450530529022, 0.1437792181968689, 0.39779362082481384, 0.08406008780002594]], 'pred_prompt': ['A Giemsa-stained light micrograph displaying human peripheral blood cells. As a blood cell recognition system, identify the correct cell type: erythroblast']}",0.10000000149011612,pathology,hematopathology,light microscopy,brightfield microscopy,
classification,"['A Giemsa-stained light micrograph displaying human peripheral blood cells. As a blood cell recognition system, identify the correct cell type: neutrophil', 'A Giemsa-stained light micrograph displaying human peripheral blood cells. As a blood cell recognition system, identify the correct cell type: platelet', 'A Giemsa-stained light micrograph displaying human peripheral blood cells. As a blood cell recognition system, identify the correct cell type: monocyte', 'A Giemsa-stained light micrograph displaying human peripheral blood cells. As a blood cell recognition system, identify the correct cell type: lymphocyte', 'A Giemsa-stained light micrograph displaying human peripheral blood cells. As a blood cell recognition system, identify the correct cell type: basophil', 'A Giemsa-stained light micrograph displaying human peripheral blood cells. As a blood cell recognition system, identify the correct cell type: none of the above']",6b0321ad-bf57-48a3-9a87-67fc4438c1b3,lymphocyte,3,"{'pred': [2], 'probs': [[0.20559461414813995, 0.14260584115982056, 0.42677655816078186, 0.09848744422197342, 0.06736145913600922, 0.05917409434914589]], 'pred_prompt': ['A Giemsa-stained light micrograph displaying human peripheral blood cells. As a blood cell recognition system, identify the correct cell type: monocyte']}",0.10000000149011612,pathology,hematopathology,light microscopy,brightfield microscopy,
classification,"['Synthetically generated Giemsa-stained light micrograph of human peripheral blood cell. As a blood cell recognition system, identify the correct cell type: Lymphocyte', 'Synthetically generated Giemsa-stained light micrograph of human peripheral blood cell. As a blood cell recognition system, identify the correct cell type: Eosinophil', 'Synthetically generated Giemsa-stained light micrograph of human peripheral blood cell. As a blood cell recognition system, identify the correct cell type: Monocyte', 'Synthetically generated Giemsa-stained light micrograph of human peripheral blood cell. As a blood cell recognition system, identify the correct cell type: Neutrophil', 'Synthetically generated Giemsa-stained light micrograph of human peripheral blood cell. As a blood cell recognition system, identify the correct cell type: Basophil', 'Synthetically generated Giemsa-stained light micrograph of human peripheral blood cell. As a blood cell recognition system, identify the correct cell type: none of the above']",a374d5f8-2e99-4e66-8b69-58a60a19a33c,Eosinophil,1,"{'pred': [2], 'probs': [[0.1438804417848587, 0.14829261600971222, 0.38184070587158203, 0.2213805913925171, 0.09996500611305237, 0.004640643484890461]], 'pred_prompt': ['Synthetically generated Giemsa-stained light micrograph of human peripheral blood cell. As a blood cell recognition system, identify the correct cell type: Monocyte']}",0.1599999964237213,pathology,hematopathology,light microscopy,brightfield microscopy,
classification,"['A Giemsa-stained light micrograph displaying human peripheral blood cells. As a blood cell recognition system, identify the correct cell type: immature granulocyte', 'A Giemsa-stained light micrograph displaying human peripheral blood cells. As a blood cell recognition system, identify the correct cell type: lymphocyte', 'A Giemsa-stained light micrograph displaying human peripheral blood cells. As a blood cell recognition system, identify the correct cell type: neutrophil', 'A Giemsa-stained light micrograph displaying human peripheral blood cells. As a blood cell recognition system, identify the correct cell type: platelet', 'A Giemsa-stained light micrograph displaying human peripheral blood cells. As a blood cell recognition system, identify the correct cell type: basophil', 'A Giemsa-stained light micrograph displaying human peripheral blood cells. As a blood cell recognition system, identify the correct cell type: none of the above']",dbe79d34-e042-488d-9ffc-476d370db417,immature granulocyte,0,"{'pred': [2], 'probs': [[0.23900586366653442, 0.13785609602928162, 0.33373984694480896, 0.15877915918827057, 0.08421061187982559, 0.04640839993953705]], 'pred_prompt': ['A Giemsa-stained light micrograph displaying human peripheral blood cells. As a blood cell recognition system, identify the correct cell type: neutrophil']}",0.10000000149011612,pathology,hematopathology,light microscopy,brightfield microscopy,
classification,"['A Giemsa-stained light micrograph displaying human peripheral blood cells. As a blood cell recognition system, identify the correct cell type: basophil', 'A Giemsa-stained light micrograph displaying human peripheral blood cells. As a blood cell recognition system, identify the correct cell type: monocyte', 'A Giemsa-stained light micrograph displaying human peripheral blood cells. As a blood cell recognition system, identify the correct cell type: platelet', 'A Giemsa-stained light micrograph displaying human peripheral blood cells. As a blood cell recognition system, identify the correct cell type: immature granulocyte', 'A Giemsa-stained light micrograph displaying human peripheral blood cells. As a blood cell recognition system, identify the correct cell type: eosinophil', 'A Giemsa-stained light micrograph displaying human peripheral blood cells. As a blood cell recognition system, identify the correct cell type: none of the above']",edeaba1c-a353-4059-b29e-4caf7b444cfa,monocyte,1,"{'pred': [1], 'probs': [[0.057508550584316254, 0.5619290471076965, 0.08426769822835922, 0.14055609703063965, 0.12956243753433228, 0.0261762123554945]], 'pred_prompt': ['A Giemsa-stained light micrograph displaying human peripheral blood cells. As a blood cell recognition system, identify the correct cell type: monocyte']}",0.10000000149011612,pathology,hematopathology,light microscopy,brightfield microscopy,
classification,"['A Giemsa-stained light micrograph displaying human peripheral blood cells. As a blood cell recognition system, identify the correct cell type: eosinophil', 'A Giemsa-stained light micrograph displaying human peripheral blood cells. As a blood cell recognition system, identify the correct cell type: monocyte', 'A Giemsa-stained light micrograph displaying human peripheral blood cells. As a blood cell recognition system, identify the correct cell type: basophil', 'A Giemsa-stained light micrograph displaying human peripheral blood cells. As a blood cell recognition system, identify the correct cell type: immature granulocyte', 'A Giemsa-stained light micrograph displaying human peripheral blood cells. As a blood cell recognition system, identify the correct cell type: lymphocyte', 'A Giemsa-stained light micrograph displaying human peripheral blood cells. As a blood cell recognition system, identify the correct cell type: none of the above']",d1597e96-35cd-4c5e-8561-ec78c25b7df1,lymphocyte,4,"{'pred': [1], 'probs': [[0.13438628613948822, 0.5412638783454895, 0.06688431650400162, 0.11110499501228333, 0.09895161539316177, 0.04740890860557556]], 'pred_prompt': ['A Giemsa-stained light micrograph displaying human peripheral blood cells. As a blood cell recognition system, identify the correct cell type: monocyte']}",0.10000000149011612,pathology,hematopathology,light microscopy,brightfield microscopy,
classification,"['A Giemsa-stained light micrograph displaying human peripheral blood cells. As a blood cell recognition system, identify the correct cell type: erythroblast', 'A Giemsa-stained light micrograph displaying human peripheral blood cells. As a blood cell recognition system, identify the correct cell type: eosinophil', 'A Giemsa-stained light micrograph displaying human peripheral blood cells. As a blood cell recognition system, identify the correct cell type: immature granulocyte', 'A Giemsa-stained light micrograph displaying human peripheral blood cells. As a blood cell recognition system, identify the correct cell type: neutrophil', 'A Giemsa-stained light micrograph displaying human peripheral blood cells. As a blood cell recognition system, identify the correct cell type: platelet', 'A Giemsa-stained light micrograph displaying human peripheral blood cells. As a blood cell recognition system, identify the correct cell type: none of the above']",7e3e3e82-0049-4170-8deb-405018b12ea0,platelet,4,"{'pred': [0], 'probs': [[0.291118323802948, 0.15294170379638672, 0.1327746957540512, 0.2370479851961136, 0.11837685108184814, 0.06774047762155533]], 'pred_prompt': ['A Giemsa-stained light micrograph displaying human peripheral blood cells. As a blood cell recognition system, identify the correct cell type: erythroblast']}",0.10000000149011612,pathology,hematopathology,light microscopy,brightfield microscopy,
classification,"['A Giemsa-stained light micrograph displaying human peripheral blood cells. As a blood cell recognition system, identify the correct cell type: neutrophil', 'A Giemsa-stained light micrograph displaying human peripheral blood cells. As a blood cell recognition system, identify the correct cell type: eosinophil', 'A Giemsa-stained light micrograph displaying human peripheral blood cells. As a blood cell recognition system, identify the correct cell type: immature granulocyte', 'A Giemsa-stained light micrograph displaying human peripheral blood cells. As a blood cell recognition system, identify the correct cell type: monocyte', 'A Giemsa-stained light micrograph displaying human peripheral blood cells. As a blood cell recognition system, identify the correct cell type: erythroblast', 'A Giemsa-stained light micrograph displaying human peripheral blood cells. As a blood cell recognition system, identify the correct cell type: none of the above']",65f80a46-78ce-4205-931d-4e389a425f0a,erythroblast,4,"{'pred': [3], 'probs': [[0.135492205619812, 0.12595295906066895, 0.07802717387676239, 0.3382061719894409, 0.2846699655056, 0.037651531398296356]], 'pred_prompt': ['A Giemsa-stained light micrograph displaying human peripheral blood cells. As a blood cell recognition system, identify the correct cell type: monocyte']}",0.10000000149011612,pathology,hematopathology,light microscopy,brightfield microscopy,
classification,"['Synthetically generated Giemsa-stained light micrograph of human peripheral blood cell. As a blood cell recognition system, identify the correct cell type: Eosinophil', 'Synthetically generated Giemsa-stained light micrograph of human peripheral blood cell. As a blood cell recognition system, identify the correct cell type: Lymphocyte', 'Synthetically generated Giemsa-stained light micrograph of human peripheral blood cell. As a blood cell recognition system, identify the correct cell type: Monocyte', 'Synthetically generated Giemsa-stained light micrograph of human peripheral blood cell. As a blood cell recognition system, identify the correct cell type: Basophil', 'Synthetically generated Giemsa-stained light micrograph of human peripheral blood cell. As a blood cell recognition system, identify the correct cell type: Neutrophil', 'Synthetically generated Giemsa-stained light micrograph of human peripheral blood cell. As a blood cell recognition system, identify the correct cell type: none of the above']",21b10fa2-5a22-46bc-bac6-ce2cbcce2981,Neutrophil,4,"{'pred': [2], 'probs': [[0.11579196155071259, 0.1382194608449936, 0.43530717492103577, 0.07682192325592041, 0.2281063050031662, 0.005753210745751858]], 'pred_prompt': ['Synthetically generated Giemsa-stained light micrograph of human peripheral blood cell. As a blood cell recognition system, identify the correct cell type: Monocyte']}",0.1599999964237213,pathology,hematopathology,light microscopy,brightfield microscopy,
classification,"['A Giemsa-stained light micrograph displaying human peripheral blood cells. As a blood cell recognition system, identify the correct cell type: lymphocyte', 'A Giemsa-stained light micrograph displaying human peripheral blood cells. As a blood cell recognition system, identify the correct cell type: neutrophil', 'A Giemsa-stained light micrograph displaying human peripheral blood cells. As a blood cell recognition system, identify the correct cell type: eosinophil', 'A Giemsa-stained light micrograph displaying human peripheral blood cells. As a blood cell recognition system, identify the correct cell type: immature granulocyte', 'A Giemsa-stained light micrograph displaying human peripheral blood cells. As a blood cell recognition system, identify the correct cell type: platelet', 'A Giemsa-stained light micrograph displaying human peripheral blood cells. As a blood cell recognition system, identify the correct cell type: none of the above']",c3119343-d8fa-46d8-997a-5b29c8c88da5,lymphocyte,0,"{'pred': [1], 'probs': [[0.18385563790798187, 0.2899979054927826, 0.16357262432575226, 0.16885578632354736, 0.14211706817150116, 0.05160094425082207]], 'pred_prompt': ['A Giemsa-stained light micrograph displaying human peripheral blood cells. As a blood cell recognition system, identify the correct cell type: neutrophil']}",0.10000000149011612,pathology,hematopathology,light microscopy,brightfield microscopy,
classification,"['A Giemsa-stained light micrograph displaying human peripheral blood cells. As a blood cell recognition system, identify the correct cell type: neutrophil', 'A Giemsa-stained light micrograph displaying human peripheral blood cells. As a blood cell recognition system, identify the correct cell type: erythroblast', 'A Giemsa-stained light micrograph displaying human peripheral blood cells. As a blood cell recognition system, identify the correct cell type: platelet', 'A Giemsa-stained light micrograph displaying human peripheral blood cells. As a blood cell recognition system, identify the correct cell type: monocyte', 'A Giemsa-stained light micrograph displaying human peripheral blood cells. As a blood cell recognition system, identify the correct cell type: immature granulocyte', 'A Giemsa-stained light micrograph displaying human peripheral blood cells. As a blood cell recognition system, identify the correct cell type: none of the above']",1e9d80a3-1ca1-4d2e-a177-fe8bbd7021e6,monocyte,3,"{'pred': [3], 'probs': [[0.1480785608291626, 0.21115122735500336, 0.06666840612888336, 0.4044601619243622, 0.13778555393218994, 0.03185609355568886]], 'pred_prompt': ['A Giemsa-stained light micrograph displaying human peripheral blood cells. As a blood cell recognition system, identify the correct cell type: monocyte']}",0.10000000149011612,pathology,hematopathology,light microscopy,brightfield microscopy,
classification,"['Synthetically generated Giemsa-stained light micrograph of human peripheral blood cell. As a blood cell recognition system, identify the correct cell type: Monocyte', 'Synthetically generated Giemsa-stained light micrograph of human peripheral blood cell. As a blood cell recognition system, identify the correct cell type: Neutrophil', 'Synthetically generated Giemsa-stained light micrograph of human peripheral blood cell. As a blood cell recognition system, identify the correct cell type: Lymphocyte', 'Synthetically generated Giemsa-stained light micrograph of human peripheral blood cell. As a blood cell recognition system, identify the correct cell type: Basophil', 'Synthetically generated Giemsa-stained light micrograph of human peripheral blood cell. As a blood cell recognition system, identify the correct cell type: Eosinophil', 'Synthetically generated Giemsa-stained light micrograph of human peripheral blood cell. As a blood cell recognition system, identify the correct cell type: none of the above']",98d5a4f2-1d27-4832-a84b-ae2b4b75d3da,Eosinophil,4,"{'pred': [0], 'probs': [[0.4326183497905731, 0.17342211306095123, 0.1300859898328781, 0.12079320102930069, 0.13504788279533386, 0.0080324811860919]], 'pred_prompt': ['Synthetically generated Giemsa-stained light micrograph of human peripheral blood cell. As a blood cell recognition system, identify the correct cell type: Monocyte']}",0.1599999964237213,pathology,hematopathology,light microscopy,brightfield microscopy,
classification,"['Synthetically generated Giemsa-stained light micrograph of human peripheral blood cell. As a blood cell recognition system, identify the correct cell type: Lymphocyte', 'Synthetically generated Giemsa-stained light micrograph of human peripheral blood cell. As a blood cell recognition system, identify the correct cell type: Neutrophil', 'Synthetically generated Giemsa-stained light micrograph of human peripheral blood cell. As a blood cell recognition system, identify the correct cell type: Eosinophil', 'Synthetically generated Giemsa-stained light micrograph of human peripheral blood cell. As a blood cell recognition system, identify the correct cell type: Monocyte', 'Synthetically generated Giemsa-stained light micrograph of human peripheral blood cell. As a blood cell recognition system, identify the correct cell type: Basophil', 'Synthetically generated Giemsa-stained light micrograph of human peripheral blood cell. As a blood cell recognition system, identify the correct cell type: none of the above']",a22a98af-cf9b-49e4-8a09-dee0e5413f69,Lymphocyte,0,"{'pred': [3], 'probs': [[0.11811816692352295, 0.13774006068706512, 0.1408747434616089, 0.5240384936332703, 0.06864482164382935, 0.01058367732912302]], 'pred_prompt': ['Synthetically generated Giemsa-stained light micrograph of human peripheral blood cell. As a blood cell recognition system, identify the correct cell type: Monocyte']}",0.1599999964237213,pathology,hematopathology,light microscopy,brightfield microscopy,
classification,"['A Giemsa-stained light micrograph displaying human peripheral blood cells. As a blood cell recognition system, identify the correct cell type: erythroblast', 'A Giemsa-stained light micrograph displaying human peripheral blood cells. As a blood cell recognition system, identify the correct cell type: platelet', 'A Giemsa-stained light micrograph displaying human peripheral blood cells. As a blood cell recognition system, identify the correct cell type: eosinophil', 'A Giemsa-stained light micrograph displaying human peripheral blood cells. As a blood cell recognition system, identify the correct cell type: neutrophil', 'A Giemsa-stained light micrograph displaying human peripheral blood cells. As a blood cell recognition system, identify the correct cell type: immature granulocyte', 'A Giemsa-stained light micrograph displaying human peripheral blood cells. As a blood cell recognition system, identify the correct cell type: none of the above']",d06e901d-8d67-4f3d-89f0-4022c473910a,platelet,1,"{'pred': [0], 'probs': [[0.26509904861450195, 0.10768654942512512, 0.17267310619354248, 0.19113244116306305, 0.1838705688714981, 0.07953828573226929]], 'pred_prompt': ['A Giemsa-stained light micrograph displaying human peripheral blood cells. As a blood cell recognition system, identify the correct cell type: erythroblast']}",0.10000000149011612,pathology,hematopathology,light microscopy,brightfield microscopy,
classification,"['A Giemsa-stained light micrograph displaying human peripheral blood cells. As a blood cell recognition system, identify the correct cell type: erythroblast', 'A Giemsa-stained light micrograph displaying human peripheral blood cells. As a blood cell recognition system, identify the correct cell type: immature granulocyte', 'A Giemsa-stained light micrograph displaying human peripheral blood cells. As a blood cell recognition system, identify the correct cell type: lymphocyte', 'A Giemsa-stained light micrograph displaying human peripheral blood cells. As a blood cell recognition system, identify the correct cell type: basophil', 'A Giemsa-stained light micrograph displaying human peripheral blood cells. As a blood cell recognition system, identify the correct cell type: monocyte', 'A Giemsa-stained light micrograph displaying human peripheral blood cells. As a blood cell recognition system, identify the correct cell type: none of the above']",d7ed1f02-fdef-4a7f-86c0-2f36330d862e,basophil,3,"{'pred': [4], 'probs': [[0.210288867354393, 0.11685199290513992, 0.10725437849760056, 0.03656252846121788, 0.49164822697639465, 0.03739404305815697]], 'pred_prompt': ['A Giemsa-stained light micrograph displaying human peripheral blood cells. As a blood cell recognition system, identify the correct cell type: monocyte']}",0.10000000149011612,pathology,hematopathology,light microscopy,brightfield microscopy,
classification,"['Synthetically generated Giemsa-stained light micrograph of human peripheral blood cell. As a blood cell recognition system, identify the correct cell type: Monocyte', 'Synthetically generated Giemsa-stained light micrograph of human peripheral blood cell. As a blood cell recognition system, identify the correct cell type: Basophil', 'Synthetically generated Giemsa-stained light micrograph of human peripheral blood cell. As a blood cell recognition system, identify the correct cell type: Lymphocyte', 'Synthetically generated Giemsa-stained light micrograph of human peripheral blood cell. As a blood cell recognition system, identify the correct cell type: Neutrophil', 'Synthetically generated Giemsa-stained light micrograph of human peripheral blood cell. As a blood cell recognition system, identify the correct cell type: Eosinophil', 'Synthetically generated Giemsa-stained light micrograph of human peripheral blood cell. As a blood cell recognition system, identify the correct cell type: none of the above']",4eb7fe76-1a6a-44b8-95b2-919511a97f2b,Eosinophil,4,"{'pred': [0], 'probs': [[0.36479973793029785, 0.11221539974212646, 0.1280972957611084, 0.2119845449924469, 0.17681996524333954, 0.006082985084503889]], 'pred_prompt': ['Synthetically generated Giemsa-stained light micrograph of human peripheral blood cell. As a blood cell recognition system, identify the correct cell type: Monocyte']}",0.1599999964237213,pathology,hematopathology,light microscopy,brightfield microscopy,
classification,"['A Giemsa-stained light micrograph displaying human peripheral blood cells. As a blood cell recognition system, identify the correct cell type: platelet', 'A Giemsa-stained light micrograph displaying human peripheral blood cells. As a blood cell recognition system, identify the correct cell type: eosinophil', 'A Giemsa-stained light micrograph displaying human peripheral blood cells. As a blood cell recognition system, identify the correct cell type: lymphocyte', 'A Giemsa-stained light micrograph displaying human peripheral blood cells. As a blood cell recognition system, identify the correct cell type: monocyte', 'A Giemsa-stained light micrograph displaying human peripheral blood cells. As a blood cell recognition system, identify the correct cell type: basophil', 'A Giemsa-stained light micrograph displaying human peripheral blood cells. As a blood cell recognition system, identify the correct cell type: none of the above']",705cd905-fa00-4e10-9faa-fa3d6bc784b4,monocyte,3,"{'pred': [3], 'probs': [[0.13259558379650116, 0.1172475516796112, 0.18218912184238434, 0.47452980279922485, 0.050684038549661636, 0.04275389760732651]], 'pred_prompt': ['A Giemsa-stained light micrograph displaying human peripheral blood cells. As a blood cell recognition system, identify the correct cell type: monocyte']}",0.10000000149011612,pathology,hematopathology,light microscopy,brightfield microscopy,
classification,"['Synthetically generated Giemsa-stained light micrograph of human peripheral blood cell. As a blood cell recognition system, identify the correct cell type: Monocyte', 'Synthetically generated Giemsa-stained light micrograph of human peripheral blood cell. As a blood cell recognition system, identify the correct cell type: Lymphocyte', 'Synthetically generated Giemsa-stained light micrograph of human peripheral blood cell. As a blood cell recognition system, identify the correct cell type: Basophil', 'Synthetically generated Giemsa-stained light micrograph of human peripheral blood cell. As a blood cell recognition system, identify the correct cell type: Neutrophil', 'Synthetically generated Giemsa-stained light micrograph of human peripheral blood cell. As a blood cell recognition system, identify the correct cell type: Eosinophil', 'Synthetically generated Giemsa-stained light micrograph of human peripheral blood cell. As a blood cell recognition system, identify the correct cell type: none of the above']",2cc982ae-2c27-4fb5-a34a-be16804e921a,Neutrophil,3,"{'pred': [0], 'probs': [[0.4334162771701813, 0.09407924860715866, 0.049584031105041504, 0.24789603054523468, 0.1699485331773758, 0.005075869616121054]], 'pred_prompt': ['Synthetically generated Giemsa-stained light micrograph of human peripheral blood cell. As a blood cell recognition system, identify the correct cell type: Monocyte']}",0.1599999964237213,pathology,hematopathology,light microscopy,brightfield microscopy,
classification,"['A Giemsa-stained light micrograph displaying human peripheral blood cells. As a blood cell recognition system, identify the correct cell type: basophil', 'A Giemsa-stained light micrograph displaying human peripheral blood cells. As a blood cell recognition system, identify the correct cell type: platelet', 'A Giemsa-stained light micrograph displaying human peripheral blood cells. As a blood cell recognition system, identify the correct cell type: monocyte', 'A Giemsa-stained light micrograph displaying human peripheral blood cells. As a blood cell recognition system, identify the correct cell type: erythroblast', 'A Giemsa-stained light micrograph displaying human peripheral blood cells. As a blood cell recognition system, identify the correct cell type: eosinophil', 'A Giemsa-stained light micrograph displaying human peripheral blood cells. As a blood cell recognition system, identify the correct cell type: none of the above']",724ebc07-41bb-4459-ba70-5f6623475030,erythroblast,3,"{'pred': [2], 'probs': [[0.04188264533877373, 0.08098631352186203, 0.4437499940395355, 0.3169113099575043, 0.08194001019001007, 0.03452974930405617]], 'pred_prompt': ['A Giemsa-stained light micrograph displaying human peripheral blood cells. As a blood cell recognition system, identify the correct cell type: monocyte']}",0.10000000149011612,pathology,hematopathology,light microscopy,brightfield microscopy,
classification,"['A Giemsa-stained light micrograph displaying human peripheral blood cells. As a blood cell recognition system, identify the correct cell type: basophil', 'A Giemsa-stained light micrograph displaying human peripheral blood cells. As a blood cell recognition system, identify the correct cell type: neutrophil', 'A Giemsa-stained light micrograph displaying human peripheral blood cells. As a blood cell recognition system, identify the correct cell type: platelet', 'A Giemsa-stained light micrograph displaying human peripheral blood cells. As a blood cell recognition system, identify the correct cell type: monocyte', 'A Giemsa-stained light micrograph displaying human peripheral blood cells. As a blood cell recognition system, identify the correct cell type: lymphocyte', 'A Giemsa-stained light micrograph displaying human peripheral blood cells. As a blood cell recognition system, identify the correct cell type: none of the above']",a857cfeb-2f31-4d31-859a-8570da80195a,monocyte,3,"{'pred': [3], 'probs': [[0.052272189408540726, 0.2149285525083542, 0.10754399746656418, 0.4647183120250702, 0.11624950915575027, 0.044287413358688354]], 'pred_prompt': ['A Giemsa-stained light micrograph displaying human peripheral blood cells. As a blood cell recognition system, identify the correct cell type: monocyte']}",0.10000000149011612,pathology,hematopathology,light microscopy,brightfield microscopy,
classification,"['A Giemsa-stained light micrograph displaying human peripheral blood cells. As a blood cell recognition system, identify the correct cell type: eosinophil', 'A Giemsa-stained light micrograph displaying human peripheral blood cells. As a blood cell recognition system, identify the correct cell type: erythroblast', 'A Giemsa-stained light micrograph displaying human peripheral blood cells. As a blood cell recognition system, identify the correct cell type: immature granulocyte', 'A Giemsa-stained light micrograph displaying human peripheral blood cells. As a blood cell recognition system, identify the correct cell type: lymphocyte', 'A Giemsa-stained light micrograph displaying human peripheral blood cells. As a blood cell recognition system, identify the correct cell type: platelet', 'A Giemsa-stained light micrograph displaying human peripheral blood cells. As a blood cell recognition system, identify the correct cell type: none of the above']",e0172017-9568-4452-8443-0e97bab408d3,immature granulocyte,2,"{'pred': [1], 'probs': [[0.160772904753685, 0.3215085566043854, 0.18201282620429993, 0.12335588783025742, 0.1464082896709442, 0.06594155728816986]], 'pred_prompt': ['A Giemsa-stained light micrograph displaying human peripheral blood cells. As a blood cell recognition system, identify the correct cell type: erythroblast']}",0.10000000149011612,pathology,hematopathology,light microscopy,brightfield microscopy,
classification,"['A Giemsa-stained light micrograph displaying human peripheral blood cells. As a blood cell recognition system, identify the correct cell type: erythroblast', 'A Giemsa-stained light micrograph displaying human peripheral blood cells. As a blood cell recognition system, identify the correct cell type: platelet', 'A Giemsa-stained light micrograph displaying human peripheral blood cells. As a blood cell recognition system, identify the correct cell type: monocyte', 'A Giemsa-stained light micrograph displaying human peripheral blood cells. As a blood cell recognition system, identify the correct cell type: lymphocyte', 'A Giemsa-stained light micrograph displaying human peripheral blood cells. As a blood cell recognition system, identify the correct cell type: immature granulocyte', 'A Giemsa-stained light micrograph displaying human peripheral blood cells. As a blood cell recognition system, identify the correct cell type: none of the above']",2d118006-2f97-45a0-a4d4-2f4e3c4dead8,lymphocyte,3,"{'pred': [2], 'probs': [[0.2368353307247162, 0.08758237957954407, 0.43611395359039307, 0.12154971063137054, 0.07131705433130264, 0.04660167172551155]], 'pred_prompt': ['A Giemsa-stained light micrograph displaying human peripheral blood cells. As a blood cell recognition system, identify the correct cell type: monocyte']}",0.10000000149011612,pathology,hematopathology,light microscopy,brightfield microscopy,
classification,"['Synthetically generated Giemsa-stained light micrograph of human peripheral blood cell. As a blood cell recognition system, identify the correct cell type: Lymphocyte', 'Synthetically generated Giemsa-stained light micrograph of human peripheral blood cell. As a blood cell recognition system, identify the correct cell type: Basophil', 'Synthetically generated Giemsa-stained light micrograph of human peripheral blood cell. As a blood cell recognition system, identify the correct cell type: Eosinophil', 'Synthetically generated Giemsa-stained light micrograph of human peripheral blood cell. As a blood cell recognition system, identify the correct cell type: Monocyte', 'Synthetically generated Giemsa-stained light micrograph of human peripheral blood cell. As a blood cell recognition system, identify the correct cell type: Neutrophil', 'Synthetically generated Giemsa-stained light micrograph of human peripheral blood cell. As a blood cell recognition system, identify the correct cell type: none of the above']",d0017da0-7e05-40e2-9b32-6fc40a4d911e,Basophil,1,"{'pred': [3], 'probs': [[0.09569451212882996, 0.06855800002813339, 0.11474212259054184, 0.5088274478912354, 0.2075754553079605, 0.004602430853992701]], 'pred_prompt': ['Synthetically generated Giemsa-stained light micrograph of human peripheral blood cell. As a blood cell recognition system, identify the correct cell type: Monocyte']}",0.1599999964237213,pathology,hematopathology,light microscopy,brightfield microscopy,
classification,"['A Giemsa-stained light micrograph displaying human peripheral blood cells. As a blood cell recognition system, identify the correct cell type: lymphocyte', 'A Giemsa-stained light micrograph displaying human peripheral blood cells. As a blood cell recognition system, identify the correct cell type: platelet', 'A Giemsa-stained light micrograph displaying human peripheral blood cells. As a blood cell recognition system, identify the correct cell type: neutrophil', 'A Giemsa-stained light micrograph displaying human peripheral blood cells. As a blood cell recognition system, identify the correct cell type: monocyte', 'A Giemsa-stained light micrograph displaying human peripheral blood cells. As a blood cell recognition system, identify the correct cell type: erythroblast', 'A Giemsa-stained light micrograph displaying human peripheral blood cells. As a blood cell recognition system, identify the correct cell type: none of the above']",14dac541-593d-454b-ba16-b45b0993e2b7,lymphocyte,0,"{'pred': [3], 'probs': [[0.09670890867710114, 0.07597751170396805, 0.1369219869375229, 0.44965437054634094, 0.21044348180294037, 0.030293675139546394]], 'pred_prompt': ['A Giemsa-stained light micrograph displaying human peripheral blood cells. As a blood cell recognition system, identify the correct cell type: monocyte']}",0.10000000149011612,pathology,hematopathology,light microscopy,brightfield microscopy,
classification,"['A Giemsa-stained light micrograph displaying human peripheral blood cells. As a blood cell recognition system, identify the correct cell type: platelet', 'A Giemsa-stained light micrograph displaying human peripheral blood cells. As a blood cell recognition system, identify the correct cell type: lymphocyte', 'A Giemsa-stained light micrograph displaying human peripheral blood cells. As a blood cell recognition system, identify the correct cell type: monocyte', 'A Giemsa-stained light micrograph displaying human peripheral blood cells. As a blood cell recognition system, identify the correct cell type: immature granulocyte', 'A Giemsa-stained light micrograph displaying human peripheral blood cells. As a blood cell recognition system, identify the correct cell type: eosinophil', 'A Giemsa-stained light micrograph displaying human peripheral blood cells. As a blood cell recognition system, identify the correct cell type: none of the above']",7775f4e3-b4ce-48e6-bce8-16b7f8f7852d,immature granulocyte,3,"{'pred': [2], 'probs': [[0.06654290109872818, 0.11097132414579391, 0.5718574523925781, 0.13151654601097107, 0.09563553333282471, 0.02347622439265251]], 'pred_prompt': ['A Giemsa-stained light micrograph displaying human peripheral blood cells. As a blood cell recognition system, identify the correct cell type: monocyte']}",0.10000000149011612,pathology,hematopathology,light microscopy,brightfield microscopy,
classification,"['Synthetically generated Giemsa-stained light micrograph of human peripheral blood cell. As a blood cell recognition system, identify the correct cell type: Monocyte', 'Synthetically generated Giemsa-stained light micrograph of human peripheral blood cell. As a blood cell recognition system, identify the correct cell type: Neutrophil', 'Synthetically generated Giemsa-stained light micrograph of human peripheral blood cell. As a blood cell recognition system, identify the correct cell type: Basophil', 'Synthetically generated Giemsa-stained light micrograph of human peripheral blood cell. As a blood cell recognition system, identify the correct cell type: Eosinophil', 'Synthetically generated Giemsa-stained light micrograph of human peripheral blood cell. As a blood cell recognition system, identify the correct cell type: Lymphocyte', 'Synthetically generated Giemsa-stained light micrograph of human peripheral blood cell. As a blood cell recognition system, identify the correct cell type: none of the above']",d06de41e-f554-4928-9b17-c24400accd04,Eosinophil,3,"{'pred': [0], 'probs': [[0.35700079798698425, 0.14672090113162994, 0.19359512627124786, 0.18103517591953278, 0.11235714703798294, 0.009290776215493679]], 'pred_prompt': ['Synthetically generated Giemsa-stained light micrograph of human peripheral blood cell. As a blood cell recognition system, identify the correct cell type: Monocyte']}",0.1599999964237213,pathology,hematopathology,light microscopy,brightfield microscopy,
classification,"['A Giemsa-stained light micrograph displaying human peripheral blood cells. As a blood cell recognition system, identify the correct cell type: eosinophil', 'A Giemsa-stained light micrograph displaying human peripheral blood cells. As a blood cell recognition system, identify the correct cell type: erythroblast', 'A Giemsa-stained light micrograph displaying human peripheral blood cells. As a blood cell recognition system, identify the correct cell type: platelet', 'A Giemsa-stained light micrograph displaying human peripheral blood cells. As a blood cell recognition system, identify the correct cell type: neutrophil', 'A Giemsa-stained light micrograph displaying human peripheral blood cells. As a blood cell recognition system, identify the correct cell type: lymphocyte', 'A Giemsa-stained light micrograph displaying human peripheral blood cells. As a blood cell recognition system, identify the correct cell type: none of the above']",3582fa7f-bf42-407f-9c15-7e82f1ddd812,erythroblast,1,"{'pred': [1], 'probs': [[0.16676701605319977, 0.3304787278175354, 0.12250884622335434, 0.21555335819721222, 0.12788811326026917, 0.036803893744945526]], 'pred_prompt': ['A Giemsa-stained light micrograph displaying human peripheral blood cells. As a blood cell recognition system, identify the correct cell type: erythroblast']}",0.10000000149011612,pathology,hematopathology,light microscopy,brightfield microscopy,
classification,"['A Giemsa-stained light micrograph displaying human peripheral blood cells. As a blood cell recognition system, identify the correct cell type: eosinophil', 'A Giemsa-stained light micrograph displaying human peripheral blood cells. As a blood cell recognition system, identify the correct cell type: immature granulocyte', 'A Giemsa-stained light micrograph displaying human peripheral blood cells. As a blood cell recognition system, identify the correct cell type: platelet', 'A Giemsa-stained light micrograph displaying human peripheral blood cells. As a blood cell recognition system, identify the correct cell type: erythroblast', 'A Giemsa-stained light micrograph displaying human peripheral blood cells. As a blood cell recognition system, identify the correct cell type: neutrophil', 'A Giemsa-stained light micrograph displaying human peripheral blood cells. As a blood cell recognition system, identify the correct cell type: none of the above']",d33d6a26-3d34-4d1a-a8ca-94ac223ab6d3,neutrophil,4,"{'pred': [3], 'probs': [[0.18326883018016815, 0.1362374722957611, 0.07551179081201553, 0.3013603389263153, 0.2763117849826813, 0.027309773489832878]], 'pred_prompt': ['A Giemsa-stained light micrograph displaying human peripheral blood cells. As a blood cell recognition system, identify the correct cell type: erythroblast']}",0.10000000149011612,pathology,hematopathology,light microscopy,brightfield microscopy,
classification,"['A Giemsa-stained light micrograph displaying human peripheral blood cells. As a blood cell recognition system, identify the correct cell type: neutrophil', 'A Giemsa-stained light micrograph displaying human peripheral blood cells. As a blood cell recognition system, identify the correct cell type: lymphocyte', 'A Giemsa-stained light micrograph displaying human peripheral blood cells. As a blood cell recognition system, identify the correct cell type: basophil', 'A Giemsa-stained light micrograph displaying human peripheral blood cells. As a blood cell recognition system, identify the correct cell type: eosinophil', 'A Giemsa-stained light micrograph displaying human peripheral blood cells. As a blood cell recognition system, identify the correct cell type: monocyte', 'A Giemsa-stained light micrograph displaying human peripheral blood cells. As a blood cell recognition system, identify the correct cell type: none of the above']",493da449-8277-4496-aadb-559a25f6b3f1,neutrophil,0,"{'pred': [4], 'probs': [[0.1819918155670166, 0.07380843162536621, 0.02780234068632126, 0.13258342444896698, 0.5644129514694214, 0.01940109394490719]], 'pred_prompt': ['A Giemsa-stained light micrograph displaying human peripheral blood cells. As a blood cell recognition system, identify the correct cell type: monocyte']}",0.10000000149011612,pathology,hematopathology,light microscopy,brightfield microscopy,
classification,"['A Giemsa-stained light micrograph displaying human peripheral blood cells. As a blood cell recognition system, identify the correct cell type: basophil', 'A Giemsa-stained light micrograph displaying human peripheral blood cells. As a blood cell recognition system, identify the correct cell type: platelet', 'A Giemsa-stained light micrograph displaying human peripheral blood cells. As a blood cell recognition system, identify the correct cell type: immature granulocyte', 'A Giemsa-stained light micrograph displaying human peripheral blood cells. As a blood cell recognition system, identify the correct cell type: erythroblast', 'A Giemsa-stained light micrograph displaying human peripheral blood cells. As a blood cell recognition system, identify the correct cell type: lymphocyte', 'A Giemsa-stained light micrograph displaying human peripheral blood cells. As a blood cell recognition system, identify the correct cell type: none of the above']",3204239e-5979-4637-bfda-57895367e806,basophil,0,"{'pred': [3], 'probs': [[0.08754044026136398, 0.1845485121011734, 0.2109130322933197, 0.29160091280937195, 0.15343911945819855, 0.0719580128788948]], 'pred_prompt': ['A Giemsa-stained light micrograph displaying human peripheral blood cells. As a blood cell recognition system, identify the correct cell type: erythroblast']}",0.10000000149011612,pathology,hematopathology,light microscopy,brightfield microscopy,
classification,"['Synthetically generated Giemsa-stained light micrograph of human peripheral blood cell. As a blood cell recognition system, identify the correct cell type: Eosinophil', 'Synthetically generated Giemsa-stained light micrograph of human peripheral blood cell. As a blood cell recognition system, identify the correct cell type: Monocyte', 'Synthetically generated Giemsa-stained light micrograph of human peripheral blood cell. As a blood cell recognition system, identify the correct cell type: Basophil', 'Synthetically generated Giemsa-stained light micrograph of human peripheral blood cell. As a blood cell recognition system, identify the correct cell type: Lymphocyte', 'Synthetically generated Giemsa-stained light micrograph of human peripheral blood cell. As a blood cell recognition system, identify the correct cell type: Neutrophil', 'Synthetically generated Giemsa-stained light micrograph of human peripheral blood cell. As a blood cell recognition system, identify the correct cell type: none of the above']",6bf4ffbb-beab-4b67-aba7-0aa415056d8f,Monocyte,1,"{'pred': [1], 'probs': [[0.20427750051021576, 0.32915419340133667, 0.12412243336439133, 0.14261303842067719, 0.19247867166996002, 0.007354147732257843]], 'pred_prompt': ['Synthetically generated Giemsa-stained light micrograph of human peripheral blood cell. As a blood cell recognition system, identify the correct cell type: Monocyte']}",0.1599999964237213,pathology,hematopathology,light microscopy,brightfield microscopy,
classification,"['A Giemsa-stained light micrograph displaying human peripheral blood cells. As a blood cell recognition system, identify the correct cell type: lymphocyte', 'A Giemsa-stained light micrograph displaying human peripheral blood cells. As a blood cell recognition system, identify the correct cell type: neutrophil', 'A Giemsa-stained light micrograph displaying human peripheral blood cells. As a blood cell recognition system, identify the correct cell type: erythroblast', 'A Giemsa-stained light micrograph displaying human peripheral blood cells. As a blood cell recognition system, identify the correct cell type: platelet', 'A Giemsa-stained light micrograph displaying human peripheral blood cells. As a blood cell recognition system, identify the correct cell type: immature granulocyte', 'A Giemsa-stained light micrograph displaying human peripheral blood cells. As a blood cell recognition system, identify the correct cell type: none of the above']",8d053e24-89cd-44ef-ae3c-18032ecd59ba,platelet,3,"{'pred': [2], 'probs': [[0.14329323172569275, 0.21199430525302887, 0.34039944410324097, 0.12977157533168793, 0.10427597910165787, 0.0702655017375946]], 'pred_prompt': ['A Giemsa-stained light micrograph displaying human peripheral blood cells. As a blood cell recognition system, identify the correct cell type: erythroblast']}",0.10000000149011612,pathology,hematopathology,light microscopy,brightfield microscopy,
classification,"['Synthetically generated Giemsa-stained light micrograph of human peripheral blood cell. As a blood cell recognition system, identify the correct cell type: Monocyte', 'Synthetically generated Giemsa-stained light micrograph of human peripheral blood cell. As a blood cell recognition system, identify the correct cell type: Neutrophil', 'Synthetically generated Giemsa-stained light micrograph of human peripheral blood cell. As a blood cell recognition system, identify the correct cell type: Basophil', 'Synthetically generated Giemsa-stained light micrograph of human peripheral blood cell. As a blood cell recognition system, identify the correct cell type: Lymphocyte', 'Synthetically generated Giemsa-stained light micrograph of human peripheral blood cell. As a blood cell recognition system, identify the correct cell type: Eosinophil', 'Synthetically generated Giemsa-stained light micrograph of human peripheral blood cell. As a blood cell recognition system, identify the correct cell type: none of the above']",7903c7d2-d348-427a-92d8-c8ceb7c21364,Monocyte,0,"{'pred': [0], 'probs': [[0.44139575958251953, 0.14287230372428894, 0.16357660293579102, 0.07451295852661133, 0.16970713436603546, 0.007935279048979282]], 'pred_prompt': ['Synthetically generated Giemsa-stained light micrograph of human peripheral blood cell. As a blood cell recognition system, identify the correct cell type: Monocyte']}",0.1599999964237213,pathology,hematopathology,light microscopy,brightfield microscopy,
classification,"['A Giemsa-stained light micrograph displaying human peripheral blood cells. As a blood cell recognition system, identify the correct cell type: platelet', 'A Giemsa-stained light micrograph displaying human peripheral blood cells. As a blood cell recognition system, identify the correct cell type: eosinophil', 'A Giemsa-stained light micrograph displaying human peripheral blood cells. As a blood cell recognition system, identify the correct cell type: monocyte', 'A Giemsa-stained light micrograph displaying human peripheral blood cells. As a blood cell recognition system, identify the correct cell type: neutrophil', 'A Giemsa-stained light micrograph displaying human peripheral blood cells. As a blood cell recognition system, identify the correct cell type: lymphocyte', 'A Giemsa-stained light micrograph displaying human peripheral blood cells. As a blood cell recognition system, identify the correct cell type: none of the above']",a1eddd23-97cb-4f3f-a492-494eaed77ad6,platelet,0,"{'pred': [2], 'probs': [[0.1557403802871704, 0.15516752004623413, 0.3078913688659668, 0.20664148032665253, 0.11078964173793793, 0.06376959383487701]], 'pred_prompt': ['A Giemsa-stained light micrograph displaying human peripheral blood cells. As a blood cell recognition system, identify the correct cell type: monocyte']}",0.10000000149011612,pathology,hematopathology,light microscopy,brightfield microscopy,
classification,"['A Giemsa-stained light micrograph displaying human peripheral blood cells. As a blood cell recognition system, identify the correct cell type: immature granulocyte', 'A Giemsa-stained light micrograph displaying human peripheral blood cells. As a blood cell recognition system, identify the correct cell type: erythroblast', 'A Giemsa-stained light micrograph displaying human peripheral blood cells. As a blood cell recognition system, identify the correct cell type: lymphocyte', 'A Giemsa-stained light micrograph displaying human peripheral blood cells. As a blood cell recognition system, identify the correct cell type: neutrophil', 'A Giemsa-stained light micrograph displaying human peripheral blood cells. As a blood cell recognition system, identify the correct cell type: platelet', 'A Giemsa-stained light micrograph displaying human peripheral blood cells. As a blood cell recognition system, identify the correct cell type: none of the above']",c1fab181-37ef-422b-9694-91123eeced97,platelet,4,"{'pred': [1], 'probs': [[0.21839413046836853, 0.2974828779697418, 0.10845496505498886, 0.2222432941198349, 0.09663346409797668, 0.05679119750857353]], 'pred_prompt': ['A Giemsa-stained light micrograph displaying human peripheral blood cells. As a blood cell recognition system, identify the correct cell type: erythroblast']}",0.10000000149011612,pathology,hematopathology,light microscopy,brightfield microscopy,
classification,"['Synthetically generated Giemsa-stained light micrograph of human peripheral blood cell. As a blood cell recognition system, identify the correct cell type: Monocyte', 'Synthetically generated Giemsa-stained light micrograph of human peripheral blood cell. As a blood cell recognition system, identify the correct cell type: Lymphocyte', 'Synthetically generated Giemsa-stained light micrograph of human peripheral blood cell. As a blood cell recognition system, identify the correct cell type: Basophil', 'Synthetically generated Giemsa-stained light micrograph of human peripheral blood cell. As a blood cell recognition system, identify the correct cell type: Eosinophil', 'Synthetically generated Giemsa-stained light micrograph of human peripheral blood cell. As a blood cell recognition system, identify the correct cell type: Neutrophil', 'Synthetically generated Giemsa-stained light micrograph of human peripheral blood cell. As a blood cell recognition system, identify the correct cell type: none of the above']",e248689f-90dd-4070-af2e-236a7f3c9b48,Lymphocyte,1,"{'pred': [0], 'probs': [[0.46031564474105835, 0.10037888586521149, 0.10554546117782593, 0.15235291421413422, 0.17330025136470795, 0.008106876164674759]], 'pred_prompt': ['Synthetically generated Giemsa-stained light micrograph of human peripheral blood cell. As a blood cell recognition system, identify the correct cell type: Monocyte']}",0.1599999964237213,pathology,hematopathology,light microscopy,brightfield microscopy,
classification,"['A Giemsa-stained light micrograph displaying human peripheral blood cells. As a blood cell recognition system, identify the correct cell type: eosinophil', 'A Giemsa-stained light micrograph displaying human peripheral blood cells. As a blood cell recognition system, identify the correct cell type: lymphocyte', 'A Giemsa-stained light micrograph displaying human peripheral blood cells. As a blood cell recognition system, identify the correct cell type: neutrophil', 'A Giemsa-stained light micrograph displaying human peripheral blood cells. As a blood cell recognition system, identify the correct cell type: erythroblast', 'A Giemsa-stained light micrograph displaying human peripheral blood cells. As a blood cell recognition system, identify the correct cell type: immature granulocyte', 'A Giemsa-stained light micrograph displaying human peripheral blood cells. As a blood cell recognition system, identify the correct cell type: none of the above']",3c32ce95-6ce8-4b4e-b985-814f1f744d44,immature granulocyte,4,"{'pred': [3], 'probs': [[0.1447673887014389, 0.16290859878063202, 0.23455972969532013, 0.30544549226760864, 0.0962836891412735, 0.05603509396314621]], 'pred_prompt': ['A Giemsa-stained light micrograph displaying human peripheral blood cells. As a blood cell recognition system, identify the correct cell type: erythroblast']}",0.10000000149011612,pathology,hematopathology,light microscopy,brightfield microscopy,
classification,"['A Giemsa-stained light micrograph displaying human peripheral blood cells. As a blood cell recognition system, identify the correct cell type: platelet', 'A Giemsa-stained light micrograph displaying human peripheral blood cells. As a blood cell recognition system, identify the correct cell type: monocyte', 'A Giemsa-stained light micrograph displaying human peripheral blood cells. As a blood cell recognition system, identify the correct cell type: immature granulocyte', 'A Giemsa-stained light micrograph displaying human peripheral blood cells. As a blood cell recognition system, identify the correct cell type: neutrophil', 'A Giemsa-stained light micrograph displaying human peripheral blood cells. As a blood cell recognition system, identify the correct cell type: erythroblast', 'A Giemsa-stained light micrograph displaying human peripheral blood cells. As a blood cell recognition system, identify the correct cell type: none of the above']",a408e8fb-af18-451c-a14b-e481f361842b,platelet,0,"{'pred': [1], 'probs': [[0.09973824769258499, 0.29132214188575745, 0.10590142756700516, 0.2006913274526596, 0.2666122019290924, 0.03573466092348099]], 'pred_prompt': ['A Giemsa-stained light micrograph displaying human peripheral blood cells. As a blood cell recognition system, identify the correct cell type: monocyte']}",0.10000000149011612,pathology,hematopathology,light microscopy,brightfield microscopy,
