,question_class,questions,image_id,correct_answer,correct_idx,model_answers,microns_per_pixel,domain,subdomain,modality,submodality,normal_or_abnormal
0,classification,"['H&E stained light micrograph of human cardiac tissue. Based on the image, what is the most likely clinical chronic heart diagnosis? not chronic heart failure', 'H&E stained light micrograph of human cardiac tissue. Based on the image, what is the most likely clinical chronic heart diagnosis? chronic heart failure', 'H&E stained light micrograph of human cardiac tissue. Based on the image, what is the most likely clinical chronic heart diagnosis? none of the above']",887803d6-529b-499a-a5a3-fab0960e683e,chronic heart failure,1,"{'pred': [0], 'probs': [[0.381214439868927, 0.36546120047569275, 0.25332432985305786]], 'pred_prompt': ['H&E stained light micrograph of human cardiac tissue. Based on the image, what is the most likely clinical chronic heart diagnosis? not chronic heart failure']}",2.0,pathology,cardiovascular pathology,light microscopy,brightfield microscopy,none
1,classification,"['H&E stained light micrograph of human cardiac tissue. Based on the image, what is the most likely clinical chronic heart diagnosis? not chronic heart failure', 'H&E stained light micrograph of human cardiac tissue. Based on the image, what is the most likely clinical chronic heart diagnosis? chronic heart failure', 'H&E stained light micrograph of human cardiac tissue. Based on the image, what is the most likely clinical chronic heart diagnosis? none of the above']",9e7c943c-c5a9-48a1-b30e-bcb2f92b2a4e,chronic heart failure,1,"{'pred': [2], 'probs': [[0.23614133894443512, 0.3693109452724457, 0.394547700881958]], 'pred_prompt': ['H&E stained light micrograph of human cardiac tissue. Based on the image, what is the most likely clinical chronic heart diagnosis? none of the above']}",2.0,pathology,cardiovascular pathology,light microscopy,brightfield microscopy,none
2,classification,"['H&E stained light micrograph of human cardiac tissue. Based on the image, what is the most likely clinical chronic heart diagnosis? not chronic heart failure', 'H&E stained light micrograph of human cardiac tissue. Based on the image, what is the most likely clinical chronic heart diagnosis? chronic heart failure', 'H&E stained light micrograph of human cardiac tissue. Based on the image, what is the most likely clinical chronic heart diagnosis? none of the above']",02bf6398-5f9a-479a-9359-8182ff96ce43,chronic heart failure,1,"{'pred': [1], 'probs': [[0.3782958388328552, 0.38678261637687683, 0.23492150008678436]], 'pred_prompt': ['H&E stained light micrograph of human cardiac tissue. Based on the image, what is the most likely clinical chronic heart diagnosis? chronic heart failure']}",2.0,pathology,cardiovascular pathology,light microscopy,brightfield microscopy,none
3,classification,"['H&E stained light micrograph of human cardiac tissue. Based on the image, what is the most likely clinical chronic heart diagnosis? chronic heart failure', 'H&E stained light micrograph of human cardiac tissue. Based on the image, what is the most likely clinical chronic heart diagnosis? not chronic heart failure', 'H&E stained light micrograph of human cardiac tissue. Based on the image, what is the most likely clinical chronic heart diagnosis? none of the above']",e2c1e384-5e4e-4201-ab96-9dfacf1aad72,chronic heart failure,0,"{'pred': [0], 'probs': [[0.40994012355804443, 0.2817990481853485, 0.30826088786125183]], 'pred_prompt': ['H&E stained light micrograph of human cardiac tissue. Based on the image, what is the most likely clinical chronic heart diagnosis? chronic heart failure']}",2.0,pathology,cardiovascular pathology,light microscopy,brightfield microscopy,none
4,classification,"['H&E stained light micrograph of human cardiac tissue. Based on the image, what is the most likely clinical chronic heart diagnosis? not chronic heart failure', 'H&E stained light micrograph of human cardiac tissue. Based on the image, what is the most likely clinical chronic heart diagnosis? chronic heart failure', 'H&E stained light micrograph of human cardiac tissue. Based on the image, what is the most likely clinical chronic heart diagnosis? none of the above']",4741be1b-9ec4-4e28-a36f-885338f343c1,not chronic heart failure,0,"{'pred': [2], 'probs': [[0.2739509046077728, 0.33688828349113464, 0.38916081190109253]], 'pred_prompt': ['H&E stained light micrograph of human cardiac tissue. Based on the image, what is the most likely clinical chronic heart diagnosis? none of the above']}",2.0,pathology,cardiovascular pathology,light microscopy,brightfield microscopy,none
5,classification,"['H&E stained light micrograph of human cardiac tissue. Based on the image, what is the most likely clinical chronic heart diagnosis? chronic heart failure', 'H&E stained light micrograph of human cardiac tissue. Based on the image, what is the most likely clinical chronic heart diagnosis? not chronic heart failure', 'H&E stained light micrograph of human cardiac tissue. Based on the image, what is the most likely clinical chronic heart diagnosis? none of the above']",006ae0ac-ee95-4e87-ac9c-50447384ffbc,not chronic heart failure,1,"{'pred': [0], 'probs': [[0.36284157633781433, 0.33194252848625183, 0.3052159249782562]], 'pred_prompt': ['H&E stained light micrograph of human cardiac tissue. Based on the image, what is the most likely clinical chronic heart diagnosis? chronic heart failure']}",2.0,pathology,cardiovascular pathology,light microscopy,brightfield microscopy,none
6,classification,"['H&E stained light micrograph of human cardiac tissue. Based on the image, what is the most likely clinical chronic heart diagnosis? chronic heart failure', 'H&E stained light micrograph of human cardiac tissue. Based on the image, what is the most likely clinical chronic heart diagnosis? not chronic heart failure', 'H&E stained light micrograph of human cardiac tissue. Based on the image, what is the most likely clinical chronic heart diagnosis? none of the above']",dbe05db0-aab3-47d5-85be-e266b5132f3b,not chronic heart failure,1,"{'pred': [2], 'probs': [[0.29230543971061707, 0.34223151206970215, 0.365462988615036]], 'pred_prompt': ['H&E stained light micrograph of human cardiac tissue. Based on the image, what is the most likely clinical chronic heart diagnosis? none of the above']}",2.0,pathology,cardiovascular pathology,light microscopy,brightfield microscopy,none
7,classification,"['H&E stained light micrograph of human cardiac tissue. Based on the image, what is the most likely clinical chronic heart diagnosis? chronic heart failure', 'H&E stained light micrograph of human cardiac tissue. Based on the image, what is the most likely clinical chronic heart diagnosis? not chronic heart failure', 'H&E stained light micrograph of human cardiac tissue. Based on the image, what is the most likely clinical chronic heart diagnosis? none of the above']",76639c47-6192-4a64-b4fd-3a9851a9a77e,not chronic heart failure,1,"{'pred': [2], 'probs': [[0.35543107986450195, 0.20575718581676483, 0.4388117492198944]], 'pred_prompt': ['H&E stained light micrograph of human cardiac tissue. Based on the image, what is the most likely clinical chronic heart diagnosis? none of the above']}",2.0,pathology,cardiovascular pathology,light microscopy,brightfield microscopy,none
8,classification,"['H&E stained light micrograph of human cardiac tissue. Based on the image, what is the most likely clinical chronic heart diagnosis? not chronic heart failure', 'H&E stained light micrograph of human cardiac tissue. Based on the image, what is the most likely clinical chronic heart diagnosis? chronic heart failure', 'H&E stained light micrograph of human cardiac tissue. Based on the image, what is the most likely clinical chronic heart diagnosis? none of the above']",c61eacd0-0995-41d7-a013-fe0968678681,chronic heart failure,1,"{'pred': [2], 'probs': [[0.27353593707084656, 0.3542681634426117, 0.372195839881897]], 'pred_prompt': ['H&E stained light micrograph of human cardiac tissue. Based on the image, what is the most likely clinical chronic heart diagnosis? none of the above']}",2.0,pathology,cardiovascular pathology,light microscopy,brightfield microscopy,none
9,classification,"['H&E stained light micrograph of human cardiac tissue. Based on the image, what is the most likely clinical chronic heart diagnosis? chronic heart failure', 'H&E stained light micrograph of human cardiac tissue. Based on the image, what is the most likely clinical chronic heart diagnosis? not chronic heart failure', 'H&E stained light micrograph of human cardiac tissue. Based on the image, what is the most likely clinical chronic heart diagnosis? none of the above']",109ef31c-7144-4046-b861-0bd10b7dedaf,not chronic heart failure,1,"{'pred': [2], 'probs': [[0.34576383233070374, 0.2827419340610504, 0.37149423360824585]], 'pred_prompt': ['H&E stained light micrograph of human cardiac tissue. Based on the image, what is the most likely clinical chronic heart diagnosis? none of the above']}",2.0,pathology,cardiovascular pathology,light microscopy,brightfield microscopy,none
10,classification,"['H&E stained light micrograph of human cardiac tissue. Based on the image, what is the most likely clinical chronic heart diagnosis? not chronic heart failure', 'H&E stained light micrograph of human cardiac tissue. Based on the image, what is the most likely clinical chronic heart diagnosis? chronic heart failure', 'H&E stained light micrograph of human cardiac tissue. Based on the image, what is the most likely clinical chronic heart diagnosis? none of the above']",ad1dc63f-bd9b-4a28-a33f-c628e34a78f2,not chronic heart failure,0,"{'pred': [2], 'probs': [[0.312004417181015, 0.31073230504989624, 0.3772633373737335]], 'pred_prompt': ['H&E stained light micrograph of human cardiac tissue. Based on the image, what is the most likely clinical chronic heart diagnosis? none of the above']}",2.0,pathology,cardiovascular pathology,light microscopy,brightfield microscopy,none
11,classification,"['H&E stained light micrograph of human cardiac tissue. Based on the image, what is the most likely clinical chronic heart diagnosis? not chronic heart failure', 'H&E stained light micrograph of human cardiac tissue. Based on the image, what is the most likely clinical chronic heart diagnosis? chronic heart failure', 'H&E stained light micrograph of human cardiac tissue. Based on the image, what is the most likely clinical chronic heart diagnosis? none of the above']",f89bff5f-ad2d-4b33-90f4-9211c3a78a4c,chronic heart failure,1,"{'pred': [1], 'probs': [[0.2764752209186554, 0.3806094229221344, 0.3429153561592102]], 'pred_prompt': ['H&E stained light micrograph of human cardiac tissue. Based on the image, what is the most likely clinical chronic heart diagnosis? chronic heart failure']}",2.0,pathology,cardiovascular pathology,light microscopy,brightfield microscopy,none
12,classification,"['H&E stained light micrograph of human cardiac tissue. Based on the image, what is the most likely clinical chronic heart diagnosis? not chronic heart failure', 'H&E stained light micrograph of human cardiac tissue. Based on the image, what is the most likely clinical chronic heart diagnosis? chronic heart failure', 'H&E stained light micrograph of human cardiac tissue. Based on the image, what is the most likely clinical chronic heart diagnosis? none of the above']",57be332e-571d-43f2-9e83-4f2a1c047fb5,not chronic heart failure,0,"{'pred': [2], 'probs': [[0.32799437642097473, 0.30105459690093994, 0.3709510266780853]], 'pred_prompt': ['H&E stained light micrograph of human cardiac tissue. Based on the image, what is the most likely clinical chronic heart diagnosis? none of the above']}",2.0,pathology,cardiovascular pathology,light microscopy,brightfield microscopy,none
13,classification,"['H&E stained light micrograph of human cardiac tissue. Based on the image, what is the most likely clinical chronic heart diagnosis? chronic heart failure', 'H&E stained light micrograph of human cardiac tissue. Based on the image, what is the most likely clinical chronic heart diagnosis? not chronic heart failure', 'H&E stained light micrograph of human cardiac tissue. Based on the image, what is the most likely clinical chronic heart diagnosis? none of the above']",efa11bea-f61f-4d54-b529-ba5fa2ee7318,chronic heart failure,0,"{'pred': [2], 'probs': [[0.34091901779174805, 0.26598143577575684, 0.3930995762348175]], 'pred_prompt': ['H&E stained light micrograph of human cardiac tissue. Based on the image, what is the most likely clinical chronic heart diagnosis? none of the above']}",2.0,pathology,cardiovascular pathology,light microscopy,brightfield microscopy,none
14,classification,"['H&E stained light micrograph of human cardiac tissue. Based on the image, what is the most likely clinical chronic heart diagnosis? chronic heart failure', 'H&E stained light micrograph of human cardiac tissue. Based on the image, what is the most likely clinical chronic heart diagnosis? not chronic heart failure', 'H&E stained light micrograph of human cardiac tissue. Based on the image, what is the most likely clinical chronic heart diagnosis? none of the above']",b8f27902-1a98-4662-bdfa-a353a9377489,chronic heart failure,0,"{'pred': [2], 'probs': [[0.3527606427669525, 0.20358511805534363, 0.4436541795730591]], 'pred_prompt': ['H&E stained light micrograph of human cardiac tissue. Based on the image, what is the most likely clinical chronic heart diagnosis? none of the above']}",2.0,pathology,cardiovascular pathology,light microscopy,brightfield microscopy,none
15,classification,"['H&E stained light micrograph of human cardiac tissue. Based on the image, what is the most likely clinical chronic heart diagnosis? not chronic heart failure', 'H&E stained light micrograph of human cardiac tissue. Based on the image, what is the most likely clinical chronic heart diagnosis? chronic heart failure', 'H&E stained light micrograph of human cardiac tissue. Based on the image, what is the most likely clinical chronic heart diagnosis? none of the above']",b906ac56-69e9-4ebb-9a84-15277235c764,chronic heart failure,1,"{'pred': [1], 'probs': [[0.3104178011417389, 0.37285465002059937, 0.31672748923301697]], 'pred_prompt': ['H&E stained light micrograph of human cardiac tissue. Based on the image, what is the most likely clinical chronic heart diagnosis? chronic heart failure']}",2.0,pathology,cardiovascular pathology,light microscopy,brightfield microscopy,none
16,classification,"['H&E stained light micrograph of human cardiac tissue. Based on the image, what is the most likely clinical chronic heart diagnosis? not chronic heart failure', 'H&E stained light micrograph of human cardiac tissue. Based on the image, what is the most likely clinical chronic heart diagnosis? chronic heart failure', 'H&E stained light micrograph of human cardiac tissue. Based on the image, what is the most likely clinical chronic heart diagnosis? none of the above']",a3057ce8-0f6e-4fda-a467-97bc151af42a,not chronic heart failure,0,"{'pred': [2], 'probs': [[0.23913462460041046, 0.3484635055065155, 0.41240182518959045]], 'pred_prompt': ['H&E stained light micrograph of human cardiac tissue. Based on the image, what is the most likely clinical chronic heart diagnosis? none of the above']}",2.0,pathology,cardiovascular pathology,light microscopy,brightfield microscopy,none
17,classification,"['H&E stained light micrograph of human cardiac tissue. Based on the image, what is the most likely clinical chronic heart diagnosis? chronic heart failure', 'H&E stained light micrograph of human cardiac tissue. Based on the image, what is the most likely clinical chronic heart diagnosis? not chronic heart failure', 'H&E stained light micrograph of human cardiac tissue. Based on the image, what is the most likely clinical chronic heart diagnosis? none of the above']",7e9d37e5-5156-406d-a5a3-9e0f14a4b642,not chronic heart failure,1,"{'pred': [2], 'probs': [[0.3022218644618988, 0.26717934012413025, 0.43059879541397095]], 'pred_prompt': ['H&E stained light micrograph of human cardiac tissue. Based on the image, what is the most likely clinical chronic heart diagnosis? none of the above']}",2.0,pathology,cardiovascular pathology,light microscopy,brightfield microscopy,none
18,classification,"['H&E stained light micrograph of human cardiac tissue. Based on the image, what is the most likely clinical chronic heart diagnosis? chronic heart failure', 'H&E stained light micrograph of human cardiac tissue. Based on the image, what is the most likely clinical chronic heart diagnosis? not chronic heart failure', 'H&E stained light micrograph of human cardiac tissue. Based on the image, what is the most likely clinical chronic heart diagnosis? none of the above']",b392a2a2-e1dd-4093-9d64-96fe61344a62,chronic heart failure,0,"{'pred': [1], 'probs': [[0.3617541491985321, 0.37593382596969604, 0.26231199502944946]], 'pred_prompt': ['H&E stained light micrograph of human cardiac tissue. Based on the image, what is the most likely clinical chronic heart diagnosis? not chronic heart failure']}",2.0,pathology,cardiovascular pathology,light microscopy,brightfield microscopy,none
19,classification,"['H&E stained light micrograph of human cardiac tissue. Based on the image, what is the most likely clinical chronic heart diagnosis? not chronic heart failure', 'H&E stained light micrograph of human cardiac tissue. Based on the image, what is the most likely clinical chronic heart diagnosis? chronic heart failure', 'H&E stained light micrograph of human cardiac tissue. Based on the image, what is the most likely clinical chronic heart diagnosis? none of the above']",a95e577c-e9c1-452f-ada9-ea983b4e1725,chronic heart failure,1,"{'pred': [1], 'probs': [[0.3299095034599304, 0.3536415994167328, 0.3164489269256592]], 'pred_prompt': ['H&E stained light micrograph of human cardiac tissue. Based on the image, what is the most likely clinical chronic heart diagnosis? chronic heart failure']}",2.0,pathology,cardiovascular pathology,light microscopy,brightfield microscopy,none
20,classification,"['H&E stained light micrograph of human cardiac tissue. Based on the image, what is the most likely clinical chronic heart diagnosis? chronic heart failure', 'H&E stained light micrograph of human cardiac tissue. Based on the image, what is the most likely clinical chronic heart diagnosis? not chronic heart failure', 'H&E stained light micrograph of human cardiac tissue. Based on the image, what is the most likely clinical chronic heart diagnosis? none of the above']",b16265be-e8ee-47e9-a83e-83618adbf3d3,not chronic heart failure,1,"{'pred': [2], 'probs': [[0.3321612477302551, 0.3222796320915222, 0.34555912017822266]], 'pred_prompt': ['H&E stained light micrograph of human cardiac tissue. Based on the image, what is the most likely clinical chronic heart diagnosis? none of the above']}",2.0,pathology,cardiovascular pathology,light microscopy,brightfield microscopy,none
21,classification,"['H&E stained light micrograph of human cardiac tissue. Based on the image, what is the most likely clinical chronic heart diagnosis? not chronic heart failure', 'H&E stained light micrograph of human cardiac tissue. Based on the image, what is the most likely clinical chronic heart diagnosis? chronic heart failure', 'H&E stained light micrograph of human cardiac tissue. Based on the image, what is the most likely clinical chronic heart diagnosis? none of the above']",eb0fa954-84c6-4cee-8cb5-a7b0f39a3720,not chronic heart failure,0,"{'pred': [1], 'probs': [[0.32521846890449524, 0.3840893507003784, 0.29069218039512634]], 'pred_prompt': ['H&E stained light micrograph of human cardiac tissue. Based on the image, what is the most likely clinical chronic heart diagnosis? chronic heart failure']}",2.0,pathology,cardiovascular pathology,light microscopy,brightfield microscopy,none
22,classification,"['H&E stained light micrograph of human cardiac tissue. Based on the image, what is the most likely clinical chronic heart diagnosis? chronic heart failure', 'H&E stained light micrograph of human cardiac tissue. Based on the image, what is the most likely clinical chronic heart diagnosis? not chronic heart failure', 'H&E stained light micrograph of human cardiac tissue. Based on the image, what is the most likely clinical chronic heart diagnosis? none of the above']",9a98d308-b93f-4f67-bf71-6d070ec9506a,chronic heart failure,0,"{'pred': [2], 'probs': [[0.28404781222343445, 0.2520444095134735, 0.4639078378677368]], 'pred_prompt': ['H&E stained light micrograph of human cardiac tissue. Based on the image, what is the most likely clinical chronic heart diagnosis? none of the above']}",2.0,pathology,cardiovascular pathology,light microscopy,brightfield microscopy,none
23,classification,"['H&E stained light micrograph of human cardiac tissue. Based on the image, what is the most likely clinical chronic heart diagnosis? chronic heart failure', 'H&E stained light micrograph of human cardiac tissue. Based on the image, what is the most likely clinical chronic heart diagnosis? not chronic heart failure', 'H&E stained light micrograph of human cardiac tissue. Based on the image, what is the most likely clinical chronic heart diagnosis? none of the above']",9fff63b8-68cd-4ffb-9b9b-f7ff3a290cbd,not chronic heart failure,1,"{'pred': [0], 'probs': [[0.35947421193122864, 0.29182159900665283, 0.34870418906211853]], 'pred_prompt': ['H&E stained light micrograph of human cardiac tissue. Based on the image, what is the most likely clinical chronic heart diagnosis? chronic heart failure']}",2.0,pathology,cardiovascular pathology,light microscopy,brightfield microscopy,none
24,classification,"['H&E stained light micrograph of human cardiac tissue. Based on the image, what is the most likely clinical chronic heart diagnosis? not chronic heart failure', 'H&E stained light micrograph of human cardiac tissue. Based on the image, what is the most likely clinical chronic heart diagnosis? chronic heart failure', 'H&E stained light micrograph of human cardiac tissue. Based on the image, what is the most likely clinical chronic heart diagnosis? none of the above']",01fe03fc-f6a7-445e-bd74-86c63cb9aa70,not chronic heart failure,0,"{'pred': [2], 'probs': [[0.24617360532283783, 0.35337743163108826, 0.4004489481449127]], 'pred_prompt': ['H&E stained light micrograph of human cardiac tissue. Based on the image, what is the most likely clinical chronic heart diagnosis? none of the above']}",2.0,pathology,cardiovascular pathology,light microscopy,brightfield microscopy,none
25,classification,"['H&E stained light micrograph of human cardiac tissue. Based on the image, what is the most likely clinical chronic heart diagnosis? not chronic heart failure', 'H&E stained light micrograph of human cardiac tissue. Based on the image, what is the most likely clinical chronic heart diagnosis? chronic heart failure', 'H&E stained light micrograph of human cardiac tissue. Based on the image, what is the most likely clinical chronic heart diagnosis? none of the above']",a332330b-b9fb-4c99-a101-b8b9561526d7,chronic heart failure,1,"{'pred': [2], 'probs': [[0.3437359631061554, 0.3053404688835144, 0.3509235978126526]], 'pred_prompt': ['H&E stained light micrograph of human cardiac tissue. Based on the image, what is the most likely clinical chronic heart diagnosis? none of the above']}",2.0,pathology,cardiovascular pathology,light microscopy,brightfield microscopy,none
26,classification,"['H&E stained light micrograph of human cardiac tissue. Based on the image, what is the most likely clinical chronic heart diagnosis? chronic heart failure', 'H&E stained light micrograph of human cardiac tissue. Based on the image, what is the most likely clinical chronic heart diagnosis? not chronic heart failure', 'H&E stained light micrograph of human cardiac tissue. Based on the image, what is the most likely clinical chronic heart diagnosis? none of the above']",29c8da31-50e8-4a23-9a2b-02d18282c61a,chronic heart failure,0,"{'pred': [1], 'probs': [[0.3444366455078125, 0.3551357686519623, 0.30042755603790283]], 'pred_prompt': ['H&E stained light micrograph of human cardiac tissue. Based on the image, what is the most likely clinical chronic heart diagnosis? not chronic heart failure']}",2.0,pathology,cardiovascular pathology,light microscopy,brightfield microscopy,none
27,classification,"['H&E stained light micrograph of human cardiac tissue. Based on the image, what is the most likely clinical chronic heart diagnosis? chronic heart failure', 'H&E stained light micrograph of human cardiac tissue. Based on the image, what is the most likely clinical chronic heart diagnosis? not chronic heart failure', 'H&E stained light micrograph of human cardiac tissue. Based on the image, what is the most likely clinical chronic heart diagnosis? none of the above']",2c6b3ff0-f51b-4228-98d5-0fda12d1157c,chronic heart failure,0,"{'pred': [2], 'probs': [[0.35851427912712097, 0.2337065488100052, 0.4077792167663574]], 'pred_prompt': ['H&E stained light micrograph of human cardiac tissue. Based on the image, what is the most likely clinical chronic heart diagnosis? none of the above']}",2.0,pathology,cardiovascular pathology,light microscopy,brightfield microscopy,none
28,classification,"['H&E stained light micrograph of human cardiac tissue. Based on the image, what is the most likely clinical chronic heart diagnosis? not chronic heart failure', 'H&E stained light micrograph of human cardiac tissue. Based on the image, what is the most likely clinical chronic heart diagnosis? chronic heart failure', 'H&E stained light micrograph of human cardiac tissue. Based on the image, what is the most likely clinical chronic heart diagnosis? none of the above']",f27ccf85-acf4-4b55-9ad4-7ef3f09cfdb2,chronic heart failure,1,"{'pred': [1], 'probs': [[0.31277936697006226, 0.4193185567855835, 0.26790207624435425]], 'pred_prompt': ['H&E stained light micrograph of human cardiac tissue. Based on the image, what is the most likely clinical chronic heart diagnosis? chronic heart failure']}",2.0,pathology,cardiovascular pathology,light microscopy,brightfield microscopy,none
29,classification,"['H&E stained light micrograph of human cardiac tissue. Based on the image, what is the most likely clinical chronic heart diagnosis? not chronic heart failure', 'H&E stained light micrograph of human cardiac tissue. Based on the image, what is the most likely clinical chronic heart diagnosis? chronic heart failure', 'H&E stained light micrograph of human cardiac tissue. Based on the image, what is the most likely clinical chronic heart diagnosis? none of the above']",dcef7afa-8b4c-49f4-9698-bbc3dd20a122,chronic heart failure,1,"{'pred': [2], 'probs': [[0.2646946310997009, 0.3624231517314911, 0.3728821873664856]], 'pred_prompt': ['H&E stained light micrograph of human cardiac tissue. Based on the image, what is the most likely clinical chronic heart diagnosis? none of the above']}",2.0,pathology,cardiovascular pathology,light microscopy,brightfield microscopy,none
30,classification,"['H&E stained light micrograph of human cardiac tissue. Based on the image, what is the most likely clinical chronic heart diagnosis? not chronic heart failure', 'H&E stained light micrograph of human cardiac tissue. Based on the image, what is the most likely clinical chronic heart diagnosis? chronic heart failure', 'H&E stained light micrograph of human cardiac tissue. Based on the image, what is the most likely clinical chronic heart diagnosis? none of the above']",0809836f-af3b-4ce8-932f-8e0792c1b944,chronic heart failure,1,"{'pred': [1], 'probs': [[0.2996213436126709, 0.3837452530860901, 0.3166334629058838]], 'pred_prompt': ['H&E stained light micrograph of human cardiac tissue. Based on the image, what is the most likely clinical chronic heart diagnosis? chronic heart failure']}",2.0,pathology,cardiovascular pathology,light microscopy,brightfield microscopy,none
31,classification,"['H&E stained light micrograph of human cardiac tissue. Based on the image, what is the most likely clinical chronic heart diagnosis? chronic heart failure', 'H&E stained light micrograph of human cardiac tissue. Based on the image, what is the most likely clinical chronic heart diagnosis? not chronic heart failure', 'H&E stained light micrograph of human cardiac tissue. Based on the image, what is the most likely clinical chronic heart diagnosis? none of the above']",ebb1fe68-1b37-49dc-af4c-1edc9de882f9,chronic heart failure,0,"{'pred': [0], 'probs': [[0.3667612075805664, 0.2863364815711975, 0.3469022810459137]], 'pred_prompt': ['H&E stained light micrograph of human cardiac tissue. Based on the image, what is the most likely clinical chronic heart diagnosis? chronic heart failure']}",2.0,pathology,cardiovascular pathology,light microscopy,brightfield microscopy,none
32,classification,"['H&E stained light micrograph of human cardiac tissue. Based on the image, what is the most likely clinical chronic heart diagnosis? not chronic heart failure', 'H&E stained light micrograph of human cardiac tissue. Based on the image, what is the most likely clinical chronic heart diagnosis? chronic heart failure', 'H&E stained light micrograph of human cardiac tissue. Based on the image, what is the most likely clinical chronic heart diagnosis? none of the above']",faa6d336-cccb-44e1-8f9b-7436ad8494d7,chronic heart failure,1,"{'pred': [1], 'probs': [[0.3130987584590912, 0.35192301869392395, 0.33497822284698486]], 'pred_prompt': ['H&E stained light micrograph of human cardiac tissue. Based on the image, what is the most likely clinical chronic heart diagnosis? chronic heart failure']}",2.0,pathology,cardiovascular pathology,light microscopy,brightfield microscopy,none
33,classification,"['H&E stained light micrograph of human cardiac tissue. Based on the image, what is the most likely clinical chronic heart diagnosis? not chronic heart failure', 'H&E stained light micrograph of human cardiac tissue. Based on the image, what is the most likely clinical chronic heart diagnosis? chronic heart failure', 'H&E stained light micrograph of human cardiac tissue. Based on the image, what is the most likely clinical chronic heart diagnosis? none of the above']",a872b7ee-869d-457c-85dd-2ef7140aedf7,chronic heart failure,1,"{'pred': [0], 'probs': [[0.34160324931144714, 0.33862176537513733, 0.31977495551109314]], 'pred_prompt': ['H&E stained light micrograph of human cardiac tissue. Based on the image, what is the most likely clinical chronic heart diagnosis? not chronic heart failure']}",2.0,pathology,cardiovascular pathology,light microscopy,brightfield microscopy,none
34,classification,"['H&E stained light micrograph of human cardiac tissue. Based on the image, what is the most likely clinical chronic heart diagnosis? chronic heart failure', 'H&E stained light micrograph of human cardiac tissue. Based on the image, what is the most likely clinical chronic heart diagnosis? not chronic heart failure', 'H&E stained light micrograph of human cardiac tissue. Based on the image, what is the most likely clinical chronic heart diagnosis? none of the above']",f9be738d-abc8-4bf4-b3f7-e08ef0ffe7e0,not chronic heart failure,1,"{'pred': [0], 'probs': [[0.40237554907798767, 0.23379212617874146, 0.36383235454559326]], 'pred_prompt': ['H&E stained light micrograph of human cardiac tissue. Based on the image, what is the most likely clinical chronic heart diagnosis? chronic heart failure']}",2.0,pathology,cardiovascular pathology,light microscopy,brightfield microscopy,none
35,classification,"['H&E stained light micrograph of human cardiac tissue. Based on the image, what is the most likely clinical chronic heart diagnosis? chronic heart failure', 'H&E stained light micrograph of human cardiac tissue. Based on the image, what is the most likely clinical chronic heart diagnosis? not chronic heart failure', 'H&E stained light micrograph of human cardiac tissue. Based on the image, what is the most likely clinical chronic heart diagnosis? none of the above']",2e074ffa-aa55-4630-bc51-8fc5dd87dd78,not chronic heart failure,1,"{'pred': [0], 'probs': [[0.36570680141448975, 0.3201698660850525, 0.31412336230278015]], 'pred_prompt': ['H&E stained light micrograph of human cardiac tissue. Based on the image, what is the most likely clinical chronic heart diagnosis? chronic heart failure']}",2.0,pathology,cardiovascular pathology,light microscopy,brightfield microscopy,none
36,classification,"['H&E stained light micrograph of human cardiac tissue. Based on the image, what is the most likely clinical chronic heart diagnosis? chronic heart failure', 'H&E stained light micrograph of human cardiac tissue. Based on the image, what is the most likely clinical chronic heart diagnosis? not chronic heart failure', 'H&E stained light micrograph of human cardiac tissue. Based on the image, what is the most likely clinical chronic heart diagnosis? none of the above']",985a6583-b549-4168-9084-b13abd6296aa,not chronic heart failure,1,"{'pred': [2], 'probs': [[0.3167537450790405, 0.33102312684059143, 0.35222309827804565]], 'pred_prompt': ['H&E stained light micrograph of human cardiac tissue. Based on the image, what is the most likely clinical chronic heart diagnosis? none of the above']}",2.0,pathology,cardiovascular pathology,light microscopy,brightfield microscopy,none
37,classification,"['H&E stained light micrograph of human cardiac tissue. Based on the image, what is the most likely clinical chronic heart diagnosis? not chronic heart failure', 'H&E stained light micrograph of human cardiac tissue. Based on the image, what is the most likely clinical chronic heart diagnosis? chronic heart failure', 'H&E stained light micrograph of human cardiac tissue. Based on the image, what is the most likely clinical chronic heart diagnosis? none of the above']",f96cc540-6465-4745-8c9b-1218d0b60098,not chronic heart failure,0,"{'pred': [2], 'probs': [[0.23215097188949585, 0.37720218300819397, 0.39064690470695496]], 'pred_prompt': ['H&E stained light micrograph of human cardiac tissue. Based on the image, what is the most likely clinical chronic heart diagnosis? none of the above']}",2.0,pathology,cardiovascular pathology,light microscopy,brightfield microscopy,none
38,classification,"['H&E stained light micrograph of human cardiac tissue. Based on the image, what is the most likely clinical chronic heart diagnosis? chronic heart failure', 'H&E stained light micrograph of human cardiac tissue. Based on the image, what is the most likely clinical chronic heart diagnosis? not chronic heart failure', 'H&E stained light micrograph of human cardiac tissue. Based on the image, what is the most likely clinical chronic heart diagnosis? none of the above']",fb7f5101-7ba2-415d-b2be-4591469250bf,chronic heart failure,0,"{'pred': [0], 'probs': [[0.36459338665008545, 0.31378045678138733, 0.32162612676620483]], 'pred_prompt': ['H&E stained light micrograph of human cardiac tissue. Based on the image, what is the most likely clinical chronic heart diagnosis? chronic heart failure']}",2.0,pathology,cardiovascular pathology,light microscopy,brightfield microscopy,none
39,classification,"['H&E stained light micrograph of human cardiac tissue. Based on the image, what is the most likely clinical chronic heart diagnosis? not chronic heart failure', 'H&E stained light micrograph of human cardiac tissue. Based on the image, what is the most likely clinical chronic heart diagnosis? chronic heart failure', 'H&E stained light micrograph of human cardiac tissue. Based on the image, what is the most likely clinical chronic heart diagnosis? none of the above']",f9469031-bdae-4011-ab7a-3f30e43b9331,not chronic heart failure,0,"{'pred': [1], 'probs': [[0.33189043402671814, 0.4035992920398712, 0.26451024413108826]], 'pred_prompt': ['H&E stained light micrograph of human cardiac tissue. Based on the image, what is the most likely clinical chronic heart diagnosis? chronic heart failure']}",2.0,pathology,cardiovascular pathology,light microscopy,brightfield microscopy,none
40,classification,"['H&E stained light micrograph of human cardiac tissue. Based on the image, what is the most likely clinical chronic heart diagnosis? chronic heart failure', 'H&E stained light micrograph of human cardiac tissue. Based on the image, what is the most likely clinical chronic heart diagnosis? not chronic heart failure', 'H&E stained light micrograph of human cardiac tissue. Based on the image, what is the most likely clinical chronic heart diagnosis? none of the above']",afbd947a-f8e1-4aba-becc-48d75441d3c7,not chronic heart failure,1,"{'pred': [1], 'probs': [[0.3810020089149475, 0.40558069944381714, 0.21341724693775177]], 'pred_prompt': ['H&E stained light micrograph of human cardiac tissue. Based on the image, what is the most likely clinical chronic heart diagnosis? not chronic heart failure']}",2.0,pathology,cardiovascular pathology,light microscopy,brightfield microscopy,none
41,classification,"['H&E stained light micrograph of human cardiac tissue. Based on the image, what is the most likely clinical chronic heart diagnosis? not chronic heart failure', 'H&E stained light micrograph of human cardiac tissue. Based on the image, what is the most likely clinical chronic heart diagnosis? chronic heart failure', 'H&E stained light micrograph of human cardiac tissue. Based on the image, what is the most likely clinical chronic heart diagnosis? none of the above']",ddfe70ac-c0b0-4777-9fd5-35904195e350,not chronic heart failure,0,"{'pred': [1], 'probs': [[0.37405362725257874, 0.41260796785354614, 0.21333837509155273]], 'pred_prompt': ['H&E stained light micrograph of human cardiac tissue. Based on the image, what is the most likely clinical chronic heart diagnosis? chronic heart failure']}",2.0,pathology,cardiovascular pathology,light microscopy,brightfield microscopy,none
42,classification,"['H&E stained light micrograph of human cardiac tissue. Based on the image, what is the most likely clinical chronic heart diagnosis? chronic heart failure', 'H&E stained light micrograph of human cardiac tissue. Based on the image, what is the most likely clinical chronic heart diagnosis? not chronic heart failure', 'H&E stained light micrograph of human cardiac tissue. Based on the image, what is the most likely clinical chronic heart diagnosis? none of the above']",0de6fa40-138e-4ad2-99da-8149f964eeaf,chronic heart failure,0,"{'pred': [2], 'probs': [[0.3263908922672272, 0.3282450735569, 0.3453640341758728]], 'pred_prompt': ['H&E stained light micrograph of human cardiac tissue. Based on the image, what is the most likely clinical chronic heart diagnosis? none of the above']}",2.0,pathology,cardiovascular pathology,light microscopy,brightfield microscopy,none
43,classification,"['H&E stained light micrograph of human cardiac tissue. Based on the image, what is the most likely clinical chronic heart diagnosis? chronic heart failure', 'H&E stained light micrograph of human cardiac tissue. Based on the image, what is the most likely clinical chronic heart diagnosis? not chronic heart failure', 'H&E stained light micrograph of human cardiac tissue. Based on the image, what is the most likely clinical chronic heart diagnosis? none of the above']",078dc825-0063-4276-8fb4-f1a9fd5725c2,chronic heart failure,0,"{'pred': [0], 'probs': [[0.3885806202888489, 0.3312820494174957, 0.280137300491333]], 'pred_prompt': ['H&E stained light micrograph of human cardiac tissue. Based on the image, what is the most likely clinical chronic heart diagnosis? chronic heart failure']}",2.0,pathology,cardiovascular pathology,light microscopy,brightfield microscopy,none
44,classification,"['H&E stained light micrograph of human cardiac tissue. Based on the image, what is the most likely clinical chronic heart diagnosis? chronic heart failure', 'H&E stained light micrograph of human cardiac tissue. Based on the image, what is the most likely clinical chronic heart diagnosis? not chronic heart failure', 'H&E stained light micrograph of human cardiac tissue. Based on the image, what is the most likely clinical chronic heart diagnosis? none of the above']",852f8f3d-a540-4604-89f2-d2dee7cec3f3,not chronic heart failure,1,"{'pred': [2], 'probs': [[0.27620530128479004, 0.33040931820869446, 0.3933853805065155]], 'pred_prompt': ['H&E stained light micrograph of human cardiac tissue. Based on the image, what is the most likely clinical chronic heart diagnosis? none of the above']}",2.0,pathology,cardiovascular pathology,light microscopy,brightfield microscopy,none
45,classification,"['H&E stained light micrograph of human cardiac tissue. Based on the image, what is the most likely clinical chronic heart diagnosis? chronic heart failure', 'H&E stained light micrograph of human cardiac tissue. Based on the image, what is the most likely clinical chronic heart diagnosis? not chronic heart failure', 'H&E stained light micrograph of human cardiac tissue. Based on the image, what is the most likely clinical chronic heart diagnosis? none of the above']",fdc19a50-f370-4f0a-aebc-3564cc83ae10,chronic heart failure,0,"{'pred': [2], 'probs': [[0.3397830128669739, 0.3066208064556122, 0.35359621047973633]], 'pred_prompt': ['H&E stained light micrograph of human cardiac tissue. Based on the image, what is the most likely clinical chronic heart diagnosis? none of the above']}",2.0,pathology,cardiovascular pathology,light microscopy,brightfield microscopy,none
46,classification,"['H&E stained light micrograph of human cardiac tissue. Based on the image, what is the most likely clinical chronic heart diagnosis? not chronic heart failure', 'H&E stained light micrograph of human cardiac tissue. Based on the image, what is the most likely clinical chronic heart diagnosis? chronic heart failure', 'H&E stained light micrograph of human cardiac tissue. Based on the image, what is the most likely clinical chronic heart diagnosis? none of the above']",9e06eb11-b8ff-4bb4-813b-6d59a279b19d,chronic heart failure,1,"{'pred': [1], 'probs': [[0.3328675627708435, 0.38356688618659973, 0.28356558084487915]], 'pred_prompt': ['H&E stained light micrograph of human cardiac tissue. Based on the image, what is the most likely clinical chronic heart diagnosis? chronic heart failure']}",2.0,pathology,cardiovascular pathology,light microscopy,brightfield microscopy,none
47,classification,"['H&E stained light micrograph of human cardiac tissue. Based on the image, what is the most likely clinical chronic heart diagnosis? not chronic heart failure', 'H&E stained light micrograph of human cardiac tissue. Based on the image, what is the most likely clinical chronic heart diagnosis? chronic heart failure', 'H&E stained light micrograph of human cardiac tissue. Based on the image, what is the most likely clinical chronic heart diagnosis? none of the above']",d81a2f37-414d-45cd-b0e7-806c7f00e10b,chronic heart failure,1,"{'pred': [1], 'probs': [[0.28936949372291565, 0.38943079113960266, 0.3211996853351593]], 'pred_prompt': ['H&E stained light micrograph of human cardiac tissue. Based on the image, what is the most likely clinical chronic heart diagnosis? chronic heart failure']}",2.0,pathology,cardiovascular pathology,light microscopy,brightfield microscopy,none
48,classification,"['H&E stained light micrograph of human cardiac tissue. Based on the image, what is the most likely clinical chronic heart diagnosis? not chronic heart failure', 'H&E stained light micrograph of human cardiac tissue. Based on the image, what is the most likely clinical chronic heart diagnosis? chronic heart failure', 'H&E stained light micrograph of human cardiac tissue. Based on the image, what is the most likely clinical chronic heart diagnosis? none of the above']",de0e116c-0bb0-4f86-a198-9286c7e4e355,chronic heart failure,1,"{'pred': [1], 'probs': [[0.27618855237960815, 0.3966479003429413, 0.32716354727745056]], 'pred_prompt': ['H&E stained light micrograph of human cardiac tissue. Based on the image, what is the most likely clinical chronic heart diagnosis? chronic heart failure']}",2.0,pathology,cardiovascular pathology,light microscopy,brightfield microscopy,none
49,classification,"['H&E stained light micrograph of human cardiac tissue. Based on the image, what is the most likely clinical chronic heart diagnosis? chronic heart failure', 'H&E stained light micrograph of human cardiac tissue. Based on the image, what is the most likely clinical chronic heart diagnosis? not chronic heart failure', 'H&E stained light micrograph of human cardiac tissue. Based on the image, what is the most likely clinical chronic heart diagnosis? none of the above']",7bf008f9-2765-4819-8d7c-a83ca086202e,not chronic heart failure,1,"{'pred': [2], 'probs': [[0.3131653070449829, 0.30300620198249817, 0.38382846117019653]], 'pred_prompt': ['H&E stained light micrograph of human cardiac tissue. Based on the image, what is the most likely clinical chronic heart diagnosis? none of the above']}",2.0,pathology,cardiovascular pathology,light microscopy,brightfield microscopy,none
50,classification,"['H&E stained light micrograph of human cardiac tissue. Based on the image, what is the most likely clinical chronic heart diagnosis? not chronic heart failure', 'H&E stained light micrograph of human cardiac tissue. Based on the image, what is the most likely clinical chronic heart diagnosis? chronic heart failure', 'H&E stained light micrograph of human cardiac tissue. Based on the image, what is the most likely clinical chronic heart diagnosis? none of the above']",4815e666-1be1-4a3d-b062-b0ac4150a6f3,not chronic heart failure,0,"{'pred': [0], 'probs': [[0.3524722456932068, 0.29871511459350586, 0.34881260991096497]], 'pred_prompt': ['H&E stained light micrograph of human cardiac tissue. Based on the image, what is the most likely clinical chronic heart diagnosis? not chronic heart failure']}",2.0,pathology,cardiovascular pathology,light microscopy,brightfield microscopy,none
51,classification,"['H&E stained light micrograph of human cardiac tissue. Based on the image, what is the most likely clinical chronic heart diagnosis? not chronic heart failure', 'H&E stained light micrograph of human cardiac tissue. Based on the image, what is the most likely clinical chronic heart diagnosis? chronic heart failure', 'H&E stained light micrograph of human cardiac tissue. Based on the image, what is the most likely clinical chronic heart diagnosis? none of the above']",5be0b2b6-efce-4726-bb0d-66fb45117c6a,chronic heart failure,1,"{'pred': [2], 'probs': [[0.2394096404314041, 0.36631298065185547, 0.39427733421325684]], 'pred_prompt': ['H&E stained light micrograph of human cardiac tissue. Based on the image, what is the most likely clinical chronic heart diagnosis? none of the above']}",2.0,pathology,cardiovascular pathology,light microscopy,brightfield microscopy,none
52,classification,"['H&E stained light micrograph of human cardiac tissue. Based on the image, what is the most likely clinical chronic heart diagnosis? chronic heart failure', 'H&E stained light micrograph of human cardiac tissue. Based on the image, what is the most likely clinical chronic heart diagnosis? not chronic heart failure', 'H&E stained light micrograph of human cardiac tissue. Based on the image, what is the most likely clinical chronic heart diagnosis? none of the above']",4a769b31-2f6e-45be-b409-c1a34bdec227,not chronic heart failure,1,"{'pred': [0], 'probs': [[0.4338974952697754, 0.31217196583747864, 0.25393053889274597]], 'pred_prompt': ['H&E stained light micrograph of human cardiac tissue. Based on the image, what is the most likely clinical chronic heart diagnosis? chronic heart failure']}",2.0,pathology,cardiovascular pathology,light microscopy,brightfield microscopy,none
53,classification,"['H&E stained light micrograph of human cardiac tissue. Based on the image, what is the most likely clinical chronic heart diagnosis? not chronic heart failure', 'H&E stained light micrograph of human cardiac tissue. Based on the image, what is the most likely clinical chronic heart diagnosis? chronic heart failure', 'H&E stained light micrograph of human cardiac tissue. Based on the image, what is the most likely clinical chronic heart diagnosis? none of the above']",f5b67947-a097-4877-a927-445d2a27bd8d,not chronic heart failure,0,"{'pred': [2], 'probs': [[0.3259921967983246, 0.3073660433292389, 0.36664173007011414]], 'pred_prompt': ['H&E stained light micrograph of human cardiac tissue. Based on the image, what is the most likely clinical chronic heart diagnosis? none of the above']}",2.0,pathology,cardiovascular pathology,light microscopy,brightfield microscopy,none
54,classification,"['H&E stained light micrograph of human cardiac tissue. Based on the image, what is the most likely clinical chronic heart diagnosis? chronic heart failure', 'H&E stained light micrograph of human cardiac tissue. Based on the image, what is the most likely clinical chronic heart diagnosis? not chronic heart failure', 'H&E stained light micrograph of human cardiac tissue. Based on the image, what is the most likely clinical chronic heart diagnosis? none of the above']",2d788b8c-2be7-45fe-9726-d17af5d5ac9d,not chronic heart failure,1,"{'pred': [1], 'probs': [[0.36036446690559387, 0.39073050022125244, 0.2489050030708313]], 'pred_prompt': ['H&E stained light micrograph of human cardiac tissue. Based on the image, what is the most likely clinical chronic heart diagnosis? not chronic heart failure']}",2.0,pathology,cardiovascular pathology,light microscopy,brightfield microscopy,none
55,classification,"['H&E stained light micrograph of human cardiac tissue. Based on the image, what is the most likely clinical chronic heart diagnosis? not chronic heart failure', 'H&E stained light micrograph of human cardiac tissue. Based on the image, what is the most likely clinical chronic heart diagnosis? chronic heart failure', 'H&E stained light micrograph of human cardiac tissue. Based on the image, what is the most likely clinical chronic heart diagnosis? none of the above']",f5272fa8-39a8-4663-9601-f35cc0f9503b,not chronic heart failure,0,"{'pred': [1], 'probs': [[0.3012409806251526, 0.3829997479915619, 0.3157592713832855]], 'pred_prompt': ['H&E stained light micrograph of human cardiac tissue. Based on the image, what is the most likely clinical chronic heart diagnosis? chronic heart failure']}",2.0,pathology,cardiovascular pathology,light microscopy,brightfield microscopy,none
56,classification,"['H&E stained light micrograph of human cardiac tissue. Based on the image, what is the most likely clinical chronic heart diagnosis? not chronic heart failure', 'H&E stained light micrograph of human cardiac tissue. Based on the image, what is the most likely clinical chronic heart diagnosis? chronic heart failure', 'H&E stained light micrograph of human cardiac tissue. Based on the image, what is the most likely clinical chronic heart diagnosis? none of the above']",6c8e61e3-8d48-4754-9673-d17a2b244192,not chronic heart failure,0,"{'pred': [2], 'probs': [[0.2289918214082718, 0.3280344307422638, 0.4429738521575928]], 'pred_prompt': ['H&E stained light micrograph of human cardiac tissue. Based on the image, what is the most likely clinical chronic heart diagnosis? none of the above']}",2.0,pathology,cardiovascular pathology,light microscopy,brightfield microscopy,none
57,classification,"['H&E stained light micrograph of human cardiac tissue. Based on the image, what is the most likely clinical chronic heart diagnosis? not chronic heart failure', 'H&E stained light micrograph of human cardiac tissue. Based on the image, what is the most likely clinical chronic heart diagnosis? chronic heart failure', 'H&E stained light micrograph of human cardiac tissue. Based on the image, what is the most likely clinical chronic heart diagnosis? none of the above']",a537c7a1-275a-440f-92d1-40269b9eb68e,not chronic heart failure,0,"{'pred': [0], 'probs': [[0.3571058511734009, 0.31342557072639465, 0.32946860790252686]], 'pred_prompt': ['H&E stained light micrograph of human cardiac tissue. Based on the image, what is the most likely clinical chronic heart diagnosis? not chronic heart failure']}",2.0,pathology,cardiovascular pathology,light microscopy,brightfield microscopy,none
58,classification,"['H&E stained light micrograph of human cardiac tissue. Based on the image, what is the most likely clinical chronic heart diagnosis? not chronic heart failure', 'H&E stained light micrograph of human cardiac tissue. Based on the image, what is the most likely clinical chronic heart diagnosis? chronic heart failure', 'H&E stained light micrograph of human cardiac tissue. Based on the image, what is the most likely clinical chronic heart diagnosis? none of the above']",cb6aea5f-bc56-4e38-8896-3c40f0b85275,chronic heart failure,1,"{'pred': [2], 'probs': [[0.2726646661758423, 0.30146822333335876, 0.42586714029312134]], 'pred_prompt': ['H&E stained light micrograph of human cardiac tissue. Based on the image, what is the most likely clinical chronic heart diagnosis? none of the above']}",2.0,pathology,cardiovascular pathology,light microscopy,brightfield microscopy,none
59,classification,"['H&E stained light micrograph of human cardiac tissue. Based on the image, what is the most likely clinical chronic heart diagnosis? chronic heart failure', 'H&E stained light micrograph of human cardiac tissue. Based on the image, what is the most likely clinical chronic heart diagnosis? not chronic heart failure', 'H&E stained light micrograph of human cardiac tissue. Based on the image, what is the most likely clinical chronic heart diagnosis? none of the above']",db6357cf-86c0-4e0e-a09e-e7e84f271644,not chronic heart failure,1,"{'pred': [2], 'probs': [[0.34249332547187805, 0.3138905465602875, 0.3436161279678345]], 'pred_prompt': ['H&E stained light micrograph of human cardiac tissue. Based on the image, what is the most likely clinical chronic heart diagnosis? none of the above']}",2.0,pathology,cardiovascular pathology,light microscopy,brightfield microscopy,none
60,classification,"['H&E stained light micrograph of human cardiac tissue. Based on the image, what is the most likely clinical chronic heart diagnosis? not chronic heart failure', 'H&E stained light micrograph of human cardiac tissue. Based on the image, what is the most likely clinical chronic heart diagnosis? chronic heart failure', 'H&E stained light micrograph of human cardiac tissue. Based on the image, what is the most likely clinical chronic heart diagnosis? none of the above']",5d2c6052-8450-486b-828b-c01f0a9315af,chronic heart failure,1,"{'pred': [1], 'probs': [[0.34217920899391174, 0.41863304376602173, 0.23918776214122772]], 'pred_prompt': ['H&E stained light micrograph of human cardiac tissue. Based on the image, what is the most likely clinical chronic heart diagnosis? chronic heart failure']}",2.0,pathology,cardiovascular pathology,light microscopy,brightfield microscopy,none
61,classification,"['H&E stained light micrograph of human cardiac tissue. Based on the image, what is the most likely clinical chronic heart diagnosis? chronic heart failure', 'H&E stained light micrograph of human cardiac tissue. Based on the image, what is the most likely clinical chronic heart diagnosis? not chronic heart failure', 'H&E stained light micrograph of human cardiac tissue. Based on the image, what is the most likely clinical chronic heart diagnosis? none of the above']",d879aa53-6e14-409e-9e12-b5405ac1baa0,chronic heart failure,0,"{'pred': [2], 'probs': [[0.3246666491031647, 0.19014732539653778, 0.48518601059913635]], 'pred_prompt': ['H&E stained light micrograph of human cardiac tissue. Based on the image, what is the most likely clinical chronic heart diagnosis? none of the above']}",2.0,pathology,cardiovascular pathology,light microscopy,brightfield microscopy,none
62,classification,"['H&E stained light micrograph of human cardiac tissue. Based on the image, what is the most likely clinical chronic heart diagnosis? not chronic heart failure', 'H&E stained light micrograph of human cardiac tissue. Based on the image, what is the most likely clinical chronic heart diagnosis? chronic heart failure', 'H&E stained light micrograph of human cardiac tissue. Based on the image, what is the most likely clinical chronic heart diagnosis? none of the above']",4a9f0700-933a-4ba8-ab35-551171b2c8be,chronic heart failure,1,"{'pred': [1], 'probs': [[0.3052562475204468, 0.3751380145549774, 0.3196057379245758]], 'pred_prompt': ['H&E stained light micrograph of human cardiac tissue. Based on the image, what is the most likely clinical chronic heart diagnosis? chronic heart failure']}",2.0,pathology,cardiovascular pathology,light microscopy,brightfield microscopy,none
63,classification,"['H&E stained light micrograph of human cardiac tissue. Based on the image, what is the most likely clinical chronic heart diagnosis? not chronic heart failure', 'H&E stained light micrograph of human cardiac tissue. Based on the image, what is the most likely clinical chronic heart diagnosis? chronic heart failure', 'H&E stained light micrograph of human cardiac tissue. Based on the image, what is the most likely clinical chronic heart diagnosis? none of the above']",1c406924-b0c3-44e0-b604-063ec8c5b598,chronic heart failure,1,"{'pred': [2], 'probs': [[0.2561478614807129, 0.3263109624385834, 0.4175412058830261]], 'pred_prompt': ['H&E stained light micrograph of human cardiac tissue. Based on the image, what is the most likely clinical chronic heart diagnosis? none of the above']}",2.0,pathology,cardiovascular pathology,light microscopy,brightfield microscopy,none
64,classification,"['H&E stained light micrograph of human cardiac tissue. Based on the image, what is the most likely clinical chronic heart diagnosis? not chronic heart failure', 'H&E stained light micrograph of human cardiac tissue. Based on the image, what is the most likely clinical chronic heart diagnosis? chronic heart failure', 'H&E stained light micrograph of human cardiac tissue. Based on the image, what is the most likely clinical chronic heart diagnosis? none of the above']",2c29c04b-4eeb-4c0b-bb32-3bdfcc3e2354,chronic heart failure,1,"{'pred': [1], 'probs': [[0.35583245754241943, 0.3827352821826935, 0.2614322602748871]], 'pred_prompt': ['H&E stained light micrograph of human cardiac tissue. Based on the image, what is the most likely clinical chronic heart diagnosis? chronic heart failure']}",2.0,pathology,cardiovascular pathology,light microscopy,brightfield microscopy,none
65,classification,"['H&E stained light micrograph of human cardiac tissue. Based on the image, what is the most likely clinical chronic heart diagnosis? not chronic heart failure', 'H&E stained light micrograph of human cardiac tissue. Based on the image, what is the most likely clinical chronic heart diagnosis? chronic heart failure', 'H&E stained light micrograph of human cardiac tissue. Based on the image, what is the most likely clinical chronic heart diagnosis? none of the above']",926047d6-7454-414d-aae5-06f0146ec99b,not chronic heart failure,0,"{'pred': [2], 'probs': [[0.30629298090934753, 0.2662510573863983, 0.42745596170425415]], 'pred_prompt': ['H&E stained light micrograph of human cardiac tissue. Based on the image, what is the most likely clinical chronic heart diagnosis? none of the above']}",2.0,pathology,cardiovascular pathology,light microscopy,brightfield microscopy,none
66,classification,"['H&E stained light micrograph of human cardiac tissue. Based on the image, what is the most likely clinical chronic heart diagnosis? not chronic heart failure', 'H&E stained light micrograph of human cardiac tissue. Based on the image, what is the most likely clinical chronic heart diagnosis? chronic heart failure', 'H&E stained light micrograph of human cardiac tissue. Based on the image, what is the most likely clinical chronic heart diagnosis? none of the above']",422596b6-9d63-47ef-b922-4aa59268ac80,chronic heart failure,1,"{'pred': [1], 'probs': [[0.29525646567344666, 0.416713684797287, 0.28802987933158875]], 'pred_prompt': ['H&E stained light micrograph of human cardiac tissue. Based on the image, what is the most likely clinical chronic heart diagnosis? chronic heart failure']}",2.0,pathology,cardiovascular pathology,light microscopy,brightfield microscopy,none
67,classification,"['H&E stained light micrograph of human cardiac tissue. Based on the image, what is the most likely clinical chronic heart diagnosis? not chronic heart failure', 'H&E stained light micrograph of human cardiac tissue. Based on the image, what is the most likely clinical chronic heart diagnosis? chronic heart failure', 'H&E stained light micrograph of human cardiac tissue. Based on the image, what is the most likely clinical chronic heart diagnosis? none of the above']",2d93d134-90c5-40d7-badd-a47ed93fba3d,not chronic heart failure,0,"{'pred': [1], 'probs': [[0.30471423268318176, 0.393885999917984, 0.3013997972011566]], 'pred_prompt': ['H&E stained light micrograph of human cardiac tissue. Based on the image, what is the most likely clinical chronic heart diagnosis? chronic heart failure']}",2.0,pathology,cardiovascular pathology,light microscopy,brightfield microscopy,none
68,classification,"['H&E stained light micrograph of human cardiac tissue. Based on the image, what is the most likely clinical chronic heart diagnosis? chronic heart failure', 'H&E stained light micrograph of human cardiac tissue. Based on the image, what is the most likely clinical chronic heart diagnosis? not chronic heart failure', 'H&E stained light micrograph of human cardiac tissue. Based on the image, what is the most likely clinical chronic heart diagnosis? none of the above']",9c6880e2-378d-4748-8b04-988bb647a572,chronic heart failure,0,"{'pred': [0], 'probs': [[0.38417357206344604, 0.30902791023254395, 0.3067985773086548]], 'pred_prompt': ['H&E stained light micrograph of human cardiac tissue. Based on the image, what is the most likely clinical chronic heart diagnosis? chronic heart failure']}",2.0,pathology,cardiovascular pathology,light microscopy,brightfield microscopy,none
69,classification,"['H&E stained light micrograph of human cardiac tissue. Based on the image, what is the most likely clinical chronic heart diagnosis? not chronic heart failure', 'H&E stained light micrograph of human cardiac tissue. Based on the image, what is the most likely clinical chronic heart diagnosis? chronic heart failure', 'H&E stained light micrograph of human cardiac tissue. Based on the image, what is the most likely clinical chronic heart diagnosis? none of the above']",872810f0-b41e-4c54-845c-90b48775e934,chronic heart failure,1,"{'pred': [2], 'probs': [[0.19818995893001556, 0.34995701909065247, 0.45185303688049316]], 'pred_prompt': ['H&E stained light micrograph of human cardiac tissue. Based on the image, what is the most likely clinical chronic heart diagnosis? none of the above']}",2.0,pathology,cardiovascular pathology,light microscopy,brightfield microscopy,none
70,classification,"['H&E stained light micrograph of human cardiac tissue. Based on the image, what is the most likely clinical chronic heart diagnosis? chronic heart failure', 'H&E stained light micrograph of human cardiac tissue. Based on the image, what is the most likely clinical chronic heart diagnosis? not chronic heart failure', 'H&E stained light micrograph of human cardiac tissue. Based on the image, what is the most likely clinical chronic heart diagnosis? none of the above']",9623a6cc-8d4b-4d2f-9032-7b053131139d,not chronic heart failure,1,"{'pred': [2], 'probs': [[0.35622721910476685, 0.2833024859428406, 0.3604702949523926]], 'pred_prompt': ['H&E stained light micrograph of human cardiac tissue. Based on the image, what is the most likely clinical chronic heart diagnosis? none of the above']}",2.0,pathology,cardiovascular pathology,light microscopy,brightfield microscopy,none
71,classification,"['H&E stained light micrograph of human cardiac tissue. Based on the image, what is the most likely clinical chronic heart diagnosis? not chronic heart failure', 'H&E stained light micrograph of human cardiac tissue. Based on the image, what is the most likely clinical chronic heart diagnosis? chronic heart failure', 'H&E stained light micrograph of human cardiac tissue. Based on the image, what is the most likely clinical chronic heart diagnosis? none of the above']",f655d1e9-7ec2-42ff-b98b-d295d5165215,not chronic heart failure,0,"{'pred': [1], 'probs': [[0.3278512954711914, 0.37587615847587585, 0.2962725758552551]], 'pred_prompt': ['H&E stained light micrograph of human cardiac tissue. Based on the image, what is the most likely clinical chronic heart diagnosis? chronic heart failure']}",2.0,pathology,cardiovascular pathology,light microscopy,brightfield microscopy,none
72,classification,"['H&E stained light micrograph of human cardiac tissue. Based on the image, what is the most likely clinical chronic heart diagnosis? chronic heart failure', 'H&E stained light micrograph of human cardiac tissue. Based on the image, what is the most likely clinical chronic heart diagnosis? not chronic heart failure', 'H&E stained light micrograph of human cardiac tissue. Based on the image, what is the most likely clinical chronic heart diagnosis? none of the above']",70a9648b-313e-44fb-a557-d2b7c7307216,not chronic heart failure,1,"{'pred': [0], 'probs': [[0.3818824589252472, 0.2922403812408447, 0.32587718963623047]], 'pred_prompt': ['H&E stained light micrograph of human cardiac tissue. Based on the image, what is the most likely clinical chronic heart diagnosis? chronic heart failure']}",2.0,pathology,cardiovascular pathology,light microscopy,brightfield microscopy,none
73,classification,"['H&E stained light micrograph of human cardiac tissue. Based on the image, what is the most likely clinical chronic heart diagnosis? chronic heart failure', 'H&E stained light micrograph of human cardiac tissue. Based on the image, what is the most likely clinical chronic heart diagnosis? not chronic heart failure', 'H&E stained light micrograph of human cardiac tissue. Based on the image, what is the most likely clinical chronic heart diagnosis? none of the above']",4eb8add3-1775-4601-94f8-45d5262cb31f,not chronic heart failure,1,"{'pred': [0], 'probs': [[0.3833353519439697, 0.3359696567058563, 0.28069496154785156]], 'pred_prompt': ['H&E stained light micrograph of human cardiac tissue. Based on the image, what is the most likely clinical chronic heart diagnosis? chronic heart failure']}",2.0,pathology,cardiovascular pathology,light microscopy,brightfield microscopy,none
74,classification,"['H&E stained light micrograph of human cardiac tissue. Based on the image, what is the most likely clinical chronic heart diagnosis? chronic heart failure', 'H&E stained light micrograph of human cardiac tissue. Based on the image, what is the most likely clinical chronic heart diagnosis? not chronic heart failure', 'H&E stained light micrograph of human cardiac tissue. Based on the image, what is the most likely clinical chronic heart diagnosis? none of the above']",28674b8d-77ec-4a87-b0db-31025e2dc2cf,chronic heart failure,0,"{'pred': [2], 'probs': [[0.34513404965400696, 0.26494869589805603, 0.389917254447937]], 'pred_prompt': ['H&E stained light micrograph of human cardiac tissue. Based on the image, what is the most likely clinical chronic heart diagnosis? none of the above']}",2.0,pathology,cardiovascular pathology,light microscopy,brightfield microscopy,none
75,classification,"['H&E stained light micrograph of human cardiac tissue. Based on the image, what is the most likely clinical chronic heart diagnosis? chronic heart failure', 'H&E stained light micrograph of human cardiac tissue. Based on the image, what is the most likely clinical chronic heart diagnosis? not chronic heart failure', 'H&E stained light micrograph of human cardiac tissue. Based on the image, what is the most likely clinical chronic heart diagnosis? none of the above']",8bfb8d65-4be5-4797-b2db-815e9380821a,chronic heart failure,0,"{'pred': [2], 'probs': [[0.2838214933872223, 0.3377774655818939, 0.3784010410308838]], 'pred_prompt': ['H&E stained light micrograph of human cardiac tissue. Based on the image, what is the most likely clinical chronic heart diagnosis? none of the above']}",2.0,pathology,cardiovascular pathology,light microscopy,brightfield microscopy,none
76,classification,"['H&E stained light micrograph of human cardiac tissue. Based on the image, what is the most likely clinical chronic heart diagnosis? chronic heart failure', 'H&E stained light micrograph of human cardiac tissue. Based on the image, what is the most likely clinical chronic heart diagnosis? not chronic heart failure', 'H&E stained light micrograph of human cardiac tissue. Based on the image, what is the most likely clinical chronic heart diagnosis? none of the above']",f1613597-7edb-4206-b240-514e80084e3e,chronic heart failure,0,"{'pred': [0], 'probs': [[0.4336319863796234, 0.328716516494751, 0.2376515120267868]], 'pred_prompt': ['H&E stained light micrograph of human cardiac tissue. Based on the image, what is the most likely clinical chronic heart diagnosis? chronic heart failure']}",2.0,pathology,cardiovascular pathology,light microscopy,brightfield microscopy,none
77,classification,"['H&E stained light micrograph of human cardiac tissue. Based on the image, what is the most likely clinical chronic heart diagnosis? chronic heart failure', 'H&E stained light micrograph of human cardiac tissue. Based on the image, what is the most likely clinical chronic heart diagnosis? not chronic heart failure', 'H&E stained light micrograph of human cardiac tissue. Based on the image, what is the most likely clinical chronic heart diagnosis? none of the above']",e103eb23-af36-4d8c-ac88-3ce02c42b711,chronic heart failure,0,"{'pred': [0], 'probs': [[0.36867257952690125, 0.3257535398006439, 0.30557388067245483]], 'pred_prompt': ['H&E stained light micrograph of human cardiac tissue. Based on the image, what is the most likely clinical chronic heart diagnosis? chronic heart failure']}",2.0,pathology,cardiovascular pathology,light microscopy,brightfield microscopy,none
78,classification,"['H&E stained light micrograph of human cardiac tissue. Based on the image, what is the most likely clinical chronic heart diagnosis? not chronic heart failure', 'H&E stained light micrograph of human cardiac tissue. Based on the image, what is the most likely clinical chronic heart diagnosis? chronic heart failure', 'H&E stained light micrograph of human cardiac tissue. Based on the image, what is the most likely clinical chronic heart diagnosis? none of the above']",6f605c6b-fbdd-41a0-be0f-834217dde150,chronic heart failure,1,"{'pred': [1], 'probs': [[0.2910735607147217, 0.4153292179107666, 0.29359719157218933]], 'pred_prompt': ['H&E stained light micrograph of human cardiac tissue. Based on the image, what is the most likely clinical chronic heart diagnosis? chronic heart failure']}",2.0,pathology,cardiovascular pathology,light microscopy,brightfield microscopy,none
79,classification,"['H&E stained light micrograph of human cardiac tissue. Based on the image, what is the most likely clinical chronic heart diagnosis? chronic heart failure', 'H&E stained light micrograph of human cardiac tissue. Based on the image, what is the most likely clinical chronic heart diagnosis? not chronic heart failure', 'H&E stained light micrograph of human cardiac tissue. Based on the image, what is the most likely clinical chronic heart diagnosis? none of the above']",6af9f1d8-427e-4e5e-ac0d-a5ce06c35a2b,not chronic heart failure,1,"{'pred': [0], 'probs': [[0.38966262340545654, 0.337814599275589, 0.2725227475166321]], 'pred_prompt': ['H&E stained light micrograph of human cardiac tissue. Based on the image, what is the most likely clinical chronic heart diagnosis? chronic heart failure']}",2.0,pathology,cardiovascular pathology,light microscopy,brightfield microscopy,none
80,classification,"['H&E stained light micrograph of human cardiac tissue. Based on the image, what is the most likely clinical chronic heart diagnosis? chronic heart failure', 'H&E stained light micrograph of human cardiac tissue. Based on the image, what is the most likely clinical chronic heart diagnosis? not chronic heart failure', 'H&E stained light micrograph of human cardiac tissue. Based on the image, what is the most likely clinical chronic heart diagnosis? none of the above']",260dff56-1e98-40b9-8fb7-c59544fa3190,not chronic heart failure,1,"{'pred': [0], 'probs': [[0.3559504747390747, 0.330311119556427, 0.3137384057044983]], 'pred_prompt': ['H&E stained light micrograph of human cardiac tissue. Based on the image, what is the most likely clinical chronic heart diagnosis? chronic heart failure']}",2.0,pathology,cardiovascular pathology,light microscopy,brightfield microscopy,none
81,classification,"['H&E stained light micrograph of human cardiac tissue. Based on the image, what is the most likely clinical chronic heart diagnosis? not chronic heart failure', 'H&E stained light micrograph of human cardiac tissue. Based on the image, what is the most likely clinical chronic heart diagnosis? chronic heart failure', 'H&E stained light micrograph of human cardiac tissue. Based on the image, what is the most likely clinical chronic heart diagnosis? none of the above']",0be160ae-4117-461e-b0a3-9d76bd814dde,not chronic heart failure,0,"{'pred': [1], 'probs': [[0.33767595887184143, 0.3393145799636841, 0.32300952076911926]], 'pred_prompt': ['H&E stained light micrograph of human cardiac tissue. Based on the image, what is the most likely clinical chronic heart diagnosis? chronic heart failure']}",2.0,pathology,cardiovascular pathology,light microscopy,brightfield microscopy,none
82,classification,"['H&E stained light micrograph of human cardiac tissue. Based on the image, what is the most likely clinical chronic heart diagnosis? not chronic heart failure', 'H&E stained light micrograph of human cardiac tissue. Based on the image, what is the most likely clinical chronic heart diagnosis? chronic heart failure', 'H&E stained light micrograph of human cardiac tissue. Based on the image, what is the most likely clinical chronic heart diagnosis? none of the above']",71b36826-4dbd-418b-a844-c6a74424be89,chronic heart failure,1,"{'pred': [2], 'probs': [[0.3144151270389557, 0.33545368909835815, 0.3501311242580414]], 'pred_prompt': ['H&E stained light micrograph of human cardiac tissue. Based on the image, what is the most likely clinical chronic heart diagnosis? none of the above']}",2.0,pathology,cardiovascular pathology,light microscopy,brightfield microscopy,none
83,classification,"['H&E stained light micrograph of human cardiac tissue. Based on the image, what is the most likely clinical chronic heart diagnosis? chronic heart failure', 'H&E stained light micrograph of human cardiac tissue. Based on the image, what is the most likely clinical chronic heart diagnosis? not chronic heart failure', 'H&E stained light micrograph of human cardiac tissue. Based on the image, what is the most likely clinical chronic heart diagnosis? none of the above']",eefdc369-e1a7-4d82-8fe6-c8dcd83f26b5,chronic heart failure,0,"{'pred': [2], 'probs': [[0.3081143796443939, 0.333041787147522, 0.3588438332080841]], 'pred_prompt': ['H&E stained light micrograph of human cardiac tissue. Based on the image, what is the most likely clinical chronic heart diagnosis? none of the above']}",2.0,pathology,cardiovascular pathology,light microscopy,brightfield microscopy,none
84,classification,"['H&E stained light micrograph of human cardiac tissue. Based on the image, what is the most likely clinical chronic heart diagnosis? chronic heart failure', 'H&E stained light micrograph of human cardiac tissue. Based on the image, what is the most likely clinical chronic heart diagnosis? not chronic heart failure', 'H&E stained light micrograph of human cardiac tissue. Based on the image, what is the most likely clinical chronic heart diagnosis? none of the above']",593e3c11-705e-405d-baa4-df5a4d035eaa,not chronic heart failure,1,"{'pred': [1], 'probs': [[0.33671051263809204, 0.3552128076553345, 0.3080766797065735]], 'pred_prompt': ['H&E stained light micrograph of human cardiac tissue. Based on the image, what is the most likely clinical chronic heart diagnosis? not chronic heart failure']}",2.0,pathology,cardiovascular pathology,light microscopy,brightfield microscopy,none
85,classification,"['H&E stained light micrograph of human cardiac tissue. Based on the image, what is the most likely clinical chronic heart diagnosis? not chronic heart failure', 'H&E stained light micrograph of human cardiac tissue. Based on the image, what is the most likely clinical chronic heart diagnosis? chronic heart failure', 'H&E stained light micrograph of human cardiac tissue. Based on the image, what is the most likely clinical chronic heart diagnosis? none of the above']",0daa520a-606e-475e-8c00-1f7f4884e951,chronic heart failure,1,"{'pred': [2], 'probs': [[0.25617605447769165, 0.29418835043907166, 0.4496355652809143]], 'pred_prompt': ['H&E stained light micrograph of human cardiac tissue. Based on the image, what is the most likely clinical chronic heart diagnosis? none of the above']}",2.0,pathology,cardiovascular pathology,light microscopy,brightfield microscopy,none
86,classification,"['H&E stained light micrograph of human cardiac tissue. Based on the image, what is the most likely clinical chronic heart diagnosis? chronic heart failure', 'H&E stained light micrograph of human cardiac tissue. Based on the image, what is the most likely clinical chronic heart diagnosis? not chronic heart failure', 'H&E stained light micrograph of human cardiac tissue. Based on the image, what is the most likely clinical chronic heart diagnosis? none of the above']",7625b27e-fa7b-455c-ac0b-b404f6ccc7c6,not chronic heart failure,1,"{'pred': [2], 'probs': [[0.29143741726875305, 0.29584965109825134, 0.412712961435318]], 'pred_prompt': ['H&E stained light micrograph of human cardiac tissue. Based on the image, what is the most likely clinical chronic heart diagnosis? none of the above']}",2.0,pathology,cardiovascular pathology,light microscopy,brightfield microscopy,none
87,classification,"['H&E stained light micrograph of human cardiac tissue. Based on the image, what is the most likely clinical chronic heart diagnosis? chronic heart failure', 'H&E stained light micrograph of human cardiac tissue. Based on the image, what is the most likely clinical chronic heart diagnosis? not chronic heart failure', 'H&E stained light micrograph of human cardiac tissue. Based on the image, what is the most likely clinical chronic heart diagnosis? none of the above']",e6123ea9-6844-46ef-b471-4f4167475740,not chronic heart failure,1,"{'pred': [1], 'probs': [[0.36190661787986755, 0.3693656921386719, 0.26872771978378296]], 'pred_prompt': ['H&E stained light micrograph of human cardiac tissue. Based on the image, what is the most likely clinical chronic heart diagnosis? not chronic heart failure']}",2.0,pathology,cardiovascular pathology,light microscopy,brightfield microscopy,none
88,classification,"['H&E stained light micrograph of human cardiac tissue. Based on the image, what is the most likely clinical chronic heart diagnosis? not chronic heart failure', 'H&E stained light micrograph of human cardiac tissue. Based on the image, what is the most likely clinical chronic heart diagnosis? chronic heart failure', 'H&E stained light micrograph of human cardiac tissue. Based on the image, what is the most likely clinical chronic heart diagnosis? none of the above']",ef222bfd-4b00-4a75-a83f-720f9357f43e,not chronic heart failure,0,"{'pred': [2], 'probs': [[0.2129376381635666, 0.2653116285800934, 0.5217507481575012]], 'pred_prompt': ['H&E stained light micrograph of human cardiac tissue. Based on the image, what is the most likely clinical chronic heart diagnosis? none of the above']}",2.0,pathology,cardiovascular pathology,light microscopy,brightfield microscopy,none
89,classification,"['H&E stained light micrograph of human cardiac tissue. Based on the image, what is the most likely clinical chronic heart diagnosis? not chronic heart failure', 'H&E stained light micrograph of human cardiac tissue. Based on the image, what is the most likely clinical chronic heart diagnosis? chronic heart failure', 'H&E stained light micrograph of human cardiac tissue. Based on the image, what is the most likely clinical chronic heart diagnosis? none of the above']",b0b92ea8-8b32-4ffc-9020-0acdcf1e04b6,not chronic heart failure,0,"{'pred': [1], 'probs': [[0.33674731850624084, 0.35369792580604553, 0.30955472588539124]], 'pred_prompt': ['H&E stained light micrograph of human cardiac tissue. Based on the image, what is the most likely clinical chronic heart diagnosis? chronic heart failure']}",2.0,pathology,cardiovascular pathology,light microscopy,brightfield microscopy,none
90,classification,"['H&E stained light micrograph of human cardiac tissue. Based on the image, what is the most likely clinical chronic heart diagnosis? chronic heart failure', 'H&E stained light micrograph of human cardiac tissue. Based on the image, what is the most likely clinical chronic heart diagnosis? not chronic heart failure', 'H&E stained light micrograph of human cardiac tissue. Based on the image, what is the most likely clinical chronic heart diagnosis? none of the above']",350418f1-7919-4fbd-b53f-ea2cafc3f91e,not chronic heart failure,1,"{'pred': [0], 'probs': [[0.3412778973579407, 0.3203466236591339, 0.338375449180603]], 'pred_prompt': ['H&E stained light micrograph of human cardiac tissue. Based on the image, what is the most likely clinical chronic heart diagnosis? chronic heart failure']}",2.0,pathology,cardiovascular pathology,light microscopy,brightfield microscopy,none
91,classification,"['H&E stained light micrograph of human cardiac tissue. Based on the image, what is the most likely clinical chronic heart diagnosis? not chronic heart failure', 'H&E stained light micrograph of human cardiac tissue. Based on the image, what is the most likely clinical chronic heart diagnosis? chronic heart failure', 'H&E stained light micrograph of human cardiac tissue. Based on the image, what is the most likely clinical chronic heart diagnosis? none of the above']",90725353-0973-4e30-b294-44182876a34d,not chronic heart failure,0,"{'pred': [1], 'probs': [[0.3512774705886841, 0.38229700922966003, 0.2664255201816559]], 'pred_prompt': ['H&E stained light micrograph of human cardiac tissue. Based on the image, what is the most likely clinical chronic heart diagnosis? chronic heart failure']}",2.0,pathology,cardiovascular pathology,light microscopy,brightfield microscopy,none
92,classification,"['H&E stained light micrograph of human cardiac tissue. Based on the image, what is the most likely clinical chronic heart diagnosis? chronic heart failure', 'H&E stained light micrograph of human cardiac tissue. Based on the image, what is the most likely clinical chronic heart diagnosis? not chronic heart failure', 'H&E stained light micrograph of human cardiac tissue. Based on the image, what is the most likely clinical chronic heart diagnosis? none of the above']",633dce75-0ad4-4eaf-bf8c-39f62da3d2ec,not chronic heart failure,1,"{'pred': [2], 'probs': [[0.29215607047080994, 0.32820940017700195, 0.3796345591545105]], 'pred_prompt': ['H&E stained light micrograph of human cardiac tissue. Based on the image, what is the most likely clinical chronic heart diagnosis? none of the above']}",2.0,pathology,cardiovascular pathology,light microscopy,brightfield microscopy,none
93,classification,"['H&E stained light micrograph of human cardiac tissue. Based on the image, what is the most likely clinical chronic heart diagnosis? not chronic heart failure', 'H&E stained light micrograph of human cardiac tissue. Based on the image, what is the most likely clinical chronic heart diagnosis? chronic heart failure', 'H&E stained light micrograph of human cardiac tissue. Based on the image, what is the most likely clinical chronic heart diagnosis? none of the above']",cd89bd58-5c04-4fbd-a525-46323dc83fad,chronic heart failure,1,"{'pred': [1], 'probs': [[0.35263144969940186, 0.3552575707435608, 0.29211100935935974]], 'pred_prompt': ['H&E stained light micrograph of human cardiac tissue. Based on the image, what is the most likely clinical chronic heart diagnosis? chronic heart failure']}",2.0,pathology,cardiovascular pathology,light microscopy,brightfield microscopy,none
94,classification,"['H&E stained light micrograph of human cardiac tissue. Based on the image, what is the most likely clinical chronic heart diagnosis? not chronic heart failure', 'H&E stained light micrograph of human cardiac tissue. Based on the image, what is the most likely clinical chronic heart diagnosis? chronic heart failure', 'H&E stained light micrograph of human cardiac tissue. Based on the image, what is the most likely clinical chronic heart diagnosis? none of the above']",f2cf31dd-814d-463f-8daa-7470de74f696,not chronic heart failure,0,"{'pred': [1], 'probs': [[0.3392384648323059, 0.37749338150024414, 0.28326818346977234]], 'pred_prompt': ['H&E stained light micrograph of human cardiac tissue. Based on the image, what is the most likely clinical chronic heart diagnosis? chronic heart failure']}",2.0,pathology,cardiovascular pathology,light microscopy,brightfield microscopy,none
95,classification,"['H&E stained light micrograph of human cardiac tissue. Based on the image, what is the most likely clinical chronic heart diagnosis? not chronic heart failure', 'H&E stained light micrograph of human cardiac tissue. Based on the image, what is the most likely clinical chronic heart diagnosis? chronic heart failure', 'H&E stained light micrograph of human cardiac tissue. Based on the image, what is the most likely clinical chronic heart diagnosis? none of the above']",7864fee6-9902-49d4-9c8b-dd6000bfbad1,chronic heart failure,1,"{'pred': [1], 'probs': [[0.29238492250442505, 0.3783871829509735, 0.32922792434692383]], 'pred_prompt': ['H&E stained light micrograph of human cardiac tissue. Based on the image, what is the most likely clinical chronic heart diagnosis? chronic heart failure']}",2.0,pathology,cardiovascular pathology,light microscopy,brightfield microscopy,none
96,classification,"['H&E stained light micrograph of human cardiac tissue. Based on the image, what is the most likely clinical chronic heart diagnosis? not chronic heart failure', 'H&E stained light micrograph of human cardiac tissue. Based on the image, what is the most likely clinical chronic heart diagnosis? chronic heart failure', 'H&E stained light micrograph of human cardiac tissue. Based on the image, what is the most likely clinical chronic heart diagnosis? none of the above']",62d987f2-80fc-4e5d-b993-bc20979248d6,not chronic heart failure,0,"{'pred': [1], 'probs': [[0.26398494839668274, 0.4180532991886139, 0.31796175241470337]], 'pred_prompt': ['H&E stained light micrograph of human cardiac tissue. Based on the image, what is the most likely clinical chronic heart diagnosis? chronic heart failure']}",2.0,pathology,cardiovascular pathology,light microscopy,brightfield microscopy,none
97,classification,"['H&E stained light micrograph of human cardiac tissue. Based on the image, what is the most likely clinical chronic heart diagnosis? chronic heart failure', 'H&E stained light micrograph of human cardiac tissue. Based on the image, what is the most likely clinical chronic heart diagnosis? not chronic heart failure', 'H&E stained light micrograph of human cardiac tissue. Based on the image, what is the most likely clinical chronic heart diagnosis? none of the above']",7ad3c41e-16de-408d-82ce-818e8787abb0,not chronic heart failure,1,"{'pred': [2], 'probs': [[0.3197401762008667, 0.26248687505722046, 0.41777291893959045]], 'pred_prompt': ['H&E stained light micrograph of human cardiac tissue. Based on the image, what is the most likely clinical chronic heart diagnosis? none of the above']}",2.0,pathology,cardiovascular pathology,light microscopy,brightfield microscopy,none
98,classification,"['H&E stained light micrograph of human cardiac tissue. Based on the image, what is the most likely clinical chronic heart diagnosis? chronic heart failure', 'H&E stained light micrograph of human cardiac tissue. Based on the image, what is the most likely clinical chronic heart diagnosis? not chronic heart failure', 'H&E stained light micrograph of human cardiac tissue. Based on the image, what is the most likely clinical chronic heart diagnosis? none of the above']",a6d15d99-e70a-4550-bb39-e38306647f9f,chronic heart failure,0,"{'pred': [2], 'probs': [[0.30634570121765137, 0.26732176542282104, 0.4263324737548828]], 'pred_prompt': ['H&E stained light micrograph of human cardiac tissue. Based on the image, what is the most likely clinical chronic heart diagnosis? none of the above']}",2.0,pathology,cardiovascular pathology,light microscopy,brightfield microscopy,none
99,classification,"['H&E stained light micrograph of human cardiac tissue. Based on the image, what is the most likely clinical chronic heart diagnosis? not chronic heart failure', 'H&E stained light micrograph of human cardiac tissue. Based on the image, what is the most likely clinical chronic heart diagnosis? chronic heart failure', 'H&E stained light micrograph of human cardiac tissue. Based on the image, what is the most likely clinical chronic heart diagnosis? none of the above']",cacbbf37-b264-4162-bf3b-e2cf678ffa80,not chronic heart failure,0,"{'pred': [0], 'probs': [[0.41148892045021057, 0.2860141098499298, 0.3024970293045044]], 'pred_prompt': ['H&E stained light micrograph of human cardiac tissue. Based on the image, what is the most likely clinical chronic heart diagnosis? not chronic heart failure']}",2.0,pathology,cardiovascular pathology,light microscopy,brightfield microscopy,none
100,classification,"['H&E stained light micrograph of human cardiac tissue. Based on the image, what is the most likely clinical chronic heart diagnosis? chronic heart failure', 'H&E stained light micrograph of human cardiac tissue. Based on the image, what is the most likely clinical chronic heart diagnosis? not chronic heart failure', 'H&E stained light micrograph of human cardiac tissue. Based on the image, what is the most likely clinical chronic heart diagnosis? none of the above']",211fb66a-4f76-4c26-b899-922fce75a0ac,chronic heart failure,0,"{'pred': [2], 'probs': [[0.2481214553117752, 0.3651377558708191, 0.3867407441139221]], 'pred_prompt': ['H&E stained light micrograph of human cardiac tissue. Based on the image, what is the most likely clinical chronic heart diagnosis? none of the above']}",2.0,pathology,cardiovascular pathology,light microscopy,brightfield microscopy,none
101,classification,"['H&E stained light micrograph of human cardiac tissue. Based on the image, what is the most likely clinical chronic heart diagnosis? chronic heart failure', 'H&E stained light micrograph of human cardiac tissue. Based on the image, what is the most likely clinical chronic heart diagnosis? not chronic heart failure', 'H&E stained light micrograph of human cardiac tissue. Based on the image, what is the most likely clinical chronic heart diagnosis? none of the above']",724fda83-16c1-4cbc-b82f-a4f731269d5b,chronic heart failure,0,"{'pred': [2], 'probs': [[0.26102811098098755, 0.35817137360572815, 0.3808004856109619]], 'pred_prompt': ['H&E stained light micrograph of human cardiac tissue. Based on the image, what is the most likely clinical chronic heart diagnosis? none of the above']}",2.0,pathology,cardiovascular pathology,light microscopy,brightfield microscopy,none
102,classification,"['H&E stained light micrograph of human cardiac tissue. Based on the image, what is the most likely clinical chronic heart diagnosis? chronic heart failure', 'H&E stained light micrograph of human cardiac tissue. Based on the image, what is the most likely clinical chronic heart diagnosis? not chronic heart failure', 'H&E stained light micrograph of human cardiac tissue. Based on the image, what is the most likely clinical chronic heart diagnosis? none of the above']",5c620f8f-80f8-4dc3-8a30-be4b25e9aa25,chronic heart failure,0,"{'pred': [2], 'probs': [[0.2848949134349823, 0.26584112644195557, 0.44926390051841736]], 'pred_prompt': ['H&E stained light micrograph of human cardiac tissue. Based on the image, what is the most likely clinical chronic heart diagnosis? none of the above']}",2.0,pathology,cardiovascular pathology,light microscopy,brightfield microscopy,none
103,classification,"['H&E stained light micrograph of human cardiac tissue. Based on the image, what is the most likely clinical chronic heart diagnosis? chronic heart failure', 'H&E stained light micrograph of human cardiac tissue. Based on the image, what is the most likely clinical chronic heart diagnosis? not chronic heart failure', 'H&E stained light micrograph of human cardiac tissue. Based on the image, what is the most likely clinical chronic heart diagnosis? none of the above']",791641f0-b0ad-498b-abc2-dc341470c34c,chronic heart failure,0,"{'pred': [2], 'probs': [[0.31443169713020325, 0.3339034914970398, 0.35166484117507935]], 'pred_prompt': ['H&E stained light micrograph of human cardiac tissue. Based on the image, what is the most likely clinical chronic heart diagnosis? none of the above']}",2.0,pathology,cardiovascular pathology,light microscopy,brightfield microscopy,none
104,classification,"['H&E stained light micrograph of human cardiac tissue. Based on the image, what is the most likely clinical chronic heart diagnosis? not chronic heart failure', 'H&E stained light micrograph of human cardiac tissue. Based on the image, what is the most likely clinical chronic heart diagnosis? chronic heart failure', 'H&E stained light micrograph of human cardiac tissue. Based on the image, what is the most likely clinical chronic heart diagnosis? none of the above']",fcd8dc7c-5367-44af-91ab-2d449351ad2b,not chronic heart failure,0,"{'pred': [1], 'probs': [[0.347932904958725, 0.39085736870765686, 0.26120975613594055]], 'pred_prompt': ['H&E stained light micrograph of human cardiac tissue. Based on the image, what is the most likely clinical chronic heart diagnosis? chronic heart failure']}",2.0,pathology,cardiovascular pathology,light microscopy,brightfield microscopy,none
105,classification,"['H&E stained light micrograph of human cardiac tissue. Based on the image, what is the most likely clinical chronic heart diagnosis? not chronic heart failure', 'H&E stained light micrograph of human cardiac tissue. Based on the image, what is the most likely clinical chronic heart diagnosis? chronic heart failure', 'H&E stained light micrograph of human cardiac tissue. Based on the image, what is the most likely clinical chronic heart diagnosis? none of the above']",f90d42d2-4d86-403f-8912-a172227804a2,chronic heart failure,1,"{'pred': [2], 'probs': [[0.3178309202194214, 0.3217308223247528, 0.3604382574558258]], 'pred_prompt': ['H&E stained light micrograph of human cardiac tissue. Based on the image, what is the most likely clinical chronic heart diagnosis? none of the above']}",2.0,pathology,cardiovascular pathology,light microscopy,brightfield microscopy,none
106,classification,"['H&E stained light micrograph of human cardiac tissue. Based on the image, what is the most likely clinical chronic heart diagnosis? chronic heart failure', 'H&E stained light micrograph of human cardiac tissue. Based on the image, what is the most likely clinical chronic heart diagnosis? not chronic heart failure', 'H&E stained light micrograph of human cardiac tissue. Based on the image, what is the most likely clinical chronic heart diagnosis? none of the above']",1f2fb13d-da9d-4b9a-812a-201a1a9d667e,chronic heart failure,0,"{'pred': [1], 'probs': [[0.30410236120224, 0.4042418301105499, 0.2916558086872101]], 'pred_prompt': ['H&E stained light micrograph of human cardiac tissue. Based on the image, what is the most likely clinical chronic heart diagnosis? not chronic heart failure']}",2.0,pathology,cardiovascular pathology,light microscopy,brightfield microscopy,none
107,classification,"['H&E stained light micrograph of human cardiac tissue. Based on the image, what is the most likely clinical chronic heart diagnosis? not chronic heart failure', 'H&E stained light micrograph of human cardiac tissue. Based on the image, what is the most likely clinical chronic heart diagnosis? chronic heart failure', 'H&E stained light micrograph of human cardiac tissue. Based on the image, what is the most likely clinical chronic heart diagnosis? none of the above']",e4541dc3-f755-45c4-b042-df93fc9791ba,not chronic heart failure,0,"{'pred': [0], 'probs': [[0.35010817646980286, 0.3084453046321869, 0.34144651889801025]], 'pred_prompt': ['H&E stained light micrograph of human cardiac tissue. Based on the image, what is the most likely clinical chronic heart diagnosis? not chronic heart failure']}",2.0,pathology,cardiovascular pathology,light microscopy,brightfield microscopy,none
108,classification,"['H&E stained light micrograph of human cardiac tissue. Based on the image, what is the most likely clinical chronic heart diagnosis? not chronic heart failure', 'H&E stained light micrograph of human cardiac tissue. Based on the image, what is the most likely clinical chronic heart diagnosis? chronic heart failure', 'H&E stained light micrograph of human cardiac tissue. Based on the image, what is the most likely clinical chronic heart diagnosis? none of the above']",823cf259-7ef7-4509-8b35-35be8469056a,not chronic heart failure,0,"{'pred': [2], 'probs': [[0.3116803765296936, 0.33074456453323364, 0.35757511854171753]], 'pred_prompt': ['H&E stained light micrograph of human cardiac tissue. Based on the image, what is the most likely clinical chronic heart diagnosis? none of the above']}",2.0,pathology,cardiovascular pathology,light microscopy,brightfield microscopy,none
109,classification,"['H&E stained light micrograph of human cardiac tissue. Based on the image, what is the most likely clinical chronic heart diagnosis? chronic heart failure', 'H&E stained light micrograph of human cardiac tissue. Based on the image, what is the most likely clinical chronic heart diagnosis? not chronic heart failure', 'H&E stained light micrograph of human cardiac tissue. Based on the image, what is the most likely clinical chronic heart diagnosis? none of the above']",796cfacf-e7a9-4981-a449-5589e6e4c70b,not chronic heart failure,1,"{'pred': [0], 'probs': [[0.4333832263946533, 0.29086095094680786, 0.2757558226585388]], 'pred_prompt': ['H&E stained light micrograph of human cardiac tissue. Based on the image, what is the most likely clinical chronic heart diagnosis? chronic heart failure']}",2.0,pathology,cardiovascular pathology,light microscopy,brightfield microscopy,none
110,classification,"['H&E stained light micrograph of human cardiac tissue. Based on the image, what is the most likely clinical chronic heart diagnosis? chronic heart failure', 'H&E stained light micrograph of human cardiac tissue. Based on the image, what is the most likely clinical chronic heart diagnosis? not chronic heart failure', 'H&E stained light micrograph of human cardiac tissue. Based on the image, what is the most likely clinical chronic heart diagnosis? none of the above']",78b3bb11-be81-4486-8036-424822e3086d,not chronic heart failure,1,"{'pred': [2], 'probs': [[0.3287871778011322, 0.32657843828201294, 0.34463435411453247]], 'pred_prompt': ['H&E stained light micrograph of human cardiac tissue. Based on the image, what is the most likely clinical chronic heart diagnosis? none of the above']}",2.0,pathology,cardiovascular pathology,light microscopy,brightfield microscopy,none
111,classification,"['H&E stained light micrograph of human cardiac tissue. Based on the image, what is the most likely clinical chronic heart diagnosis? not chronic heart failure', 'H&E stained light micrograph of human cardiac tissue. Based on the image, what is the most likely clinical chronic heart diagnosis? chronic heart failure', 'H&E stained light micrograph of human cardiac tissue. Based on the image, what is the most likely clinical chronic heart diagnosis? none of the above']",3c83f54c-dac2-4111-8aab-fa24f9b8d417,not chronic heart failure,0,"{'pred': [2], 'probs': [[0.28807318210601807, 0.3386571407318115, 0.3732696771621704]], 'pred_prompt': ['H&E stained light micrograph of human cardiac tissue. Based on the image, what is the most likely clinical chronic heart diagnosis? none of the above']}",2.0,pathology,cardiovascular pathology,light microscopy,brightfield microscopy,none
112,classification,"['H&E stained light micrograph of human cardiac tissue. Based on the image, what is the most likely clinical chronic heart diagnosis? chronic heart failure', 'H&E stained light micrograph of human cardiac tissue. Based on the image, what is the most likely clinical chronic heart diagnosis? not chronic heart failure', 'H&E stained light micrograph of human cardiac tissue. Based on the image, what is the most likely clinical chronic heart diagnosis? none of the above']",c4a63162-3e0d-465c-af2a-36de33dd630d,not chronic heart failure,1,"{'pred': [2], 'probs': [[0.2750914692878723, 0.27154967188835144, 0.45335885882377625]], 'pred_prompt': ['H&E stained light micrograph of human cardiac tissue. Based on the image, what is the most likely clinical chronic heart diagnosis? none of the above']}",2.0,pathology,cardiovascular pathology,light microscopy,brightfield microscopy,none
113,classification,"['H&E stained light micrograph of human cardiac tissue. Based on the image, what is the most likely clinical chronic heart diagnosis? not chronic heart failure', 'H&E stained light micrograph of human cardiac tissue. Based on the image, what is the most likely clinical chronic heart diagnosis? chronic heart failure', 'H&E stained light micrograph of human cardiac tissue. Based on the image, what is the most likely clinical chronic heart diagnosis? none of the above']",24a99976-a575-4209-b438-91c6f33da2dc,not chronic heart failure,0,"{'pred': [2], 'probs': [[0.27584540843963623, 0.3297862410545349, 0.39436832070350647]], 'pred_prompt': ['H&E stained light micrograph of human cardiac tissue. Based on the image, what is the most likely clinical chronic heart diagnosis? none of the above']}",2.0,pathology,cardiovascular pathology,light microscopy,brightfield microscopy,none
114,classification,"['H&E stained light micrograph of human cardiac tissue. Based on the image, what is the most likely clinical chronic heart diagnosis? chronic heart failure', 'H&E stained light micrograph of human cardiac tissue. Based on the image, what is the most likely clinical chronic heart diagnosis? not chronic heart failure', 'H&E stained light micrograph of human cardiac tissue. Based on the image, what is the most likely clinical chronic heart diagnosis? none of the above']",21f3a67d-608d-4d64-8cbc-b03d56bf0207,chronic heart failure,0,"{'pred': [0], 'probs': [[0.3690188229084015, 0.3296324908733368, 0.3013487458229065]], 'pred_prompt': ['H&E stained light micrograph of human cardiac tissue. Based on the image, what is the most likely clinical chronic heart diagnosis? chronic heart failure']}",2.0,pathology,cardiovascular pathology,light microscopy,brightfield microscopy,none
115,classification,"['H&E stained light micrograph of human cardiac tissue. Based on the image, what is the most likely clinical chronic heart diagnosis? chronic heart failure', 'H&E stained light micrograph of human cardiac tissue. Based on the image, what is the most likely clinical chronic heart diagnosis? not chronic heart failure', 'H&E stained light micrograph of human cardiac tissue. Based on the image, what is the most likely clinical chronic heart diagnosis? none of the above']",87258e4e-18cf-41bd-a767-28aa98f94c14,not chronic heart failure,1,"{'pred': [2], 'probs': [[0.3238731920719147, 0.32802608609199524, 0.3481006920337677]], 'pred_prompt': ['H&E stained light micrograph of human cardiac tissue. Based on the image, what is the most likely clinical chronic heart diagnosis? none of the above']}",2.0,pathology,cardiovascular pathology,light microscopy,brightfield microscopy,none
116,classification,"['H&E stained light micrograph of human cardiac tissue. Based on the image, what is the most likely clinical chronic heart diagnosis? chronic heart failure', 'H&E stained light micrograph of human cardiac tissue. Based on the image, what is the most likely clinical chronic heart diagnosis? not chronic heart failure', 'H&E stained light micrograph of human cardiac tissue. Based on the image, what is the most likely clinical chronic heart diagnosis? none of the above']",062b1dd5-4a7e-41d0-94cd-ac7b8a2dd02c,chronic heart failure,0,"{'pred': [2], 'probs': [[0.3526410460472107, 0.2587191164493561, 0.38863977789878845]], 'pred_prompt': ['H&E stained light micrograph of human cardiac tissue. Based on the image, what is the most likely clinical chronic heart diagnosis? none of the above']}",2.0,pathology,cardiovascular pathology,light microscopy,brightfield microscopy,none
117,classification,"['H&E stained light micrograph of human cardiac tissue. Based on the image, what is the most likely clinical chronic heart diagnosis? chronic heart failure', 'H&E stained light micrograph of human cardiac tissue. Based on the image, what is the most likely clinical chronic heart diagnosis? not chronic heart failure', 'H&E stained light micrograph of human cardiac tissue. Based on the image, what is the most likely clinical chronic heart diagnosis? none of the above']",a6558996-053a-4604-a34e-e8fb01c57ab3,chronic heart failure,0,"{'pred': [1], 'probs': [[0.35493600368499756, 0.36085429787635803, 0.2842097282409668]], 'pred_prompt': ['H&E stained light micrograph of human cardiac tissue. Based on the image, what is the most likely clinical chronic heart diagnosis? not chronic heart failure']}",2.0,pathology,cardiovascular pathology,light microscopy,brightfield microscopy,none
118,classification,"['H&E stained light micrograph of human cardiac tissue. Based on the image, what is the most likely clinical chronic heart diagnosis? chronic heart failure', 'H&E stained light micrograph of human cardiac tissue. Based on the image, what is the most likely clinical chronic heart diagnosis? not chronic heart failure', 'H&E stained light micrograph of human cardiac tissue. Based on the image, what is the most likely clinical chronic heart diagnosis? none of the above']",3c98d6e5-5013-4b6b-a992-e3dee9327426,not chronic heart failure,1,"{'pred': [2], 'probs': [[0.3643200993537903, 0.2644902169704437, 0.37118977308273315]], 'pred_prompt': ['H&E stained light micrograph of human cardiac tissue. Based on the image, what is the most likely clinical chronic heart diagnosis? none of the above']}",2.0,pathology,cardiovascular pathology,light microscopy,brightfield microscopy,none
119,classification,"['H&E stained light micrograph of human cardiac tissue. Based on the image, what is the most likely clinical chronic heart diagnosis? not chronic heart failure', 'H&E stained light micrograph of human cardiac tissue. Based on the image, what is the most likely clinical chronic heart diagnosis? chronic heart failure', 'H&E stained light micrograph of human cardiac tissue. Based on the image, what is the most likely clinical chronic heart diagnosis? none of the above']",e035efd0-fbad-4e2a-afc4-255033cc39b2,chronic heart failure,1,"{'pred': [1], 'probs': [[0.31917405128479004, 0.38652193546295166, 0.2943039834499359]], 'pred_prompt': ['H&E stained light micrograph of human cardiac tissue. Based on the image, what is the most likely clinical chronic heart diagnosis? chronic heart failure']}",2.0,pathology,cardiovascular pathology,light microscopy,brightfield microscopy,none
120,classification,"['H&E stained light micrograph of human cardiac tissue. Based on the image, what is the most likely clinical chronic heart diagnosis? chronic heart failure', 'H&E stained light micrograph of human cardiac tissue. Based on the image, what is the most likely clinical chronic heart diagnosis? not chronic heart failure', 'H&E stained light micrograph of human cardiac tissue. Based on the image, what is the most likely clinical chronic heart diagnosis? none of the above']",1b506d99-9a52-4965-86fb-112eccc8e38b,not chronic heart failure,1,"{'pred': [0], 'probs': [[0.41902661323547363, 0.3218971788883209, 0.25907623767852783]], 'pred_prompt': ['H&E stained light micrograph of human cardiac tissue. Based on the image, what is the most likely clinical chronic heart diagnosis? chronic heart failure']}",2.0,pathology,cardiovascular pathology,light microscopy,brightfield microscopy,none
121,classification,"['H&E stained light micrograph of human cardiac tissue. Based on the image, what is the most likely clinical chronic heart diagnosis? chronic heart failure', 'H&E stained light micrograph of human cardiac tissue. Based on the image, what is the most likely clinical chronic heart diagnosis? not chronic heart failure', 'H&E stained light micrograph of human cardiac tissue. Based on the image, what is the most likely clinical chronic heart diagnosis? none of the above']",0ab7d779-18b0-4298-aba8-47c5ff248f37,chronic heart failure,0,"{'pred': [2], 'probs': [[0.318958044052124, 0.29688000679016113, 0.38416194915771484]], 'pred_prompt': ['H&E stained light micrograph of human cardiac tissue. Based on the image, what is the most likely clinical chronic heart diagnosis? none of the above']}",2.0,pathology,cardiovascular pathology,light microscopy,brightfield microscopy,none
122,classification,"['H&E stained light micrograph of human cardiac tissue. Based on the image, what is the most likely clinical chronic heart diagnosis? not chronic heart failure', 'H&E stained light micrograph of human cardiac tissue. Based on the image, what is the most likely clinical chronic heart diagnosis? chronic heart failure', 'H&E stained light micrograph of human cardiac tissue. Based on the image, what is the most likely clinical chronic heart diagnosis? none of the above']",0c3d4ab2-0b58-4cbf-8582-090018b294f8,chronic heart failure,1,"{'pred': [0], 'probs': [[0.3721730709075928, 0.3448491096496582, 0.28297778964042664]], 'pred_prompt': ['H&E stained light micrograph of human cardiac tissue. Based on the image, what is the most likely clinical chronic heart diagnosis? not chronic heart failure']}",2.0,pathology,cardiovascular pathology,light microscopy,brightfield microscopy,none
123,classification,"['H&E stained light micrograph of human cardiac tissue. Based on the image, what is the most likely clinical chronic heart diagnosis? not chronic heart failure', 'H&E stained light micrograph of human cardiac tissue. Based on the image, what is the most likely clinical chronic heart diagnosis? chronic heart failure', 'H&E stained light micrograph of human cardiac tissue. Based on the image, what is the most likely clinical chronic heart diagnosis? none of the above']",358c19ea-bc9f-4d03-807b-53194159206e,not chronic heart failure,0,"{'pred': [1], 'probs': [[0.3667755126953125, 0.3828379809856415, 0.25038644671440125]], 'pred_prompt': ['H&E stained light micrograph of human cardiac tissue. Based on the image, what is the most likely clinical chronic heart diagnosis? chronic heart failure']}",2.0,pathology,cardiovascular pathology,light microscopy,brightfield microscopy,none
124,classification,"['H&E stained light micrograph of human cardiac tissue. Based on the image, what is the most likely clinical chronic heart diagnosis? not chronic heart failure', 'H&E stained light micrograph of human cardiac tissue. Based on the image, what is the most likely clinical chronic heart diagnosis? chronic heart failure', 'H&E stained light micrograph of human cardiac tissue. Based on the image, what is the most likely clinical chronic heart diagnosis? none of the above']",0fd03c8c-0bb3-4106-9d76-05de3ddcdf3a,chronic heart failure,1,"{'pred': [2], 'probs': [[0.2958299517631531, 0.2605457007884979, 0.443624347448349]], 'pred_prompt': ['H&E stained light micrograph of human cardiac tissue. Based on the image, what is the most likely clinical chronic heart diagnosis? none of the above']}",2.0,pathology,cardiovascular pathology,light microscopy,brightfield microscopy,none
125,classification,"['H&E stained light micrograph of human cardiac tissue. Based on the image, what is the most likely clinical chronic heart diagnosis? chronic heart failure', 'H&E stained light micrograph of human cardiac tissue. Based on the image, what is the most likely clinical chronic heart diagnosis? not chronic heart failure', 'H&E stained light micrograph of human cardiac tissue. Based on the image, what is the most likely clinical chronic heart diagnosis? none of the above']",37d20061-2cf0-483e-bf74-a1dadb38eebd,chronic heart failure,0,"{'pred': [1], 'probs': [[0.30070066452026367, 0.3790280520915985, 0.3202713131904602]], 'pred_prompt': ['H&E stained light micrograph of human cardiac tissue. Based on the image, what is the most likely clinical chronic heart diagnosis? not chronic heart failure']}",2.0,pathology,cardiovascular pathology,light microscopy,brightfield microscopy,none
126,classification,"['H&E stained light micrograph of human cardiac tissue. Based on the image, what is the most likely clinical chronic heart diagnosis? not chronic heart failure', 'H&E stained light micrograph of human cardiac tissue. Based on the image, what is the most likely clinical chronic heart diagnosis? chronic heart failure', 'H&E stained light micrograph of human cardiac tissue. Based on the image, what is the most likely clinical chronic heart diagnosis? none of the above']",789e0321-0542-416f-a916-c5fcacd42a93,chronic heart failure,1,"{'pred': [1], 'probs': [[0.24604842066764832, 0.419605553150177, 0.33434605598449707]], 'pred_prompt': ['H&E stained light micrograph of human cardiac tissue. Based on the image, what is the most likely clinical chronic heart diagnosis? chronic heart failure']}",2.0,pathology,cardiovascular pathology,light microscopy,brightfield microscopy,none
127,classification,"['H&E stained light micrograph of human cardiac tissue. Based on the image, what is the most likely clinical chronic heart diagnosis? chronic heart failure', 'H&E stained light micrograph of human cardiac tissue. Based on the image, what is the most likely clinical chronic heart diagnosis? not chronic heart failure', 'H&E stained light micrograph of human cardiac tissue. Based on the image, what is the most likely clinical chronic heart diagnosis? none of the above']",f6be9b7d-26ea-48fe-807b-b54efa2f7f03,chronic heart failure,0,"{'pred': [1], 'probs': [[0.329042911529541, 0.33909177780151367, 0.3318653404712677]], 'pred_prompt': ['H&E stained light micrograph of human cardiac tissue. Based on the image, what is the most likely clinical chronic heart diagnosis? not chronic heart failure']}",2.0,pathology,cardiovascular pathology,light microscopy,brightfield microscopy,none
128,classification,"['H&E stained light micrograph of human cardiac tissue. Based on the image, what is the most likely clinical chronic heart diagnosis? chronic heart failure', 'H&E stained light micrograph of human cardiac tissue. Based on the image, what is the most likely clinical chronic heart diagnosis? not chronic heart failure', 'H&E stained light micrograph of human cardiac tissue. Based on the image, what is the most likely clinical chronic heart diagnosis? none of the above']",d9e4091c-16f9-431b-94dd-1957f7bfce2c,not chronic heart failure,1,"{'pred': [0], 'probs': [[0.4109072685241699, 0.3194465637207031, 0.26964616775512695]], 'pred_prompt': ['H&E stained light micrograph of human cardiac tissue. Based on the image, what is the most likely clinical chronic heart diagnosis? chronic heart failure']}",2.0,pathology,cardiovascular pathology,light microscopy,brightfield microscopy,none
129,classification,"['H&E stained light micrograph of human cardiac tissue. Based on the image, what is the most likely clinical chronic heart diagnosis? chronic heart failure', 'H&E stained light micrograph of human cardiac tissue. Based on the image, what is the most likely clinical chronic heart diagnosis? not chronic heart failure', 'H&E stained light micrograph of human cardiac tissue. Based on the image, what is the most likely clinical chronic heart diagnosis? none of the above']",35c485a1-0a42-40ad-aecf-b852662c6429,chronic heart failure,0,"{'pred': [0], 'probs': [[0.3590039014816284, 0.29304957389831543, 0.34794655442237854]], 'pred_prompt': ['H&E stained light micrograph of human cardiac tissue. Based on the image, what is the most likely clinical chronic heart diagnosis? chronic heart failure']}",2.0,pathology,cardiovascular pathology,light microscopy,brightfield microscopy,none
130,classification,"['H&E stained light micrograph of human cardiac tissue. Based on the image, what is the most likely clinical chronic heart diagnosis? not chronic heart failure', 'H&E stained light micrograph of human cardiac tissue. Based on the image, what is the most likely clinical chronic heart diagnosis? chronic heart failure', 'H&E stained light micrograph of human cardiac tissue. Based on the image, what is the most likely clinical chronic heart diagnosis? none of the above']",feefac4b-d2ff-4f47-a8ad-565192f68b90,chronic heart failure,1,"{'pred': [2], 'probs': [[0.2813207805156708, 0.3248845338821411, 0.3937947154045105]], 'pred_prompt': ['H&E stained light micrograph of human cardiac tissue. Based on the image, what is the most likely clinical chronic heart diagnosis? none of the above']}",2.0,pathology,cardiovascular pathology,light microscopy,brightfield microscopy,none
131,classification,"['H&E stained light micrograph of human cardiac tissue. Based on the image, what is the most likely clinical chronic heart diagnosis? not chronic heart failure', 'H&E stained light micrograph of human cardiac tissue. Based on the image, what is the most likely clinical chronic heart diagnosis? chronic heart failure', 'H&E stained light micrograph of human cardiac tissue. Based on the image, what is the most likely clinical chronic heart diagnosis? none of the above']",d6355808-715e-4b36-a5e5-d2b844c774db,chronic heart failure,1,"{'pred': [2], 'probs': [[0.22463124990463257, 0.36709532141685486, 0.4082734286785126]], 'pred_prompt': ['H&E stained light micrograph of human cardiac tissue. Based on the image, what is the most likely clinical chronic heart diagnosis? none of the above']}",2.0,pathology,cardiovascular pathology,light microscopy,brightfield microscopy,none
132,classification,"['H&E stained light micrograph of human cardiac tissue. Based on the image, what is the most likely clinical chronic heart diagnosis? not chronic heart failure', 'H&E stained light micrograph of human cardiac tissue. Based on the image, what is the most likely clinical chronic heart diagnosis? chronic heart failure', 'H&E stained light micrograph of human cardiac tissue. Based on the image, what is the most likely clinical chronic heart diagnosis? none of the above']",d52e9484-2488-44c0-b948-f859c2c4a5ec,not chronic heart failure,0,"{'pred': [1], 'probs': [[0.33827605843544006, 0.3810746371746063, 0.2806493639945984]], 'pred_prompt': ['H&E stained light micrograph of human cardiac tissue. Based on the image, what is the most likely clinical chronic heart diagnosis? chronic heart failure']}",2.0,pathology,cardiovascular pathology,light microscopy,brightfield microscopy,none
133,classification,"['H&E stained light micrograph of human cardiac tissue. Based on the image, what is the most likely clinical chronic heart diagnosis? chronic heart failure', 'H&E stained light micrograph of human cardiac tissue. Based on the image, what is the most likely clinical chronic heart diagnosis? not chronic heart failure', 'H&E stained light micrograph of human cardiac tissue. Based on the image, what is the most likely clinical chronic heart diagnosis? none of the above']",bfb21655-54d7-4109-b165-42d9cdac0822,not chronic heart failure,1,"{'pred': [0], 'probs': [[0.38171491026878357, 0.30036333203315735, 0.3179216980934143]], 'pred_prompt': ['H&E stained light micrograph of human cardiac tissue. Based on the image, what is the most likely clinical chronic heart diagnosis? chronic heart failure']}",2.0,pathology,cardiovascular pathology,light microscopy,brightfield microscopy,none
134,classification,"['H&E stained light micrograph of human cardiac tissue. Based on the image, what is the most likely clinical chronic heart diagnosis? chronic heart failure', 'H&E stained light micrograph of human cardiac tissue. Based on the image, what is the most likely clinical chronic heart diagnosis? not chronic heart failure', 'H&E stained light micrograph of human cardiac tissue. Based on the image, what is the most likely clinical chronic heart diagnosis? none of the above']",e0eb2133-c847-48ec-91a4-02e07599a8fc,chronic heart failure,0,"{'pred': [0], 'probs': [[0.384210467338562, 0.2917182445526123, 0.3240712583065033]], 'pred_prompt': ['H&E stained light micrograph of human cardiac tissue. Based on the image, what is the most likely clinical chronic heart diagnosis? chronic heart failure']}",2.0,pathology,cardiovascular pathology,light microscopy,brightfield microscopy,none
135,classification,"['H&E stained light micrograph of human cardiac tissue. Based on the image, what is the most likely clinical chronic heart diagnosis? chronic heart failure', 'H&E stained light micrograph of human cardiac tissue. Based on the image, what is the most likely clinical chronic heart diagnosis? not chronic heart failure', 'H&E stained light micrograph of human cardiac tissue. Based on the image, what is the most likely clinical chronic heart diagnosis? none of the above']",3c9e056d-57bd-44b0-affe-082aac015835,chronic heart failure,0,"{'pred': [1], 'probs': [[0.3509388267993927, 0.43070319294929504, 0.21835803985595703]], 'pred_prompt': ['H&E stained light micrograph of human cardiac tissue. Based on the image, what is the most likely clinical chronic heart diagnosis? not chronic heart failure']}",2.0,pathology,cardiovascular pathology,light microscopy,brightfield microscopy,none
136,classification,"['H&E stained light micrograph of human cardiac tissue. Based on the image, what is the most likely clinical chronic heart diagnosis? chronic heart failure', 'H&E stained light micrograph of human cardiac tissue. Based on the image, what is the most likely clinical chronic heart diagnosis? not chronic heart failure', 'H&E stained light micrograph of human cardiac tissue. Based on the image, what is the most likely clinical chronic heart diagnosis? none of the above']",ad1459a2-24ab-4c37-999b-9612c3397623,not chronic heart failure,1,"{'pred': [2], 'probs': [[0.2868891954421997, 0.28007349371910095, 0.43303734064102173]], 'pred_prompt': ['H&E stained light micrograph of human cardiac tissue. Based on the image, what is the most likely clinical chronic heart diagnosis? none of the above']}",2.0,pathology,cardiovascular pathology,light microscopy,brightfield microscopy,none
137,classification,"['H&E stained light micrograph of human cardiac tissue. Based on the image, what is the most likely clinical chronic heart diagnosis? not chronic heart failure', 'H&E stained light micrograph of human cardiac tissue. Based on the image, what is the most likely clinical chronic heart diagnosis? chronic heart failure', 'H&E stained light micrograph of human cardiac tissue. Based on the image, what is the most likely clinical chronic heart diagnosis? none of the above']",c8e313e2-99df-4bf4-b406-654803e4beaf,not chronic heart failure,0,"{'pred': [1], 'probs': [[0.3459356129169464, 0.35080739855766296, 0.303257018327713]], 'pred_prompt': ['H&E stained light micrograph of human cardiac tissue. Based on the image, what is the most likely clinical chronic heart diagnosis? chronic heart failure']}",2.0,pathology,cardiovascular pathology,light microscopy,brightfield microscopy,none
138,classification,"['H&E stained light micrograph of human cardiac tissue. Based on the image, what is the most likely clinical chronic heart diagnosis? not chronic heart failure', 'H&E stained light micrograph of human cardiac tissue. Based on the image, what is the most likely clinical chronic heart diagnosis? chronic heart failure', 'H&E stained light micrograph of human cardiac tissue. Based on the image, what is the most likely clinical chronic heart diagnosis? none of the above']",174c2615-88f5-4022-a2af-e81a77bdc47c,chronic heart failure,1,"{'pred': [2], 'probs': [[0.3085564374923706, 0.3357766270637512, 0.3556669056415558]], 'pred_prompt': ['H&E stained light micrograph of human cardiac tissue. Based on the image, what is the most likely clinical chronic heart diagnosis? none of the above']}",2.0,pathology,cardiovascular pathology,light microscopy,brightfield microscopy,none
139,classification,"['H&E stained light micrograph of human cardiac tissue. Based on the image, what is the most likely clinical chronic heart diagnosis? not chronic heart failure', 'H&E stained light micrograph of human cardiac tissue. Based on the image, what is the most likely clinical chronic heart diagnosis? chronic heart failure', 'H&E stained light micrograph of human cardiac tissue. Based on the image, what is the most likely clinical chronic heart diagnosis? none of the above']",18507356-61d9-4e63-97a4-59d9e29da794,chronic heart failure,1,"{'pred': [1], 'probs': [[0.37281906604766846, 0.381600558757782, 0.24558036029338837]], 'pred_prompt': ['H&E stained light micrograph of human cardiac tissue. Based on the image, what is the most likely clinical chronic heart diagnosis? chronic heart failure']}",2.0,pathology,cardiovascular pathology,light microscopy,brightfield microscopy,none
140,classification,"['H&E stained light micrograph of human cardiac tissue. Based on the image, what is the most likely clinical chronic heart diagnosis? chronic heart failure', 'H&E stained light micrograph of human cardiac tissue. Based on the image, what is the most likely clinical chronic heart diagnosis? not chronic heart failure', 'H&E stained light micrograph of human cardiac tissue. Based on the image, what is the most likely clinical chronic heart diagnosis? none of the above']",5f21690a-a787-442a-8b6e-c5ebb3c74ab5,chronic heart failure,0,"{'pred': [0], 'probs': [[0.4070720672607422, 0.3995535373687744, 0.1933744251728058]], 'pred_prompt': ['H&E stained light micrograph of human cardiac tissue. Based on the image, what is the most likely clinical chronic heart diagnosis? chronic heart failure']}",2.0,pathology,cardiovascular pathology,light microscopy,brightfield microscopy,none
141,classification,"['H&E stained light micrograph of human cardiac tissue. Based on the image, what is the most likely clinical chronic heart diagnosis? not chronic heart failure', 'H&E stained light micrograph of human cardiac tissue. Based on the image, what is the most likely clinical chronic heart diagnosis? chronic heart failure', 'H&E stained light micrograph of human cardiac tissue. Based on the image, what is the most likely clinical chronic heart diagnosis? none of the above']",fd888486-565e-4fa0-b4fd-71767489c2a8,chronic heart failure,1,"{'pred': [2], 'probs': [[0.24296975135803223, 0.3337589204311371, 0.42327138781547546]], 'pred_prompt': ['H&E stained light micrograph of human cardiac tissue. Based on the image, what is the most likely clinical chronic heart diagnosis? none of the above']}",2.0,pathology,cardiovascular pathology,light microscopy,brightfield microscopy,none
142,classification,"['H&E stained light micrograph of human cardiac tissue. Based on the image, what is the most likely clinical chronic heart diagnosis? chronic heart failure', 'H&E stained light micrograph of human cardiac tissue. Based on the image, what is the most likely clinical chronic heart diagnosis? not chronic heart failure', 'H&E stained light micrograph of human cardiac tissue. Based on the image, what is the most likely clinical chronic heart diagnosis? none of the above']",5e7d441e-e60b-4293-896c-553f10d1f769,chronic heart failure,0,"{'pred': [2], 'probs': [[0.3114164173603058, 0.26625481247901917, 0.42232879996299744]], 'pred_prompt': ['H&E stained light micrograph of human cardiac tissue. Based on the image, what is the most likely clinical chronic heart diagnosis? none of the above']}",2.0,pathology,cardiovascular pathology,light microscopy,brightfield microscopy,none
143,classification,"['H&E stained light micrograph of human cardiac tissue. Based on the image, what is the most likely clinical chronic heart diagnosis? not chronic heart failure', 'H&E stained light micrograph of human cardiac tissue. Based on the image, what is the most likely clinical chronic heart diagnosis? chronic heart failure', 'H&E stained light micrograph of human cardiac tissue. Based on the image, what is the most likely clinical chronic heart diagnosis? none of the above']",068e51cb-ef31-41f2-8999-2fbca1024497,chronic heart failure,1,"{'pred': [1], 'probs': [[0.35305139422416687, 0.37367549538612366, 0.27327316999435425]], 'pred_prompt': ['H&E stained light micrograph of human cardiac tissue. Based on the image, what is the most likely clinical chronic heart diagnosis? chronic heart failure']}",2.0,pathology,cardiovascular pathology,light microscopy,brightfield microscopy,none
144,classification,"['H&E stained light micrograph of human cardiac tissue. Based on the image, what is the most likely clinical chronic heart diagnosis? not chronic heart failure', 'H&E stained light micrograph of human cardiac tissue. Based on the image, what is the most likely clinical chronic heart diagnosis? chronic heart failure', 'H&E stained light micrograph of human cardiac tissue. Based on the image, what is the most likely clinical chronic heart diagnosis? none of the above']",909560e3-c5c3-4255-baa0-5f56039691fc,chronic heart failure,1,"{'pred': [2], 'probs': [[0.25861427187919617, 0.3551950454711914, 0.38619059324264526]], 'pred_prompt': ['H&E stained light micrograph of human cardiac tissue. Based on the image, what is the most likely clinical chronic heart diagnosis? none of the above']}",2.0,pathology,cardiovascular pathology,light microscopy,brightfield microscopy,none
145,classification,"['H&E stained light micrograph of human cardiac tissue. Based on the image, what is the most likely clinical chronic heart diagnosis? not chronic heart failure', 'H&E stained light micrograph of human cardiac tissue. Based on the image, what is the most likely clinical chronic heart diagnosis? chronic heart failure', 'H&E stained light micrograph of human cardiac tissue. Based on the image, what is the most likely clinical chronic heart diagnosis? none of the above']",038dfc33-b321-48a0-8a42-a2e3aa49ab0f,not chronic heart failure,0,"{'pred': [0], 'probs': [[0.5355942845344543, 0.2551056146621704, 0.20930013060569763]], 'pred_prompt': ['H&E stained light micrograph of human cardiac tissue. Based on the image, what is the most likely clinical chronic heart diagnosis? not chronic heart failure']}",2.0,pathology,cardiovascular pathology,light microscopy,brightfield microscopy,none
146,classification,"['H&E stained light micrograph of human cardiac tissue. Based on the image, what is the most likely clinical chronic heart diagnosis? not chronic heart failure', 'H&E stained light micrograph of human cardiac tissue. Based on the image, what is the most likely clinical chronic heart diagnosis? chronic heart failure', 'H&E stained light micrograph of human cardiac tissue. Based on the image, what is the most likely clinical chronic heart diagnosis? none of the above']",c9e5e017-09c6-40a5-a0b1-bcafecfd854b,not chronic heart failure,0,"{'pred': [2], 'probs': [[0.2165394276380539, 0.3243519067764282, 0.4591086804866791]], 'pred_prompt': ['H&E stained light micrograph of human cardiac tissue. Based on the image, what is the most likely clinical chronic heart diagnosis? none of the above']}",2.0,pathology,cardiovascular pathology,light microscopy,brightfield microscopy,none
147,classification,"['H&E stained light micrograph of human cardiac tissue. Based on the image, what is the most likely clinical chronic heart diagnosis? chronic heart failure', 'H&E stained light micrograph of human cardiac tissue. Based on the image, what is the most likely clinical chronic heart diagnosis? not chronic heart failure', 'H&E stained light micrograph of human cardiac tissue. Based on the image, what is the most likely clinical chronic heart diagnosis? none of the above']",11cda8b7-fa0e-4ed7-9b65-ccb98b1dc448,chronic heart failure,0,"{'pred': [2], 'probs': [[0.3332517147064209, 0.2370665818452835, 0.4296816885471344]], 'pred_prompt': ['H&E stained light micrograph of human cardiac tissue. Based on the image, what is the most likely clinical chronic heart diagnosis? none of the above']}",2.0,pathology,cardiovascular pathology,light microscopy,brightfield microscopy,none
148,classification,"['H&E stained light micrograph of human cardiac tissue. Based on the image, what is the most likely clinical chronic heart diagnosis? not chronic heart failure', 'H&E stained light micrograph of human cardiac tissue. Based on the image, what is the most likely clinical chronic heart diagnosis? chronic heart failure', 'H&E stained light micrograph of human cardiac tissue. Based on the image, what is the most likely clinical chronic heart diagnosis? none of the above']",4d331cb7-7ae5-4825-9a54-dca7e561d1f1,not chronic heart failure,0,"{'pred': [1], 'probs': [[0.32111069560050964, 0.3825668394565582, 0.2963224947452545]], 'pred_prompt': ['H&E stained light micrograph of human cardiac tissue. Based on the image, what is the most likely clinical chronic heart diagnosis? chronic heart failure']}",2.0,pathology,cardiovascular pathology,light microscopy,brightfield microscopy,none
149,classification,"['H&E stained light micrograph of human cardiac tissue. Based on the image, what is the most likely clinical chronic heart diagnosis? not chronic heart failure', 'H&E stained light micrograph of human cardiac tissue. Based on the image, what is the most likely clinical chronic heart diagnosis? chronic heart failure', 'H&E stained light micrograph of human cardiac tissue. Based on the image, what is the most likely clinical chronic heart diagnosis? none of the above']",4c5694a4-ef9f-4a14-b0da-0cb7c627a38d,chronic heart failure,1,"{'pred': [1], 'probs': [[0.327341228723526, 0.4269334673881531, 0.24572530388832092]], 'pred_prompt': ['H&E stained light micrograph of human cardiac tissue. Based on the image, what is the most likely clinical chronic heart diagnosis? chronic heart failure']}",2.0,pathology,cardiovascular pathology,light microscopy,brightfield microscopy,none
150,classification,"['H&E stained light micrograph of human cardiac tissue. Based on the image, what is the most likely clinical chronic heart diagnosis? not chronic heart failure', 'H&E stained light micrograph of human cardiac tissue. Based on the image, what is the most likely clinical chronic heart diagnosis? chronic heart failure', 'H&E stained light micrograph of human cardiac tissue. Based on the image, what is the most likely clinical chronic heart diagnosis? none of the above']",981e8b71-ba1e-4fac-85c7-6c0ea5c39ef6,not chronic heart failure,0,"{'pred': [2], 'probs': [[0.2778278887271881, 0.3370976150035858, 0.38507452607154846]], 'pred_prompt': ['H&E stained light micrograph of human cardiac tissue. Based on the image, what is the most likely clinical chronic heart diagnosis? none of the above']}",2.0,pathology,cardiovascular pathology,light microscopy,brightfield microscopy,none
151,classification,"['H&E stained light micrograph of human cardiac tissue. Based on the image, what is the most likely clinical chronic heart diagnosis? chronic heart failure', 'H&E stained light micrograph of human cardiac tissue. Based on the image, what is the most likely clinical chronic heart diagnosis? not chronic heart failure', 'H&E stained light micrograph of human cardiac tissue. Based on the image, what is the most likely clinical chronic heart diagnosis? none of the above']",d8294d93-e710-4d3f-8a98-7ec0e2525282,chronic heart failure,0,"{'pred': [0], 'probs': [[0.3655029535293579, 0.3099806606769562, 0.3245163857936859]], 'pred_prompt': ['H&E stained light micrograph of human cardiac tissue. Based on the image, what is the most likely clinical chronic heart diagnosis? chronic heart failure']}",2.0,pathology,cardiovascular pathology,light microscopy,brightfield microscopy,none
152,classification,"['H&E stained light micrograph of human cardiac tissue. Based on the image, what is the most likely clinical chronic heart diagnosis? not chronic heart failure', 'H&E stained light micrograph of human cardiac tissue. Based on the image, what is the most likely clinical chronic heart diagnosis? chronic heart failure', 'H&E stained light micrograph of human cardiac tissue. Based on the image, what is the most likely clinical chronic heart diagnosis? none of the above']",85f0e425-8bb8-4417-b8c5-e313a918f0c8,chronic heart failure,1,"{'pred': [1], 'probs': [[0.2978896498680115, 0.41415032744407654, 0.28796008229255676]], 'pred_prompt': ['H&E stained light micrograph of human cardiac tissue. Based on the image, what is the most likely clinical chronic heart diagnosis? chronic heart failure']}",2.0,pathology,cardiovascular pathology,light microscopy,brightfield microscopy,none
153,classification,"['H&E stained light micrograph of human cardiac tissue. Based on the image, what is the most likely clinical chronic heart diagnosis? not chronic heart failure', 'H&E stained light micrograph of human cardiac tissue. Based on the image, what is the most likely clinical chronic heart diagnosis? chronic heart failure', 'H&E stained light micrograph of human cardiac tissue. Based on the image, what is the most likely clinical chronic heart diagnosis? none of the above']",fc6c3d25-da59-4525-8bca-ecffdf98fb1c,not chronic heart failure,0,"{'pred': [2], 'probs': [[0.2955159842967987, 0.34122326970100403, 0.36326077580451965]], 'pred_prompt': ['H&E stained light micrograph of human cardiac tissue. Based on the image, what is the most likely clinical chronic heart diagnosis? none of the above']}",2.0,pathology,cardiovascular pathology,light microscopy,brightfield microscopy,none
154,classification,"['H&E stained light micrograph of human cardiac tissue. Based on the image, what is the most likely clinical chronic heart diagnosis? chronic heart failure', 'H&E stained light micrograph of human cardiac tissue. Based on the image, what is the most likely clinical chronic heart diagnosis? not chronic heart failure', 'H&E stained light micrograph of human cardiac tissue. Based on the image, what is the most likely clinical chronic heart diagnosis? none of the above']",4bade762-1265-4d10-889f-e33231410da6,chronic heart failure,0,"{'pred': [2], 'probs': [[0.27643638849258423, 0.3352263867855072, 0.38833722472190857]], 'pred_prompt': ['H&E stained light micrograph of human cardiac tissue. Based on the image, what is the most likely clinical chronic heart diagnosis? none of the above']}",2.0,pathology,cardiovascular pathology,light microscopy,brightfield microscopy,none
155,classification,"['H&E stained light micrograph of human cardiac tissue. Based on the image, what is the most likely clinical chronic heart diagnosis? not chronic heart failure', 'H&E stained light micrograph of human cardiac tissue. Based on the image, what is the most likely clinical chronic heart diagnosis? chronic heart failure', 'H&E stained light micrograph of human cardiac tissue. Based on the image, what is the most likely clinical chronic heart diagnosis? none of the above']",c959042f-a592-4b51-ab10-6c7a9e9cb455,chronic heart failure,1,"{'pred': [2], 'probs': [[0.2634378969669342, 0.351910263299942, 0.38465186953544617]], 'pred_prompt': ['H&E stained light micrograph of human cardiac tissue. Based on the image, what is the most likely clinical chronic heart diagnosis? none of the above']}",2.0,pathology,cardiovascular pathology,light microscopy,brightfield microscopy,none
156,classification,"['H&E stained light micrograph of human cardiac tissue. Based on the image, what is the most likely clinical chronic heart diagnosis? chronic heart failure', 'H&E stained light micrograph of human cardiac tissue. Based on the image, what is the most likely clinical chronic heart diagnosis? not chronic heart failure', 'H&E stained light micrograph of human cardiac tissue. Based on the image, what is the most likely clinical chronic heart diagnosis? none of the above']",bc8886c2-9cfd-446d-a072-e4bdcc7b11b7,not chronic heart failure,1,"{'pred': [0], 'probs': [[0.38759303092956543, 0.37406647205352783, 0.23834049701690674]], 'pred_prompt': ['H&E stained light micrograph of human cardiac tissue. Based on the image, what is the most likely clinical chronic heart diagnosis? chronic heart failure']}",2.0,pathology,cardiovascular pathology,light microscopy,brightfield microscopy,none
157,classification,"['H&E stained light micrograph of human cardiac tissue. Based on the image, what is the most likely clinical chronic heart diagnosis? chronic heart failure', 'H&E stained light micrograph of human cardiac tissue. Based on the image, what is the most likely clinical chronic heart diagnosis? not chronic heart failure', 'H&E stained light micrograph of human cardiac tissue. Based on the image, what is the most likely clinical chronic heart diagnosis? none of the above']",6d34b623-cf41-4b64-ac23-794b1bfca08f,chronic heart failure,0,"{'pred': [0], 'probs': [[0.40948250889778137, 0.3078310489654541, 0.2826864421367645]], 'pred_prompt': ['H&E stained light micrograph of human cardiac tissue. Based on the image, what is the most likely clinical chronic heart diagnosis? chronic heart failure']}",2.0,pathology,cardiovascular pathology,light microscopy,brightfield microscopy,none
158,classification,"['H&E stained light micrograph of human cardiac tissue. Based on the image, what is the most likely clinical chronic heart diagnosis? chronic heart failure', 'H&E stained light micrograph of human cardiac tissue. Based on the image, what is the most likely clinical chronic heart diagnosis? not chronic heart failure', 'H&E stained light micrograph of human cardiac tissue. Based on the image, what is the most likely clinical chronic heart diagnosis? none of the above']",e4f35610-9f54-4265-9f5e-9c4daebce308,not chronic heart failure,1,"{'pred': [0], 'probs': [[0.3764541447162628, 0.32372626662254333, 0.29981958866119385]], 'pred_prompt': ['H&E stained light micrograph of human cardiac tissue. Based on the image, what is the most likely clinical chronic heart diagnosis? chronic heart failure']}",2.0,pathology,cardiovascular pathology,light microscopy,brightfield microscopy,none
159,classification,"['H&E stained light micrograph of human cardiac tissue. Based on the image, what is the most likely clinical chronic heart diagnosis? chronic heart failure', 'H&E stained light micrograph of human cardiac tissue. Based on the image, what is the most likely clinical chronic heart diagnosis? not chronic heart failure', 'H&E stained light micrograph of human cardiac tissue. Based on the image, what is the most likely clinical chronic heart diagnosis? none of the above']",eca7c998-7145-47b0-aa83-9c5b644bfebe,not chronic heart failure,1,"{'pred': [2], 'probs': [[0.3321171998977661, 0.2545420825481415, 0.4133407473564148]], 'pred_prompt': ['H&E stained light micrograph of human cardiac tissue. Based on the image, what is the most likely clinical chronic heart diagnosis? none of the above']}",2.0,pathology,cardiovascular pathology,light microscopy,brightfield microscopy,none
160,classification,"['H&E stained light micrograph of human cardiac tissue. Based on the image, what is the most likely clinical chronic heart diagnosis? chronic heart failure', 'H&E stained light micrograph of human cardiac tissue. Based on the image, what is the most likely clinical chronic heart diagnosis? not chronic heart failure', 'H&E stained light micrograph of human cardiac tissue. Based on the image, what is the most likely clinical chronic heart diagnosis? none of the above']",1f6baeae-9910-48f4-8e72-014983a877b9,not chronic heart failure,1,"{'pred': [1], 'probs': [[0.3121863305568695, 0.35220229625701904, 0.3356113135814667]], 'pred_prompt': ['H&E stained light micrograph of human cardiac tissue. Based on the image, what is the most likely clinical chronic heart diagnosis? not chronic heart failure']}",2.0,pathology,cardiovascular pathology,light microscopy,brightfield microscopy,none
161,classification,"['H&E stained light micrograph of human cardiac tissue. Based on the image, what is the most likely clinical chronic heart diagnosis? not chronic heart failure', 'H&E stained light micrograph of human cardiac tissue. Based on the image, what is the most likely clinical chronic heart diagnosis? chronic heart failure', 'H&E stained light micrograph of human cardiac tissue. Based on the image, what is the most likely clinical chronic heart diagnosis? none of the above']",a0b4f3b2-b5d4-4b09-ad99-848ecb262ec5,not chronic heart failure,0,"{'pred': [2], 'probs': [[0.25617536902427673, 0.3636169731616974, 0.38020771741867065]], 'pred_prompt': ['H&E stained light micrograph of human cardiac tissue. Based on the image, what is the most likely clinical chronic heart diagnosis? none of the above']}",2.0,pathology,cardiovascular pathology,light microscopy,brightfield microscopy,none
162,classification,"['H&E stained light micrograph of human cardiac tissue. Based on the image, what is the most likely clinical chronic heart diagnosis? not chronic heart failure', 'H&E stained light micrograph of human cardiac tissue. Based on the image, what is the most likely clinical chronic heart diagnosis? chronic heart failure', 'H&E stained light micrograph of human cardiac tissue. Based on the image, what is the most likely clinical chronic heart diagnosis? none of the above']",03dcd74e-341a-4572-9d29-a414814226c6,not chronic heart failure,0,"{'pred': [1], 'probs': [[0.30845242738723755, 0.3497464954853058, 0.3418010473251343]], 'pred_prompt': ['H&E stained light micrograph of human cardiac tissue. Based on the image, what is the most likely clinical chronic heart diagnosis? chronic heart failure']}",2.0,pathology,cardiovascular pathology,light microscopy,brightfield microscopy,none
163,classification,"['H&E stained light micrograph of human cardiac tissue. Based on the image, what is the most likely clinical chronic heart diagnosis? not chronic heart failure', 'H&E stained light micrograph of human cardiac tissue. Based on the image, what is the most likely clinical chronic heart diagnosis? chronic heart failure', 'H&E stained light micrograph of human cardiac tissue. Based on the image, what is the most likely clinical chronic heart diagnosis? none of the above']",2057f699-6200-4b90-9e0f-865ea7176dce,not chronic heart failure,0,"{'pred': [2], 'probs': [[0.27620717883110046, 0.3411354124546051, 0.38265740871429443]], 'pred_prompt': ['H&E stained light micrograph of human cardiac tissue. Based on the image, what is the most likely clinical chronic heart diagnosis? none of the above']}",2.0,pathology,cardiovascular pathology,light microscopy,brightfield microscopy,none
164,classification,"['H&E stained light micrograph of human cardiac tissue. Based on the image, what is the most likely clinical chronic heart diagnosis? not chronic heart failure', 'H&E stained light micrograph of human cardiac tissue. Based on the image, what is the most likely clinical chronic heart diagnosis? chronic heart failure', 'H&E stained light micrograph of human cardiac tissue. Based on the image, what is the most likely clinical chronic heart diagnosis? none of the above']",48ec6101-9f07-4b5f-92a4-4aa51b24f452,chronic heart failure,1,"{'pred': [2], 'probs': [[0.3149108588695526, 0.3350073993206024, 0.3500817120075226]], 'pred_prompt': ['H&E stained light micrograph of human cardiac tissue. Based on the image, what is the most likely clinical chronic heart diagnosis? none of the above']}",2.0,pathology,cardiovascular pathology,light microscopy,brightfield microscopy,none
165,classification,"['H&E stained light micrograph of human cardiac tissue. Based on the image, what is the most likely clinical chronic heart diagnosis? chronic heart failure', 'H&E stained light micrograph of human cardiac tissue. Based on the image, what is the most likely clinical chronic heart diagnosis? not chronic heart failure', 'H&E stained light micrograph of human cardiac tissue. Based on the image, what is the most likely clinical chronic heart diagnosis? none of the above']",14b11a8e-c064-4ce1-9b01-92b33107385c,not chronic heart failure,1,"{'pred': [0], 'probs': [[0.3958800435066223, 0.35671040415763855, 0.24740959703922272]], 'pred_prompt': ['H&E stained light micrograph of human cardiac tissue. Based on the image, what is the most likely clinical chronic heart diagnosis? chronic heart failure']}",2.0,pathology,cardiovascular pathology,light microscopy,brightfield microscopy,none
166,classification,"['H&E stained light micrograph of human cardiac tissue. Based on the image, what is the most likely clinical chronic heart diagnosis? chronic heart failure', 'H&E stained light micrograph of human cardiac tissue. Based on the image, what is the most likely clinical chronic heart diagnosis? not chronic heart failure', 'H&E stained light micrograph of human cardiac tissue. Based on the image, what is the most likely clinical chronic heart diagnosis? none of the above']",6b85b823-fcec-46a2-a3d5-7c9e0a791f22,not chronic heart failure,1,"{'pred': [0], 'probs': [[0.3708392381668091, 0.2944050431251526, 0.3347557783126831]], 'pred_prompt': ['H&E stained light micrograph of human cardiac tissue. Based on the image, what is the most likely clinical chronic heart diagnosis? chronic heart failure']}",2.0,pathology,cardiovascular pathology,light microscopy,brightfield microscopy,none
167,classification,"['H&E stained light micrograph of human cardiac tissue. Based on the image, what is the most likely clinical chronic heart diagnosis? not chronic heart failure', 'H&E stained light micrograph of human cardiac tissue. Based on the image, what is the most likely clinical chronic heart diagnosis? chronic heart failure', 'H&E stained light micrograph of human cardiac tissue. Based on the image, what is the most likely clinical chronic heart diagnosis? none of the above']",73e0fff3-35ce-444a-bb24-a475c715893d,chronic heart failure,1,"{'pred': [1], 'probs': [[0.23555605113506317, 0.41002756357192993, 0.3544163703918457]], 'pred_prompt': ['H&E stained light micrograph of human cardiac tissue. Based on the image, what is the most likely clinical chronic heart diagnosis? chronic heart failure']}",2.0,pathology,cardiovascular pathology,light microscopy,brightfield microscopy,none
168,classification,"['H&E stained light micrograph of human cardiac tissue. Based on the image, what is the most likely clinical chronic heart diagnosis? not chronic heart failure', 'H&E stained light micrograph of human cardiac tissue. Based on the image, what is the most likely clinical chronic heart diagnosis? chronic heart failure', 'H&E stained light micrograph of human cardiac tissue. Based on the image, what is the most likely clinical chronic heart diagnosis? none of the above']",98deb84e-c274-49ef-9dba-5cec40201d46,chronic heart failure,1,"{'pred': [2], 'probs': [[0.29862210154533386, 0.25326234102249146, 0.44811558723449707]], 'pred_prompt': ['H&E stained light micrograph of human cardiac tissue. Based on the image, what is the most likely clinical chronic heart diagnosis? none of the above']}",2.0,pathology,cardiovascular pathology,light microscopy,brightfield microscopy,none
169,classification,"['H&E stained light micrograph of human cardiac tissue. Based on the image, what is the most likely clinical chronic heart diagnosis? not chronic heart failure', 'H&E stained light micrograph of human cardiac tissue. Based on the image, what is the most likely clinical chronic heart diagnosis? chronic heart failure', 'H&E stained light micrograph of human cardiac tissue. Based on the image, what is the most likely clinical chronic heart diagnosis? none of the above']",e175692e-991a-4f1f-ad2f-ba0d56173cb7,chronic heart failure,1,"{'pred': [2], 'probs': [[0.23864534497261047, 0.35865655541419983, 0.4026980996131897]], 'pred_prompt': ['H&E stained light micrograph of human cardiac tissue. Based on the image, what is the most likely clinical chronic heart diagnosis? none of the above']}",2.0,pathology,cardiovascular pathology,light microscopy,brightfield microscopy,none
170,classification,"['H&E stained light micrograph of human cardiac tissue. Based on the image, what is the most likely clinical chronic heart diagnosis? chronic heart failure', 'H&E stained light micrograph of human cardiac tissue. Based on the image, what is the most likely clinical chronic heart diagnosis? not chronic heart failure', 'H&E stained light micrograph of human cardiac tissue. Based on the image, what is the most likely clinical chronic heart diagnosis? none of the above']",c3f3547f-806d-4dd1-bf3b-463e456a6ff8,not chronic heart failure,1,"{'pred': [1], 'probs': [[0.35388073325157166, 0.3775370121002197, 0.268582284450531]], 'pred_prompt': ['H&E stained light micrograph of human cardiac tissue. Based on the image, what is the most likely clinical chronic heart diagnosis? not chronic heart failure']}",2.0,pathology,cardiovascular pathology,light microscopy,brightfield microscopy,none
171,classification,"['H&E stained light micrograph of human cardiac tissue. Based on the image, what is the most likely clinical chronic heart diagnosis? chronic heart failure', 'H&E stained light micrograph of human cardiac tissue. Based on the image, what is the most likely clinical chronic heart diagnosis? not chronic heart failure', 'H&E stained light micrograph of human cardiac tissue. Based on the image, what is the most likely clinical chronic heart diagnosis? none of the above']",8cd8bfe0-5ef5-434c-a087-c9fccba5d774,not chronic heart failure,1,"{'pred': [0], 'probs': [[0.3634301424026489, 0.3126075267791748, 0.32396239042282104]], 'pred_prompt': ['H&E stained light micrograph of human cardiac tissue. Based on the image, what is the most likely clinical chronic heart diagnosis? chronic heart failure']}",2.0,pathology,cardiovascular pathology,light microscopy,brightfield microscopy,none
172,classification,"['H&E stained light micrograph of human cardiac tissue. Based on the image, what is the most likely clinical chronic heart diagnosis? not chronic heart failure', 'H&E stained light micrograph of human cardiac tissue. Based on the image, what is the most likely clinical chronic heart diagnosis? chronic heart failure', 'H&E stained light micrograph of human cardiac tissue. Based on the image, what is the most likely clinical chronic heart diagnosis? none of the above']",1e959b68-5ae0-45fa-8593-0ecd17c3c572,not chronic heart failure,0,"{'pred': [1], 'probs': [[0.3018490970134735, 0.367609441280365, 0.3305414915084839]], 'pred_prompt': ['H&E stained light micrograph of human cardiac tissue. Based on the image, what is the most likely clinical chronic heart diagnosis? chronic heart failure']}",2.0,pathology,cardiovascular pathology,light microscopy,brightfield microscopy,none
173,classification,"['H&E stained light micrograph of human cardiac tissue. Based on the image, what is the most likely clinical chronic heart diagnosis? not chronic heart failure', 'H&E stained light micrograph of human cardiac tissue. Based on the image, what is the most likely clinical chronic heart diagnosis? chronic heart failure', 'H&E stained light micrograph of human cardiac tissue. Based on the image, what is the most likely clinical chronic heart diagnosis? none of the above']",b6ec4531-29b7-4721-9478-12776fe4039f,chronic heart failure,1,"{'pred': [1], 'probs': [[0.32441040873527527, 0.38178837299346924, 0.2938012480735779]], 'pred_prompt': ['H&E stained light micrograph of human cardiac tissue. Based on the image, what is the most likely clinical chronic heart diagnosis? chronic heart failure']}",2.0,pathology,cardiovascular pathology,light microscopy,brightfield microscopy,none
174,classification,"['H&E stained light micrograph of human cardiac tissue. Based on the image, what is the most likely clinical chronic heart diagnosis? not chronic heart failure', 'H&E stained light micrograph of human cardiac tissue. Based on the image, what is the most likely clinical chronic heart diagnosis? chronic heart failure', 'H&E stained light micrograph of human cardiac tissue. Based on the image, what is the most likely clinical chronic heart diagnosis? none of the above']",0e71b0b8-7955-4c00-bed7-37a1314cf4ee,not chronic heart failure,0,"{'pred': [2], 'probs': [[0.2923322916030884, 0.34838563203811646, 0.35928210616111755]], 'pred_prompt': ['H&E stained light micrograph of human cardiac tissue. Based on the image, what is the most likely clinical chronic heart diagnosis? none of the above']}",2.0,pathology,cardiovascular pathology,light microscopy,brightfield microscopy,none
175,classification,"['H&E stained light micrograph of human cardiac tissue. Based on the image, what is the most likely clinical chronic heart diagnosis? not chronic heart failure', 'H&E stained light micrograph of human cardiac tissue. Based on the image, what is the most likely clinical chronic heart diagnosis? chronic heart failure', 'H&E stained light micrograph of human cardiac tissue. Based on the image, what is the most likely clinical chronic heart diagnosis? none of the above']",79577128-74a8-4847-b4c9-c2e4738f6ac1,not chronic heart failure,0,"{'pred': [2], 'probs': [[0.3302594721317291, 0.32192549109458923, 0.34781500697135925]], 'pred_prompt': ['H&E stained light micrograph of human cardiac tissue. Based on the image, what is the most likely clinical chronic heart diagnosis? none of the above']}",2.0,pathology,cardiovascular pathology,light microscopy,brightfield microscopy,none
176,classification,"['H&E stained light micrograph of human cardiac tissue. Based on the image, what is the most likely clinical chronic heart diagnosis? chronic heart failure', 'H&E stained light micrograph of human cardiac tissue. Based on the image, what is the most likely clinical chronic heart diagnosis? not chronic heart failure', 'H&E stained light micrograph of human cardiac tissue. Based on the image, what is the most likely clinical chronic heart diagnosis? none of the above']",6bb2f509-e6e0-40c3-b6b9-b9ef5a1d7c49,chronic heart failure,0,"{'pred': [2], 'probs': [[0.2716788649559021, 0.26456567645072937, 0.46375545859336853]], 'pred_prompt': ['H&E stained light micrograph of human cardiac tissue. Based on the image, what is the most likely clinical chronic heart diagnosis? none of the above']}",2.0,pathology,cardiovascular pathology,light microscopy,brightfield microscopy,none
177,classification,"['H&E stained light micrograph of human cardiac tissue. Based on the image, what is the most likely clinical chronic heart diagnosis? not chronic heart failure', 'H&E stained light micrograph of human cardiac tissue. Based on the image, what is the most likely clinical chronic heart diagnosis? chronic heart failure', 'H&E stained light micrograph of human cardiac tissue. Based on the image, what is the most likely clinical chronic heart diagnosis? none of the above']",aefe4bfa-0dd1-4dbc-af30-b355ddd2edab,not chronic heart failure,0,"{'pred': [0], 'probs': [[0.3643506169319153, 0.31412580609321594, 0.3215235471725464]], 'pred_prompt': ['H&E stained light micrograph of human cardiac tissue. Based on the image, what is the most likely clinical chronic heart diagnosis? not chronic heart failure']}",2.0,pathology,cardiovascular pathology,light microscopy,brightfield microscopy,none
178,classification,"['H&E stained light micrograph of human cardiac tissue. Based on the image, what is the most likely clinical chronic heart diagnosis? not chronic heart failure', 'H&E stained light micrograph of human cardiac tissue. Based on the image, what is the most likely clinical chronic heart diagnosis? chronic heart failure', 'H&E stained light micrograph of human cardiac tissue. Based on the image, what is the most likely clinical chronic heart diagnosis? none of the above']",2c3699af-d03e-4ef4-81b1-a8a352b2e3bc,not chronic heart failure,0,"{'pred': [2], 'probs': [[0.326516330242157, 0.3048672378063202, 0.3686164617538452]], 'pred_prompt': ['H&E stained light micrograph of human cardiac tissue. Based on the image, what is the most likely clinical chronic heart diagnosis? none of the above']}",2.0,pathology,cardiovascular pathology,light microscopy,brightfield microscopy,none
179,classification,"['H&E stained light micrograph of human cardiac tissue. Based on the image, what is the most likely clinical chronic heart diagnosis? not chronic heart failure', 'H&E stained light micrograph of human cardiac tissue. Based on the image, what is the most likely clinical chronic heart diagnosis? chronic heart failure', 'H&E stained light micrograph of human cardiac tissue. Based on the image, what is the most likely clinical chronic heart diagnosis? none of the above']",7bc59792-1fb0-41a0-a3e1-6f4f830c639c,chronic heart failure,1,"{'pred': [0], 'probs': [[0.35718315839767456, 0.3018185496330261, 0.34099823236465454]], 'pred_prompt': ['H&E stained light micrograph of human cardiac tissue. Based on the image, what is the most likely clinical chronic heart diagnosis? not chronic heart failure']}",2.0,pathology,cardiovascular pathology,light microscopy,brightfield microscopy,none
180,classification,"['H&E stained light micrograph of human cardiac tissue. Based on the image, what is the most likely clinical chronic heart diagnosis? chronic heart failure', 'H&E stained light micrograph of human cardiac tissue. Based on the image, what is the most likely clinical chronic heart diagnosis? not chronic heart failure', 'H&E stained light micrograph of human cardiac tissue. Based on the image, what is the most likely clinical chronic heart diagnosis? none of the above']",c0b25100-ff26-4d54-a937-75040132e94b,not chronic heart failure,1,"{'pred': [0], 'probs': [[0.4156250059604645, 0.2837778329849243, 0.30059707164764404]], 'pred_prompt': ['H&E stained light micrograph of human cardiac tissue. Based on the image, what is the most likely clinical chronic heart diagnosis? chronic heart failure']}",2.0,pathology,cardiovascular pathology,light microscopy,brightfield microscopy,none
181,classification,"['H&E stained light micrograph of human cardiac tissue. Based on the image, what is the most likely clinical chronic heart diagnosis? not chronic heart failure', 'H&E stained light micrograph of human cardiac tissue. Based on the image, what is the most likely clinical chronic heart diagnosis? chronic heart failure', 'H&E stained light micrograph of human cardiac tissue. Based on the image, what is the most likely clinical chronic heart diagnosis? none of the above']",2895b12b-e3b4-4b4d-9e58-0554f75068f7,not chronic heart failure,0,"{'pred': [1], 'probs': [[0.3257690966129303, 0.3783718943595886, 0.2958590090274811]], 'pred_prompt': ['H&E stained light micrograph of human cardiac tissue. Based on the image, what is the most likely clinical chronic heart diagnosis? chronic heart failure']}",2.0,pathology,cardiovascular pathology,light microscopy,brightfield microscopy,none
182,classification,"['H&E stained light micrograph of human cardiac tissue. Based on the image, what is the most likely clinical chronic heart diagnosis? chronic heart failure', 'H&E stained light micrograph of human cardiac tissue. Based on the image, what is the most likely clinical chronic heart diagnosis? not chronic heart failure', 'H&E stained light micrograph of human cardiac tissue. Based on the image, what is the most likely clinical chronic heart diagnosis? none of the above']",47b98d16-892e-4b58-a79a-2916ba8ea981,not chronic heart failure,1,"{'pred': [0], 'probs': [[0.39878883957862854, 0.36171334981918335, 0.2394978255033493]], 'pred_prompt': ['H&E stained light micrograph of human cardiac tissue. Based on the image, what is the most likely clinical chronic heart diagnosis? chronic heart failure']}",2.0,pathology,cardiovascular pathology,light microscopy,brightfield microscopy,none
183,classification,"['H&E stained light micrograph of human cardiac tissue. Based on the image, what is the most likely clinical chronic heart diagnosis? not chronic heart failure', 'H&E stained light micrograph of human cardiac tissue. Based on the image, what is the most likely clinical chronic heart diagnosis? chronic heart failure', 'H&E stained light micrograph of human cardiac tissue. Based on the image, what is the most likely clinical chronic heart diagnosis? none of the above']",5b683f6f-e2d8-4c81-b1d7-4beab203094a,not chronic heart failure,0,"{'pred': [0], 'probs': [[0.37841078639030457, 0.29768386483192444, 0.323905348777771]], 'pred_prompt': ['H&E stained light micrograph of human cardiac tissue. Based on the image, what is the most likely clinical chronic heart diagnosis? not chronic heart failure']}",2.0,pathology,cardiovascular pathology,light microscopy,brightfield microscopy,none
184,classification,"['H&E stained light micrograph of human cardiac tissue. Based on the image, what is the most likely clinical chronic heart diagnosis? not chronic heart failure', 'H&E stained light micrograph of human cardiac tissue. Based on the image, what is the most likely clinical chronic heart diagnosis? chronic heart failure', 'H&E stained light micrograph of human cardiac tissue. Based on the image, what is the most likely clinical chronic heart diagnosis? none of the above']",d9af0f02-0142-4ff5-9095-43a9fa0f71ce,not chronic heart failure,0,"{'pred': [2], 'probs': [[0.22138740122318268, 0.3790355920791626, 0.39957699179649353]], 'pred_prompt': ['H&E stained light micrograph of human cardiac tissue. Based on the image, what is the most likely clinical chronic heart diagnosis? none of the above']}",2.0,pathology,cardiovascular pathology,light microscopy,brightfield microscopy,none
185,classification,"['H&E stained light micrograph of human cardiac tissue. Based on the image, what is the most likely clinical chronic heart diagnosis? not chronic heart failure', 'H&E stained light micrograph of human cardiac tissue. Based on the image, what is the most likely clinical chronic heart diagnosis? chronic heart failure', 'H&E stained light micrograph of human cardiac tissue. Based on the image, what is the most likely clinical chronic heart diagnosis? none of the above']",0ce7380d-3b34-45b1-bf0c-5372a11e5941,not chronic heart failure,0,"{'pred': [0], 'probs': [[0.378530889749527, 0.30768829584121704, 0.313780814409256]], 'pred_prompt': ['H&E stained light micrograph of human cardiac tissue. Based on the image, what is the most likely clinical chronic heart diagnosis? not chronic heart failure']}",2.0,pathology,cardiovascular pathology,light microscopy,brightfield microscopy,none
186,classification,"['H&E stained light micrograph of human cardiac tissue. Based on the image, what is the most likely clinical chronic heart diagnosis? not chronic heart failure', 'H&E stained light micrograph of human cardiac tissue. Based on the image, what is the most likely clinical chronic heart diagnosis? chronic heart failure', 'H&E stained light micrograph of human cardiac tissue. Based on the image, what is the most likely clinical chronic heart diagnosis? none of the above']",a881fec1-b7d1-4d06-a83a-8310aac18d60,not chronic heart failure,0,"{'pred': [2], 'probs': [[0.3379336893558502, 0.24656882882118225, 0.41549748182296753]], 'pred_prompt': ['H&E stained light micrograph of human cardiac tissue. Based on the image, what is the most likely clinical chronic heart diagnosis? none of the above']}",2.0,pathology,cardiovascular pathology,light microscopy,brightfield microscopy,none
187,classification,"['H&E stained light micrograph of human cardiac tissue. Based on the image, what is the most likely clinical chronic heart diagnosis? chronic heart failure', 'H&E stained light micrograph of human cardiac tissue. Based on the image, what is the most likely clinical chronic heart diagnosis? not chronic heart failure', 'H&E stained light micrograph of human cardiac tissue. Based on the image, what is the most likely clinical chronic heart diagnosis? none of the above']",868ccb4a-eeec-4388-9b73-fc711b2d22d3,chronic heart failure,0,"{'pred': [2], 'probs': [[0.23161360621452332, 0.3225674629211426, 0.4458189606666565]], 'pred_prompt': ['H&E stained light micrograph of human cardiac tissue. Based on the image, what is the most likely clinical chronic heart diagnosis? none of the above']}",2.0,pathology,cardiovascular pathology,light microscopy,brightfield microscopy,none
188,classification,"['H&E stained light micrograph of human cardiac tissue. Based on the image, what is the most likely clinical chronic heart diagnosis? not chronic heart failure', 'H&E stained light micrograph of human cardiac tissue. Based on the image, what is the most likely clinical chronic heart diagnosis? chronic heart failure', 'H&E stained light micrograph of human cardiac tissue. Based on the image, what is the most likely clinical chronic heart diagnosis? none of the above']",de5d4177-e409-4bdf-a9a8-8b42e2967051,not chronic heart failure,0,"{'pred': [0], 'probs': [[0.35994023084640503, 0.3586258590221405, 0.28143391013145447]], 'pred_prompt': ['H&E stained light micrograph of human cardiac tissue. Based on the image, what is the most likely clinical chronic heart diagnosis? not chronic heart failure']}",2.0,pathology,cardiovascular pathology,light microscopy,brightfield microscopy,none
189,classification,"['H&E stained light micrograph of human cardiac tissue. Based on the image, what is the most likely clinical chronic heart diagnosis? not chronic heart failure', 'H&E stained light micrograph of human cardiac tissue. Based on the image, what is the most likely clinical chronic heart diagnosis? chronic heart failure', 'H&E stained light micrograph of human cardiac tissue. Based on the image, what is the most likely clinical chronic heart diagnosis? none of the above']",9b38e86e-f26f-437a-82fd-ada18ae1cd46,chronic heart failure,1,"{'pred': [1], 'probs': [[0.33149731159210205, 0.3470684289932251, 0.32143428921699524]], 'pred_prompt': ['H&E stained light micrograph of human cardiac tissue. Based on the image, what is the most likely clinical chronic heart diagnosis? chronic heart failure']}",2.0,pathology,cardiovascular pathology,light microscopy,brightfield microscopy,none
190,classification,"['H&E stained light micrograph of human cardiac tissue. Based on the image, what is the most likely clinical chronic heart diagnosis? not chronic heart failure', 'H&E stained light micrograph of human cardiac tissue. Based on the image, what is the most likely clinical chronic heart diagnosis? chronic heart failure', 'H&E stained light micrograph of human cardiac tissue. Based on the image, what is the most likely clinical chronic heart diagnosis? none of the above']",34398b84-ac25-4160-9629-2ef7d0916120,chronic heart failure,1,"{'pred': [2], 'probs': [[0.28022271394729614, 0.3129892945289612, 0.4067879617214203]], 'pred_prompt': ['H&E stained light micrograph of human cardiac tissue. Based on the image, what is the most likely clinical chronic heart diagnosis? none of the above']}",2.0,pathology,cardiovascular pathology,light microscopy,brightfield microscopy,none
191,classification,"['H&E stained light micrograph of human cardiac tissue. Based on the image, what is the most likely clinical chronic heart diagnosis? not chronic heart failure', 'H&E stained light micrograph of human cardiac tissue. Based on the image, what is the most likely clinical chronic heart diagnosis? chronic heart failure', 'H&E stained light micrograph of human cardiac tissue. Based on the image, what is the most likely clinical chronic heart diagnosis? none of the above']",057bfcf7-803e-4fba-a4e5-af029b1c0f60,not chronic heart failure,0,"{'pred': [1], 'probs': [[0.3094440996646881, 0.4062851667404175, 0.2842707633972168]], 'pred_prompt': ['H&E stained light micrograph of human cardiac tissue. Based on the image, what is the most likely clinical chronic heart diagnosis? chronic heart failure']}",2.0,pathology,cardiovascular pathology,light microscopy,brightfield microscopy,none
192,classification,"['H&E stained light micrograph of human cardiac tissue. Based on the image, what is the most likely clinical chronic heart diagnosis? not chronic heart failure', 'H&E stained light micrograph of human cardiac tissue. Based on the image, what is the most likely clinical chronic heart diagnosis? chronic heart failure', 'H&E stained light micrograph of human cardiac tissue. Based on the image, what is the most likely clinical chronic heart diagnosis? none of the above']",f97bba7e-3582-44da-a899-034710651dea,chronic heart failure,1,"{'pred': [1], 'probs': [[0.3232664167881012, 0.3770885169506073, 0.2996450960636139]], 'pred_prompt': ['H&E stained light micrograph of human cardiac tissue. Based on the image, what is the most likely clinical chronic heart diagnosis? chronic heart failure']}",2.0,pathology,cardiovascular pathology,light microscopy,brightfield microscopy,none
193,classification,"['H&E stained light micrograph of human cardiac tissue. Based on the image, what is the most likely clinical chronic heart diagnosis? not chronic heart failure', 'H&E stained light micrograph of human cardiac tissue. Based on the image, what is the most likely clinical chronic heart diagnosis? chronic heart failure', 'H&E stained light micrograph of human cardiac tissue. Based on the image, what is the most likely clinical chronic heart diagnosis? none of the above']",1830c410-e622-405e-86a9-ea1a5f3dea48,not chronic heart failure,0,"{'pred': [1], 'probs': [[0.3536503314971924, 0.35556578636169434, 0.2907838821411133]], 'pred_prompt': ['H&E stained light micrograph of human cardiac tissue. Based on the image, what is the most likely clinical chronic heart diagnosis? chronic heart failure']}",2.0,pathology,cardiovascular pathology,light microscopy,brightfield microscopy,none
194,classification,"['H&E stained light micrograph of human cardiac tissue. Based on the image, what is the most likely clinical chronic heart diagnosis? not chronic heart failure', 'H&E stained light micrograph of human cardiac tissue. Based on the image, what is the most likely clinical chronic heart diagnosis? chronic heart failure', 'H&E stained light micrograph of human cardiac tissue. Based on the image, what is the most likely clinical chronic heart diagnosis? none of the above']",5c314ec0-e7c0-4f60-a769-a8d3aac8813d,not chronic heart failure,0,"{'pred': [2], 'probs': [[0.34323760867118835, 0.287431925535202, 0.3693304657936096]], 'pred_prompt': ['H&E stained light micrograph of human cardiac tissue. Based on the image, what is the most likely clinical chronic heart diagnosis? none of the above']}",2.0,pathology,cardiovascular pathology,light microscopy,brightfield microscopy,none
195,classification,"['H&E stained light micrograph of human cardiac tissue. Based on the image, what is the most likely clinical chronic heart diagnosis? chronic heart failure', 'H&E stained light micrograph of human cardiac tissue. Based on the image, what is the most likely clinical chronic heart diagnosis? not chronic heart failure', 'H&E stained light micrograph of human cardiac tissue. Based on the image, what is the most likely clinical chronic heart diagnosis? none of the above']",a424a798-b619-4b9a-8bea-1b029bcf6287,not chronic heart failure,1,"{'pred': [0], 'probs': [[0.3599512577056885, 0.3310553729534149, 0.3089933395385742]], 'pred_prompt': ['H&E stained light micrograph of human cardiac tissue. Based on the image, what is the most likely clinical chronic heart diagnosis? chronic heart failure']}",2.0,pathology,cardiovascular pathology,light microscopy,brightfield microscopy,none
196,classification,"['H&E stained light micrograph of human cardiac tissue. Based on the image, what is the most likely clinical chronic heart diagnosis? not chronic heart failure', 'H&E stained light micrograph of human cardiac tissue. Based on the image, what is the most likely clinical chronic heart diagnosis? chronic heart failure', 'H&E stained light micrograph of human cardiac tissue. Based on the image, what is the most likely clinical chronic heart diagnosis? none of the above']",889e5397-04b1-413d-b4c8-76166f5ab429,chronic heart failure,1,"{'pred': [2], 'probs': [[0.3028458058834076, 0.3379765450954437, 0.3591776192188263]], 'pred_prompt': ['H&E stained light micrograph of human cardiac tissue. Based on the image, what is the most likely clinical chronic heart diagnosis? none of the above']}",2.0,pathology,cardiovascular pathology,light microscopy,brightfield microscopy,none
197,classification,"['H&E stained light micrograph of human cardiac tissue. Based on the image, what is the most likely clinical chronic heart diagnosis? chronic heart failure', 'H&E stained light micrograph of human cardiac tissue. Based on the image, what is the most likely clinical chronic heart diagnosis? not chronic heart failure', 'H&E stained light micrograph of human cardiac tissue. Based on the image, what is the most likely clinical chronic heart diagnosis? none of the above']",4540aa31-870c-442a-9a27-8e298630c1f7,chronic heart failure,0,"{'pred': [0], 'probs': [[0.42983710765838623, 0.27842822670936584, 0.29173460602760315]], 'pred_prompt': ['H&E stained light micrograph of human cardiac tissue. Based on the image, what is the most likely clinical chronic heart diagnosis? chronic heart failure']}",2.0,pathology,cardiovascular pathology,light microscopy,brightfield microscopy,none
198,classification,"['H&E stained light micrograph of human cardiac tissue. Based on the image, what is the most likely clinical chronic heart diagnosis? chronic heart failure', 'H&E stained light micrograph of human cardiac tissue. Based on the image, what is the most likely clinical chronic heart diagnosis? not chronic heart failure', 'H&E stained light micrograph of human cardiac tissue. Based on the image, what is the most likely clinical chronic heart diagnosis? none of the above']",525d93b7-00c3-4436-9248-ccc711b4de07,not chronic heart failure,1,"{'pred': [0], 'probs': [[0.35904058814048767, 0.29053154587745667, 0.35042789578437805]], 'pred_prompt': ['H&E stained light micrograph of human cardiac tissue. Based on the image, what is the most likely clinical chronic heart diagnosis? chronic heart failure']}",2.0,pathology,cardiovascular pathology,light microscopy,brightfield microscopy,none
199,classification,"['H&E stained light micrograph of human cardiac tissue. Based on the image, what is the most likely clinical chronic heart diagnosis? chronic heart failure', 'H&E stained light micrograph of human cardiac tissue. Based on the image, what is the most likely clinical chronic heart diagnosis? not chronic heart failure', 'H&E stained light micrograph of human cardiac tissue. Based on the image, what is the most likely clinical chronic heart diagnosis? none of the above']",69dfe3aa-020f-4ebc-9dba-89b0b2bba6af,not chronic heart failure,1,"{'pred': [0], 'probs': [[0.37937602400779724, 0.29690906405448914, 0.32371488213539124]], 'pred_prompt': ['H&E stained light micrograph of human cardiac tissue. Based on the image, what is the most likely clinical chronic heart diagnosis? chronic heart failure']}",2.0,pathology,cardiovascular pathology,light microscopy,brightfield microscopy,none
200,classification,"['H&E stained light micrograph of human cardiac tissue. Based on the image, what is the most likely clinical chronic heart diagnosis? chronic heart failure', 'H&E stained light micrograph of human cardiac tissue. Based on the image, what is the most likely clinical chronic heart diagnosis? not chronic heart failure', 'H&E stained light micrograph of human cardiac tissue. Based on the image, what is the most likely clinical chronic heart diagnosis? none of the above']",be36f099-2514-43c3-8163-46fc72bea113,chronic heart failure,0,"{'pred': [0], 'probs': [[0.34873589873313904, 0.3065924346446991, 0.34467169642448425]], 'pred_prompt': ['H&E stained light micrograph of human cardiac tissue. Based on the image, what is the most likely clinical chronic heart diagnosis? chronic heart failure']}",2.0,pathology,cardiovascular pathology,light microscopy,brightfield microscopy,none
201,classification,"['H&E stained light micrograph of human cardiac tissue. Based on the image, what is the most likely clinical chronic heart diagnosis? not chronic heart failure', 'H&E stained light micrograph of human cardiac tissue. Based on the image, what is the most likely clinical chronic heart diagnosis? chronic heart failure', 'H&E stained light micrograph of human cardiac tissue. Based on the image, what is the most likely clinical chronic heart diagnosis? none of the above']",39d1bcef-4f76-4479-8f33-37612cdbc0b5,not chronic heart failure,0,"{'pred': [1], 'probs': [[0.3121671676635742, 0.3671821355819702, 0.32065072655677795]], 'pred_prompt': ['H&E stained light micrograph of human cardiac tissue. Based on the image, what is the most likely clinical chronic heart diagnosis? chronic heart failure']}",2.0,pathology,cardiovascular pathology,light microscopy,brightfield microscopy,none
202,classification,"['H&E stained light micrograph of human cardiac tissue. Based on the image, what is the most likely clinical chronic heart diagnosis? not chronic heart failure', 'H&E stained light micrograph of human cardiac tissue. Based on the image, what is the most likely clinical chronic heart diagnosis? chronic heart failure', 'H&E stained light micrograph of human cardiac tissue. Based on the image, what is the most likely clinical chronic heart diagnosis? none of the above']",5020fd48-9c14-4a44-b1a5-6d5fc8436d7c,not chronic heart failure,0,"{'pred': [1], 'probs': [[0.34569934010505676, 0.3552391529083252, 0.29906147718429565]], 'pred_prompt': ['H&E stained light micrograph of human cardiac tissue. Based on the image, what is the most likely clinical chronic heart diagnosis? chronic heart failure']}",2.0,pathology,cardiovascular pathology,light microscopy,brightfield microscopy,none
203,classification,"['H&E stained light micrograph of human cardiac tissue. Based on the image, what is the most likely clinical chronic heart diagnosis? not chronic heart failure', 'H&E stained light micrograph of human cardiac tissue. Based on the image, what is the most likely clinical chronic heart diagnosis? chronic heart failure', 'H&E stained light micrograph of human cardiac tissue. Based on the image, what is the most likely clinical chronic heart diagnosis? none of the above']",99aa15be-752b-47bc-ac35-5b8f8d9ca9fe,chronic heart failure,1,"{'pred': [0], 'probs': [[0.3499040901660919, 0.32186633348464966, 0.3282296061515808]], 'pred_prompt': ['H&E stained light micrograph of human cardiac tissue. Based on the image, what is the most likely clinical chronic heart diagnosis? not chronic heart failure']}",2.0,pathology,cardiovascular pathology,light microscopy,brightfield microscopy,none
204,classification,"['H&E stained light micrograph of human cardiac tissue. Based on the image, what is the most likely clinical chronic heart diagnosis? not chronic heart failure', 'H&E stained light micrograph of human cardiac tissue. Based on the image, what is the most likely clinical chronic heart diagnosis? chronic heart failure', 'H&E stained light micrograph of human cardiac tissue. Based on the image, what is the most likely clinical chronic heart diagnosis? none of the above']",c18bd869-5490-4c54-8cb3-5b9e5573f407,not chronic heart failure,0,"{'pred': [1], 'probs': [[0.4014125466346741, 0.4261895418167114, 0.1723979264497757]], 'pred_prompt': ['H&E stained light micrograph of human cardiac tissue. Based on the image, what is the most likely clinical chronic heart diagnosis? chronic heart failure']}",2.0,pathology,cardiovascular pathology,light microscopy,brightfield microscopy,none
205,classification,"['H&E stained light micrograph of human cardiac tissue. Based on the image, what is the most likely clinical chronic heart diagnosis? chronic heart failure', 'H&E stained light micrograph of human cardiac tissue. Based on the image, what is the most likely clinical chronic heart diagnosis? not chronic heart failure', 'H&E stained light micrograph of human cardiac tissue. Based on the image, what is the most likely clinical chronic heart diagnosis? none of the above']",4ab0f7f2-4029-49a6-ba23-16362de9f986,not chronic heart failure,1,"{'pred': [0], 'probs': [[0.3846505582332611, 0.26489922404289246, 0.35045018792152405]], 'pred_prompt': ['H&E stained light micrograph of human cardiac tissue. Based on the image, what is the most likely clinical chronic heart diagnosis? chronic heart failure']}",2.0,pathology,cardiovascular pathology,light microscopy,brightfield microscopy,none
206,classification,"['H&E stained light micrograph of human cardiac tissue. Based on the image, what is the most likely clinical chronic heart diagnosis? chronic heart failure', 'H&E stained light micrograph of human cardiac tissue. Based on the image, what is the most likely clinical chronic heart diagnosis? not chronic heart failure', 'H&E stained light micrograph of human cardiac tissue. Based on the image, what is the most likely clinical chronic heart diagnosis? none of the above']",94033694-c7a1-44fb-899c-bebeec2965ec,chronic heart failure,0,"{'pred': [0], 'probs': [[0.3675290644168854, 0.36569279432296753, 0.2667781710624695]], 'pred_prompt': ['H&E stained light micrograph of human cardiac tissue. Based on the image, what is the most likely clinical chronic heart diagnosis? chronic heart failure']}",2.0,pathology,cardiovascular pathology,light microscopy,brightfield microscopy,none
207,classification,"['H&E stained light micrograph of human cardiac tissue. Based on the image, what is the most likely clinical chronic heart diagnosis? chronic heart failure', 'H&E stained light micrograph of human cardiac tissue. Based on the image, what is the most likely clinical chronic heart diagnosis? not chronic heart failure', 'H&E stained light micrograph of human cardiac tissue. Based on the image, what is the most likely clinical chronic heart diagnosis? none of the above']",608bf50f-8aa4-424f-b99f-f64868dd4982,not chronic heart failure,1,"{'pred': [0], 'probs': [[0.3550170361995697, 0.3018167018890381, 0.3431662321090698]], 'pred_prompt': ['H&E stained light micrograph of human cardiac tissue. Based on the image, what is the most likely clinical chronic heart diagnosis? chronic heart failure']}",2.0,pathology,cardiovascular pathology,light microscopy,brightfield microscopy,none
208,classification,"['H&E stained light micrograph of human cardiac tissue. Based on the image, what is the most likely clinical chronic heart diagnosis? not chronic heart failure', 'H&E stained light micrograph of human cardiac tissue. Based on the image, what is the most likely clinical chronic heart diagnosis? chronic heart failure', 'H&E stained light micrograph of human cardiac tissue. Based on the image, what is the most likely clinical chronic heart diagnosis? none of the above']",8a1edc08-8ad3-4f7d-a941-94463351ab35,chronic heart failure,1,"{'pred': [1], 'probs': [[0.3423544466495514, 0.3595735728740692, 0.2980719804763794]], 'pred_prompt': ['H&E stained light micrograph of human cardiac tissue. Based on the image, what is the most likely clinical chronic heart diagnosis? chronic heart failure']}",2.0,pathology,cardiovascular pathology,light microscopy,brightfield microscopy,none
209,classification,"['H&E stained light micrograph of human cardiac tissue. Based on the image, what is the most likely clinical chronic heart diagnosis? chronic heart failure', 'H&E stained light micrograph of human cardiac tissue. Based on the image, what is the most likely clinical chronic heart diagnosis? not chronic heart failure', 'H&E stained light micrograph of human cardiac tissue. Based on the image, what is the most likely clinical chronic heart diagnosis? none of the above']",9b06ab63-3f62-4242-900c-72c4804e418d,not chronic heart failure,1,"{'pred': [1], 'probs': [[0.29857635498046875, 0.3751835823059082, 0.32624006271362305]], 'pred_prompt': ['H&E stained light micrograph of human cardiac tissue. Based on the image, what is the most likely clinical chronic heart diagnosis? not chronic heart failure']}",2.0,pathology,cardiovascular pathology,light microscopy,brightfield microscopy,none
210,classification,"['H&E stained light micrograph of human cardiac tissue. Based on the image, what is the most likely clinical chronic heart diagnosis? not chronic heart failure', 'H&E stained light micrograph of human cardiac tissue. Based on the image, what is the most likely clinical chronic heart diagnosis? chronic heart failure', 'H&E stained light micrograph of human cardiac tissue. Based on the image, what is the most likely clinical chronic heart diagnosis? none of the above']",7f2fe92e-c613-40b5-9b63-e62cb043eb75,not chronic heart failure,0,"{'pred': [2], 'probs': [[0.3043281137943268, 0.3241657316684723, 0.3715061843395233]], 'pred_prompt': ['H&E stained light micrograph of human cardiac tissue. Based on the image, what is the most likely clinical chronic heart diagnosis? none of the above']}",2.0,pathology,cardiovascular pathology,light microscopy,brightfield microscopy,none
211,classification,"['H&E stained light micrograph of human cardiac tissue. Based on the image, what is the most likely clinical chronic heart diagnosis? not chronic heart failure', 'H&E stained light micrograph of human cardiac tissue. Based on the image, what is the most likely clinical chronic heart diagnosis? chronic heart failure', 'H&E stained light micrograph of human cardiac tissue. Based on the image, what is the most likely clinical chronic heart diagnosis? none of the above']",927f7691-9ea3-4b5f-a7ed-5c3dedb69b8a,chronic heart failure,1,"{'pred': [2], 'probs': [[0.30037182569503784, 0.34339284896850586, 0.3562353253364563]], 'pred_prompt': ['H&E stained light micrograph of human cardiac tissue. Based on the image, what is the most likely clinical chronic heart diagnosis? none of the above']}",2.0,pathology,cardiovascular pathology,light microscopy,brightfield microscopy,none
212,classification,"['H&E stained light micrograph of human cardiac tissue. Based on the image, what is the most likely clinical chronic heart diagnosis? chronic heart failure', 'H&E stained light micrograph of human cardiac tissue. Based on the image, what is the most likely clinical chronic heart diagnosis? not chronic heart failure', 'H&E stained light micrograph of human cardiac tissue. Based on the image, what is the most likely clinical chronic heart diagnosis? none of the above']",bda4eeb8-61cb-4598-8a77-eea8bf745f97,chronic heart failure,0,"{'pred': [0], 'probs': [[0.4141930937767029, 0.39492136240005493, 0.19088555872440338]], 'pred_prompt': ['H&E stained light micrograph of human cardiac tissue. Based on the image, what is the most likely clinical chronic heart diagnosis? chronic heart failure']}",2.0,pathology,cardiovascular pathology,light microscopy,brightfield microscopy,none
213,classification,"['H&E stained light micrograph of human cardiac tissue. Based on the image, what is the most likely clinical chronic heart diagnosis? chronic heart failure', 'H&E stained light micrograph of human cardiac tissue. Based on the image, what is the most likely clinical chronic heart diagnosis? not chronic heart failure', 'H&E stained light micrograph of human cardiac tissue. Based on the image, what is the most likely clinical chronic heart diagnosis? none of the above']",0d4c456b-1dc3-4472-8798-c30d790d1c1f,not chronic heart failure,1,"{'pred': [0], 'probs': [[0.39338669180870056, 0.3410886824131012, 0.26552462577819824]], 'pred_prompt': ['H&E stained light micrograph of human cardiac tissue. Based on the image, what is the most likely clinical chronic heart diagnosis? chronic heart failure']}",2.0,pathology,cardiovascular pathology,light microscopy,brightfield microscopy,none
214,classification,"['H&E stained light micrograph of human cardiac tissue. Based on the image, what is the most likely clinical chronic heart diagnosis? not chronic heart failure', 'H&E stained light micrograph of human cardiac tissue. Based on the image, what is the most likely clinical chronic heart diagnosis? chronic heart failure', 'H&E stained light micrograph of human cardiac tissue. Based on the image, what is the most likely clinical chronic heart diagnosis? none of the above']",8dbebaee-cab0-4dcb-91a5-7ba1d4c3d81e,not chronic heart failure,0,"{'pred': [2], 'probs': [[0.27756011486053467, 0.3517707586288452, 0.37066909670829773]], 'pred_prompt': ['H&E stained light micrograph of human cardiac tissue. Based on the image, what is the most likely clinical chronic heart diagnosis? none of the above']}",2.0,pathology,cardiovascular pathology,light microscopy,brightfield microscopy,none
215,classification,"['H&E stained light micrograph of human cardiac tissue. Based on the image, what is the most likely clinical chronic heart diagnosis? chronic heart failure', 'H&E stained light micrograph of human cardiac tissue. Based on the image, what is the most likely clinical chronic heart diagnosis? not chronic heart failure', 'H&E stained light micrograph of human cardiac tissue. Based on the image, what is the most likely clinical chronic heart diagnosis? none of the above']",7475ca1b-52d6-4c1a-933b-0c04aa102a6a,not chronic heart failure,1,"{'pred': [0], 'probs': [[0.45151859521865845, 0.31249305605888367, 0.2359883338212967]], 'pred_prompt': ['H&E stained light micrograph of human cardiac tissue. Based on the image, what is the most likely clinical chronic heart diagnosis? chronic heart failure']}",2.0,pathology,cardiovascular pathology,light microscopy,brightfield microscopy,none
216,classification,"['H&E stained light micrograph of human cardiac tissue. Based on the image, what is the most likely clinical chronic heart diagnosis? not chronic heart failure', 'H&E stained light micrograph of human cardiac tissue. Based on the image, what is the most likely clinical chronic heart diagnosis? chronic heart failure', 'H&E stained light micrograph of human cardiac tissue. Based on the image, what is the most likely clinical chronic heart diagnosis? none of the above']",872ebd0a-96a2-4dc0-b00c-91b748d7b015,not chronic heart failure,0,"{'pred': [0], 'probs': [[0.38631123304367065, 0.3496094048023224, 0.2640792727470398]], 'pred_prompt': ['H&E stained light micrograph of human cardiac tissue. Based on the image, what is the most likely clinical chronic heart diagnosis? not chronic heart failure']}",2.0,pathology,cardiovascular pathology,light microscopy,brightfield microscopy,none
217,classification,"['H&E stained light micrograph of human cardiac tissue. Based on the image, what is the most likely clinical chronic heart diagnosis? chronic heart failure', 'H&E stained light micrograph of human cardiac tissue. Based on the image, what is the most likely clinical chronic heart diagnosis? not chronic heart failure', 'H&E stained light micrograph of human cardiac tissue. Based on the image, what is the most likely clinical chronic heart diagnosis? none of the above']",acf48d46-ffc3-4e73-b126-c8758e6d309b,not chronic heart failure,1,"{'pred': [0], 'probs': [[0.3436998724937439, 0.3355293869972229, 0.3207707405090332]], 'pred_prompt': ['H&E stained light micrograph of human cardiac tissue. Based on the image, what is the most likely clinical chronic heart diagnosis? chronic heart failure']}",2.0,pathology,cardiovascular pathology,light microscopy,brightfield microscopy,none
218,classification,"['H&E stained light micrograph of human cardiac tissue. Based on the image, what is the most likely clinical chronic heart diagnosis? not chronic heart failure', 'H&E stained light micrograph of human cardiac tissue. Based on the image, what is the most likely clinical chronic heart diagnosis? chronic heart failure', 'H&E stained light micrograph of human cardiac tissue. Based on the image, what is the most likely clinical chronic heart diagnosis? none of the above']",ac4273f8-0ea3-486b-946e-ad153db55c13,chronic heart failure,1,"{'pred': [1], 'probs': [[0.28068405389785767, 0.39405322074890137, 0.32526278495788574]], 'pred_prompt': ['H&E stained light micrograph of human cardiac tissue. Based on the image, what is the most likely clinical chronic heart diagnosis? chronic heart failure']}",2.0,pathology,cardiovascular pathology,light microscopy,brightfield microscopy,none
219,classification,"['H&E stained light micrograph of human cardiac tissue. Based on the image, what is the most likely clinical chronic heart diagnosis? chronic heart failure', 'H&E stained light micrograph of human cardiac tissue. Based on the image, what is the most likely clinical chronic heart diagnosis? not chronic heart failure', 'H&E stained light micrograph of human cardiac tissue. Based on the image, what is the most likely clinical chronic heart diagnosis? none of the above']",82892825-d2aa-4aec-9bbd-09047428b0b7,not chronic heart failure,1,"{'pred': [0], 'probs': [[0.3779715895652771, 0.35141029953956604, 0.27061817049980164]], 'pred_prompt': ['H&E stained light micrograph of human cardiac tissue. Based on the image, what is the most likely clinical chronic heart diagnosis? chronic heart failure']}",2.0,pathology,cardiovascular pathology,light microscopy,brightfield microscopy,none
220,classification,"['H&E stained light micrograph of human cardiac tissue. Based on the image, what is the most likely clinical chronic heart diagnosis? chronic heart failure', 'H&E stained light micrograph of human cardiac tissue. Based on the image, what is the most likely clinical chronic heart diagnosis? not chronic heart failure', 'H&E stained light micrograph of human cardiac tissue. Based on the image, what is the most likely clinical chronic heart diagnosis? none of the above']",8d4cc461-5093-4cbb-a69d-bb7746f55476,chronic heart failure,0,"{'pred': [0], 'probs': [[0.4418248236179352, 0.2786926329135895, 0.2794826030731201]], 'pred_prompt': ['H&E stained light micrograph of human cardiac tissue. Based on the image, what is the most likely clinical chronic heart diagnosis? chronic heart failure']}",2.0,pathology,cardiovascular pathology,light microscopy,brightfield microscopy,none
221,classification,"['H&E stained light micrograph of human cardiac tissue. Based on the image, what is the most likely clinical chronic heart diagnosis? chronic heart failure', 'H&E stained light micrograph of human cardiac tissue. Based on the image, what is the most likely clinical chronic heart diagnosis? not chronic heart failure', 'H&E stained light micrograph of human cardiac tissue. Based on the image, what is the most likely clinical chronic heart diagnosis? none of the above']",f4f87320-5b91-4077-a2b6-c64ecd9ef0ec,chronic heart failure,0,"{'pred': [1], 'probs': [[0.32321223616600037, 0.3451487421989441, 0.33163899183273315]], 'pred_prompt': ['H&E stained light micrograph of human cardiac tissue. Based on the image, what is the most likely clinical chronic heart diagnosis? not chronic heart failure']}",2.0,pathology,cardiovascular pathology,light microscopy,brightfield microscopy,none
222,classification,"['H&E stained light micrograph of human cardiac tissue. Based on the image, what is the most likely clinical chronic heart diagnosis? chronic heart failure', 'H&E stained light micrograph of human cardiac tissue. Based on the image, what is the most likely clinical chronic heart diagnosis? not chronic heart failure', 'H&E stained light micrograph of human cardiac tissue. Based on the image, what is the most likely clinical chronic heart diagnosis? none of the above']",26145654-3185-406b-bb0b-74c26875b557,chronic heart failure,0,"{'pred': [2], 'probs': [[0.37458691000938416, 0.2277807593345642, 0.39763227105140686]], 'pred_prompt': ['H&E stained light micrograph of human cardiac tissue. Based on the image, what is the most likely clinical chronic heart diagnosis? none of the above']}",2.0,pathology,cardiovascular pathology,light microscopy,brightfield microscopy,none
223,classification,"['H&E stained light micrograph of human cardiac tissue. Based on the image, what is the most likely clinical chronic heart diagnosis? not chronic heart failure', 'H&E stained light micrograph of human cardiac tissue. Based on the image, what is the most likely clinical chronic heart diagnosis? chronic heart failure', 'H&E stained light micrograph of human cardiac tissue. Based on the image, what is the most likely clinical chronic heart diagnosis? none of the above']",b65fb050-c340-419e-bde9-485f6f6c7920,not chronic heart failure,0,"{'pred': [1], 'probs': [[0.36526811122894287, 0.3974260687828064, 0.23730581998825073]], 'pred_prompt': ['H&E stained light micrograph of human cardiac tissue. Based on the image, what is the most likely clinical chronic heart diagnosis? chronic heart failure']}",2.0,pathology,cardiovascular pathology,light microscopy,brightfield microscopy,none
224,classification,"['H&E stained light micrograph of human cardiac tissue. Based on the image, what is the most likely clinical chronic heart diagnosis? not chronic heart failure', 'H&E stained light micrograph of human cardiac tissue. Based on the image, what is the most likely clinical chronic heart diagnosis? chronic heart failure', 'H&E stained light micrograph of human cardiac tissue. Based on the image, what is the most likely clinical chronic heart diagnosis? none of the above']",ee0733df-906c-4399-b2e5-31b407418e7c,chronic heart failure,1,"{'pred': [2], 'probs': [[0.2930613160133362, 0.2983914315700531, 0.40854722261428833]], 'pred_prompt': ['H&E stained light micrograph of human cardiac tissue. Based on the image, what is the most likely clinical chronic heart diagnosis? none of the above']}",2.0,pathology,cardiovascular pathology,light microscopy,brightfield microscopy,none
225,classification,"['H&E stained light micrograph of human cardiac tissue. Based on the image, what is the most likely clinical chronic heart diagnosis? not chronic heart failure', 'H&E stained light micrograph of human cardiac tissue. Based on the image, what is the most likely clinical chronic heart diagnosis? chronic heart failure', 'H&E stained light micrograph of human cardiac tissue. Based on the image, what is the most likely clinical chronic heart diagnosis? none of the above']",7882ac1a-736d-4cd7-a90b-a00c59ac5afc,chronic heart failure,1,"{'pred': [0], 'probs': [[0.35351479053497314, 0.33795469999313354, 0.3085305094718933]], 'pred_prompt': ['H&E stained light micrograph of human cardiac tissue. Based on the image, what is the most likely clinical chronic heart diagnosis? not chronic heart failure']}",2.0,pathology,cardiovascular pathology,light microscopy,brightfield microscopy,none
226,classification,"['H&E stained light micrograph of human cardiac tissue. Based on the image, what is the most likely clinical chronic heart diagnosis? chronic heart failure', 'H&E stained light micrograph of human cardiac tissue. Based on the image, what is the most likely clinical chronic heart diagnosis? not chronic heart failure', 'H&E stained light micrograph of human cardiac tissue. Based on the image, what is the most likely clinical chronic heart diagnosis? none of the above']",5f9b4166-631d-4ee2-9d77-23b2e9982fed,chronic heart failure,0,"{'pred': [2], 'probs': [[0.35176870226860046, 0.25206127762794495, 0.39617007970809937]], 'pred_prompt': ['H&E stained light micrograph of human cardiac tissue. Based on the image, what is the most likely clinical chronic heart diagnosis? none of the above']}",2.0,pathology,cardiovascular pathology,light microscopy,brightfield microscopy,none
227,classification,"['H&E stained light micrograph of human cardiac tissue. Based on the image, what is the most likely clinical chronic heart diagnosis? not chronic heart failure', 'H&E stained light micrograph of human cardiac tissue. Based on the image, what is the most likely clinical chronic heart diagnosis? chronic heart failure', 'H&E stained light micrograph of human cardiac tissue. Based on the image, what is the most likely clinical chronic heart diagnosis? none of the above']",e9e0d387-df1f-48b4-b7e7-16d35579f86c,chronic heart failure,1,"{'pred': [2], 'probs': [[0.34235042333602905, 0.30665743350982666, 0.3509921729564667]], 'pred_prompt': ['H&E stained light micrograph of human cardiac tissue. Based on the image, what is the most likely clinical chronic heart diagnosis? none of the above']}",2.0,pathology,cardiovascular pathology,light microscopy,brightfield microscopy,none
228,classification,"['H&E stained light micrograph of human cardiac tissue. Based on the image, what is the most likely clinical chronic heart diagnosis? not chronic heart failure', 'H&E stained light micrograph of human cardiac tissue. Based on the image, what is the most likely clinical chronic heart diagnosis? chronic heart failure', 'H&E stained light micrograph of human cardiac tissue. Based on the image, what is the most likely clinical chronic heart diagnosis? none of the above']",264dfb78-a7ce-4a07-8003-5f3196b7ac44,not chronic heart failure,0,"{'pred': [2], 'probs': [[0.24575719237327576, 0.31776300072669983, 0.436479777097702]], 'pred_prompt': ['H&E stained light micrograph of human cardiac tissue. Based on the image, what is the most likely clinical chronic heart diagnosis? none of the above']}",2.0,pathology,cardiovascular pathology,light microscopy,brightfield microscopy,none
229,classification,"['H&E stained light micrograph of human cardiac tissue. Based on the image, what is the most likely clinical chronic heart diagnosis? not chronic heart failure', 'H&E stained light micrograph of human cardiac tissue. Based on the image, what is the most likely clinical chronic heart diagnosis? chronic heart failure', 'H&E stained light micrograph of human cardiac tissue. Based on the image, what is the most likely clinical chronic heart diagnosis? none of the above']",09fd2280-07f5-4245-b968-1bcece38fdfd,not chronic heart failure,0,"{'pred': [2], 'probs': [[0.3101215958595276, 0.24181701242923737, 0.44806134700775146]], 'pred_prompt': ['H&E stained light micrograph of human cardiac tissue. Based on the image, what is the most likely clinical chronic heart diagnosis? none of the above']}",2.0,pathology,cardiovascular pathology,light microscopy,brightfield microscopy,none
230,classification,"['H&E stained light micrograph of human cardiac tissue. Based on the image, what is the most likely clinical chronic heart diagnosis? not chronic heart failure', 'H&E stained light micrograph of human cardiac tissue. Based on the image, what is the most likely clinical chronic heart diagnosis? chronic heart failure', 'H&E stained light micrograph of human cardiac tissue. Based on the image, what is the most likely clinical chronic heart diagnosis? none of the above']",dfa063ea-d343-48d2-87f6-3557ae4501c9,chronic heart failure,1,"{'pred': [1], 'probs': [[0.3133920431137085, 0.4212922155857086, 0.2653157114982605]], 'pred_prompt': ['H&E stained light micrograph of human cardiac tissue. Based on the image, what is the most likely clinical chronic heart diagnosis? chronic heart failure']}",2.0,pathology,cardiovascular pathology,light microscopy,brightfield microscopy,none
231,classification,"['H&E stained light micrograph of human cardiac tissue. Based on the image, what is the most likely clinical chronic heart diagnosis? chronic heart failure', 'H&E stained light micrograph of human cardiac tissue. Based on the image, what is the most likely clinical chronic heart diagnosis? not chronic heart failure', 'H&E stained light micrograph of human cardiac tissue. Based on the image, what is the most likely clinical chronic heart diagnosis? none of the above']",33e54791-5a2d-47ea-8742-69810d307fb6,chronic heart failure,0,"{'pred': [2], 'probs': [[0.2870033085346222, 0.23506073653697968, 0.4779359698295593]], 'pred_prompt': ['H&E stained light micrograph of human cardiac tissue. Based on the image, what is the most likely clinical chronic heart diagnosis? none of the above']}",2.0,pathology,cardiovascular pathology,light microscopy,brightfield microscopy,none
232,classification,"['H&E stained light micrograph of human cardiac tissue. Based on the image, what is the most likely clinical chronic heart diagnosis? not chronic heart failure', 'H&E stained light micrograph of human cardiac tissue. Based on the image, what is the most likely clinical chronic heart diagnosis? chronic heart failure', 'H&E stained light micrograph of human cardiac tissue. Based on the image, what is the most likely clinical chronic heart diagnosis? none of the above']",88e93f0b-d4eb-4163-8284-e889b5fef439,chronic heart failure,1,"{'pred': [1], 'probs': [[0.25419342517852783, 0.3802787661552429, 0.36552780866622925]], 'pred_prompt': ['H&E stained light micrograph of human cardiac tissue. Based on the image, what is the most likely clinical chronic heart diagnosis? chronic heart failure']}",2.0,pathology,cardiovascular pathology,light microscopy,brightfield microscopy,none
233,classification,"['H&E stained light micrograph of human cardiac tissue. Based on the image, what is the most likely clinical chronic heart diagnosis? not chronic heart failure', 'H&E stained light micrograph of human cardiac tissue. Based on the image, what is the most likely clinical chronic heart diagnosis? chronic heart failure', 'H&E stained light micrograph of human cardiac tissue. Based on the image, what is the most likely clinical chronic heart diagnosis? none of the above']",e769ad9a-f23e-4145-90e2-de748e2fbea4,not chronic heart failure,0,"{'pred': [1], 'probs': [[0.3361715078353882, 0.4121609926223755, 0.2516675293445587]], 'pred_prompt': ['H&E stained light micrograph of human cardiac tissue. Based on the image, what is the most likely clinical chronic heart diagnosis? chronic heart failure']}",2.0,pathology,cardiovascular pathology,light microscopy,brightfield microscopy,none
234,classification,"['H&E stained light micrograph of human cardiac tissue. Based on the image, what is the most likely clinical chronic heart diagnosis? not chronic heart failure', 'H&E stained light micrograph of human cardiac tissue. Based on the image, what is the most likely clinical chronic heart diagnosis? chronic heart failure', 'H&E stained light micrograph of human cardiac tissue. Based on the image, what is the most likely clinical chronic heart diagnosis? none of the above']",380ebb6f-70d5-45e0-bb3f-9dabf5ca46f8,not chronic heart failure,0,"{'pred': [0], 'probs': [[0.38493725657463074, 0.3617861866950989, 0.25327661633491516]], 'pred_prompt': ['H&E stained light micrograph of human cardiac tissue. Based on the image, what is the most likely clinical chronic heart diagnosis? not chronic heart failure']}",2.0,pathology,cardiovascular pathology,light microscopy,brightfield microscopy,none
235,classification,"['H&E stained light micrograph of human cardiac tissue. Based on the image, what is the most likely clinical chronic heart diagnosis? chronic heart failure', 'H&E stained light micrograph of human cardiac tissue. Based on the image, what is the most likely clinical chronic heart diagnosis? not chronic heart failure', 'H&E stained light micrograph of human cardiac tissue. Based on the image, what is the most likely clinical chronic heart diagnosis? none of the above']",c0c96002-09fb-472a-a883-87304e98dc6c,chronic heart failure,0,"{'pred': [0], 'probs': [[0.4004862904548645, 0.3219790458679199, 0.27753469347953796]], 'pred_prompt': ['H&E stained light micrograph of human cardiac tissue. Based on the image, what is the most likely clinical chronic heart diagnosis? chronic heart failure']}",2.0,pathology,cardiovascular pathology,light microscopy,brightfield microscopy,none
236,classification,"['H&E stained light micrograph of human cardiac tissue. Based on the image, what is the most likely clinical chronic heart diagnosis? not chronic heart failure', 'H&E stained light micrograph of human cardiac tissue. Based on the image, what is the most likely clinical chronic heart diagnosis? chronic heart failure', 'H&E stained light micrograph of human cardiac tissue. Based on the image, what is the most likely clinical chronic heart diagnosis? none of the above']",8054a89f-1652-4de1-948d-28be5c121e29,chronic heart failure,1,"{'pred': [1], 'probs': [[0.3325677812099457, 0.3735097050666809, 0.2939225137233734]], 'pred_prompt': ['H&E stained light micrograph of human cardiac tissue. Based on the image, what is the most likely clinical chronic heart diagnosis? chronic heart failure']}",2.0,pathology,cardiovascular pathology,light microscopy,brightfield microscopy,none
237,classification,"['H&E stained light micrograph of human cardiac tissue. Based on the image, what is the most likely clinical chronic heart diagnosis? chronic heart failure', 'H&E stained light micrograph of human cardiac tissue. Based on the image, what is the most likely clinical chronic heart diagnosis? not chronic heart failure', 'H&E stained light micrograph of human cardiac tissue. Based on the image, what is the most likely clinical chronic heart diagnosis? none of the above']",b41aa66d-5062-44ea-83aa-a596c87c6823,not chronic heart failure,1,"{'pred': [2], 'probs': [[0.3366873562335968, 0.2708921730518341, 0.3924205005168915]], 'pred_prompt': ['H&E stained light micrograph of human cardiac tissue. Based on the image, what is the most likely clinical chronic heart diagnosis? none of the above']}",2.0,pathology,cardiovascular pathology,light microscopy,brightfield microscopy,none
238,classification,"['H&E stained light micrograph of human cardiac tissue. Based on the image, what is the most likely clinical chronic heart diagnosis? not chronic heart failure', 'H&E stained light micrograph of human cardiac tissue. Based on the image, what is the most likely clinical chronic heart diagnosis? chronic heart failure', 'H&E stained light micrograph of human cardiac tissue. Based on the image, what is the most likely clinical chronic heart diagnosis? none of the above']",d3390dbf-0827-44ee-8a0b-034099f63a01,chronic heart failure,1,"{'pred': [2], 'probs': [[0.28133243322372437, 0.35103192925453186, 0.3676356077194214]], 'pred_prompt': ['H&E stained light micrograph of human cardiac tissue. Based on the image, what is the most likely clinical chronic heart diagnosis? none of the above']}",2.0,pathology,cardiovascular pathology,light microscopy,brightfield microscopy,none
239,classification,"['H&E stained light micrograph of human cardiac tissue. Based on the image, what is the most likely clinical chronic heart diagnosis? chronic heart failure', 'H&E stained light micrograph of human cardiac tissue. Based on the image, what is the most likely clinical chronic heart diagnosis? not chronic heart failure', 'H&E stained light micrograph of human cardiac tissue. Based on the image, what is the most likely clinical chronic heart diagnosis? none of the above']",1f4a4a90-6ce7-4fcf-9837-5e4450bf8a69,not chronic heart failure,1,"{'pred': [0], 'probs': [[0.37140384316444397, 0.2806488573551178, 0.34794729948043823]], 'pred_prompt': ['H&E stained light micrograph of human cardiac tissue. Based on the image, what is the most likely clinical chronic heart diagnosis? chronic heart failure']}",2.0,pathology,cardiovascular pathology,light microscopy,brightfield microscopy,none
240,classification,"['H&E stained light micrograph of human cardiac tissue. Based on the image, what is the most likely clinical chronic heart diagnosis? not chronic heart failure', 'H&E stained light micrograph of human cardiac tissue. Based on the image, what is the most likely clinical chronic heart diagnosis? chronic heart failure', 'H&E stained light micrograph of human cardiac tissue. Based on the image, what is the most likely clinical chronic heart diagnosis? none of the above']",e88f1305-d468-4250-a079-5ff44a34b816,not chronic heart failure,0,"{'pred': [2], 'probs': [[0.2621338367462158, 0.32128337025642395, 0.41658279299736023]], 'pred_prompt': ['H&E stained light micrograph of human cardiac tissue. Based on the image, what is the most likely clinical chronic heart diagnosis? none of the above']}",2.0,pathology,cardiovascular pathology,light microscopy,brightfield microscopy,none
241,classification,"['H&E stained light micrograph of human cardiac tissue. Based on the image, what is the most likely clinical chronic heart diagnosis? not chronic heart failure', 'H&E stained light micrograph of human cardiac tissue. Based on the image, what is the most likely clinical chronic heart diagnosis? chronic heart failure', 'H&E stained light micrograph of human cardiac tissue. Based on the image, what is the most likely clinical chronic heart diagnosis? none of the above']",1723dde8-ec23-4b4d-913d-931f43a459dd,chronic heart failure,1,"{'pred': [1], 'probs': [[0.2738083600997925, 0.3645460307598114, 0.3616456389427185]], 'pred_prompt': ['H&E stained light micrograph of human cardiac tissue. Based on the image, what is the most likely clinical chronic heart diagnosis? chronic heart failure']}",2.0,pathology,cardiovascular pathology,light microscopy,brightfield microscopy,none
242,classification,"['H&E stained light micrograph of human cardiac tissue. Based on the image, what is the most likely clinical chronic heart diagnosis? chronic heart failure', 'H&E stained light micrograph of human cardiac tissue. Based on the image, what is the most likely clinical chronic heart diagnosis? not chronic heart failure', 'H&E stained light micrograph of human cardiac tissue. Based on the image, what is the most likely clinical chronic heart diagnosis? none of the above']",f928ccb5-782f-4c5b-86f6-c0ee7cfe3c22,chronic heart failure,0,"{'pred': [2], 'probs': [[0.28861531615257263, 0.297177791595459, 0.41420692205429077]], 'pred_prompt': ['H&E stained light micrograph of human cardiac tissue. Based on the image, what is the most likely clinical chronic heart diagnosis? none of the above']}",2.0,pathology,cardiovascular pathology,light microscopy,brightfield microscopy,none
243,classification,"['H&E stained light micrograph of human cardiac tissue. Based on the image, what is the most likely clinical chronic heart diagnosis? chronic heart failure', 'H&E stained light micrograph of human cardiac tissue. Based on the image, what is the most likely clinical chronic heart diagnosis? not chronic heart failure', 'H&E stained light micrograph of human cardiac tissue. Based on the image, what is the most likely clinical chronic heart diagnosis? none of the above']",bdb70584-318d-4002-acbf-33880d0a5ea0,not chronic heart failure,1,"{'pred': [2], 'probs': [[0.33013975620269775, 0.27164018154144287, 0.3982200026512146]], 'pred_prompt': ['H&E stained light micrograph of human cardiac tissue. Based on the image, what is the most likely clinical chronic heart diagnosis? none of the above']}",2.0,pathology,cardiovascular pathology,light microscopy,brightfield microscopy,none
244,classification,"['H&E stained light micrograph of human cardiac tissue. Based on the image, what is the most likely clinical chronic heart diagnosis? chronic heart failure', 'H&E stained light micrograph of human cardiac tissue. Based on the image, what is the most likely clinical chronic heart diagnosis? not chronic heart failure', 'H&E stained light micrograph of human cardiac tissue. Based on the image, what is the most likely clinical chronic heart diagnosis? none of the above']",3e2b9f8d-671b-4329-a23d-1ea0a1cf2b21,not chronic heart failure,1,"{'pred': [0], 'probs': [[0.3785861134529114, 0.2570657432079315, 0.36434808373451233]], 'pred_prompt': ['H&E stained light micrograph of human cardiac tissue. Based on the image, what is the most likely clinical chronic heart diagnosis? chronic heart failure']}",2.0,pathology,cardiovascular pathology,light microscopy,brightfield microscopy,none
245,classification,"['H&E stained light micrograph of human cardiac tissue. Based on the image, what is the most likely clinical chronic heart diagnosis? not chronic heart failure', 'H&E stained light micrograph of human cardiac tissue. Based on the image, what is the most likely clinical chronic heart diagnosis? chronic heart failure', 'H&E stained light micrograph of human cardiac tissue. Based on the image, what is the most likely clinical chronic heart diagnosis? none of the above']",882d0a2c-765e-4098-8640-3115f2c4dbaa,chronic heart failure,1,"{'pred': [0], 'probs': [[0.3918466567993164, 0.3814183473587036, 0.22673502564430237]], 'pred_prompt': ['H&E stained light micrograph of human cardiac tissue. Based on the image, what is the most likely clinical chronic heart diagnosis? not chronic heart failure']}",2.0,pathology,cardiovascular pathology,light microscopy,brightfield microscopy,none
246,classification,"['H&E stained light micrograph of human cardiac tissue. Based on the image, what is the most likely clinical chronic heart diagnosis? not chronic heart failure', 'H&E stained light micrograph of human cardiac tissue. Based on the image, what is the most likely clinical chronic heart diagnosis? chronic heart failure', 'H&E stained light micrograph of human cardiac tissue. Based on the image, what is the most likely clinical chronic heart diagnosis? none of the above']",110cb51b-1ad7-45dc-87dd-4e190534b69f,not chronic heart failure,0,"{'pred': [1], 'probs': [[0.32742249965667725, 0.35766470432281494, 0.3149127960205078]], 'pred_prompt': ['H&E stained light micrograph of human cardiac tissue. Based on the image, what is the most likely clinical chronic heart diagnosis? chronic heart failure']}",2.0,pathology,cardiovascular pathology,light microscopy,brightfield microscopy,none
247,classification,"['H&E stained light micrograph of human cardiac tissue. Based on the image, what is the most likely clinical chronic heart diagnosis? not chronic heart failure', 'H&E stained light micrograph of human cardiac tissue. Based on the image, what is the most likely clinical chronic heart diagnosis? chronic heart failure', 'H&E stained light micrograph of human cardiac tissue. Based on the image, what is the most likely clinical chronic heart diagnosis? none of the above']",1e474840-ee8e-4007-8f0c-133a7ac77711,chronic heart failure,1,"{'pred': [1], 'probs': [[0.34671729803085327, 0.37646719813346863, 0.2768154740333557]], 'pred_prompt': ['H&E stained light micrograph of human cardiac tissue. Based on the image, what is the most likely clinical chronic heart diagnosis? chronic heart failure']}",2.0,pathology,cardiovascular pathology,light microscopy,brightfield microscopy,none
248,classification,"['H&E stained light micrograph of human cardiac tissue. Based on the image, what is the most likely clinical chronic heart diagnosis? not chronic heart failure', 'H&E stained light micrograph of human cardiac tissue. Based on the image, what is the most likely clinical chronic heart diagnosis? chronic heart failure', 'H&E stained light micrograph of human cardiac tissue. Based on the image, what is the most likely clinical chronic heart diagnosis? none of the above']",b86e271a-9e25-4a94-9f2e-c1f8f7cb6a92,not chronic heart failure,0,"{'pred': [1], 'probs': [[0.32329440116882324, 0.35464709997177124, 0.3220585584640503]], 'pred_prompt': ['H&E stained light micrograph of human cardiac tissue. Based on the image, what is the most likely clinical chronic heart diagnosis? chronic heart failure']}",2.0,pathology,cardiovascular pathology,light microscopy,brightfield microscopy,none
249,classification,"['H&E stained light micrograph of human cardiac tissue. Based on the image, what is the most likely clinical chronic heart diagnosis? chronic heart failure', 'H&E stained light micrograph of human cardiac tissue. Based on the image, what is the most likely clinical chronic heart diagnosis? not chronic heart failure', 'H&E stained light micrograph of human cardiac tissue. Based on the image, what is the most likely clinical chronic heart diagnosis? none of the above']",2575c00a-f6c1-4300-9d35-8e859c6308ac,chronic heart failure,0,"{'pred': [1], 'probs': [[0.3559252917766571, 0.3950313329696655, 0.24904336035251617]], 'pred_prompt': ['H&E stained light micrograph of human cardiac tissue. Based on the image, what is the most likely clinical chronic heart diagnosis? not chronic heart failure']}",2.0,pathology,cardiovascular pathology,light microscopy,brightfield microscopy,none
250,classification,"['H&E stained light micrograph of human cardiac tissue. Based on the image, what is the most likely clinical chronic heart diagnosis? not chronic heart failure', 'H&E stained light micrograph of human cardiac tissue. Based on the image, what is the most likely clinical chronic heart diagnosis? chronic heart failure', 'H&E stained light micrograph of human cardiac tissue. Based on the image, what is the most likely clinical chronic heart diagnosis? none of the above']",c1984481-8c7a-4790-9ecc-8203b7e8f9f4,not chronic heart failure,0,"{'pred': [2], 'probs': [[0.27517369389533997, 0.3440120816230774, 0.38081422448158264]], 'pred_prompt': ['H&E stained light micrograph of human cardiac tissue. Based on the image, what is the most likely clinical chronic heart diagnosis? none of the above']}",2.0,pathology,cardiovascular pathology,light microscopy,brightfield microscopy,none
251,classification,"['H&E stained light micrograph of human cardiac tissue. Based on the image, what is the most likely clinical chronic heart diagnosis? chronic heart failure', 'H&E stained light micrograph of human cardiac tissue. Based on the image, what is the most likely clinical chronic heart diagnosis? not chronic heart failure', 'H&E stained light micrograph of human cardiac tissue. Based on the image, what is the most likely clinical chronic heart diagnosis? none of the above']",15510344-3a46-4a16-abf7-f935338f43a1,not chronic heart failure,1,"{'pred': [0], 'probs': [[0.3702106773853302, 0.31118664145469666, 0.31860268115997314]], 'pred_prompt': ['H&E stained light micrograph of human cardiac tissue. Based on the image, what is the most likely clinical chronic heart diagnosis? chronic heart failure']}",2.0,pathology,cardiovascular pathology,light microscopy,brightfield microscopy,none
252,classification,"['H&E stained light micrograph of human cardiac tissue. Based on the image, what is the most likely clinical chronic heart diagnosis? chronic heart failure', 'H&E stained light micrograph of human cardiac tissue. Based on the image, what is the most likely clinical chronic heart diagnosis? not chronic heart failure', 'H&E stained light micrograph of human cardiac tissue. Based on the image, what is the most likely clinical chronic heart diagnosis? none of the above']",6a6276c8-6a4a-45ab-a3b1-e8c2ac25c12b,chronic heart failure,0,"{'pred': [2], 'probs': [[0.275628000497818, 0.3071851134300232, 0.4171868562698364]], 'pred_prompt': ['H&E stained light micrograph of human cardiac tissue. Based on the image, what is the most likely clinical chronic heart diagnosis? none of the above']}",2.0,pathology,cardiovascular pathology,light microscopy,brightfield microscopy,none
253,classification,"['H&E stained light micrograph of human cardiac tissue. Based on the image, what is the most likely clinical chronic heart diagnosis? chronic heart failure', 'H&E stained light micrograph of human cardiac tissue. Based on the image, what is the most likely clinical chronic heart diagnosis? not chronic heart failure', 'H&E stained light micrograph of human cardiac tissue. Based on the image, what is the most likely clinical chronic heart diagnosis? none of the above']",573f95b9-4bfe-47da-81b7-49a6f7ead61a,not chronic heart failure,1,"{'pred': [2], 'probs': [[0.3186064064502716, 0.3235040009021759, 0.3578896224498749]], 'pred_prompt': ['H&E stained light micrograph of human cardiac tissue. Based on the image, what is the most likely clinical chronic heart diagnosis? none of the above']}",2.0,pathology,cardiovascular pathology,light microscopy,brightfield microscopy,none
254,classification,"['H&E stained light micrograph of human cardiac tissue. Based on the image, what is the most likely clinical chronic heart diagnosis? chronic heart failure', 'H&E stained light micrograph of human cardiac tissue. Based on the image, what is the most likely clinical chronic heart diagnosis? not chronic heart failure', 'H&E stained light micrograph of human cardiac tissue. Based on the image, what is the most likely clinical chronic heart diagnosis? none of the above']",246aec5a-d23b-4dcd-98a4-590162f1e14a,not chronic heart failure,1,"{'pred': [0], 'probs': [[0.3812137246131897, 0.31429219245910645, 0.30449408292770386]], 'pred_prompt': ['H&E stained light micrograph of human cardiac tissue. Based on the image, what is the most likely clinical chronic heart diagnosis? chronic heart failure']}",2.0,pathology,cardiovascular pathology,light microscopy,brightfield microscopy,none
255,classification,"['H&E stained light micrograph of human cardiac tissue. Based on the image, what is the most likely clinical chronic heart diagnosis? not chronic heart failure', 'H&E stained light micrograph of human cardiac tissue. Based on the image, what is the most likely clinical chronic heart diagnosis? chronic heart failure', 'H&E stained light micrograph of human cardiac tissue. Based on the image, what is the most likely clinical chronic heart diagnosis? none of the above']",b7fba1ae-8965-4720-b7c7-8704944a3c0b,chronic heart failure,1,"{'pred': [1], 'probs': [[0.34845536947250366, 0.39168623089790344, 0.2598584294319153]], 'pred_prompt': ['H&E stained light micrograph of human cardiac tissue. Based on the image, what is the most likely clinical chronic heart diagnosis? chronic heart failure']}",2.0,pathology,cardiovascular pathology,light microscopy,brightfield microscopy,none
256,classification,"['H&E stained light micrograph of human cardiac tissue. Based on the image, what is the most likely clinical chronic heart diagnosis? not chronic heart failure', 'H&E stained light micrograph of human cardiac tissue. Based on the image, what is the most likely clinical chronic heart diagnosis? chronic heart failure', 'H&E stained light micrograph of human cardiac tissue. Based on the image, what is the most likely clinical chronic heart diagnosis? none of the above']",99981e41-8a53-48e6-ae92-28ff12962fe6,not chronic heart failure,0,"{'pred': [1], 'probs': [[0.36925655603408813, 0.4108416438102722, 0.21990178525447845]], 'pred_prompt': ['H&E stained light micrograph of human cardiac tissue. Based on the image, what is the most likely clinical chronic heart diagnosis? chronic heart failure']}",2.0,pathology,cardiovascular pathology,light microscopy,brightfield microscopy,none
257,classification,"['H&E stained light micrograph of human cardiac tissue. Based on the image, what is the most likely clinical chronic heart diagnosis? not chronic heart failure', 'H&E stained light micrograph of human cardiac tissue. Based on the image, what is the most likely clinical chronic heart diagnosis? chronic heart failure', 'H&E stained light micrograph of human cardiac tissue. Based on the image, what is the most likely clinical chronic heart diagnosis? none of the above']",c25da49a-067e-402b-9747-c306e68f4ff7,chronic heart failure,1,"{'pred': [2], 'probs': [[0.2814696431159973, 0.3298921287059784, 0.3886381983757019]], 'pred_prompt': ['H&E stained light micrograph of human cardiac tissue. Based on the image, what is the most likely clinical chronic heart diagnosis? none of the above']}",2.0,pathology,cardiovascular pathology,light microscopy,brightfield microscopy,none
258,classification,"['H&E stained light micrograph of human cardiac tissue. Based on the image, what is the most likely clinical chronic heart diagnosis? chronic heart failure', 'H&E stained light micrograph of human cardiac tissue. Based on the image, what is the most likely clinical chronic heart diagnosis? not chronic heart failure', 'H&E stained light micrograph of human cardiac tissue. Based on the image, what is the most likely clinical chronic heart diagnosis? none of the above']",5cc76131-4fd6-4a3e-b231-de48f7590da8,chronic heart failure,0,"{'pred': [0], 'probs': [[0.3888450264930725, 0.2838195264339447, 0.3273354470729828]], 'pred_prompt': ['H&E stained light micrograph of human cardiac tissue. Based on the image, what is the most likely clinical chronic heart diagnosis? chronic heart failure']}",2.0,pathology,cardiovascular pathology,light microscopy,brightfield microscopy,none
259,classification,"['H&E stained light micrograph of human cardiac tissue. Based on the image, what is the most likely clinical chronic heart diagnosis? chronic heart failure', 'H&E stained light micrograph of human cardiac tissue. Based on the image, what is the most likely clinical chronic heart diagnosis? not chronic heart failure', 'H&E stained light micrograph of human cardiac tissue. Based on the image, what is the most likely clinical chronic heart diagnosis? none of the above']",eb119e8f-bf9b-4ee9-bc2d-6d7fc64465e4,chronic heart failure,0,"{'pred': [0], 'probs': [[0.44631537795066833, 0.23171500861644745, 0.3219696283340454]], 'pred_prompt': ['H&E stained light micrograph of human cardiac tissue. Based on the image, what is the most likely clinical chronic heart diagnosis? chronic heart failure']}",2.0,pathology,cardiovascular pathology,light microscopy,brightfield microscopy,none
260,classification,"['H&E stained light micrograph of human cardiac tissue. Based on the image, what is the most likely clinical chronic heart diagnosis? not chronic heart failure', 'H&E stained light micrograph of human cardiac tissue. Based on the image, what is the most likely clinical chronic heart diagnosis? chronic heart failure', 'H&E stained light micrograph of human cardiac tissue. Based on the image, what is the most likely clinical chronic heart diagnosis? none of the above']",133d0674-5e53-4017-b1da-d3946d53fdc0,chronic heart failure,1,"{'pred': [1], 'probs': [[0.3098604083061218, 0.3514394760131836, 0.3387001156806946]], 'pred_prompt': ['H&E stained light micrograph of human cardiac tissue. Based on the image, what is the most likely clinical chronic heart diagnosis? chronic heart failure']}",2.0,pathology,cardiovascular pathology,light microscopy,brightfield microscopy,none
261,classification,"['H&E stained light micrograph of human cardiac tissue. Based on the image, what is the most likely clinical chronic heart diagnosis? chronic heart failure', 'H&E stained light micrograph of human cardiac tissue. Based on the image, what is the most likely clinical chronic heart diagnosis? not chronic heart failure', 'H&E stained light micrograph of human cardiac tissue. Based on the image, what is the most likely clinical chronic heart diagnosis? none of the above']",f49602f4-8ee1-4274-8715-d697c9ad7bb4,not chronic heart failure,1,"{'pred': [1], 'probs': [[0.32609742879867554, 0.3492301106452942, 0.32467249035835266]], 'pred_prompt': ['H&E stained light micrograph of human cardiac tissue. Based on the image, what is the most likely clinical chronic heart diagnosis? not chronic heart failure']}",2.0,pathology,cardiovascular pathology,light microscopy,brightfield microscopy,none
262,classification,"['H&E stained light micrograph of human cardiac tissue. Based on the image, what is the most likely clinical chronic heart diagnosis? chronic heart failure', 'H&E stained light micrograph of human cardiac tissue. Based on the image, what is the most likely clinical chronic heart diagnosis? not chronic heart failure', 'H&E stained light micrograph of human cardiac tissue. Based on the image, what is the most likely clinical chronic heart diagnosis? none of the above']",0a304668-bc79-4428-83e0-bcb09ae55e76,chronic heart failure,0,"{'pred': [2], 'probs': [[0.3038995862007141, 0.3124479353427887, 0.3836525082588196]], 'pred_prompt': ['H&E stained light micrograph of human cardiac tissue. Based on the image, what is the most likely clinical chronic heart diagnosis? none of the above']}",2.0,pathology,cardiovascular pathology,light microscopy,brightfield microscopy,none
263,classification,"['H&E stained light micrograph of human cardiac tissue. Based on the image, what is the most likely clinical chronic heart diagnosis? chronic heart failure', 'H&E stained light micrograph of human cardiac tissue. Based on the image, what is the most likely clinical chronic heart diagnosis? not chronic heart failure', 'H&E stained light micrograph of human cardiac tissue. Based on the image, what is the most likely clinical chronic heart diagnosis? none of the above']",43516f41-8014-4d4a-a5f9-b0c21fb2b599,not chronic heart failure,1,"{'pred': [2], 'probs': [[0.27869483828544617, 0.3237755000591278, 0.3975296914577484]], 'pred_prompt': ['H&E stained light micrograph of human cardiac tissue. Based on the image, what is the most likely clinical chronic heart diagnosis? none of the above']}",2.0,pathology,cardiovascular pathology,light microscopy,brightfield microscopy,none
264,classification,"['H&E stained light micrograph of human cardiac tissue. Based on the image, what is the most likely clinical chronic heart diagnosis? chronic heart failure', 'H&E stained light micrograph of human cardiac tissue. Based on the image, what is the most likely clinical chronic heart diagnosis? not chronic heart failure', 'H&E stained light micrograph of human cardiac tissue. Based on the image, what is the most likely clinical chronic heart diagnosis? none of the above']",f3fbbdfb-9cb5-44df-80f6-392379ad1efa,not chronic heart failure,1,"{'pred': [2], 'probs': [[0.34290897846221924, 0.2810606360435486, 0.3760303854942322]], 'pred_prompt': ['H&E stained light micrograph of human cardiac tissue. Based on the image, what is the most likely clinical chronic heart diagnosis? none of the above']}",2.0,pathology,cardiovascular pathology,light microscopy,brightfield microscopy,none
265,classification,"['H&E stained light micrograph of human cardiac tissue. Based on the image, what is the most likely clinical chronic heart diagnosis? not chronic heart failure', 'H&E stained light micrograph of human cardiac tissue. Based on the image, what is the most likely clinical chronic heart diagnosis? chronic heart failure', 'H&E stained light micrograph of human cardiac tissue. Based on the image, what is the most likely clinical chronic heart diagnosis? none of the above']",59334940-e23b-4f01-b317-0fcdd37c28e5,chronic heart failure,1,"{'pred': [2], 'probs': [[0.23858888447284698, 0.3178005814552307, 0.4436104893684387]], 'pred_prompt': ['H&E stained light micrograph of human cardiac tissue. Based on the image, what is the most likely clinical chronic heart diagnosis? none of the above']}",2.0,pathology,cardiovascular pathology,light microscopy,brightfield microscopy,none
266,classification,"['H&E stained light micrograph of human cardiac tissue. Based on the image, what is the most likely clinical chronic heart diagnosis? not chronic heart failure', 'H&E stained light micrograph of human cardiac tissue. Based on the image, what is the most likely clinical chronic heart diagnosis? chronic heart failure', 'H&E stained light micrograph of human cardiac tissue. Based on the image, what is the most likely clinical chronic heart diagnosis? none of the above']",3fe77790-d999-42b7-968d-000bbc35ef0a,chronic heart failure,1,"{'pred': [1], 'probs': [[0.25937455892562866, 0.4547981917858124, 0.28582727909088135]], 'pred_prompt': ['H&E stained light micrograph of human cardiac tissue. Based on the image, what is the most likely clinical chronic heart diagnosis? chronic heart failure']}",2.0,pathology,cardiovascular pathology,light microscopy,brightfield microscopy,none
267,classification,"['H&E stained light micrograph of human cardiac tissue. Based on the image, what is the most likely clinical chronic heart diagnosis? chronic heart failure', 'H&E stained light micrograph of human cardiac tissue. Based on the image, what is the most likely clinical chronic heart diagnosis? not chronic heart failure', 'H&E stained light micrograph of human cardiac tissue. Based on the image, what is the most likely clinical chronic heart diagnosis? none of the above']",e19c2f75-cc34-4054-8591-e4d14bc06de8,not chronic heart failure,1,"{'pred': [0], 'probs': [[0.36573198437690735, 0.31267204880714417, 0.3215959370136261]], 'pred_prompt': ['H&E stained light micrograph of human cardiac tissue. Based on the image, what is the most likely clinical chronic heart diagnosis? chronic heart failure']}",2.0,pathology,cardiovascular pathology,light microscopy,brightfield microscopy,none
268,classification,"['H&E stained light micrograph of human cardiac tissue. Based on the image, what is the most likely clinical chronic heart diagnosis? chronic heart failure', 'H&E stained light micrograph of human cardiac tissue. Based on the image, what is the most likely clinical chronic heart diagnosis? not chronic heart failure', 'H&E stained light micrograph of human cardiac tissue. Based on the image, what is the most likely clinical chronic heart diagnosis? none of the above']",a0b63063-56f1-40e3-b8f9-4ab98a47b0d4,not chronic heart failure,1,"{'pred': [0], 'probs': [[0.3619547486305237, 0.30198296904563904, 0.33606231212615967]], 'pred_prompt': ['H&E stained light micrograph of human cardiac tissue. Based on the image, what is the most likely clinical chronic heart diagnosis? chronic heart failure']}",2.0,pathology,cardiovascular pathology,light microscopy,brightfield microscopy,none
269,classification,"['H&E stained light micrograph of human cardiac tissue. Based on the image, what is the most likely clinical chronic heart diagnosis? chronic heart failure', 'H&E stained light micrograph of human cardiac tissue. Based on the image, what is the most likely clinical chronic heart diagnosis? not chronic heart failure', 'H&E stained light micrograph of human cardiac tissue. Based on the image, what is the most likely clinical chronic heart diagnosis? none of the above']",f2dd7ad0-3285-47a4-8466-52e085ede994,chronic heart failure,0,"{'pred': [2], 'probs': [[0.33659791946411133, 0.31567662954330444, 0.3477254807949066]], 'pred_prompt': ['H&E stained light micrograph of human cardiac tissue. Based on the image, what is the most likely clinical chronic heart diagnosis? none of the above']}",2.0,pathology,cardiovascular pathology,light microscopy,brightfield microscopy,none
270,classification,"['H&E stained light micrograph of human cardiac tissue. Based on the image, what is the most likely clinical chronic heart diagnosis? not chronic heart failure', 'H&E stained light micrograph of human cardiac tissue. Based on the image, what is the most likely clinical chronic heart diagnosis? chronic heart failure', 'H&E stained light micrograph of human cardiac tissue. Based on the image, what is the most likely clinical chronic heart diagnosis? none of the above']",acaba556-ee66-4f39-87f5-770bb30dbab3,not chronic heart failure,0,"{'pred': [2], 'probs': [[0.3460267186164856, 0.2938808798789978, 0.3600923717021942]], 'pred_prompt': ['H&E stained light micrograph of human cardiac tissue. Based on the image, what is the most likely clinical chronic heart diagnosis? none of the above']}",2.0,pathology,cardiovascular pathology,light microscopy,brightfield microscopy,none
271,classification,"['H&E stained light micrograph of human cardiac tissue. Based on the image, what is the most likely clinical chronic heart diagnosis? chronic heart failure', 'H&E stained light micrograph of human cardiac tissue. Based on the image, what is the most likely clinical chronic heart diagnosis? not chronic heart failure', 'H&E stained light micrograph of human cardiac tissue. Based on the image, what is the most likely clinical chronic heart diagnosis? none of the above']",874379f1-79c6-41c0-a634-77d68a437696,chronic heart failure,0,"{'pred': [0], 'probs': [[0.4423413872718811, 0.3085944354534149, 0.24906417727470398]], 'pred_prompt': ['H&E stained light micrograph of human cardiac tissue. Based on the image, what is the most likely clinical chronic heart diagnosis? chronic heart failure']}",2.0,pathology,cardiovascular pathology,light microscopy,brightfield microscopy,none
272,classification,"['H&E stained light micrograph of human cardiac tissue. Based on the image, what is the most likely clinical chronic heart diagnosis? chronic heart failure', 'H&E stained light micrograph of human cardiac tissue. Based on the image, what is the most likely clinical chronic heart diagnosis? not chronic heart failure', 'H&E stained light micrograph of human cardiac tissue. Based on the image, what is the most likely clinical chronic heart diagnosis? none of the above']",d5c3bdb9-d411-4d0f-9b5d-4132391d6797,not chronic heart failure,1,"{'pred': [2], 'probs': [[0.2874145209789276, 0.3468203544616699, 0.36576515436172485]], 'pred_prompt': ['H&E stained light micrograph of human cardiac tissue. Based on the image, what is the most likely clinical chronic heart diagnosis? none of the above']}",2.0,pathology,cardiovascular pathology,light microscopy,brightfield microscopy,none
273,classification,"['H&E stained light micrograph of human cardiac tissue. Based on the image, what is the most likely clinical chronic heart diagnosis? chronic heart failure', 'H&E stained light micrograph of human cardiac tissue. Based on the image, what is the most likely clinical chronic heart diagnosis? not chronic heart failure', 'H&E stained light micrograph of human cardiac tissue. Based on the image, what is the most likely clinical chronic heart diagnosis? none of the above']",8a85ed6a-564c-4ecd-bdbe-20ee1a2ec774,chronic heart failure,0,"{'pred': [2], 'probs': [[0.3282715976238251, 0.24889227747917175, 0.4228360950946808]], 'pred_prompt': ['H&E stained light micrograph of human cardiac tissue. Based on the image, what is the most likely clinical chronic heart diagnosis? none of the above']}",2.0,pathology,cardiovascular pathology,light microscopy,brightfield microscopy,none
274,classification,"['H&E stained light micrograph of human cardiac tissue. Based on the image, what is the most likely clinical chronic heart diagnosis? chronic heart failure', 'H&E stained light micrograph of human cardiac tissue. Based on the image, what is the most likely clinical chronic heart diagnosis? not chronic heart failure', 'H&E stained light micrograph of human cardiac tissue. Based on the image, what is the most likely clinical chronic heart diagnosis? none of the above']",921b9d37-6fb0-4e20-a3c9-18ecacfb8e4a,not chronic heart failure,1,"{'pred': [1], 'probs': [[0.3292481601238251, 0.3354961574077606, 0.3352556526660919]], 'pred_prompt': ['H&E stained light micrograph of human cardiac tissue. Based on the image, what is the most likely clinical chronic heart diagnosis? not chronic heart failure']}",2.0,pathology,cardiovascular pathology,light microscopy,brightfield microscopy,none
275,classification,"['H&E stained light micrograph of human cardiac tissue. Based on the image, what is the most likely clinical chronic heart diagnosis? chronic heart failure', 'H&E stained light micrograph of human cardiac tissue. Based on the image, what is the most likely clinical chronic heart diagnosis? not chronic heart failure', 'H&E stained light micrograph of human cardiac tissue. Based on the image, what is the most likely clinical chronic heart diagnosis? none of the above']",cefaab4e-bf4d-4084-a989-14226e39c652,chronic heart failure,0,"{'pred': [0], 'probs': [[0.39737391471862793, 0.331360399723053, 0.27126574516296387]], 'pred_prompt': ['H&E stained light micrograph of human cardiac tissue. Based on the image, what is the most likely clinical chronic heart diagnosis? chronic heart failure']}",2.0,pathology,cardiovascular pathology,light microscopy,brightfield microscopy,none
276,classification,"['H&E stained light micrograph of human cardiac tissue. Based on the image, what is the most likely clinical chronic heart diagnosis? chronic heart failure', 'H&E stained light micrograph of human cardiac tissue. Based on the image, what is the most likely clinical chronic heart diagnosis? not chronic heart failure', 'H&E stained light micrograph of human cardiac tissue. Based on the image, what is the most likely clinical chronic heart diagnosis? none of the above']",df4f9fd1-5dec-42e0-aaad-c8748a39ab09,chronic heart failure,0,"{'pred': [0], 'probs': [[0.4435696303844452, 0.2789161801338196, 0.2775142192840576]], 'pred_prompt': ['H&E stained light micrograph of human cardiac tissue. Based on the image, what is the most likely clinical chronic heart diagnosis? chronic heart failure']}",2.0,pathology,cardiovascular pathology,light microscopy,brightfield microscopy,none
277,classification,"['H&E stained light micrograph of human cardiac tissue. Based on the image, what is the most likely clinical chronic heart diagnosis? chronic heart failure', 'H&E stained light micrograph of human cardiac tissue. Based on the image, what is the most likely clinical chronic heart diagnosis? not chronic heart failure', 'H&E stained light micrograph of human cardiac tissue. Based on the image, what is the most likely clinical chronic heart diagnosis? none of the above']",a6e4ff86-6abf-4b9b-956e-c68e713d8b31,chronic heart failure,0,"{'pred': [0], 'probs': [[0.3946790397167206, 0.212069571018219, 0.39325132966041565]], 'pred_prompt': ['H&E stained light micrograph of human cardiac tissue. Based on the image, what is the most likely clinical chronic heart diagnosis? chronic heart failure']}",2.0,pathology,cardiovascular pathology,light microscopy,brightfield microscopy,none
278,classification,"['H&E stained light micrograph of human cardiac tissue. Based on the image, what is the most likely clinical chronic heart diagnosis? chronic heart failure', 'H&E stained light micrograph of human cardiac tissue. Based on the image, what is the most likely clinical chronic heart diagnosis? not chronic heart failure', 'H&E stained light micrograph of human cardiac tissue. Based on the image, what is the most likely clinical chronic heart diagnosis? none of the above']",f6bb207f-157b-476a-8298-675af8b71742,not chronic heart failure,1,"{'pred': [1], 'probs': [[0.36033329367637634, 0.3780238628387451, 0.26164281368255615]], 'pred_prompt': ['H&E stained light micrograph of human cardiac tissue. Based on the image, what is the most likely clinical chronic heart diagnosis? not chronic heart failure']}",2.0,pathology,cardiovascular pathology,light microscopy,brightfield microscopy,none
279,classification,"['H&E stained light micrograph of human cardiac tissue. Based on the image, what is the most likely clinical chronic heart diagnosis? chronic heart failure', 'H&E stained light micrograph of human cardiac tissue. Based on the image, what is the most likely clinical chronic heart diagnosis? not chronic heart failure', 'H&E stained light micrograph of human cardiac tissue. Based on the image, what is the most likely clinical chronic heart diagnosis? none of the above']",dee1b8bf-7d29-4dfb-9619-355ce872a60f,not chronic heart failure,1,"{'pred': [2], 'probs': [[0.25234344601631165, 0.3278597891330719, 0.41979679465293884]], 'pred_prompt': ['H&E stained light micrograph of human cardiac tissue. Based on the image, what is the most likely clinical chronic heart diagnosis? none of the above']}",2.0,pathology,cardiovascular pathology,light microscopy,brightfield microscopy,none
280,classification,"['H&E stained light micrograph of human cardiac tissue. Based on the image, what is the most likely clinical chronic heart diagnosis? not chronic heart failure', 'H&E stained light micrograph of human cardiac tissue. Based on the image, what is the most likely clinical chronic heart diagnosis? chronic heart failure', 'H&E stained light micrograph of human cardiac tissue. Based on the image, what is the most likely clinical chronic heart diagnosis? none of the above']",adecede6-3a64-4634-be1a-20364b632c3e,chronic heart failure,1,"{'pred': [2], 'probs': [[0.25753405690193176, 0.356004536151886, 0.38646137714385986]], 'pred_prompt': ['H&E stained light micrograph of human cardiac tissue. Based on the image, what is the most likely clinical chronic heart diagnosis? none of the above']}",2.0,pathology,cardiovascular pathology,light microscopy,brightfield microscopy,none
281,classification,"['H&E stained light micrograph of human cardiac tissue. Based on the image, what is the most likely clinical chronic heart diagnosis? chronic heart failure', 'H&E stained light micrograph of human cardiac tissue. Based on the image, what is the most likely clinical chronic heart diagnosis? not chronic heart failure', 'H&E stained light micrograph of human cardiac tissue. Based on the image, what is the most likely clinical chronic heart diagnosis? none of the above']",20f72fa4-bf31-4a9e-a551-a54698044a87,chronic heart failure,0,"{'pred': [2], 'probs': [[0.3415844440460205, 0.30026742815971375, 0.35814815759658813]], 'pred_prompt': ['H&E stained light micrograph of human cardiac tissue. Based on the image, what is the most likely clinical chronic heart diagnosis? none of the above']}",2.0,pathology,cardiovascular pathology,light microscopy,brightfield microscopy,none
282,classification,"['H&E stained light micrograph of human cardiac tissue. Based on the image, what is the most likely clinical chronic heart diagnosis? not chronic heart failure', 'H&E stained light micrograph of human cardiac tissue. Based on the image, what is the most likely clinical chronic heart diagnosis? chronic heart failure', 'H&E stained light micrograph of human cardiac tissue. Based on the image, what is the most likely clinical chronic heart diagnosis? none of the above']",bc7dad88-7b07-402c-8667-9e8b22b6734c,chronic heart failure,1,"{'pred': [1], 'probs': [[0.34643587470054626, 0.4235175549983978, 0.23004654049873352]], 'pred_prompt': ['H&E stained light micrograph of human cardiac tissue. Based on the image, what is the most likely clinical chronic heart diagnosis? chronic heart failure']}",2.0,pathology,cardiovascular pathology,light microscopy,brightfield microscopy,none
283,classification,"['H&E stained light micrograph of human cardiac tissue. Based on the image, what is the most likely clinical chronic heart diagnosis? chronic heart failure', 'H&E stained light micrograph of human cardiac tissue. Based on the image, what is the most likely clinical chronic heart diagnosis? not chronic heart failure', 'H&E stained light micrograph of human cardiac tissue. Based on the image, what is the most likely clinical chronic heart diagnosis? none of the above']",63c38fdb-1942-4357-9e0a-22374595ccbb,not chronic heart failure,1,"{'pred': [2], 'probs': [[0.34787771105766296, 0.30026480555534363, 0.35185757279396057]], 'pred_prompt': ['H&E stained light micrograph of human cardiac tissue. Based on the image, what is the most likely clinical chronic heart diagnosis? none of the above']}",2.0,pathology,cardiovascular pathology,light microscopy,brightfield microscopy,none
284,classification,"['H&E stained light micrograph of human cardiac tissue. Based on the image, what is the most likely clinical chronic heart diagnosis? not chronic heart failure', 'H&E stained light micrograph of human cardiac tissue. Based on the image, what is the most likely clinical chronic heart diagnosis? chronic heart failure', 'H&E stained light micrograph of human cardiac tissue. Based on the image, what is the most likely clinical chronic heart diagnosis? none of the above']",3a4107e3-62f7-471f-be3f-dfe4a86cb21f,chronic heart failure,1,"{'pred': [0], 'probs': [[0.41131818294525146, 0.3358592391014099, 0.252822607755661]], 'pred_prompt': ['H&E stained light micrograph of human cardiac tissue. Based on the image, what is the most likely clinical chronic heart diagnosis? not chronic heart failure']}",2.0,pathology,cardiovascular pathology,light microscopy,brightfield microscopy,none
285,classification,"['H&E stained light micrograph of human cardiac tissue. Based on the image, what is the most likely clinical chronic heart diagnosis? chronic heart failure', 'H&E stained light micrograph of human cardiac tissue. Based on the image, what is the most likely clinical chronic heart diagnosis? not chronic heart failure', 'H&E stained light micrograph of human cardiac tissue. Based on the image, what is the most likely clinical chronic heart diagnosis? none of the above']",58ecd846-571c-4e15-9be1-b9dc518b05aa,chronic heart failure,0,"{'pred': [1], 'probs': [[0.3322398364543915, 0.3356001079082489, 0.33216002583503723]], 'pred_prompt': ['H&E stained light micrograph of human cardiac tissue. Based on the image, what is the most likely clinical chronic heart diagnosis? not chronic heart failure']}",2.0,pathology,cardiovascular pathology,light microscopy,brightfield microscopy,none
286,classification,"['H&E stained light micrograph of human cardiac tissue. Based on the image, what is the most likely clinical chronic heart diagnosis? not chronic heart failure', 'H&E stained light micrograph of human cardiac tissue. Based on the image, what is the most likely clinical chronic heart diagnosis? chronic heart failure', 'H&E stained light micrograph of human cardiac tissue. Based on the image, what is the most likely clinical chronic heart diagnosis? none of the above']",4d513cab-7cf6-4879-b66d-1566f6f20e03,chronic heart failure,1,"{'pred': [0], 'probs': [[0.40304046869277954, 0.30221134424209595, 0.29474812746047974]], 'pred_prompt': ['H&E stained light micrograph of human cardiac tissue. Based on the image, what is the most likely clinical chronic heart diagnosis? not chronic heart failure']}",2.0,pathology,cardiovascular pathology,light microscopy,brightfield microscopy,none
287,classification,"['H&E stained light micrograph of human cardiac tissue. Based on the image, what is the most likely clinical chronic heart diagnosis? chronic heart failure', 'H&E stained light micrograph of human cardiac tissue. Based on the image, what is the most likely clinical chronic heart diagnosis? not chronic heart failure', 'H&E stained light micrograph of human cardiac tissue. Based on the image, what is the most likely clinical chronic heart diagnosis? none of the above']",b2369518-c2ce-46b0-8516-5bccb13053e8,chronic heart failure,0,"{'pred': [0], 'probs': [[0.3865198493003845, 0.2546907067298889, 0.3587893843650818]], 'pred_prompt': ['H&E stained light micrograph of human cardiac tissue. Based on the image, what is the most likely clinical chronic heart diagnosis? chronic heart failure']}",2.0,pathology,cardiovascular pathology,light microscopy,brightfield microscopy,none
288,classification,"['H&E stained light micrograph of human cardiac tissue. Based on the image, what is the most likely clinical chronic heart diagnosis? not chronic heart failure', 'H&E stained light micrograph of human cardiac tissue. Based on the image, what is the most likely clinical chronic heart diagnosis? chronic heart failure', 'H&E stained light micrograph of human cardiac tissue. Based on the image, what is the most likely clinical chronic heart diagnosis? none of the above']",e366ff64-ac5d-4c79-a51f-5e2c2d02d296,not chronic heart failure,0,"{'pred': [2], 'probs': [[0.22758519649505615, 0.32985860109329224, 0.4425561726093292]], 'pred_prompt': ['H&E stained light micrograph of human cardiac tissue. Based on the image, what is the most likely clinical chronic heart diagnosis? none of the above']}",2.0,pathology,cardiovascular pathology,light microscopy,brightfield microscopy,none
289,classification,"['H&E stained light micrograph of human cardiac tissue. Based on the image, what is the most likely clinical chronic heart diagnosis? not chronic heart failure', 'H&E stained light micrograph of human cardiac tissue. Based on the image, what is the most likely clinical chronic heart diagnosis? chronic heart failure', 'H&E stained light micrograph of human cardiac tissue. Based on the image, what is the most likely clinical chronic heart diagnosis? none of the above']",d92f212d-babc-44d2-bfdf-1343074ec869,chronic heart failure,1,"{'pred': [1], 'probs': [[0.3308912217617035, 0.3513595759868622, 0.31774917244911194]], 'pred_prompt': ['H&E stained light micrograph of human cardiac tissue. Based on the image, what is the most likely clinical chronic heart diagnosis? chronic heart failure']}",2.0,pathology,cardiovascular pathology,light microscopy,brightfield microscopy,none
290,classification,"['H&E stained light micrograph of human cardiac tissue. Based on the image, what is the most likely clinical chronic heart diagnosis? not chronic heart failure', 'H&E stained light micrograph of human cardiac tissue. Based on the image, what is the most likely clinical chronic heart diagnosis? chronic heart failure', 'H&E stained light micrograph of human cardiac tissue. Based on the image, what is the most likely clinical chronic heart diagnosis? none of the above']",d02fe1cc-44d0-4757-baac-32716f5ab57e,not chronic heart failure,0,"{'pred': [2], 'probs': [[0.2861908972263336, 0.32866188883781433, 0.38514721393585205]], 'pred_prompt': ['H&E stained light micrograph of human cardiac tissue. Based on the image, what is the most likely clinical chronic heart diagnosis? none of the above']}",2.0,pathology,cardiovascular pathology,light microscopy,brightfield microscopy,none
291,classification,"['H&E stained light micrograph of human cardiac tissue. Based on the image, what is the most likely clinical chronic heart diagnosis? chronic heart failure', 'H&E stained light micrograph of human cardiac tissue. Based on the image, what is the most likely clinical chronic heart diagnosis? not chronic heart failure', 'H&E stained light micrograph of human cardiac tissue. Based on the image, what is the most likely clinical chronic heart diagnosis? none of the above']",e06ffaed-2e77-474a-83cd-da4ccf497f48,chronic heart failure,0,"{'pred': [0], 'probs': [[0.39456817507743835, 0.3581063449382782, 0.24732547998428345]], 'pred_prompt': ['H&E stained light micrograph of human cardiac tissue. Based on the image, what is the most likely clinical chronic heart diagnosis? chronic heart failure']}",2.0,pathology,cardiovascular pathology,light microscopy,brightfield microscopy,none
292,classification,"['H&E stained light micrograph of human cardiac tissue. Based on the image, what is the most likely clinical chronic heart diagnosis? chronic heart failure', 'H&E stained light micrograph of human cardiac tissue. Based on the image, what is the most likely clinical chronic heart diagnosis? not chronic heart failure', 'H&E stained light micrograph of human cardiac tissue. Based on the image, what is the most likely clinical chronic heart diagnosis? none of the above']",bc99aa5f-15e9-46b5-b5fb-93bc27cc9e76,not chronic heart failure,1,"{'pred': [2], 'probs': [[0.33853599429130554, 0.3045855164527893, 0.35687848925590515]], 'pred_prompt': ['H&E stained light micrograph of human cardiac tissue. Based on the image, what is the most likely clinical chronic heart diagnosis? none of the above']}",2.0,pathology,cardiovascular pathology,light microscopy,brightfield microscopy,none
293,classification,"['H&E stained light micrograph of human cardiac tissue. Based on the image, what is the most likely clinical chronic heart diagnosis? chronic heart failure', 'H&E stained light micrograph of human cardiac tissue. Based on the image, what is the most likely clinical chronic heart diagnosis? not chronic heart failure', 'H&E stained light micrograph of human cardiac tissue. Based on the image, what is the most likely clinical chronic heart diagnosis? none of the above']",d59a7f80-764a-4e42-a947-c82062f63f1f,not chronic heart failure,1,"{'pred': [2], 'probs': [[0.3507165014743805, 0.27694469690322876, 0.37233874201774597]], 'pred_prompt': ['H&E stained light micrograph of human cardiac tissue. Based on the image, what is the most likely clinical chronic heart diagnosis? none of the above']}",2.0,pathology,cardiovascular pathology,light microscopy,brightfield microscopy,none
294,classification,"['H&E stained light micrograph of human cardiac tissue. Based on the image, what is the most likely clinical chronic heart diagnosis? chronic heart failure', 'H&E stained light micrograph of human cardiac tissue. Based on the image, what is the most likely clinical chronic heart diagnosis? not chronic heart failure', 'H&E stained light micrograph of human cardiac tissue. Based on the image, what is the most likely clinical chronic heart diagnosis? none of the above']",ef7fe6b3-d736-47f9-ac70-c92095a2c095,chronic heart failure,0,"{'pred': [2], 'probs': [[0.28911957144737244, 0.35027801990509033, 0.3606024384498596]], 'pred_prompt': ['H&E stained light micrograph of human cardiac tissue. Based on the image, what is the most likely clinical chronic heart diagnosis? none of the above']}",2.0,pathology,cardiovascular pathology,light microscopy,brightfield microscopy,none
295,classification,"['H&E stained light micrograph of human cardiac tissue. Based on the image, what is the most likely clinical chronic heart diagnosis? chronic heart failure', 'H&E stained light micrograph of human cardiac tissue. Based on the image, what is the most likely clinical chronic heart diagnosis? not chronic heart failure', 'H&E stained light micrograph of human cardiac tissue. Based on the image, what is the most likely clinical chronic heart diagnosis? none of the above']",05b8dba7-4a3f-40c7-8b00-3681ff5f2181,not chronic heart failure,1,"{'pred': [0], 'probs': [[0.38944947719573975, 0.3606644868850708, 0.24988597631454468]], 'pred_prompt': ['H&E stained light micrograph of human cardiac tissue. Based on the image, what is the most likely clinical chronic heart diagnosis? chronic heart failure']}",2.0,pathology,cardiovascular pathology,light microscopy,brightfield microscopy,none
296,classification,"['H&E stained light micrograph of human cardiac tissue. Based on the image, what is the most likely clinical chronic heart diagnosis? chronic heart failure', 'H&E stained light micrograph of human cardiac tissue. Based on the image, what is the most likely clinical chronic heart diagnosis? not chronic heart failure', 'H&E stained light micrograph of human cardiac tissue. Based on the image, what is the most likely clinical chronic heart diagnosis? none of the above']",43db2526-4a5d-4f6e-b668-dc2307e264ab,not chronic heart failure,1,"{'pred': [0], 'probs': [[0.3905852735042572, 0.25737446546554565, 0.35204023122787476]], 'pred_prompt': ['H&E stained light micrograph of human cardiac tissue. Based on the image, what is the most likely clinical chronic heart diagnosis? chronic heart failure']}",2.0,pathology,cardiovascular pathology,light microscopy,brightfield microscopy,none
297,classification,"['H&E stained light micrograph of human cardiac tissue. Based on the image, what is the most likely clinical chronic heart diagnosis? not chronic heart failure', 'H&E stained light micrograph of human cardiac tissue. Based on the image, what is the most likely clinical chronic heart diagnosis? chronic heart failure', 'H&E stained light micrograph of human cardiac tissue. Based on the image, what is the most likely clinical chronic heart diagnosis? none of the above']",a5334483-a2a2-4667-ae15-b0e807598cea,not chronic heart failure,0,"{'pred': [1], 'probs': [[0.31867551803588867, 0.39072951674461365, 0.2905949056148529]], 'pred_prompt': ['H&E stained light micrograph of human cardiac tissue. Based on the image, what is the most likely clinical chronic heart diagnosis? chronic heart failure']}",2.0,pathology,cardiovascular pathology,light microscopy,brightfield microscopy,none
298,classification,"['H&E stained light micrograph of human cardiac tissue. Based on the image, what is the most likely clinical chronic heart diagnosis? chronic heart failure', 'H&E stained light micrograph of human cardiac tissue. Based on the image, what is the most likely clinical chronic heart diagnosis? not chronic heart failure', 'H&E stained light micrograph of human cardiac tissue. Based on the image, what is the most likely clinical chronic heart diagnosis? none of the above']",9286f448-b788-40aa-a825-f9b6749078c3,chronic heart failure,0,"{'pred': [0], 'probs': [[0.38694867491722107, 0.331197053194046, 0.28185421228408813]], 'pred_prompt': ['H&E stained light micrograph of human cardiac tissue. Based on the image, what is the most likely clinical chronic heart diagnosis? chronic heart failure']}",2.0,pathology,cardiovascular pathology,light microscopy,brightfield microscopy,none
299,classification,"['H&E stained light micrograph of human cardiac tissue. Based on the image, what is the most likely clinical chronic heart diagnosis? not chronic heart failure', 'H&E stained light micrograph of human cardiac tissue. Based on the image, what is the most likely clinical chronic heart diagnosis? chronic heart failure', 'H&E stained light micrograph of human cardiac tissue. Based on the image, what is the most likely clinical chronic heart diagnosis? none of the above']",71a57167-54aa-419e-b28a-a8cf75b1d6e5,chronic heart failure,1,"{'pred': [0], 'probs': [[0.37630778551101685, 0.35521844029426575, 0.2684738039970398]], 'pred_prompt': ['H&E stained light micrograph of human cardiac tissue. Based on the image, what is the most likely clinical chronic heart diagnosis? not chronic heart failure']}",2.0,pathology,cardiovascular pathology,light microscopy,brightfield microscopy,none
300,classification,"['H&E stained light micrograph of human cardiac tissue. Based on the image, what is the most likely clinical chronic heart diagnosis? not chronic heart failure', 'H&E stained light micrograph of human cardiac tissue. Based on the image, what is the most likely clinical chronic heart diagnosis? chronic heart failure', 'H&E stained light micrograph of human cardiac tissue. Based on the image, what is the most likely clinical chronic heart diagnosis? none of the above']",bb2cfcf9-cf17-4f7e-ade6-04755b404669,chronic heart failure,1,"{'pred': [1], 'probs': [[0.33517301082611084, 0.33895835280418396, 0.3258686065673828]], 'pred_prompt': ['H&E stained light micrograph of human cardiac tissue. Based on the image, what is the most likely clinical chronic heart diagnosis? chronic heart failure']}",2.0,pathology,cardiovascular pathology,light microscopy,brightfield microscopy,none
301,classification,"['H&E stained light micrograph of human cardiac tissue. Based on the image, what is the most likely clinical chronic heart diagnosis? chronic heart failure', 'H&E stained light micrograph of human cardiac tissue. Based on the image, what is the most likely clinical chronic heart diagnosis? not chronic heart failure', 'H&E stained light micrograph of human cardiac tissue. Based on the image, what is the most likely clinical chronic heart diagnosis? none of the above']",40713a87-6f77-4cf0-8b2f-cdba4f2e7d04,chronic heart failure,0,"{'pred': [2], 'probs': [[0.3381202220916748, 0.2999604046344757, 0.3619193136692047]], 'pred_prompt': ['H&E stained light micrograph of human cardiac tissue. Based on the image, what is the most likely clinical chronic heart diagnosis? none of the above']}",2.0,pathology,cardiovascular pathology,light microscopy,brightfield microscopy,none
302,classification,"['H&E stained light micrograph of human cardiac tissue. Based on the image, what is the most likely clinical chronic heart diagnosis? not chronic heart failure', 'H&E stained light micrograph of human cardiac tissue. Based on the image, what is the most likely clinical chronic heart diagnosis? chronic heart failure', 'H&E stained light micrograph of human cardiac tissue. Based on the image, what is the most likely clinical chronic heart diagnosis? none of the above']",6b672fc9-bceb-4c36-8314-37e24e17b4e0,chronic heart failure,1,"{'pred': [1], 'probs': [[0.29647180438041687, 0.36732903122901917, 0.33619916439056396]], 'pred_prompt': ['H&E stained light micrograph of human cardiac tissue. Based on the image, what is the most likely clinical chronic heart diagnosis? chronic heart failure']}",2.0,pathology,cardiovascular pathology,light microscopy,brightfield microscopy,none
303,classification,"['H&E stained light micrograph of human cardiac tissue. Based on the image, what is the most likely clinical chronic heart diagnosis? chronic heart failure', 'H&E stained light micrograph of human cardiac tissue. Based on the image, what is the most likely clinical chronic heart diagnosis? not chronic heart failure', 'H&E stained light micrograph of human cardiac tissue. Based on the image, what is the most likely clinical chronic heart diagnosis? none of the above']",2b0bd761-bf92-4a4e-acd5-cf75326c0d6b,not chronic heart failure,1,"{'pred': [1], 'probs': [[0.3810906410217285, 0.3855210542678833, 0.23338833451271057]], 'pred_prompt': ['H&E stained light micrograph of human cardiac tissue. Based on the image, what is the most likely clinical chronic heart diagnosis? not chronic heart failure']}",2.0,pathology,cardiovascular pathology,light microscopy,brightfield microscopy,none
304,classification,"['H&E stained light micrograph of human cardiac tissue. Based on the image, what is the most likely clinical chronic heart diagnosis? not chronic heart failure', 'H&E stained light micrograph of human cardiac tissue. Based on the image, what is the most likely clinical chronic heart diagnosis? chronic heart failure', 'H&E stained light micrograph of human cardiac tissue. Based on the image, what is the most likely clinical chronic heart diagnosis? none of the above']",2cab74ab-8738-460e-9f94-7e035d0d8052,chronic heart failure,1,"{'pred': [1], 'probs': [[0.2801946699619293, 0.3936348259449005, 0.3261704742908478]], 'pred_prompt': ['H&E stained light micrograph of human cardiac tissue. Based on the image, what is the most likely clinical chronic heart diagnosis? chronic heart failure']}",2.0,pathology,cardiovascular pathology,light microscopy,brightfield microscopy,none
305,classification,"['H&E stained light micrograph of human cardiac tissue. Based on the image, what is the most likely clinical chronic heart diagnosis? not chronic heart failure', 'H&E stained light micrograph of human cardiac tissue. Based on the image, what is the most likely clinical chronic heart diagnosis? chronic heart failure', 'H&E stained light micrograph of human cardiac tissue. Based on the image, what is the most likely clinical chronic heart diagnosis? none of the above']",f3be77ed-fcd2-42e6-b061-8209770cd9e1,chronic heart failure,1,"{'pred': [2], 'probs': [[0.2953474819660187, 0.3184684216976166, 0.38618412613868713]], 'pred_prompt': ['H&E stained light micrograph of human cardiac tissue. Based on the image, what is the most likely clinical chronic heart diagnosis? none of the above']}",2.0,pathology,cardiovascular pathology,light microscopy,brightfield microscopy,none
306,classification,"['H&E stained light micrograph of human cardiac tissue. Based on the image, what is the most likely clinical chronic heart diagnosis? not chronic heart failure', 'H&E stained light micrograph of human cardiac tissue. Based on the image, what is the most likely clinical chronic heart diagnosis? chronic heart failure', 'H&E stained light micrograph of human cardiac tissue. Based on the image, what is the most likely clinical chronic heart diagnosis? none of the above']",b935c5c8-b441-49f5-9869-421bf6b36929,chronic heart failure,1,"{'pred': [1], 'probs': [[0.2886391282081604, 0.3985404670238495, 0.3128203749656677]], 'pred_prompt': ['H&E stained light micrograph of human cardiac tissue. Based on the image, what is the most likely clinical chronic heart diagnosis? chronic heart failure']}",2.0,pathology,cardiovascular pathology,light microscopy,brightfield microscopy,none
307,classification,"['H&E stained light micrograph of human cardiac tissue. Based on the image, what is the most likely clinical chronic heart diagnosis? not chronic heart failure', 'H&E stained light micrograph of human cardiac tissue. Based on the image, what is the most likely clinical chronic heart diagnosis? chronic heart failure', 'H&E stained light micrograph of human cardiac tissue. Based on the image, what is the most likely clinical chronic heart diagnosis? none of the above']",4019cf41-70eb-49eb-a392-9c9b9fecaaa9,chronic heart failure,1,"{'pred': [1], 'probs': [[0.312017023563385, 0.39997199177742004, 0.2880110442638397]], 'pred_prompt': ['H&E stained light micrograph of human cardiac tissue. Based on the image, what is the most likely clinical chronic heart diagnosis? chronic heart failure']}",2.0,pathology,cardiovascular pathology,light microscopy,brightfield microscopy,none
308,classification,"['H&E stained light micrograph of human cardiac tissue. Based on the image, what is the most likely clinical chronic heart diagnosis? not chronic heart failure', 'H&E stained light micrograph of human cardiac tissue. Based on the image, what is the most likely clinical chronic heart diagnosis? chronic heart failure', 'H&E stained light micrograph of human cardiac tissue. Based on the image, what is the most likely clinical chronic heart diagnosis? none of the above']",b31d2d49-6f1e-4b56-8c1c-36bc7769cc1b,chronic heart failure,1,"{'pred': [2], 'probs': [[0.305404394865036, 0.32453006505966187, 0.37006551027297974]], 'pred_prompt': ['H&E stained light micrograph of human cardiac tissue. Based on the image, what is the most likely clinical chronic heart diagnosis? none of the above']}",2.0,pathology,cardiovascular pathology,light microscopy,brightfield microscopy,none
309,classification,"['H&E stained light micrograph of human cardiac tissue. Based on the image, what is the most likely clinical chronic heart diagnosis? chronic heart failure', 'H&E stained light micrograph of human cardiac tissue. Based on the image, what is the most likely clinical chronic heart diagnosis? not chronic heart failure', 'H&E stained light micrograph of human cardiac tissue. Based on the image, what is the most likely clinical chronic heart diagnosis? none of the above']",081cf180-49c1-4ef1-8784-110c545bbf43,chronic heart failure,0,"{'pred': [2], 'probs': [[0.3373560905456543, 0.32180556654930115, 0.34083834290504456]], 'pred_prompt': ['H&E stained light micrograph of human cardiac tissue. Based on the image, what is the most likely clinical chronic heart diagnosis? none of the above']}",2.0,pathology,cardiovascular pathology,light microscopy,brightfield microscopy,none
310,classification,"['H&E stained light micrograph of human cardiac tissue. Based on the image, what is the most likely clinical chronic heart diagnosis? chronic heart failure', 'H&E stained light micrograph of human cardiac tissue. Based on the image, what is the most likely clinical chronic heart diagnosis? not chronic heart failure', 'H&E stained light micrograph of human cardiac tissue. Based on the image, what is the most likely clinical chronic heart diagnosis? none of the above']",61020bbb-0e0c-4a77-b96d-152f85a34eec,chronic heart failure,0,"{'pred': [0], 'probs': [[0.3640958368778229, 0.2957504987716675, 0.34015360474586487]], 'pred_prompt': ['H&E stained light micrograph of human cardiac tissue. Based on the image, what is the most likely clinical chronic heart diagnosis? chronic heart failure']}",2.0,pathology,cardiovascular pathology,light microscopy,brightfield microscopy,none
311,classification,"['H&E stained light micrograph of human cardiac tissue. Based on the image, what is the most likely clinical chronic heart diagnosis? chronic heart failure', 'H&E stained light micrograph of human cardiac tissue. Based on the image, what is the most likely clinical chronic heart diagnosis? not chronic heart failure', 'H&E stained light micrograph of human cardiac tissue. Based on the image, what is the most likely clinical chronic heart diagnosis? none of the above']",974235fb-1165-48a8-9531-d70a9853cce9,not chronic heart failure,1,"{'pred': [1], 'probs': [[0.331424355506897, 0.4568960964679718, 0.21167954802513123]], 'pred_prompt': ['H&E stained light micrograph of human cardiac tissue. Based on the image, what is the most likely clinical chronic heart diagnosis? not chronic heart failure']}",2.0,pathology,cardiovascular pathology,light microscopy,brightfield microscopy,none
312,classification,"['H&E stained light micrograph of human cardiac tissue. Based on the image, what is the most likely clinical chronic heart diagnosis? not chronic heart failure', 'H&E stained light micrograph of human cardiac tissue. Based on the image, what is the most likely clinical chronic heart diagnosis? chronic heart failure', 'H&E stained light micrograph of human cardiac tissue. Based on the image, what is the most likely clinical chronic heart diagnosis? none of the above']",411450e0-279b-4b6b-9b61-52768bc9261f,not chronic heart failure,0,"{'pred': [0], 'probs': [[0.3741692006587982, 0.34183835983276367, 0.2839924097061157]], 'pred_prompt': ['H&E stained light micrograph of human cardiac tissue. Based on the image, what is the most likely clinical chronic heart diagnosis? not chronic heart failure']}",2.0,pathology,cardiovascular pathology,light microscopy,brightfield microscopy,none
313,classification,"['H&E stained light micrograph of human cardiac tissue. Based on the image, what is the most likely clinical chronic heart diagnosis? chronic heart failure', 'H&E stained light micrograph of human cardiac tissue. Based on the image, what is the most likely clinical chronic heart diagnosis? not chronic heart failure', 'H&E stained light micrograph of human cardiac tissue. Based on the image, what is the most likely clinical chronic heart diagnosis? none of the above']",e97d9dcf-e647-4da0-8b3a-b955ea5dfd79,not chronic heart failure,1,"{'pred': [2], 'probs': [[0.3309144675731659, 0.28003472089767456, 0.38905081152915955]], 'pred_prompt': ['H&E stained light micrograph of human cardiac tissue. Based on the image, what is the most likely clinical chronic heart diagnosis? none of the above']}",2.0,pathology,cardiovascular pathology,light microscopy,brightfield microscopy,none
314,classification,"['H&E stained light micrograph of human cardiac tissue. Based on the image, what is the most likely clinical chronic heart diagnosis? not chronic heart failure', 'H&E stained light micrograph of human cardiac tissue. Based on the image, what is the most likely clinical chronic heart diagnosis? chronic heart failure', 'H&E stained light micrograph of human cardiac tissue. Based on the image, what is the most likely clinical chronic heart diagnosis? none of the above']",07b5bfd8-e3ef-41d9-ace5-cc92da3cc87c,chronic heart failure,1,"{'pred': [2], 'probs': [[0.2653152346611023, 0.3377084732055664, 0.3969763219356537]], 'pred_prompt': ['H&E stained light micrograph of human cardiac tissue. Based on the image, what is the most likely clinical chronic heart diagnosis? none of the above']}",2.0,pathology,cardiovascular pathology,light microscopy,brightfield microscopy,none
315,classification,"['H&E stained light micrograph of human cardiac tissue. Based on the image, what is the most likely clinical chronic heart diagnosis? chronic heart failure', 'H&E stained light micrograph of human cardiac tissue. Based on the image, what is the most likely clinical chronic heart diagnosis? not chronic heart failure', 'H&E stained light micrograph of human cardiac tissue. Based on the image, what is the most likely clinical chronic heart diagnosis? none of the above']",af1095f0-c050-487f-bd04-6a4f87121b19,chronic heart failure,0,"{'pred': [0], 'probs': [[0.36608508229255676, 0.32359686493873596, 0.31031808257102966]], 'pred_prompt': ['H&E stained light micrograph of human cardiac tissue. Based on the image, what is the most likely clinical chronic heart diagnosis? chronic heart failure']}",2.0,pathology,cardiovascular pathology,light microscopy,brightfield microscopy,none
316,classification,"['H&E stained light micrograph of human cardiac tissue. Based on the image, what is the most likely clinical chronic heart diagnosis? chronic heart failure', 'H&E stained light micrograph of human cardiac tissue. Based on the image, what is the most likely clinical chronic heart diagnosis? not chronic heart failure', 'H&E stained light micrograph of human cardiac tissue. Based on the image, what is the most likely clinical chronic heart diagnosis? none of the above']",6674878a-9d2f-46ac-9a2f-1e5425c288ec,not chronic heart failure,1,"{'pred': [0], 'probs': [[0.3741086423397064, 0.3548237085342407, 0.27106764912605286]], 'pred_prompt': ['H&E stained light micrograph of human cardiac tissue. Based on the image, what is the most likely clinical chronic heart diagnosis? chronic heart failure']}",2.0,pathology,cardiovascular pathology,light microscopy,brightfield microscopy,none
317,classification,"['H&E stained light micrograph of human cardiac tissue. Based on the image, what is the most likely clinical chronic heart diagnosis? chronic heart failure', 'H&E stained light micrograph of human cardiac tissue. Based on the image, what is the most likely clinical chronic heart diagnosis? not chronic heart failure', 'H&E stained light micrograph of human cardiac tissue. Based on the image, what is the most likely clinical chronic heart diagnosis? none of the above']",ffa56ab6-9398-4afa-8abc-c1b243a46601,not chronic heart failure,1,"{'pred': [0], 'probs': [[0.36611005663871765, 0.34665510058403015, 0.2872348725795746]], 'pred_prompt': ['H&E stained light micrograph of human cardiac tissue. Based on the image, what is the most likely clinical chronic heart diagnosis? chronic heart failure']}",2.0,pathology,cardiovascular pathology,light microscopy,brightfield microscopy,none
318,classification,"['H&E stained light micrograph of human cardiac tissue. Based on the image, what is the most likely clinical chronic heart diagnosis? chronic heart failure', 'H&E stained light micrograph of human cardiac tissue. Based on the image, what is the most likely clinical chronic heart diagnosis? not chronic heart failure', 'H&E stained light micrograph of human cardiac tissue. Based on the image, what is the most likely clinical chronic heart diagnosis? none of the above']",f17faa97-b7e6-459b-a874-6a6ac7e9a5c1,not chronic heart failure,1,"{'pred': [0], 'probs': [[0.361544668674469, 0.3565196990966797, 0.2819356322288513]], 'pred_prompt': ['H&E stained light micrograph of human cardiac tissue. Based on the image, what is the most likely clinical chronic heart diagnosis? chronic heart failure']}",2.0,pathology,cardiovascular pathology,light microscopy,brightfield microscopy,none
319,classification,"['H&E stained light micrograph of human cardiac tissue. Based on the image, what is the most likely clinical chronic heart diagnosis? not chronic heart failure', 'H&E stained light micrograph of human cardiac tissue. Based on the image, what is the most likely clinical chronic heart diagnosis? chronic heart failure', 'H&E stained light micrograph of human cardiac tissue. Based on the image, what is the most likely clinical chronic heart diagnosis? none of the above']",0722919e-d9e9-497c-9dda-368ba4d2c4ee,chronic heart failure,1,"{'pred': [0], 'probs': [[0.3755764067173004, 0.292680025100708, 0.3317435681819916]], 'pred_prompt': ['H&E stained light micrograph of human cardiac tissue. Based on the image, what is the most likely clinical chronic heart diagnosis? not chronic heart failure']}",2.0,pathology,cardiovascular pathology,light microscopy,brightfield microscopy,none
320,classification,"['H&E stained light micrograph of human cardiac tissue. Based on the image, what is the most likely clinical chronic heart diagnosis? chronic heart failure', 'H&E stained light micrograph of human cardiac tissue. Based on the image, what is the most likely clinical chronic heart diagnosis? not chronic heart failure', 'H&E stained light micrograph of human cardiac tissue. Based on the image, what is the most likely clinical chronic heart diagnosis? none of the above']",fdc9c800-133c-4c31-b987-962dd38ed3d1,chronic heart failure,0,"{'pred': [2], 'probs': [[0.29375001788139343, 0.34670490026474, 0.3595450520515442]], 'pred_prompt': ['H&E stained light micrograph of human cardiac tissue. Based on the image, what is the most likely clinical chronic heart diagnosis? none of the above']}",2.0,pathology,cardiovascular pathology,light microscopy,brightfield microscopy,none
321,classification,"['H&E stained light micrograph of human cardiac tissue. Based on the image, what is the most likely clinical chronic heart diagnosis? not chronic heart failure', 'H&E stained light micrograph of human cardiac tissue. Based on the image, what is the most likely clinical chronic heart diagnosis? chronic heart failure', 'H&E stained light micrograph of human cardiac tissue. Based on the image, what is the most likely clinical chronic heart diagnosis? none of the above']",51aeb816-0f1f-49a9-8c45-832fc5742914,chronic heart failure,1,"{'pred': [1], 'probs': [[0.27624037861824036, 0.3798062801361084, 0.34395331144332886]], 'pred_prompt': ['H&E stained light micrograph of human cardiac tissue. Based on the image, what is the most likely clinical chronic heart diagnosis? chronic heart failure']}",2.0,pathology,cardiovascular pathology,light microscopy,brightfield microscopy,none
322,classification,"['H&E stained light micrograph of human cardiac tissue. Based on the image, what is the most likely clinical chronic heart diagnosis? chronic heart failure', 'H&E stained light micrograph of human cardiac tissue. Based on the image, what is the most likely clinical chronic heart diagnosis? not chronic heart failure', 'H&E stained light micrograph of human cardiac tissue. Based on the image, what is the most likely clinical chronic heart diagnosis? none of the above']",0c05be7a-43d7-4df2-8980-bb93239f3225,not chronic heart failure,1,"{'pred': [0], 'probs': [[0.3836142420768738, 0.3295024037361145, 0.2868833839893341]], 'pred_prompt': ['H&E stained light micrograph of human cardiac tissue. Based on the image, what is the most likely clinical chronic heart diagnosis? chronic heart failure']}",2.0,pathology,cardiovascular pathology,light microscopy,brightfield microscopy,none
323,classification,"['H&E stained light micrograph of human cardiac tissue. Based on the image, what is the most likely clinical chronic heart diagnosis? not chronic heart failure', 'H&E stained light micrograph of human cardiac tissue. Based on the image, what is the most likely clinical chronic heart diagnosis? chronic heart failure', 'H&E stained light micrograph of human cardiac tissue. Based on the image, what is the most likely clinical chronic heart diagnosis? none of the above']",dc38cd62-61a0-4390-b307-f1603cfbc77a,not chronic heart failure,0,"{'pred': [2], 'probs': [[0.2966289818286896, 0.2895376980304718, 0.41383329033851624]], 'pred_prompt': ['H&E stained light micrograph of human cardiac tissue. Based on the image, what is the most likely clinical chronic heart diagnosis? none of the above']}",2.0,pathology,cardiovascular pathology,light microscopy,brightfield microscopy,none
324,classification,"['H&E stained light micrograph of human cardiac tissue. Based on the image, what is the most likely clinical chronic heart diagnosis? chronic heart failure', 'H&E stained light micrograph of human cardiac tissue. Based on the image, what is the most likely clinical chronic heart diagnosis? not chronic heart failure', 'H&E stained light micrograph of human cardiac tissue. Based on the image, what is the most likely clinical chronic heart diagnosis? none of the above']",4c857674-3241-453f-82a5-20444e9d93c4,not chronic heart failure,1,"{'pred': [1], 'probs': [[0.32292866706848145, 0.3411222994327545, 0.33594900369644165]], 'pred_prompt': ['H&E stained light micrograph of human cardiac tissue. Based on the image, what is the most likely clinical chronic heart diagnosis? not chronic heart failure']}",2.0,pathology,cardiovascular pathology,light microscopy,brightfield microscopy,none
325,classification,"['H&E stained light micrograph of human cardiac tissue. Based on the image, what is the most likely clinical chronic heart diagnosis? chronic heart failure', 'H&E stained light micrograph of human cardiac tissue. Based on the image, what is the most likely clinical chronic heart diagnosis? not chronic heart failure', 'H&E stained light micrograph of human cardiac tissue. Based on the image, what is the most likely clinical chronic heart diagnosis? none of the above']",b43cd5da-1725-477a-b264-c2e78d688fce,chronic heart failure,0,"{'pred': [0], 'probs': [[0.38421231508255005, 0.28842222690582275, 0.3273654580116272]], 'pred_prompt': ['H&E stained light micrograph of human cardiac tissue. Based on the image, what is the most likely clinical chronic heart diagnosis? chronic heart failure']}",2.0,pathology,cardiovascular pathology,light microscopy,brightfield microscopy,none
326,classification,"['H&E stained light micrograph of human cardiac tissue. Based on the image, what is the most likely clinical chronic heart diagnosis? chronic heart failure', 'H&E stained light micrograph of human cardiac tissue. Based on the image, what is the most likely clinical chronic heart diagnosis? not chronic heart failure', 'H&E stained light micrograph of human cardiac tissue. Based on the image, what is the most likely clinical chronic heart diagnosis? none of the above']",ee654710-dfdd-4b8b-9f31-bae0f8e0979d,not chronic heart failure,1,"{'pred': [0], 'probs': [[0.40621623396873474, 0.28795817494392395, 0.3058255612850189]], 'pred_prompt': ['H&E stained light micrograph of human cardiac tissue. Based on the image, what is the most likely clinical chronic heart diagnosis? chronic heart failure']}",2.0,pathology,cardiovascular pathology,light microscopy,brightfield microscopy,none
327,classification,"['H&E stained light micrograph of human cardiac tissue. Based on the image, what is the most likely clinical chronic heart diagnosis? chronic heart failure', 'H&E stained light micrograph of human cardiac tissue. Based on the image, what is the most likely clinical chronic heart diagnosis? not chronic heart failure', 'H&E stained light micrograph of human cardiac tissue. Based on the image, what is the most likely clinical chronic heart diagnosis? none of the above']",35ddb0d5-c286-4e80-bd7b-25ac8052d333,chronic heart failure,0,"{'pred': [2], 'probs': [[0.313772588968277, 0.30617567896842957, 0.38005176186561584]], 'pred_prompt': ['H&E stained light micrograph of human cardiac tissue. Based on the image, what is the most likely clinical chronic heart diagnosis? none of the above']}",2.0,pathology,cardiovascular pathology,light microscopy,brightfield microscopy,none
328,classification,"['H&E stained light micrograph of human cardiac tissue. Based on the image, what is the most likely clinical chronic heart diagnosis? not chronic heart failure', 'H&E stained light micrograph of human cardiac tissue. Based on the image, what is the most likely clinical chronic heart diagnosis? chronic heart failure', 'H&E stained light micrograph of human cardiac tissue. Based on the image, what is the most likely clinical chronic heart diagnosis? none of the above']",75a3ace3-da1f-47e2-a0b3-a9307651db44,chronic heart failure,1,"{'pred': [2], 'probs': [[0.2571197748184204, 0.3017396628856659, 0.4411405622959137]], 'pred_prompt': ['H&E stained light micrograph of human cardiac tissue. Based on the image, what is the most likely clinical chronic heart diagnosis? none of the above']}",2.0,pathology,cardiovascular pathology,light microscopy,brightfield microscopy,none
329,classification,"['H&E stained light micrograph of human cardiac tissue. Based on the image, what is the most likely clinical chronic heart diagnosis? not chronic heart failure', 'H&E stained light micrograph of human cardiac tissue. Based on the image, what is the most likely clinical chronic heart diagnosis? chronic heart failure', 'H&E stained light micrograph of human cardiac tissue. Based on the image, what is the most likely clinical chronic heart diagnosis? none of the above']",a080c11f-78c5-47e3-a845-52854dcf4a2d,not chronic heart failure,0,"{'pred': [0], 'probs': [[0.36284276843070984, 0.32544875144958496, 0.3117084801197052]], 'pred_prompt': ['H&E stained light micrograph of human cardiac tissue. Based on the image, what is the most likely clinical chronic heart diagnosis? not chronic heart failure']}",2.0,pathology,cardiovascular pathology,light microscopy,brightfield microscopy,none
330,classification,"['H&E stained light micrograph of human cardiac tissue. Based on the image, what is the most likely clinical chronic heart diagnosis? chronic heart failure', 'H&E stained light micrograph of human cardiac tissue. Based on the image, what is the most likely clinical chronic heart diagnosis? not chronic heart failure', 'H&E stained light micrograph of human cardiac tissue. Based on the image, what is the most likely clinical chronic heart diagnosis? none of the above']",46e432c0-b285-45e7-ad92-67e7afe0e675,not chronic heart failure,1,"{'pred': [0], 'probs': [[0.38995271921157837, 0.3237968385219574, 0.2862504720687866]], 'pred_prompt': ['H&E stained light micrograph of human cardiac tissue. Based on the image, what is the most likely clinical chronic heart diagnosis? chronic heart failure']}",2.0,pathology,cardiovascular pathology,light microscopy,brightfield microscopy,none
331,classification,"['H&E stained light micrograph of human cardiac tissue. Based on the image, what is the most likely clinical chronic heart diagnosis? chronic heart failure', 'H&E stained light micrograph of human cardiac tissue. Based on the image, what is the most likely clinical chronic heart diagnosis? not chronic heart failure', 'H&E stained light micrograph of human cardiac tissue. Based on the image, what is the most likely clinical chronic heart diagnosis? none of the above']",66f8aea4-d6bd-46d8-b3a3-0f31f0b77cae,chronic heart failure,0,"{'pred': [0], 'probs': [[0.4368975758552551, 0.3399577736854553, 0.22314459085464478]], 'pred_prompt': ['H&E stained light micrograph of human cardiac tissue. Based on the image, what is the most likely clinical chronic heart diagnosis? chronic heart failure']}",2.0,pathology,cardiovascular pathology,light microscopy,brightfield microscopy,none
332,classification,"['H&E stained light micrograph of human cardiac tissue. Based on the image, what is the most likely clinical chronic heart diagnosis? not chronic heart failure', 'H&E stained light micrograph of human cardiac tissue. Based on the image, what is the most likely clinical chronic heart diagnosis? chronic heart failure', 'H&E stained light micrograph of human cardiac tissue. Based on the image, what is the most likely clinical chronic heart diagnosis? none of the above']",d407b095-5823-4667-9504-9b82df93611d,not chronic heart failure,0,"{'pred': [1], 'probs': [[0.30788230895996094, 0.34948641061782837, 0.3426312804222107]], 'pred_prompt': ['H&E stained light micrograph of human cardiac tissue. Based on the image, what is the most likely clinical chronic heart diagnosis? chronic heart failure']}",2.0,pathology,cardiovascular pathology,light microscopy,brightfield microscopy,none
333,classification,"['H&E stained light micrograph of human cardiac tissue. Based on the image, what is the most likely clinical chronic heart diagnosis? not chronic heart failure', 'H&E stained light micrograph of human cardiac tissue. Based on the image, what is the most likely clinical chronic heart diagnosis? chronic heart failure', 'H&E stained light micrograph of human cardiac tissue. Based on the image, what is the most likely clinical chronic heart diagnosis? none of the above']",5def8301-b835-42b2-aeb7-e8e7b60b2b7b,not chronic heart failure,0,"{'pred': [1], 'probs': [[0.305807888507843, 0.40028905868530273, 0.29390302300453186]], 'pred_prompt': ['H&E stained light micrograph of human cardiac tissue. Based on the image, what is the most likely clinical chronic heart diagnosis? chronic heart failure']}",2.0,pathology,cardiovascular pathology,light microscopy,brightfield microscopy,none
334,classification,"['H&E stained light micrograph of human cardiac tissue. Based on the image, what is the most likely clinical chronic heart diagnosis? chronic heart failure', 'H&E stained light micrograph of human cardiac tissue. Based on the image, what is the most likely clinical chronic heart diagnosis? not chronic heart failure', 'H&E stained light micrograph of human cardiac tissue. Based on the image, what is the most likely clinical chronic heart diagnosis? none of the above']",931b515f-ae42-463a-9bb5-0952fbe1b5a5,chronic heart failure,0,"{'pred': [2], 'probs': [[0.35935986042022705, 0.22170452773571014, 0.4189355671405792]], 'pred_prompt': ['H&E stained light micrograph of human cardiac tissue. Based on the image, what is the most likely clinical chronic heart diagnosis? none of the above']}",2.0,pathology,cardiovascular pathology,light microscopy,brightfield microscopy,none
335,classification,"['H&E stained light micrograph of human cardiac tissue. Based on the image, what is the most likely clinical chronic heart diagnosis? not chronic heart failure', 'H&E stained light micrograph of human cardiac tissue. Based on the image, what is the most likely clinical chronic heart diagnosis? chronic heart failure', 'H&E stained light micrograph of human cardiac tissue. Based on the image, what is the most likely clinical chronic heart diagnosis? none of the above']",8e5090f5-9e5f-4d6e-873f-97fcb7c311ca,not chronic heart failure,0,"{'pred': [1], 'probs': [[0.3658435642719269, 0.38434234261512756, 0.24981407821178436]], 'pred_prompt': ['H&E stained light micrograph of human cardiac tissue. Based on the image, what is the most likely clinical chronic heart diagnosis? chronic heart failure']}",2.0,pathology,cardiovascular pathology,light microscopy,brightfield microscopy,none
336,classification,"['H&E stained light micrograph of human cardiac tissue. Based on the image, what is the most likely clinical chronic heart diagnosis? chronic heart failure', 'H&E stained light micrograph of human cardiac tissue. Based on the image, what is the most likely clinical chronic heart diagnosis? not chronic heart failure', 'H&E stained light micrograph of human cardiac tissue. Based on the image, what is the most likely clinical chronic heart diagnosis? none of the above']",a04cdbda-15cb-4606-b44f-c0a641f90ba0,not chronic heart failure,1,"{'pred': [2], 'probs': [[0.3562171757221222, 0.2462770938873291, 0.3975057303905487]], 'pred_prompt': ['H&E stained light micrograph of human cardiac tissue. Based on the image, what is the most likely clinical chronic heart diagnosis? none of the above']}",2.0,pathology,cardiovascular pathology,light microscopy,brightfield microscopy,none
337,classification,"['H&E stained light micrograph of human cardiac tissue. Based on the image, what is the most likely clinical chronic heart diagnosis? chronic heart failure', 'H&E stained light micrograph of human cardiac tissue. Based on the image, what is the most likely clinical chronic heart diagnosis? not chronic heart failure', 'H&E stained light micrograph of human cardiac tissue. Based on the image, what is the most likely clinical chronic heart diagnosis? none of the above']",c8ab25ce-c6ab-43c6-96ed-5ba8f38ce4e3,not chronic heart failure,1,"{'pred': [0], 'probs': [[0.3750539720058441, 0.3280739486217499, 0.2968721091747284]], 'pred_prompt': ['H&E stained light micrograph of human cardiac tissue. Based on the image, what is the most likely clinical chronic heart diagnosis? chronic heart failure']}",2.0,pathology,cardiovascular pathology,light microscopy,brightfield microscopy,none
338,classification,"['H&E stained light micrograph of human cardiac tissue. Based on the image, what is the most likely clinical chronic heart diagnosis? not chronic heart failure', 'H&E stained light micrograph of human cardiac tissue. Based on the image, what is the most likely clinical chronic heart diagnosis? chronic heart failure', 'H&E stained light micrograph of human cardiac tissue. Based on the image, what is the most likely clinical chronic heart diagnosis? none of the above']",6279768b-b73e-4722-b494-76da7276c273,chronic heart failure,1,"{'pred': [1], 'probs': [[0.3031058609485626, 0.41422075033187866, 0.2826734483242035]], 'pred_prompt': ['H&E stained light micrograph of human cardiac tissue. Based on the image, what is the most likely clinical chronic heart diagnosis? chronic heart failure']}",2.0,pathology,cardiovascular pathology,light microscopy,brightfield microscopy,none
339,classification,"['H&E stained light micrograph of human cardiac tissue. Based on the image, what is the most likely clinical chronic heart diagnosis? not chronic heart failure', 'H&E stained light micrograph of human cardiac tissue. Based on the image, what is the most likely clinical chronic heart diagnosis? chronic heart failure', 'H&E stained light micrograph of human cardiac tissue. Based on the image, what is the most likely clinical chronic heart diagnosis? none of the above']",8981c3a4-753f-4704-ac2f-e41b2876a77b,chronic heart failure,1,"{'pred': [2], 'probs': [[0.3265768587589264, 0.30044499039649963, 0.372978150844574]], 'pred_prompt': ['H&E stained light micrograph of human cardiac tissue. Based on the image, what is the most likely clinical chronic heart diagnosis? none of the above']}",2.0,pathology,cardiovascular pathology,light microscopy,brightfield microscopy,none
340,classification,"['H&E stained light micrograph of human cardiac tissue. Based on the image, what is the most likely clinical chronic heart diagnosis? not chronic heart failure', 'H&E stained light micrograph of human cardiac tissue. Based on the image, what is the most likely clinical chronic heart diagnosis? chronic heart failure', 'H&E stained light micrograph of human cardiac tissue. Based on the image, what is the most likely clinical chronic heart diagnosis? none of the above']",9eb6d241-6689-4a38-b9ca-74e6be14f6d2,chronic heart failure,1,"{'pred': [1], 'probs': [[0.3511587679386139, 0.3866918981075287, 0.2621493637561798]], 'pred_prompt': ['H&E stained light micrograph of human cardiac tissue. Based on the image, what is the most likely clinical chronic heart diagnosis? chronic heart failure']}",2.0,pathology,cardiovascular pathology,light microscopy,brightfield microscopy,none
341,classification,"['H&E stained light micrograph of human cardiac tissue. Based on the image, what is the most likely clinical chronic heart diagnosis? chronic heart failure', 'H&E stained light micrograph of human cardiac tissue. Based on the image, what is the most likely clinical chronic heart diagnosis? not chronic heart failure', 'H&E stained light micrograph of human cardiac tissue. Based on the image, what is the most likely clinical chronic heart diagnosis? none of the above']",72df0267-0720-4abe-aeea-2e46695e7a3e,chronic heart failure,0,"{'pred': [2], 'probs': [[0.3432927131652832, 0.30262672901153564, 0.35408058762550354]], 'pred_prompt': ['H&E stained light micrograph of human cardiac tissue. Based on the image, what is the most likely clinical chronic heart diagnosis? none of the above']}",2.0,pathology,cardiovascular pathology,light microscopy,brightfield microscopy,none
342,classification,"['H&E stained light micrograph of human cardiac tissue. Based on the image, what is the most likely clinical chronic heart diagnosis? chronic heart failure', 'H&E stained light micrograph of human cardiac tissue. Based on the image, what is the most likely clinical chronic heart diagnosis? not chronic heart failure', 'H&E stained light micrograph of human cardiac tissue. Based on the image, what is the most likely clinical chronic heart diagnosis? none of the above']",f57c67d4-8ac4-413a-871c-4053c1b7b772,not chronic heart failure,1,"{'pred': [0], 'probs': [[0.3921166956424713, 0.288986474275589, 0.3188968598842621]], 'pred_prompt': ['H&E stained light micrograph of human cardiac tissue. Based on the image, what is the most likely clinical chronic heart diagnosis? chronic heart failure']}",2.0,pathology,cardiovascular pathology,light microscopy,brightfield microscopy,none
343,classification,"['H&E stained light micrograph of human cardiac tissue. Based on the image, what is the most likely clinical chronic heart diagnosis? chronic heart failure', 'H&E stained light micrograph of human cardiac tissue. Based on the image, what is the most likely clinical chronic heart diagnosis? not chronic heart failure', 'H&E stained light micrograph of human cardiac tissue. Based on the image, what is the most likely clinical chronic heart diagnosis? none of the above']",feb8e438-009e-4749-b866-5d4cb65250fc,chronic heart failure,0,"{'pred': [2], 'probs': [[0.3518676459789276, 0.21222428977489471, 0.4359080195426941]], 'pred_prompt': ['H&E stained light micrograph of human cardiac tissue. Based on the image, what is the most likely clinical chronic heart diagnosis? none of the above']}",2.0,pathology,cardiovascular pathology,light microscopy,brightfield microscopy,none
344,classification,"['H&E stained light micrograph of human cardiac tissue. Based on the image, what is the most likely clinical chronic heart diagnosis? chronic heart failure', 'H&E stained light micrograph of human cardiac tissue. Based on the image, what is the most likely clinical chronic heart diagnosis? not chronic heart failure', 'H&E stained light micrograph of human cardiac tissue. Based on the image, what is the most likely clinical chronic heart diagnosis? none of the above']",1de96680-d832-4691-a6ff-8ae1652f21c3,chronic heart failure,0,"{'pred': [2], 'probs': [[0.3499995470046997, 0.24853265285491943, 0.40146785974502563]], 'pred_prompt': ['H&E stained light micrograph of human cardiac tissue. Based on the image, what is the most likely clinical chronic heart diagnosis? none of the above']}",2.0,pathology,cardiovascular pathology,light microscopy,brightfield microscopy,none
345,classification,"['H&E stained light micrograph of human cardiac tissue. Based on the image, what is the most likely clinical chronic heart diagnosis? chronic heart failure', 'H&E stained light micrograph of human cardiac tissue. Based on the image, what is the most likely clinical chronic heart diagnosis? not chronic heart failure', 'H&E stained light micrograph of human cardiac tissue. Based on the image, what is the most likely clinical chronic heart diagnosis? none of the above']",80e08b18-1103-4d99-affb-040ce33a43c2,not chronic heart failure,1,"{'pred': [0], 'probs': [[0.38624897599220276, 0.36169201135635376, 0.25205904245376587]], 'pred_prompt': ['H&E stained light micrograph of human cardiac tissue. Based on the image, what is the most likely clinical chronic heart diagnosis? chronic heart failure']}",2.0,pathology,cardiovascular pathology,light microscopy,brightfield microscopy,none
346,classification,"['H&E stained light micrograph of human cardiac tissue. Based on the image, what is the most likely clinical chronic heart diagnosis? chronic heart failure', 'H&E stained light micrograph of human cardiac tissue. Based on the image, what is the most likely clinical chronic heart diagnosis? not chronic heart failure', 'H&E stained light micrograph of human cardiac tissue. Based on the image, what is the most likely clinical chronic heart diagnosis? none of the above']",8bc096af-64dd-4283-9140-07fdd5d707a0,chronic heart failure,0,"{'pred': [0], 'probs': [[0.4286159873008728, 0.25144127011299133, 0.3199427127838135]], 'pred_prompt': ['H&E stained light micrograph of human cardiac tissue. Based on the image, what is the most likely clinical chronic heart diagnosis? chronic heart failure']}",2.0,pathology,cardiovascular pathology,light microscopy,brightfield microscopy,none
347,classification,"['H&E stained light micrograph of human cardiac tissue. Based on the image, what is the most likely clinical chronic heart diagnosis? chronic heart failure', 'H&E stained light micrograph of human cardiac tissue. Based on the image, what is the most likely clinical chronic heart diagnosis? not chronic heart failure', 'H&E stained light micrograph of human cardiac tissue. Based on the image, what is the most likely clinical chronic heart diagnosis? none of the above']",2971e184-2492-4844-8045-57359cf02d6d,chronic heart failure,0,"{'pred': [0], 'probs': [[0.35779187083244324, 0.34709611535072327, 0.2951120436191559]], 'pred_prompt': ['H&E stained light micrograph of human cardiac tissue. Based on the image, what is the most likely clinical chronic heart diagnosis? chronic heart failure']}",2.0,pathology,cardiovascular pathology,light microscopy,brightfield microscopy,none
348,classification,"['H&E stained light micrograph of human cardiac tissue. Based on the image, what is the most likely clinical chronic heart diagnosis? chronic heart failure', 'H&E stained light micrograph of human cardiac tissue. Based on the image, what is the most likely clinical chronic heart diagnosis? not chronic heart failure', 'H&E stained light micrograph of human cardiac tissue. Based on the image, what is the most likely clinical chronic heart diagnosis? none of the above']",e06ed3fb-e01b-4e4f-a3f0-d848ad36064d,chronic heart failure,0,"{'pred': [0], 'probs': [[0.39076536893844604, 0.2865528166294098, 0.32268181443214417]], 'pred_prompt': ['H&E stained light micrograph of human cardiac tissue. Based on the image, what is the most likely clinical chronic heart diagnosis? chronic heart failure']}",2.0,pathology,cardiovascular pathology,light microscopy,brightfield microscopy,none
349,classification,"['H&E stained light micrograph of human cardiac tissue. Based on the image, what is the most likely clinical chronic heart diagnosis? chronic heart failure', 'H&E stained light micrograph of human cardiac tissue. Based on the image, what is the most likely clinical chronic heart diagnosis? not chronic heart failure', 'H&E stained light micrograph of human cardiac tissue. Based on the image, what is the most likely clinical chronic heart diagnosis? none of the above']",b0e0807b-1c40-4b54-ac15-70dea2ba32e7,not chronic heart failure,1,"{'pred': [0], 'probs': [[0.35848066210746765, 0.3470672369003296, 0.29445213079452515]], 'pred_prompt': ['H&E stained light micrograph of human cardiac tissue. Based on the image, what is the most likely clinical chronic heart diagnosis? chronic heart failure']}",2.0,pathology,cardiovascular pathology,light microscopy,brightfield microscopy,none
350,classification,"['H&E stained light micrograph of human cardiac tissue. Based on the image, what is the most likely clinical chronic heart diagnosis? not chronic heart failure', 'H&E stained light micrograph of human cardiac tissue. Based on the image, what is the most likely clinical chronic heart diagnosis? chronic heart failure', 'H&E stained light micrograph of human cardiac tissue. Based on the image, what is the most likely clinical chronic heart diagnosis? none of the above']",5f41eab2-c20e-4a8d-99c4-f7c1ec0028a6,not chronic heart failure,0,"{'pred': [1], 'probs': [[0.32449662685394287, 0.345730721950531, 0.3297727108001709]], 'pred_prompt': ['H&E stained light micrograph of human cardiac tissue. Based on the image, what is the most likely clinical chronic heart diagnosis? chronic heart failure']}",2.0,pathology,cardiovascular pathology,light microscopy,brightfield microscopy,none
351,classification,"['H&E stained light micrograph of human cardiac tissue. Based on the image, what is the most likely clinical chronic heart diagnosis? chronic heart failure', 'H&E stained light micrograph of human cardiac tissue. Based on the image, what is the most likely clinical chronic heart diagnosis? not chronic heart failure', 'H&E stained light micrograph of human cardiac tissue. Based on the image, what is the most likely clinical chronic heart diagnosis? none of the above']",66f962c0-a314-4947-b307-49132d030f75,chronic heart failure,0,"{'pred': [0], 'probs': [[0.35283705592155457, 0.3236876428127289, 0.32347530126571655]], 'pred_prompt': ['H&E stained light micrograph of human cardiac tissue. Based on the image, what is the most likely clinical chronic heart diagnosis? chronic heart failure']}",2.0,pathology,cardiovascular pathology,light microscopy,brightfield microscopy,none
352,classification,"['H&E stained light micrograph of human cardiac tissue. Based on the image, what is the most likely clinical chronic heart diagnosis? not chronic heart failure', 'H&E stained light micrograph of human cardiac tissue. Based on the image, what is the most likely clinical chronic heart diagnosis? chronic heart failure', 'H&E stained light micrograph of human cardiac tissue. Based on the image, what is the most likely clinical chronic heart diagnosis? none of the above']",603b8f30-2e98-43f7-9184-7e4a8daaafc1,not chronic heart failure,0,"{'pred': [1], 'probs': [[0.3306501507759094, 0.39677032828330994, 0.27257949113845825]], 'pred_prompt': ['H&E stained light micrograph of human cardiac tissue. Based on the image, what is the most likely clinical chronic heart diagnosis? chronic heart failure']}",2.0,pathology,cardiovascular pathology,light microscopy,brightfield microscopy,none
353,classification,"['H&E stained light micrograph of human cardiac tissue. Based on the image, what is the most likely clinical chronic heart diagnosis? not chronic heart failure', 'H&E stained light micrograph of human cardiac tissue. Based on the image, what is the most likely clinical chronic heart diagnosis? chronic heart failure', 'H&E stained light micrograph of human cardiac tissue. Based on the image, what is the most likely clinical chronic heart diagnosis? none of the above']",11afdc85-dd86-4143-aa78-58686f9e36ea,not chronic heart failure,0,"{'pred': [2], 'probs': [[0.3113279342651367, 0.28678464889526367, 0.401887446641922]], 'pred_prompt': ['H&E stained light micrograph of human cardiac tissue. Based on the image, what is the most likely clinical chronic heart diagnosis? none of the above']}",2.0,pathology,cardiovascular pathology,light microscopy,brightfield microscopy,none
354,classification,"['H&E stained light micrograph of human cardiac tissue. Based on the image, what is the most likely clinical chronic heart diagnosis? not chronic heart failure', 'H&E stained light micrograph of human cardiac tissue. Based on the image, what is the most likely clinical chronic heart diagnosis? chronic heart failure', 'H&E stained light micrograph of human cardiac tissue. Based on the image, what is the most likely clinical chronic heart diagnosis? none of the above']",0438d11d-9ee2-439f-a54d-1b39dad089ed,not chronic heart failure,0,"{'pred': [1], 'probs': [[0.330193430185318, 0.35029909014701843, 0.3195074796676636]], 'pred_prompt': ['H&E stained light micrograph of human cardiac tissue. Based on the image, what is the most likely clinical chronic heart diagnosis? chronic heart failure']}",2.0,pathology,cardiovascular pathology,light microscopy,brightfield microscopy,none
355,classification,"['H&E stained light micrograph of human cardiac tissue. Based on the image, what is the most likely clinical chronic heart diagnosis? not chronic heart failure', 'H&E stained light micrograph of human cardiac tissue. Based on the image, what is the most likely clinical chronic heart diagnosis? chronic heart failure', 'H&E stained light micrograph of human cardiac tissue. Based on the image, what is the most likely clinical chronic heart diagnosis? none of the above']",aa46b59a-9ae2-407e-b694-9c64d4370a55,not chronic heart failure,0,"{'pred': [2], 'probs': [[0.2716849744319916, 0.3211873173713684, 0.4071277379989624]], 'pred_prompt': ['H&E stained light micrograph of human cardiac tissue. Based on the image, what is the most likely clinical chronic heart diagnosis? none of the above']}",2.0,pathology,cardiovascular pathology,light microscopy,brightfield microscopy,none
356,classification,"['H&E stained light micrograph of human cardiac tissue. Based on the image, what is the most likely clinical chronic heart diagnosis? chronic heart failure', 'H&E stained light micrograph of human cardiac tissue. Based on the image, what is the most likely clinical chronic heart diagnosis? not chronic heart failure', 'H&E stained light micrograph of human cardiac tissue. Based on the image, what is the most likely clinical chronic heart diagnosis? none of the above']",fb5e9886-ad80-422f-ba52-5bf1505f8672,not chronic heart failure,1,"{'pred': [2], 'probs': [[0.342459112405777, 0.2534215748310089, 0.4041192829608917]], 'pred_prompt': ['H&E stained light micrograph of human cardiac tissue. Based on the image, what is the most likely clinical chronic heart diagnosis? none of the above']}",2.0,pathology,cardiovascular pathology,light microscopy,brightfield microscopy,none
357,classification,"['H&E stained light micrograph of human cardiac tissue. Based on the image, what is the most likely clinical chronic heart diagnosis? chronic heart failure', 'H&E stained light micrograph of human cardiac tissue. Based on the image, what is the most likely clinical chronic heart diagnosis? not chronic heart failure', 'H&E stained light micrograph of human cardiac tissue. Based on the image, what is the most likely clinical chronic heart diagnosis? none of the above']",70024f3f-c86f-4640-8a69-29e0786a00ab,chronic heart failure,0,"{'pred': [0], 'probs': [[0.41668710112571716, 0.3325720429420471, 0.2507408857345581]], 'pred_prompt': ['H&E stained light micrograph of human cardiac tissue. Based on the image, what is the most likely clinical chronic heart diagnosis? chronic heart failure']}",2.0,pathology,cardiovascular pathology,light microscopy,brightfield microscopy,none
358,classification,"['H&E stained light micrograph of human cardiac tissue. Based on the image, what is the most likely clinical chronic heart diagnosis? not chronic heart failure', 'H&E stained light micrograph of human cardiac tissue. Based on the image, what is the most likely clinical chronic heart diagnosis? chronic heart failure', 'H&E stained light micrograph of human cardiac tissue. Based on the image, what is the most likely clinical chronic heart diagnosis? none of the above']",61aa3a78-4dab-4c5c-b445-95503b4e3366,not chronic heart failure,0,"{'pred': [1], 'probs': [[0.3414873480796814, 0.35064995288848877, 0.30786269903182983]], 'pred_prompt': ['H&E stained light micrograph of human cardiac tissue. Based on the image, what is the most likely clinical chronic heart diagnosis? chronic heart failure']}",2.0,pathology,cardiovascular pathology,light microscopy,brightfield microscopy,none
359,classification,"['H&E stained light micrograph of human cardiac tissue. Based on the image, what is the most likely clinical chronic heart diagnosis? chronic heart failure', 'H&E stained light micrograph of human cardiac tissue. Based on the image, what is the most likely clinical chronic heart diagnosis? not chronic heart failure', 'H&E stained light micrograph of human cardiac tissue. Based on the image, what is the most likely clinical chronic heart diagnosis? none of the above']",5252680e-c437-4155-af47-d38659e8dd68,chronic heart failure,0,"{'pred': [2], 'probs': [[0.2969028353691101, 0.23914305865764618, 0.46395403146743774]], 'pred_prompt': ['H&E stained light micrograph of human cardiac tissue. Based on the image, what is the most likely clinical chronic heart diagnosis? none of the above']}",2.0,pathology,cardiovascular pathology,light microscopy,brightfield microscopy,none
360,classification,"['H&E stained light micrograph of human cardiac tissue. Based on the image, what is the most likely clinical chronic heart diagnosis? not chronic heart failure', 'H&E stained light micrograph of human cardiac tissue. Based on the image, what is the most likely clinical chronic heart diagnosis? chronic heart failure', 'H&E stained light micrograph of human cardiac tissue. Based on the image, what is the most likely clinical chronic heart diagnosis? none of the above']",4b322950-4136-4e02-8a1a-a0a91e5412be,chronic heart failure,1,"{'pred': [2], 'probs': [[0.29399698972702026, 0.3447086811065674, 0.36129432916641235]], 'pred_prompt': ['H&E stained light micrograph of human cardiac tissue. Based on the image, what is the most likely clinical chronic heart diagnosis? none of the above']}",2.0,pathology,cardiovascular pathology,light microscopy,brightfield microscopy,none
361,classification,"['H&E stained light micrograph of human cardiac tissue. Based on the image, what is the most likely clinical chronic heart diagnosis? not chronic heart failure', 'H&E stained light micrograph of human cardiac tissue. Based on the image, what is the most likely clinical chronic heart diagnosis? chronic heart failure', 'H&E stained light micrograph of human cardiac tissue. Based on the image, what is the most likely clinical chronic heart diagnosis? none of the above']",b6fca0bb-f16e-46ff-88e0-3330ea3bcb06,not chronic heart failure,0,"{'pred': [1], 'probs': [[0.3350087106227875, 0.4362674951553345, 0.22872377932071686]], 'pred_prompt': ['H&E stained light micrograph of human cardiac tissue. Based on the image, what is the most likely clinical chronic heart diagnosis? chronic heart failure']}",2.0,pathology,cardiovascular pathology,light microscopy,brightfield microscopy,none
362,classification,"['H&E stained light micrograph of human cardiac tissue. Based on the image, what is the most likely clinical chronic heart diagnosis? chronic heart failure', 'H&E stained light micrograph of human cardiac tissue. Based on the image, what is the most likely clinical chronic heart diagnosis? not chronic heart failure', 'H&E stained light micrograph of human cardiac tissue. Based on the image, what is the most likely clinical chronic heart diagnosis? none of the above']",affdf935-6dff-4ba9-9e16-68caa02fd1d8,chronic heart failure,0,"{'pred': [2], 'probs': [[0.2640925943851471, 0.306362122297287, 0.42954525351524353]], 'pred_prompt': ['H&E stained light micrograph of human cardiac tissue. Based on the image, what is the most likely clinical chronic heart diagnosis? none of the above']}",2.0,pathology,cardiovascular pathology,light microscopy,brightfield microscopy,none
363,classification,"['H&E stained light micrograph of human cardiac tissue. Based on the image, what is the most likely clinical chronic heart diagnosis? chronic heart failure', 'H&E stained light micrograph of human cardiac tissue. Based on the image, what is the most likely clinical chronic heart diagnosis? not chronic heart failure', 'H&E stained light micrograph of human cardiac tissue. Based on the image, what is the most likely clinical chronic heart diagnosis? none of the above']",c6b71ff9-3704-4b83-9899-946f570df4ec,not chronic heart failure,1,"{'pred': [0], 'probs': [[0.3605746924877167, 0.33350759744644165, 0.30591773986816406]], 'pred_prompt': ['H&E stained light micrograph of human cardiac tissue. Based on the image, what is the most likely clinical chronic heart diagnosis? chronic heart failure']}",2.0,pathology,cardiovascular pathology,light microscopy,brightfield microscopy,none
364,classification,"['H&E stained light micrograph of human cardiac tissue. Based on the image, what is the most likely clinical chronic heart diagnosis? not chronic heart failure', 'H&E stained light micrograph of human cardiac tissue. Based on the image, what is the most likely clinical chronic heart diagnosis? chronic heart failure', 'H&E stained light micrograph of human cardiac tissue. Based on the image, what is the most likely clinical chronic heart diagnosis? none of the above']",8f97f91c-b9ce-4dce-abe9-f322dbf21f2f,not chronic heart failure,0,"{'pred': [1], 'probs': [[0.33945712447166443, 0.35053202509880066, 0.3100108802318573]], 'pred_prompt': ['H&E stained light micrograph of human cardiac tissue. Based on the image, what is the most likely clinical chronic heart diagnosis? chronic heart failure']}",2.0,pathology,cardiovascular pathology,light microscopy,brightfield microscopy,none
365,classification,"['H&E stained light micrograph of human cardiac tissue. Based on the image, what is the most likely clinical chronic heart diagnosis? not chronic heart failure', 'H&E stained light micrograph of human cardiac tissue. Based on the image, what is the most likely clinical chronic heart diagnosis? chronic heart failure', 'H&E stained light micrograph of human cardiac tissue. Based on the image, what is the most likely clinical chronic heart diagnosis? none of the above']",d33a1f02-688d-4b22-ae80-c314e884fec8,chronic heart failure,1,"{'pred': [2], 'probs': [[0.20586012303829193, 0.37930983304977417, 0.4148300886154175]], 'pred_prompt': ['H&E stained light micrograph of human cardiac tissue. Based on the image, what is the most likely clinical chronic heart diagnosis? none of the above']}",2.0,pathology,cardiovascular pathology,light microscopy,brightfield microscopy,none
366,classification,"['H&E stained light micrograph of human cardiac tissue. Based on the image, what is the most likely clinical chronic heart diagnosis? not chronic heart failure', 'H&E stained light micrograph of human cardiac tissue. Based on the image, what is the most likely clinical chronic heart diagnosis? chronic heart failure', 'H&E stained light micrograph of human cardiac tissue. Based on the image, what is the most likely clinical chronic heart diagnosis? none of the above']",910fa64c-1302-4d88-8f97-e5e22062f3fb,chronic heart failure,1,"{'pred': [2], 'probs': [[0.3140733242034912, 0.3375716209411621, 0.3483550548553467]], 'pred_prompt': ['H&E stained light micrograph of human cardiac tissue. Based on the image, what is the most likely clinical chronic heart diagnosis? none of the above']}",2.0,pathology,cardiovascular pathology,light microscopy,brightfield microscopy,none
367,classification,"['H&E stained light micrograph of human cardiac tissue. Based on the image, what is the most likely clinical chronic heart diagnosis? chronic heart failure', 'H&E stained light micrograph of human cardiac tissue. Based on the image, what is the most likely clinical chronic heart diagnosis? not chronic heart failure', 'H&E stained light micrograph of human cardiac tissue. Based on the image, what is the most likely clinical chronic heart diagnosis? none of the above']",0ff68e4b-19fc-4831-9e4d-01d929fef775,not chronic heart failure,1,"{'pred': [1], 'probs': [[0.31864917278289795, 0.34756091237068176, 0.3337899148464203]], 'pred_prompt': ['H&E stained light micrograph of human cardiac tissue. Based on the image, what is the most likely clinical chronic heart diagnosis? not chronic heart failure']}",2.0,pathology,cardiovascular pathology,light microscopy,brightfield microscopy,none
368,classification,"['H&E stained light micrograph of human cardiac tissue. Based on the image, what is the most likely clinical chronic heart diagnosis? chronic heart failure', 'H&E stained light micrograph of human cardiac tissue. Based on the image, what is the most likely clinical chronic heart diagnosis? not chronic heart failure', 'H&E stained light micrograph of human cardiac tissue. Based on the image, what is the most likely clinical chronic heart diagnosis? none of the above']",97c5d5a6-a97d-4161-917b-09bcdb7e4cf4,not chronic heart failure,1,"{'pred': [0], 'probs': [[0.3681153655052185, 0.29856187105178833, 0.33332276344299316]], 'pred_prompt': ['H&E stained light micrograph of human cardiac tissue. Based on the image, what is the most likely clinical chronic heart diagnosis? chronic heart failure']}",2.0,pathology,cardiovascular pathology,light microscopy,brightfield microscopy,none
369,classification,"['H&E stained light micrograph of human cardiac tissue. Based on the image, what is the most likely clinical chronic heart diagnosis? chronic heart failure', 'H&E stained light micrograph of human cardiac tissue. Based on the image, what is the most likely clinical chronic heart diagnosis? not chronic heart failure', 'H&E stained light micrograph of human cardiac tissue. Based on the image, what is the most likely clinical chronic heart diagnosis? none of the above']",bf99f344-733c-47d9-940b-f1e024e6db16,not chronic heart failure,1,"{'pred': [0], 'probs': [[0.3658851683139801, 0.34628230333328247, 0.2878325581550598]], 'pred_prompt': ['H&E stained light micrograph of human cardiac tissue. Based on the image, what is the most likely clinical chronic heart diagnosis? chronic heart failure']}",2.0,pathology,cardiovascular pathology,light microscopy,brightfield microscopy,none
370,classification,"['H&E stained light micrograph of human cardiac tissue. Based on the image, what is the most likely clinical chronic heart diagnosis? chronic heart failure', 'H&E stained light micrograph of human cardiac tissue. Based on the image, what is the most likely clinical chronic heart diagnosis? not chronic heart failure', 'H&E stained light micrograph of human cardiac tissue. Based on the image, what is the most likely clinical chronic heart diagnosis? none of the above']",f622bb86-9879-4ba1-af93-81f15571e1fc,chronic heart failure,0,"{'pred': [2], 'probs': [[0.37980058789253235, 0.208046093583107, 0.41215330362319946]], 'pred_prompt': ['H&E stained light micrograph of human cardiac tissue. Based on the image, what is the most likely clinical chronic heart diagnosis? none of the above']}",2.0,pathology,cardiovascular pathology,light microscopy,brightfield microscopy,none
371,classification,"['H&E stained light micrograph of human cardiac tissue. Based on the image, what is the most likely clinical chronic heart diagnosis? not chronic heart failure', 'H&E stained light micrograph of human cardiac tissue. Based on the image, what is the most likely clinical chronic heart diagnosis? chronic heart failure', 'H&E stained light micrograph of human cardiac tissue. Based on the image, what is the most likely clinical chronic heart diagnosis? none of the above']",77a5ff28-c0cb-4ba8-9388-62fb4dc03228,chronic heart failure,1,"{'pred': [2], 'probs': [[0.25076770782470703, 0.3352290987968445, 0.4140031933784485]], 'pred_prompt': ['H&E stained light micrograph of human cardiac tissue. Based on the image, what is the most likely clinical chronic heart diagnosis? none of the above']}",2.0,pathology,cardiovascular pathology,light microscopy,brightfield microscopy,none
372,classification,"['H&E stained light micrograph of human cardiac tissue. Based on the image, what is the most likely clinical chronic heart diagnosis? not chronic heart failure', 'H&E stained light micrograph of human cardiac tissue. Based on the image, what is the most likely clinical chronic heart diagnosis? chronic heart failure', 'H&E stained light micrograph of human cardiac tissue. Based on the image, what is the most likely clinical chronic heart diagnosis? none of the above']",c8b0f100-42f5-4703-94c6-a2b88d8a0f76,chronic heart failure,1,"{'pred': [1], 'probs': [[0.246893972158432, 0.38200175762176514, 0.37110427021980286]], 'pred_prompt': ['H&E stained light micrograph of human cardiac tissue. Based on the image, what is the most likely clinical chronic heart diagnosis? chronic heart failure']}",2.0,pathology,cardiovascular pathology,light microscopy,brightfield microscopy,none
373,classification,"['H&E stained light micrograph of human cardiac tissue. Based on the image, what is the most likely clinical chronic heart diagnosis? not chronic heart failure', 'H&E stained light micrograph of human cardiac tissue. Based on the image, what is the most likely clinical chronic heart diagnosis? chronic heart failure', 'H&E stained light micrograph of human cardiac tissue. Based on the image, what is the most likely clinical chronic heart diagnosis? none of the above']",c0125e6c-a740-4814-9612-b0e646daf0cf,not chronic heart failure,0,"{'pred': [1], 'probs': [[0.3160678744316101, 0.3887789845466614, 0.2951532006263733]], 'pred_prompt': ['H&E stained light micrograph of human cardiac tissue. Based on the image, what is the most likely clinical chronic heart diagnosis? chronic heart failure']}",2.0,pathology,cardiovascular pathology,light microscopy,brightfield microscopy,none
374,classification,"['H&E stained light micrograph of human cardiac tissue. Based on the image, what is the most likely clinical chronic heart diagnosis? not chronic heart failure', 'H&E stained light micrograph of human cardiac tissue. Based on the image, what is the most likely clinical chronic heart diagnosis? chronic heart failure', 'H&E stained light micrograph of human cardiac tissue. Based on the image, what is the most likely clinical chronic heart diagnosis? none of the above']",9679ddf5-f986-4c58-a00b-049a98b5293a,chronic heart failure,1,"{'pred': [1], 'probs': [[0.26904866099357605, 0.44829830527305603, 0.28265300393104553]], 'pred_prompt': ['H&E stained light micrograph of human cardiac tissue. Based on the image, what is the most likely clinical chronic heart diagnosis? chronic heart failure']}",2.0,pathology,cardiovascular pathology,light microscopy,brightfield microscopy,none
375,classification,"['H&E stained light micrograph of human cardiac tissue. Based on the image, what is the most likely clinical chronic heart diagnosis? chronic heart failure', 'H&E stained light micrograph of human cardiac tissue. Based on the image, what is the most likely clinical chronic heart diagnosis? not chronic heart failure', 'H&E stained light micrograph of human cardiac tissue. Based on the image, what is the most likely clinical chronic heart diagnosis? none of the above']",84997b46-6205-47ca-8f4b-53800aa9cc73,chronic heart failure,0,"{'pred': [2], 'probs': [[0.2763599753379822, 0.22421416640281677, 0.49942588806152344]], 'pred_prompt': ['H&E stained light micrograph of human cardiac tissue. Based on the image, what is the most likely clinical chronic heart diagnosis? none of the above']}",2.0,pathology,cardiovascular pathology,light microscopy,brightfield microscopy,none
376,classification,"['H&E stained light micrograph of human cardiac tissue. Based on the image, what is the most likely clinical chronic heart diagnosis? chronic heart failure', 'H&E stained light micrograph of human cardiac tissue. Based on the image, what is the most likely clinical chronic heart diagnosis? not chronic heart failure', 'H&E stained light micrograph of human cardiac tissue. Based on the image, what is the most likely clinical chronic heart diagnosis? none of the above']",ce413b9a-9f8c-4ea7-87d2-f9b01b881b27,not chronic heart failure,1,"{'pred': [2], 'probs': [[0.3427877724170685, 0.3124691843986511, 0.344743013381958]], 'pred_prompt': ['H&E stained light micrograph of human cardiac tissue. Based on the image, what is the most likely clinical chronic heart diagnosis? none of the above']}",2.0,pathology,cardiovascular pathology,light microscopy,brightfield microscopy,none
377,classification,"['H&E stained light micrograph of human cardiac tissue. Based on the image, what is the most likely clinical chronic heart diagnosis? not chronic heart failure', 'H&E stained light micrograph of human cardiac tissue. Based on the image, what is the most likely clinical chronic heart diagnosis? chronic heart failure', 'H&E stained light micrograph of human cardiac tissue. Based on the image, what is the most likely clinical chronic heart diagnosis? none of the above']",37cc6181-74b6-4fa7-b5f0-0494d7087625,not chronic heart failure,0,"{'pred': [1], 'probs': [[0.31843119859695435, 0.40936532616615295, 0.2722034454345703]], 'pred_prompt': ['H&E stained light micrograph of human cardiac tissue. Based on the image, what is the most likely clinical chronic heart diagnosis? chronic heart failure']}",2.0,pathology,cardiovascular pathology,light microscopy,brightfield microscopy,none
378,classification,"['H&E stained light micrograph of human cardiac tissue. Based on the image, what is the most likely clinical chronic heart diagnosis? chronic heart failure', 'H&E stained light micrograph of human cardiac tissue. Based on the image, what is the most likely clinical chronic heart diagnosis? not chronic heart failure', 'H&E stained light micrograph of human cardiac tissue. Based on the image, what is the most likely clinical chronic heart diagnosis? none of the above']",cd40080f-d386-44a4-835d-44309b17c126,chronic heart failure,0,"{'pred': [0], 'probs': [[0.3817901015281677, 0.33336296677589417, 0.2848469018936157]], 'pred_prompt': ['H&E stained light micrograph of human cardiac tissue. Based on the image, what is the most likely clinical chronic heart diagnosis? chronic heart failure']}",2.0,pathology,cardiovascular pathology,light microscopy,brightfield microscopy,none
379,classification,"['H&E stained light micrograph of human cardiac tissue. Based on the image, what is the most likely clinical chronic heart diagnosis? chronic heart failure', 'H&E stained light micrograph of human cardiac tissue. Based on the image, what is the most likely clinical chronic heart diagnosis? not chronic heart failure', 'H&E stained light micrograph of human cardiac tissue. Based on the image, what is the most likely clinical chronic heart diagnosis? none of the above']",2af7e79c-8d43-4d7c-ac27-c3ae445c1a08,chronic heart failure,0,"{'pred': [0], 'probs': [[0.4117332994937897, 0.2744828462600708, 0.3137838840484619]], 'pred_prompt': ['H&E stained light micrograph of human cardiac tissue. Based on the image, what is the most likely clinical chronic heart diagnosis? chronic heart failure']}",2.0,pathology,cardiovascular pathology,light microscopy,brightfield microscopy,none
380,classification,"['H&E stained light micrograph of human cardiac tissue. Based on the image, what is the most likely clinical chronic heart diagnosis? not chronic heart failure', 'H&E stained light micrograph of human cardiac tissue. Based on the image, what is the most likely clinical chronic heart diagnosis? chronic heart failure', 'H&E stained light micrograph of human cardiac tissue. Based on the image, what is the most likely clinical chronic heart diagnosis? none of the above']",7767a5db-c308-427c-a8c3-89eb3afd473e,not chronic heart failure,0,"{'pred': [2], 'probs': [[0.2635706663131714, 0.3044333755970001, 0.4319959878921509]], 'pred_prompt': ['H&E stained light micrograph of human cardiac tissue. Based on the image, what is the most likely clinical chronic heart diagnosis? none of the above']}",2.0,pathology,cardiovascular pathology,light microscopy,brightfield microscopy,none
381,classification,"['H&E stained light micrograph of human cardiac tissue. Based on the image, what is the most likely clinical chronic heart diagnosis? not chronic heart failure', 'H&E stained light micrograph of human cardiac tissue. Based on the image, what is the most likely clinical chronic heart diagnosis? chronic heart failure', 'H&E stained light micrograph of human cardiac tissue. Based on the image, what is the most likely clinical chronic heart diagnosis? none of the above']",b69b9639-3947-453b-9684-db8d839f1ebc,chronic heart failure,1,"{'pred': [1], 'probs': [[0.3768330216407776, 0.3772789239883423, 0.2458880990743637]], 'pred_prompt': ['H&E stained light micrograph of human cardiac tissue. Based on the image, what is the most likely clinical chronic heart diagnosis? chronic heart failure']}",2.0,pathology,cardiovascular pathology,light microscopy,brightfield microscopy,none
382,classification,"['H&E stained light micrograph of human cardiac tissue. Based on the image, what is the most likely clinical chronic heart diagnosis? not chronic heart failure', 'H&E stained light micrograph of human cardiac tissue. Based on the image, what is the most likely clinical chronic heart diagnosis? chronic heart failure', 'H&E stained light micrograph of human cardiac tissue. Based on the image, what is the most likely clinical chronic heart diagnosis? none of the above']",b6444e6e-454a-45d7-8d32-458c1ec61ea1,chronic heart failure,1,"{'pred': [2], 'probs': [[0.30197998881340027, 0.34600916504859924, 0.3520108163356781]], 'pred_prompt': ['H&E stained light micrograph of human cardiac tissue. Based on the image, what is the most likely clinical chronic heart diagnosis? none of the above']}",2.0,pathology,cardiovascular pathology,light microscopy,brightfield microscopy,none
383,classification,"['H&E stained light micrograph of human cardiac tissue. Based on the image, what is the most likely clinical chronic heart diagnosis? chronic heart failure', 'H&E stained light micrograph of human cardiac tissue. Based on the image, what is the most likely clinical chronic heart diagnosis? not chronic heart failure', 'H&E stained light micrograph of human cardiac tissue. Based on the image, what is the most likely clinical chronic heart diagnosis? none of the above']",4b72d91d-4673-4d03-80c8-6183b04a1553,not chronic heart failure,1,"{'pred': [0], 'probs': [[0.34548869729042053, 0.32882484793663025, 0.3256864845752716]], 'pred_prompt': ['H&E stained light micrograph of human cardiac tissue. Based on the image, what is the most likely clinical chronic heart diagnosis? chronic heart failure']}",2.0,pathology,cardiovascular pathology,light microscopy,brightfield microscopy,none
384,classification,"['H&E stained light micrograph of human cardiac tissue. Based on the image, what is the most likely clinical chronic heart diagnosis? chronic heart failure', 'H&E stained light micrograph of human cardiac tissue. Based on the image, what is the most likely clinical chronic heart diagnosis? not chronic heart failure', 'H&E stained light micrograph of human cardiac tissue. Based on the image, what is the most likely clinical chronic heart diagnosis? none of the above']",01d8ba9d-2341-4a3e-b098-99e8658936ba,not chronic heart failure,1,"{'pred': [0], 'probs': [[0.3888280689716339, 0.35921233892440796, 0.2519596219062805]], 'pred_prompt': ['H&E stained light micrograph of human cardiac tissue. Based on the image, what is the most likely clinical chronic heart diagnosis? chronic heart failure']}",2.0,pathology,cardiovascular pathology,light microscopy,brightfield microscopy,none
385,classification,"['H&E stained light micrograph of human cardiac tissue. Based on the image, what is the most likely clinical chronic heart diagnosis? chronic heart failure', 'H&E stained light micrograph of human cardiac tissue. Based on the image, what is the most likely clinical chronic heart diagnosis? not chronic heart failure', 'H&E stained light micrograph of human cardiac tissue. Based on the image, what is the most likely clinical chronic heart diagnosis? none of the above']",af7b023e-3a59-4f2a-a2c1-f728312ea44d,not chronic heart failure,1,"{'pred': [2], 'probs': [[0.2948627769947052, 0.2614273428916931, 0.4437098801136017]], 'pred_prompt': ['H&E stained light micrograph of human cardiac tissue. Based on the image, what is the most likely clinical chronic heart diagnosis? none of the above']}",2.0,pathology,cardiovascular pathology,light microscopy,brightfield microscopy,none
386,classification,"['H&E stained light micrograph of human cardiac tissue. Based on the image, what is the most likely clinical chronic heart diagnosis? chronic heart failure', 'H&E stained light micrograph of human cardiac tissue. Based on the image, what is the most likely clinical chronic heart diagnosis? not chronic heart failure', 'H&E stained light micrograph of human cardiac tissue. Based on the image, what is the most likely clinical chronic heart diagnosis? none of the above']",0e6e7fa2-1ead-4139-9c20-c4b222af4813,not chronic heart failure,1,"{'pred': [0], 'probs': [[0.3874657154083252, 0.3296492099761963, 0.2828850746154785]], 'pred_prompt': ['H&E stained light micrograph of human cardiac tissue. Based on the image, what is the most likely clinical chronic heart diagnosis? chronic heart failure']}",2.0,pathology,cardiovascular pathology,light microscopy,brightfield microscopy,none
387,classification,"['H&E stained light micrograph of human cardiac tissue. Based on the image, what is the most likely clinical chronic heart diagnosis? chronic heart failure', 'H&E stained light micrograph of human cardiac tissue. Based on the image, what is the most likely clinical chronic heart diagnosis? not chronic heart failure', 'H&E stained light micrograph of human cardiac tissue. Based on the image, what is the most likely clinical chronic heart diagnosis? none of the above']",cfbed959-b51e-4d8d-a079-933c9abf7bdc,not chronic heart failure,1,"{'pred': [0], 'probs': [[0.3511982262134552, 0.33733201026916504, 0.31146976351737976]], 'pred_prompt': ['H&E stained light micrograph of human cardiac tissue. Based on the image, what is the most likely clinical chronic heart diagnosis? chronic heart failure']}",2.0,pathology,cardiovascular pathology,light microscopy,brightfield microscopy,none
388,classification,"['H&E stained light micrograph of human cardiac tissue. Based on the image, what is the most likely clinical chronic heart diagnosis? not chronic heart failure', 'H&E stained light micrograph of human cardiac tissue. Based on the image, what is the most likely clinical chronic heart diagnosis? chronic heart failure', 'H&E stained light micrograph of human cardiac tissue. Based on the image, what is the most likely clinical chronic heart diagnosis? none of the above']",4707a43b-ed98-4833-b28a-3463897fed27,chronic heart failure,1,"{'pred': [1], 'probs': [[0.2992520034313202, 0.4053894281387329, 0.2953585684299469]], 'pred_prompt': ['H&E stained light micrograph of human cardiac tissue. Based on the image, what is the most likely clinical chronic heart diagnosis? chronic heart failure']}",2.0,pathology,cardiovascular pathology,light microscopy,brightfield microscopy,none
389,classification,"['H&E stained light micrograph of human cardiac tissue. Based on the image, what is the most likely clinical chronic heart diagnosis? not chronic heart failure', 'H&E stained light micrograph of human cardiac tissue. Based on the image, what is the most likely clinical chronic heart diagnosis? chronic heart failure', 'H&E stained light micrograph of human cardiac tissue. Based on the image, what is the most likely clinical chronic heart diagnosis? none of the above']",4b998088-a5b9-4948-b5af-c251f795d461,not chronic heart failure,0,"{'pred': [1], 'probs': [[0.3547370731830597, 0.3748614490032196, 0.2704014778137207]], 'pred_prompt': ['H&E stained light micrograph of human cardiac tissue. Based on the image, what is the most likely clinical chronic heart diagnosis? chronic heart failure']}",2.0,pathology,cardiovascular pathology,light microscopy,brightfield microscopy,none
390,classification,"['H&E stained light micrograph of human cardiac tissue. Based on the image, what is the most likely clinical chronic heart diagnosis? not chronic heart failure', 'H&E stained light micrograph of human cardiac tissue. Based on the image, what is the most likely clinical chronic heart diagnosis? chronic heart failure', 'H&E stained light micrograph of human cardiac tissue. Based on the image, what is the most likely clinical chronic heart diagnosis? none of the above']",32181e81-0b01-4e7f-a08f-7653c9599e2d,chronic heart failure,1,"{'pred': [2], 'probs': [[0.31991979479789734, 0.32336634397506714, 0.3567139208316803]], 'pred_prompt': ['H&E stained light micrograph of human cardiac tissue. Based on the image, what is the most likely clinical chronic heart diagnosis? none of the above']}",2.0,pathology,cardiovascular pathology,light microscopy,brightfield microscopy,none
391,classification,"['H&E stained light micrograph of human cardiac tissue. Based on the image, what is the most likely clinical chronic heart diagnosis? chronic heart failure', 'H&E stained light micrograph of human cardiac tissue. Based on the image, what is the most likely clinical chronic heart diagnosis? not chronic heart failure', 'H&E stained light micrograph of human cardiac tissue. Based on the image, what is the most likely clinical chronic heart diagnosis? none of the above']",ae72b4d4-ace3-419f-ba0b-a94e6fce34f2,not chronic heart failure,1,"{'pred': [2], 'probs': [[0.30655884742736816, 0.3325558006763458, 0.3608854115009308]], 'pred_prompt': ['H&E stained light micrograph of human cardiac tissue. Based on the image, what is the most likely clinical chronic heart diagnosis? none of the above']}",2.0,pathology,cardiovascular pathology,light microscopy,brightfield microscopy,none
392,classification,"['H&E stained light micrograph of human cardiac tissue. Based on the image, what is the most likely clinical chronic heart diagnosis? not chronic heart failure', 'H&E stained light micrograph of human cardiac tissue. Based on the image, what is the most likely clinical chronic heart diagnosis? chronic heart failure', 'H&E stained light micrograph of human cardiac tissue. Based on the image, what is the most likely clinical chronic heart diagnosis? none of the above']",d8cb6102-e157-4b31-b27c-28512371270c,not chronic heart failure,0,"{'pred': [2], 'probs': [[0.29662081599235535, 0.22629210352897644, 0.477087140083313]], 'pred_prompt': ['H&E stained light micrograph of human cardiac tissue. Based on the image, what is the most likely clinical chronic heart diagnosis? none of the above']}",2.0,pathology,cardiovascular pathology,light microscopy,brightfield microscopy,none
393,classification,"['H&E stained light micrograph of human cardiac tissue. Based on the image, what is the most likely clinical chronic heart diagnosis? not chronic heart failure', 'H&E stained light micrograph of human cardiac tissue. Based on the image, what is the most likely clinical chronic heart diagnosis? chronic heart failure', 'H&E stained light micrograph of human cardiac tissue. Based on the image, what is the most likely clinical chronic heart diagnosis? none of the above']",015d4e70-b58c-45b3-81d5-92e9c1d838b2,not chronic heart failure,0,"{'pred': [1], 'probs': [[0.3161379098892212, 0.3757511377334595, 0.30811092257499695]], 'pred_prompt': ['H&E stained light micrograph of human cardiac tissue. Based on the image, what is the most likely clinical chronic heart diagnosis? chronic heart failure']}",2.0,pathology,cardiovascular pathology,light microscopy,brightfield microscopy,none
394,classification,"['H&E stained light micrograph of human cardiac tissue. Based on the image, what is the most likely clinical chronic heart diagnosis? not chronic heart failure', 'H&E stained light micrograph of human cardiac tissue. Based on the image, what is the most likely clinical chronic heart diagnosis? chronic heart failure', 'H&E stained light micrograph of human cardiac tissue. Based on the image, what is the most likely clinical chronic heart diagnosis? none of the above']",f6cdce6f-bda8-4682-87bf-ef784f4f9173,chronic heart failure,1,"{'pred': [2], 'probs': [[0.26969191431999207, 0.3129483461380005, 0.41735973954200745]], 'pred_prompt': ['H&E stained light micrograph of human cardiac tissue. Based on the image, what is the most likely clinical chronic heart diagnosis? none of the above']}",2.0,pathology,cardiovascular pathology,light microscopy,brightfield microscopy,none
395,classification,"['H&E stained light micrograph of human cardiac tissue. Based on the image, what is the most likely clinical chronic heart diagnosis? chronic heart failure', 'H&E stained light micrograph of human cardiac tissue. Based on the image, what is the most likely clinical chronic heart diagnosis? not chronic heart failure', 'H&E stained light micrograph of human cardiac tissue. Based on the image, what is the most likely clinical chronic heart diagnosis? none of the above']",fec1d32a-fefb-4950-9191-cb4e7ab7e4ad,chronic heart failure,0,"{'pred': [2], 'probs': [[0.2729361653327942, 0.2916628122329712, 0.43540099263191223]], 'pred_prompt': ['H&E stained light micrograph of human cardiac tissue. Based on the image, what is the most likely clinical chronic heart diagnosis? none of the above']}",2.0,pathology,cardiovascular pathology,light microscopy,brightfield microscopy,none
396,classification,"['H&E stained light micrograph of human cardiac tissue. Based on the image, what is the most likely clinical chronic heart diagnosis? chronic heart failure', 'H&E stained light micrograph of human cardiac tissue. Based on the image, what is the most likely clinical chronic heart diagnosis? not chronic heart failure', 'H&E stained light micrograph of human cardiac tissue. Based on the image, what is the most likely clinical chronic heart diagnosis? none of the above']",aab8b32f-b8dc-48f6-9bc7-1a2c11cf5e5d,chronic heart failure,0,"{'pred': [1], 'probs': [[0.3126760423183441, 0.3528503179550171, 0.3344736397266388]], 'pred_prompt': ['H&E stained light micrograph of human cardiac tissue. Based on the image, what is the most likely clinical chronic heart diagnosis? not chronic heart failure']}",2.0,pathology,cardiovascular pathology,light microscopy,brightfield microscopy,none
397,classification,"['H&E stained light micrograph of human cardiac tissue. Based on the image, what is the most likely clinical chronic heart diagnosis? not chronic heart failure', 'H&E stained light micrograph of human cardiac tissue. Based on the image, what is the most likely clinical chronic heart diagnosis? chronic heart failure', 'H&E stained light micrograph of human cardiac tissue. Based on the image, what is the most likely clinical chronic heart diagnosis? none of the above']",f383e79e-2e84-4cb9-883f-7265bcf0d82e,chronic heart failure,1,"{'pred': [1], 'probs': [[0.27821704745292664, 0.45426714420318604, 0.2675158381462097]], 'pred_prompt': ['H&E stained light micrograph of human cardiac tissue. Based on the image, what is the most likely clinical chronic heart diagnosis? chronic heart failure']}",2.0,pathology,cardiovascular pathology,light microscopy,brightfield microscopy,none
398,classification,"['H&E stained light micrograph of human cardiac tissue. Based on the image, what is the most likely clinical chronic heart diagnosis? chronic heart failure', 'H&E stained light micrograph of human cardiac tissue. Based on the image, what is the most likely clinical chronic heart diagnosis? not chronic heart failure', 'H&E stained light micrograph of human cardiac tissue. Based on the image, what is the most likely clinical chronic heart diagnosis? none of the above']",2e492bf9-190d-4532-b546-93cc4b99fa0d,not chronic heart failure,1,"{'pred': [2], 'probs': [[0.3146979808807373, 0.33824431896209717, 0.34705767035484314]], 'pred_prompt': ['H&E stained light micrograph of human cardiac tissue. Based on the image, what is the most likely clinical chronic heart diagnosis? none of the above']}",2.0,pathology,cardiovascular pathology,light microscopy,brightfield microscopy,none
399,classification,"['H&E stained light micrograph of human cardiac tissue. Based on the image, what is the most likely clinical chronic heart diagnosis? chronic heart failure', 'H&E stained light micrograph of human cardiac tissue. Based on the image, what is the most likely clinical chronic heart diagnosis? not chronic heart failure', 'H&E stained light micrograph of human cardiac tissue. Based on the image, what is the most likely clinical chronic heart diagnosis? none of the above']",809e5ba6-502d-4649-b0b4-39753cdb2571,not chronic heart failure,1,"{'pred': [0], 'probs': [[0.3614411950111389, 0.2865983843803406, 0.35196036100387573]], 'pred_prompt': ['H&E stained light micrograph of human cardiac tissue. Based on the image, what is the most likely clinical chronic heart diagnosis? chronic heart failure']}",2.0,pathology,cardiovascular pathology,light microscopy,brightfield microscopy,none
