question_type,questions,image_id,correct_answer,correct_idx,model_answers,microns_per_pixel,domain,subdomain,modality,submodality,normal_or_abnormal
classification,"['IHC stained light micrograph of extracellular amyloid-beta deposition in the human brain tissue. Based on the image, what is the most likely amyloid beta morphology pattern? Negative', 'IHC stained light micrograph of extracellular amyloid-beta deposition in the human brain tissue. Based on the image, what is the most likely amyloid beta morphology pattern? Caa', 'IHC stained light micrograph of extracellular amyloid-beta deposition in the human brain tissue. Based on the image, what is the most likely amyloid beta morphology pattern? Cored', 'IHC stained light micrograph of extracellular amyloid-beta deposition in the human brain tissue. Based on the image, what is the most likely amyloid beta morphology pattern? Diffuse', 'IHC stained light micrograph of extracellular amyloid-beta deposition in the human brain tissue. Based on the image, what is the most likely amyloid beta morphology pattern? none of the above']",2524e87b-787f-4e22-b570-b69b4565e40d,Cored,2,"{'pred': [2], 'probs': [[0.09185133874416351, 0.23193921148777008, 0.46330124139785767, 0.08156940340995789, 0.13133879005908966]], 'pred_prompt': ['IHC stained light micrograph of extracellular amyloid-beta deposition in the human brain tissue. Based on the image, what is the most likely amyloid beta morphology pattern? Cored']}",0.5026999711990356,pathology,neuropathology,light microscopy,brightfield microscopy,
classification,"['IHC stained light micrograph of extracellular amyloid-beta deposition in the human brain tissue. Based on the image, what is the most likely amyloid beta morphology pattern? Cored', 'IHC stained light micrograph of extracellular amyloid-beta deposition in the human brain tissue. Based on the image, what is the most likely amyloid beta morphology pattern? Caa', 'IHC stained light micrograph of extracellular amyloid-beta deposition in the human brain tissue. Based on the image, what is the most likely amyloid beta morphology pattern? Diffuse', 'IHC stained light micrograph of extracellular amyloid-beta deposition in the human brain tissue. Based on the image, what is the most likely amyloid beta morphology pattern? Negative', 'IHC stained light micrograph of extracellular amyloid-beta deposition in the human brain tissue. Based on the image, what is the most likely amyloid beta morphology pattern? none of the above']",9b2f76ac-3b55-4bc4-9a15-9d16e3223787,Diffuse,2,"{'pred': [0], 'probs': [[0.3798602521419525, 0.20825661718845367, 0.28029125928878784, 0.044281065464019775, 0.0873107984662056]], 'pred_prompt': ['IHC stained light micrograph of extracellular amyloid-beta deposition in the human brain tissue. Based on the image, what is the most likely amyloid beta morphology pattern? Cored']}",0.5026999711990356,pathology,neuropathology,light microscopy,brightfield microscopy,
classification,"['IHC stained light micrograph of extracellular amyloid-beta deposition in the human brain tissue. Based on the image, what is the most likely amyloid beta morphology pattern? Diffuse', 'IHC stained light micrograph of extracellular amyloid-beta deposition in the human brain tissue. Based on the image, what is the most likely amyloid beta morphology pattern? Cored', 'IHC stained light micrograph of extracellular amyloid-beta deposition in the human brain tissue. Based on the image, what is the most likely amyloid beta morphology pattern? Caa', 'IHC stained light micrograph of extracellular amyloid-beta deposition in the human brain tissue. Based on the image, what is the most likely amyloid beta morphology pattern? Negative', 'IHC stained light micrograph of extracellular amyloid-beta deposition in the human brain tissue. Based on the image, what is the most likely amyloid beta morphology pattern? none of the above']",0236f0ac-70d0-41af-b587-891fe4c6e91e,Cored,1,"{'pred': [1], 'probs': [[0.10511492192745209, 0.4969884753227234, 0.1205870509147644, 0.11033108830451965, 0.16697846353054047]], 'pred_prompt': ['IHC stained light micrograph of extracellular amyloid-beta deposition in the human brain tissue. Based on the image, what is the most likely amyloid beta morphology pattern? Cored']}",0.5026999711990356,pathology,neuropathology,light microscopy,brightfield microscopy,
classification,"['IHC stained light micrograph of extracellular amyloid-beta deposition in the human brain tissue. Based on the image, what is the most likely amyloid beta morphology pattern? Caa', 'IHC stained light micrograph of extracellular amyloid-beta deposition in the human brain tissue. Based on the image, what is the most likely amyloid beta morphology pattern? Diffuse', 'IHC stained light micrograph of extracellular amyloid-beta deposition in the human brain tissue. Based on the image, what is the most likely amyloid beta morphology pattern? Cored', 'IHC stained light micrograph of extracellular amyloid-beta deposition in the human brain tissue. Based on the image, what is the most likely amyloid beta morphology pattern? Negative', 'IHC stained light micrograph of extracellular amyloid-beta deposition in the human brain tissue. Based on the image, what is the most likely amyloid beta morphology pattern? none of the above']",0ae71915-7c7a-4357-8a58-365dce7730c3,Negative,3,"{'pred': [4], 'probs': [[0.20632700622081757, 0.1738070696592331, 0.1686868965625763, 0.13841257989406586, 0.31276652216911316]], 'pred_prompt': ['IHC stained light micrograph of extracellular amyloid-beta deposition in the human brain tissue. Based on the image, what is the most likely amyloid beta morphology pattern? none of the above']}",0.5026999711990356,pathology,neuropathology,light microscopy,brightfield microscopy,
classification,"['IHC stained light micrograph of extracellular amyloid-beta deposition in the human brain tissue. Based on the image, what is the most likely amyloid beta morphology pattern? cored plaque', 'IHC stained light micrograph of extracellular amyloid-beta deposition in the human brain tissue. Based on the image, what is the most likely amyloid beta morphology pattern? negative', 'IHC stained light micrograph of extracellular amyloid-beta deposition in the human brain tissue. Based on the image, what is the most likely amyloid beta morphology pattern? diffuse plaque', 'IHC stained light micrograph of extracellular amyloid-beta deposition in the human brain tissue. Based on the image, what is the most likely amyloid beta morphology pattern? cerebral amyloid angiopathy', 'IHC stained light micrograph of extracellular amyloid-beta deposition in the human brain tissue. Based on the image, what is the most likely amyloid beta morphology pattern? none of the above']",3941ecea-a550-42b3-9cab-14c0e65dde39,negative,1,"{'pred': [4], 'probs': [[0.13371641933918, 0.1256350725889206, 0.16962763667106628, 0.23655268549919128, 0.33446815609931946]], 'pred_prompt': ['IHC stained light micrograph of extracellular amyloid-beta deposition in the human brain tissue. Based on the image, what is the most likely amyloid beta morphology pattern? none of the above']}",0.5026999711990356,pathology,neuropathology,light microscopy,brightfield microscopy,
classification,"['IHC stained light micrograph of extracellular amyloid-beta deposition in the human brain tissue. Based on the image, what is the most likely amyloid beta morphology pattern? cored plaque', 'IHC stained light micrograph of extracellular amyloid-beta deposition in the human brain tissue. Based on the image, what is the most likely amyloid beta morphology pattern? diffuse plaque', 'IHC stained light micrograph of extracellular amyloid-beta deposition in the human brain tissue. Based on the image, what is the most likely amyloid beta morphology pattern? cerebral amyloid angiopathy', 'IHC stained light micrograph of extracellular amyloid-beta deposition in the human brain tissue. Based on the image, what is the most likely amyloid beta morphology pattern? negative', 'IHC stained light micrograph of extracellular amyloid-beta deposition in the human brain tissue. Based on the image, what is the most likely amyloid beta morphology pattern? none of the above']",8a6666b4-7936-4c7a-adab-fdc3c3165c11,diffuse plaque,1,"{'pred': [0], 'probs': [[0.3641337454319, 0.32475924491882324, 0.09661401808261871, 0.08810137957334518, 0.12639161944389343]], 'pred_prompt': ['IHC stained light micrograph of extracellular amyloid-beta deposition in the human brain tissue. Based on the image, what is the most likely amyloid beta morphology pattern? cored plaque']}",0.5026999711990356,pathology,neuropathology,light microscopy,brightfield microscopy,
classification,"['IHC stained light micrograph of extracellular amyloid-beta deposition in the human brain tissue. Based on the image, what is the most likely amyloid beta morphology pattern? Negative', 'IHC stained light micrograph of extracellular amyloid-beta deposition in the human brain tissue. Based on the image, what is the most likely amyloid beta morphology pattern? Cored', 'IHC stained light micrograph of extracellular amyloid-beta deposition in the human brain tissue. Based on the image, what is the most likely amyloid beta morphology pattern? Diffuse', 'IHC stained light micrograph of extracellular amyloid-beta deposition in the human brain tissue. Based on the image, what is the most likely amyloid beta morphology pattern? Caa', 'IHC stained light micrograph of extracellular amyloid-beta deposition in the human brain tissue. Based on the image, what is the most likely amyloid beta morphology pattern? none of the above']",47969bf4-a97b-4bd4-b6a2-2e3a14c7e864,Cored,1,"{'pred': [1], 'probs': [[0.05913963541388512, 0.4446251392364502, 0.11081536114215851, 0.25834137201309204, 0.12707854807376862]], 'pred_prompt': ['IHC stained light micrograph of extracellular amyloid-beta deposition in the human brain tissue. Based on the image, what is the most likely amyloid beta morphology pattern? Cored']}",0.5026999711990356,pathology,neuropathology,light microscopy,brightfield microscopy,
classification,"['IHC stained light micrograph of extracellular amyloid-beta deposition in the human brain tissue. Based on the image, what is the most likely amyloid beta morphology pattern? negative', 'IHC stained light micrograph of extracellular amyloid-beta deposition in the human brain tissue. Based on the image, what is the most likely amyloid beta morphology pattern? cerebral amyloid angiopathy', 'IHC stained light micrograph of extracellular amyloid-beta deposition in the human brain tissue. Based on the image, what is the most likely amyloid beta morphology pattern? diffuse plaque', 'IHC stained light micrograph of extracellular amyloid-beta deposition in the human brain tissue. Based on the image, what is the most likely amyloid beta morphology pattern? cored plaque', 'IHC stained light micrograph of extracellular amyloid-beta deposition in the human brain tissue. Based on the image, what is the most likely amyloid beta morphology pattern? none of the above']",06cffcdd-65fe-4224-8298-fb11650de886,negative,0,"{'pred': [2], 'probs': [[0.17353639006614685, 0.13037347793579102, 0.27656030654907227, 0.21168890595436096, 0.2078409045934677]], 'pred_prompt': ['IHC stained light micrograph of extracellular amyloid-beta deposition in the human brain tissue. Based on the image, what is the most likely amyloid beta morphology pattern? diffuse plaque']}",0.5026999711990356,pathology,neuropathology,light microscopy,brightfield microscopy,
classification,"['IHC stained light micrograph of extracellular amyloid-beta deposition in the human brain tissue. Based on the image, what is the most likely amyloid beta morphology pattern? Cored', 'IHC stained light micrograph of extracellular amyloid-beta deposition in the human brain tissue. Based on the image, what is the most likely amyloid beta morphology pattern? Negative', 'IHC stained light micrograph of extracellular amyloid-beta deposition in the human brain tissue. Based on the image, what is the most likely amyloid beta morphology pattern? Diffuse', 'IHC stained light micrograph of extracellular amyloid-beta deposition in the human brain tissue. Based on the image, what is the most likely amyloid beta morphology pattern? Caa', 'IHC stained light micrograph of extracellular amyloid-beta deposition in the human brain tissue. Based on the image, what is the most likely amyloid beta morphology pattern? none of the above']",c8621a06-ee9d-4876-90c9-827970cd447c,Caa,3,"{'pred': [0], 'probs': [[0.2965673804283142, 0.1974826157093048, 0.10950465500354767, 0.19734404981136322, 0.19910135865211487]], 'pred_prompt': ['IHC stained light micrograph of extracellular amyloid-beta deposition in the human brain tissue. Based on the image, what is the most likely amyloid beta morphology pattern? Cored']}",0.5026999711990356,pathology,neuropathology,light microscopy,brightfield microscopy,
classification,"['IHC stained light micrograph of extracellular amyloid-beta deposition in the human brain tissue. Based on the image, what is the most likely amyloid beta morphology pattern? cerebral amyloid angiopathy', 'IHC stained light micrograph of extracellular amyloid-beta deposition in the human brain tissue. Based on the image, what is the most likely amyloid beta morphology pattern? negative', 'IHC stained light micrograph of extracellular amyloid-beta deposition in the human brain tissue. Based on the image, what is the most likely amyloid beta morphology pattern? diffuse plaque', 'IHC stained light micrograph of extracellular amyloid-beta deposition in the human brain tissue. Based on the image, what is the most likely amyloid beta morphology pattern? cored plaque', 'IHC stained light micrograph of extracellular amyloid-beta deposition in the human brain tissue. Based on the image, what is the most likely amyloid beta morphology pattern? none of the above']",fca43b01-6a27-4a54-8f0d-c679857d7357,negative,1,"{'pred': [4], 'probs': [[0.2245069146156311, 0.2281276434659958, 0.18374817073345184, 0.06502865254878998, 0.2985885441303253]], 'pred_prompt': ['IHC stained light micrograph of extracellular amyloid-beta deposition in the human brain tissue. Based on the image, what is the most likely amyloid beta morphology pattern? none of the above']}",0.5026999711990356,pathology,neuropathology,light microscopy,brightfield microscopy,
classification,"['IHC stained light micrograph of extracellular amyloid-beta deposition in the human brain tissue. Based on the image, what is the most likely amyloid beta morphology pattern? cored plaque', 'IHC stained light micrograph of extracellular amyloid-beta deposition in the human brain tissue. Based on the image, what is the most likely amyloid beta morphology pattern? negative', 'IHC stained light micrograph of extracellular amyloid-beta deposition in the human brain tissue. Based on the image, what is the most likely amyloid beta morphology pattern? diffuse plaque', 'IHC stained light micrograph of extracellular amyloid-beta deposition in the human brain tissue. Based on the image, what is the most likely amyloid beta morphology pattern? cerebral amyloid angiopathy', 'IHC stained light micrograph of extracellular amyloid-beta deposition in the human brain tissue. Based on the image, what is the most likely amyloid beta morphology pattern? none of the above']",7446227e-3dd6-4cd0-8fb7-ec7e66575e73,diffuse plaque,2,"{'pred': [2], 'probs': [[0.1696022003889084, 0.15025866031646729, 0.2885746359825134, 0.11448924988508224, 0.27707523107528687]], 'pred_prompt': ['IHC stained light micrograph of extracellular amyloid-beta deposition in the human brain tissue. Based on the image, what is the most likely amyloid beta morphology pattern? diffuse plaque']}",0.5026999711990356,pathology,neuropathology,light microscopy,brightfield microscopy,
classification,"['IHC stained light micrograph of extracellular amyloid-beta deposition in the human brain tissue. Based on the image, what is the most likely amyloid beta morphology pattern? Negative', 'IHC stained light micrograph of extracellular amyloid-beta deposition in the human brain tissue. Based on the image, what is the most likely amyloid beta morphology pattern? Diffuse', 'IHC stained light micrograph of extracellular amyloid-beta deposition in the human brain tissue. Based on the image, what is the most likely amyloid beta morphology pattern? Caa', 'IHC stained light micrograph of extracellular amyloid-beta deposition in the human brain tissue. Based on the image, what is the most likely amyloid beta morphology pattern? Cored', 'IHC stained light micrograph of extracellular amyloid-beta deposition in the human brain tissue. Based on the image, what is the most likely amyloid beta morphology pattern? none of the above']",4d143155-e3c7-4b7b-8fb8-bc9fe9c48bc8,Diffuse,1,"{'pred': [3], 'probs': [[0.08565074950456619, 0.2253439724445343, 0.1901666224002838, 0.39211398363113403, 0.10672468692064285]], 'pred_prompt': ['IHC stained light micrograph of extracellular amyloid-beta deposition in the human brain tissue. Based on the image, what is the most likely amyloid beta morphology pattern? Cored']}",0.5026999711990356,pathology,neuropathology,light microscopy,brightfield microscopy,
classification,"['IHC stained light micrograph of extracellular amyloid-beta deposition in the human brain tissue. Based on the image, what is the most likely amyloid beta morphology pattern? Diffuse', 'IHC stained light micrograph of extracellular amyloid-beta deposition in the human brain tissue. Based on the image, what is the most likely amyloid beta morphology pattern? Caa', 'IHC stained light micrograph of extracellular amyloid-beta deposition in the human brain tissue. Based on the image, what is the most likely amyloid beta morphology pattern? Negative', 'IHC stained light micrograph of extracellular amyloid-beta deposition in the human brain tissue. Based on the image, what is the most likely amyloid beta morphology pattern? Cored', 'IHC stained light micrograph of extracellular amyloid-beta deposition in the human brain tissue. Based on the image, what is the most likely amyloid beta morphology pattern? none of the above']",079a4944-8ac5-4912-b731-63ab2df7a26f,Diffuse,0,"{'pred': [3], 'probs': [[0.21830721199512482, 0.0682079941034317, 0.14306128025054932, 0.3262535631656647, 0.24416998028755188]], 'pred_prompt': ['IHC stained light micrograph of extracellular amyloid-beta deposition in the human brain tissue. Based on the image, what is the most likely amyloid beta morphology pattern? Cored']}",0.5026999711990356,pathology,neuropathology,light microscopy,brightfield microscopy,
classification,"['IHC stained light micrograph of extracellular amyloid-beta deposition in the human brain tissue. Based on the image, what is the most likely amyloid beta morphology pattern? Cored', 'IHC stained light micrograph of extracellular amyloid-beta deposition in the human brain tissue. Based on the image, what is the most likely amyloid beta morphology pattern? Caa', 'IHC stained light micrograph of extracellular amyloid-beta deposition in the human brain tissue. Based on the image, what is the most likely amyloid beta morphology pattern? Diffuse', 'IHC stained light micrograph of extracellular amyloid-beta deposition in the human brain tissue. Based on the image, what is the most likely amyloid beta morphology pattern? Negative', 'IHC stained light micrograph of extracellular amyloid-beta deposition in the human brain tissue. Based on the image, what is the most likely amyloid beta morphology pattern? none of the above']",2fd63681-9bd6-4298-a347-fd1470d9b340,Negative,3,"{'pred': [0], 'probs': [[0.2843279540538788, 0.16435688734054565, 0.2630285620689392, 0.09831172227859497, 0.18997488915920258]], 'pred_prompt': ['IHC stained light micrograph of extracellular amyloid-beta deposition in the human brain tissue. Based on the image, what is the most likely amyloid beta morphology pattern? Cored']}",0.5026999711990356,pathology,neuropathology,light microscopy,brightfield microscopy,
classification,"['IHC stained light micrograph of extracellular amyloid-beta deposition in the human brain tissue. Based on the image, what is the most likely amyloid beta morphology pattern? Negative', 'IHC stained light micrograph of extracellular amyloid-beta deposition in the human brain tissue. Based on the image, what is the most likely amyloid beta morphology pattern? Diffuse', 'IHC stained light micrograph of extracellular amyloid-beta deposition in the human brain tissue. Based on the image, what is the most likely amyloid beta morphology pattern? Caa', 'IHC stained light micrograph of extracellular amyloid-beta deposition in the human brain tissue. Based on the image, what is the most likely amyloid beta morphology pattern? Cored', 'IHC stained light micrograph of extracellular amyloid-beta deposition in the human brain tissue. Based on the image, what is the most likely amyloid beta morphology pattern? none of the above']",111f30f4-7816-435d-94bf-ada3083aa261,Diffuse,1,"{'pred': [3], 'probs': [[0.1283196210861206, 0.16100963950157166, 0.1876085102558136, 0.2929108142852783, 0.23015142977237701]], 'pred_prompt': ['IHC stained light micrograph of extracellular amyloid-beta deposition in the human brain tissue. Based on the image, what is the most likely amyloid beta morphology pattern? Cored']}",0.5026999711990356,pathology,neuropathology,light microscopy,brightfield microscopy,
classification,"['IHC stained light micrograph of extracellular amyloid-beta deposition in the human brain tissue. Based on the image, what is the most likely amyloid beta morphology pattern? Cored', 'IHC stained light micrograph of extracellular amyloid-beta deposition in the human brain tissue. Based on the image, what is the most likely amyloid beta morphology pattern? Diffuse', 'IHC stained light micrograph of extracellular amyloid-beta deposition in the human brain tissue. Based on the image, what is the most likely amyloid beta morphology pattern? Negative', 'IHC stained light micrograph of extracellular amyloid-beta deposition in the human brain tissue. Based on the image, what is the most likely amyloid beta morphology pattern? Caa', 'IHC stained light micrograph of extracellular amyloid-beta deposition in the human brain tissue. Based on the image, what is the most likely amyloid beta morphology pattern? none of the above']",d9f8c163-4181-490b-ac00-ff07173ac715,Negative,2,"{'pred': [0], 'probs': [[0.29919564723968506, 0.22603864967823029, 0.13364940881729126, 0.1458279937505722, 0.19528834521770477]], 'pred_prompt': ['IHC stained light micrograph of extracellular amyloid-beta deposition in the human brain tissue. Based on the image, what is the most likely amyloid beta morphology pattern? Cored']}",0.5026999711990356,pathology,neuropathology,light microscopy,brightfield microscopy,
classification,"['IHC stained light micrograph of extracellular amyloid-beta deposition in the human brain tissue. Based on the image, what is the most likely amyloid beta morphology pattern? Caa', 'IHC stained light micrograph of extracellular amyloid-beta deposition in the human brain tissue. Based on the image, what is the most likely amyloid beta morphology pattern? Cored', 'IHC stained light micrograph of extracellular amyloid-beta deposition in the human brain tissue. Based on the image, what is the most likely amyloid beta morphology pattern? Diffuse', 'IHC stained light micrograph of extracellular amyloid-beta deposition in the human brain tissue. Based on the image, what is the most likely amyloid beta morphology pattern? Negative', 'IHC stained light micrograph of extracellular amyloid-beta deposition in the human brain tissue. Based on the image, what is the most likely amyloid beta morphology pattern? none of the above']",b00aae21-86dc-4bf5-b6a5-a970becbde6b,Negative,3,"{'pred': [0], 'probs': [[0.45239004492759705, 0.09950663894414902, 0.09194034337997437, 0.14562267065048218, 0.2105402797460556]], 'pred_prompt': ['IHC stained light micrograph of extracellular amyloid-beta deposition in the human brain tissue. Based on the image, what is the most likely amyloid beta morphology pattern? Caa']}",0.5026999711990356,pathology,neuropathology,light microscopy,brightfield microscopy,
classification,"['IHC stained light micrograph of extracellular amyloid-beta deposition in the human brain tissue. Based on the image, what is the most likely amyloid beta morphology pattern? diffuse plaque', 'IHC stained light micrograph of extracellular amyloid-beta deposition in the human brain tissue. Based on the image, what is the most likely amyloid beta morphology pattern? negative', 'IHC stained light micrograph of extracellular amyloid-beta deposition in the human brain tissue. Based on the image, what is the most likely amyloid beta morphology pattern? cored plaque', 'IHC stained light micrograph of extracellular amyloid-beta deposition in the human brain tissue. Based on the image, what is the most likely amyloid beta morphology pattern? cerebral amyloid angiopathy', 'IHC stained light micrograph of extracellular amyloid-beta deposition in the human brain tissue. Based on the image, what is the most likely amyloid beta morphology pattern? none of the above']",cc3a2574-9924-43e2-b217-974295d35841,diffuse plaque,0,"{'pred': [4], 'probs': [[0.18688157200813293, 0.14763541519641876, 0.22525028884410858, 0.14356116950511932, 0.2966715395450592]], 'pred_prompt': ['IHC stained light micrograph of extracellular amyloid-beta deposition in the human brain tissue. Based on the image, what is the most likely amyloid beta morphology pattern? none of the above']}",0.5026999711990356,pathology,neuropathology,light microscopy,brightfield microscopy,
classification,"['IHC stained light micrograph of extracellular amyloid-beta deposition in the human brain tissue. Based on the image, what is the most likely amyloid beta morphology pattern? Negative', 'IHC stained light micrograph of extracellular amyloid-beta deposition in the human brain tissue. Based on the image, what is the most likely amyloid beta morphology pattern? Cored', 'IHC stained light micrograph of extracellular amyloid-beta deposition in the human brain tissue. Based on the image, what is the most likely amyloid beta morphology pattern? Diffuse', 'IHC stained light micrograph of extracellular amyloid-beta deposition in the human brain tissue. Based on the image, what is the most likely amyloid beta morphology pattern? Caa', 'IHC stained light micrograph of extracellular amyloid-beta deposition in the human brain tissue. Based on the image, what is the most likely amyloid beta morphology pattern? none of the above']",b330b440-32b8-4ae6-9d94-f66b2c992984,Diffuse,2,"{'pred': [1], 'probs': [[0.16591417789459229, 0.3160952925682068, 0.14397287368774414, 0.11609216034412384, 0.25792551040649414]], 'pred_prompt': ['IHC stained light micrograph of extracellular amyloid-beta deposition in the human brain tissue. Based on the image, what is the most likely amyloid beta morphology pattern? Cored']}",0.5026999711990356,pathology,neuropathology,light microscopy,brightfield microscopy,
classification,"['IHC stained light micrograph of extracellular amyloid-beta deposition in the human brain tissue. Based on the image, what is the most likely amyloid beta morphology pattern? Caa', 'IHC stained light micrograph of extracellular amyloid-beta deposition in the human brain tissue. Based on the image, what is the most likely amyloid beta morphology pattern? Negative', 'IHC stained light micrograph of extracellular amyloid-beta deposition in the human brain tissue. Based on the image, what is the most likely amyloid beta morphology pattern? Diffuse', 'IHC stained light micrograph of extracellular amyloid-beta deposition in the human brain tissue. Based on the image, what is the most likely amyloid beta morphology pattern? Cored', 'IHC stained light micrograph of extracellular amyloid-beta deposition in the human brain tissue. Based on the image, what is the most likely amyloid beta morphology pattern? none of the above']",678f7635-bcca-4185-93c7-b3ff3b1b32ce,Cored,3,"{'pred': [3], 'probs': [[0.17640826106071472, 0.09485089033842087, 0.21680797636508942, 0.36709877848625183, 0.14483405649662018]], 'pred_prompt': ['IHC stained light micrograph of extracellular amyloid-beta deposition in the human brain tissue. Based on the image, what is the most likely amyloid beta morphology pattern? Cored']}",0.5026999711990356,pathology,neuropathology,light microscopy,brightfield microscopy,
classification,"['IHC stained light micrograph of extracellular amyloid-beta deposition in the human brain tissue. Based on the image, what is the most likely amyloid beta morphology pattern? Caa', 'IHC stained light micrograph of extracellular amyloid-beta deposition in the human brain tissue. Based on the image, what is the most likely amyloid beta morphology pattern? Diffuse', 'IHC stained light micrograph of extracellular amyloid-beta deposition in the human brain tissue. Based on the image, what is the most likely amyloid beta morphology pattern? Cored', 'IHC stained light micrograph of extracellular amyloid-beta deposition in the human brain tissue. Based on the image, what is the most likely amyloid beta morphology pattern? Negative', 'IHC stained light micrograph of extracellular amyloid-beta deposition in the human brain tissue. Based on the image, what is the most likely amyloid beta morphology pattern? none of the above']",f8900e8e-7ca9-46b7-a18e-299f9b97bfcf,Diffuse,1,"{'pred': [4], 'probs': [[0.062009114772081375, 0.16384223103523254, 0.2861907482147217, 0.1897393763065338, 0.29821857810020447]], 'pred_prompt': ['IHC stained light micrograph of extracellular amyloid-beta deposition in the human brain tissue. Based on the image, what is the most likely amyloid beta morphology pattern? none of the above']}",0.5026999711990356,pathology,neuropathology,light microscopy,brightfield microscopy,
classification,"['IHC stained light micrograph of extracellular amyloid-beta deposition in the human brain tissue. Based on the image, what is the most likely amyloid beta morphology pattern? Caa', 'IHC stained light micrograph of extracellular amyloid-beta deposition in the human brain tissue. Based on the image, what is the most likely amyloid beta morphology pattern? Cored', 'IHC stained light micrograph of extracellular amyloid-beta deposition in the human brain tissue. Based on the image, what is the most likely amyloid beta morphology pattern? Negative', 'IHC stained light micrograph of extracellular amyloid-beta deposition in the human brain tissue. Based on the image, what is the most likely amyloid beta morphology pattern? Diffuse', 'IHC stained light micrograph of extracellular amyloid-beta deposition in the human brain tissue. Based on the image, what is the most likely amyloid beta morphology pattern? none of the above']",b43cd9e3-baa2-4bef-b2c3-d40e1a5188cf,Caa,0,"{'pred': [0], 'probs': [[0.4925170838832855, 0.21777209639549255, 0.11376208811998367, 0.02916335128247738, 0.14678533375263214]], 'pred_prompt': ['IHC stained light micrograph of extracellular amyloid-beta deposition in the human brain tissue. Based on the image, what is the most likely amyloid beta morphology pattern? Caa']}",0.5026999711990356,pathology,neuropathology,light microscopy,brightfield microscopy,
classification,"['IHC stained light micrograph of extracellular amyloid-beta deposition in the human brain tissue. Based on the image, what is the most likely amyloid beta morphology pattern? negative', 'IHC stained light micrograph of extracellular amyloid-beta deposition in the human brain tissue. Based on the image, what is the most likely amyloid beta morphology pattern? cerebral amyloid angiopathy', 'IHC stained light micrograph of extracellular amyloid-beta deposition in the human brain tissue. Based on the image, what is the most likely amyloid beta morphology pattern? diffuse plaque', 'IHC stained light micrograph of extracellular amyloid-beta deposition in the human brain tissue. Based on the image, what is the most likely amyloid beta morphology pattern? cored plaque', 'IHC stained light micrograph of extracellular amyloid-beta deposition in the human brain tissue. Based on the image, what is the most likely amyloid beta morphology pattern? none of the above']",7d856d3e-0bb5-40d6-9ebf-38b2c0498efe,negative,0,"{'pred': [0], 'probs': [[0.2941025197505951, 0.18151922523975372, 0.1549433022737503, 0.08856367319822311, 0.28087127208709717]], 'pred_prompt': ['IHC stained light micrograph of extracellular amyloid-beta deposition in the human brain tissue. Based on the image, what is the most likely amyloid beta morphology pattern? negative']}",0.5026999711990356,pathology,neuropathology,light microscopy,brightfield microscopy,
classification,"['IHC stained light micrograph of extracellular amyloid-beta deposition in the human brain tissue. Based on the image, what is the most likely amyloid beta morphology pattern? diffuse plaque', 'IHC stained light micrograph of extracellular amyloid-beta deposition in the human brain tissue. Based on the image, what is the most likely amyloid beta morphology pattern? cerebral amyloid angiopathy', 'IHC stained light micrograph of extracellular amyloid-beta deposition in the human brain tissue. Based on the image, what is the most likely amyloid beta morphology pattern? negative', 'IHC stained light micrograph of extracellular amyloid-beta deposition in the human brain tissue. Based on the image, what is the most likely amyloid beta morphology pattern? cored plaque', 'IHC stained light micrograph of extracellular amyloid-beta deposition in the human brain tissue. Based on the image, what is the most likely amyloid beta morphology pattern? none of the above']",117cdf8e-e1c5-4b15-986f-22eea892bc15,diffuse plaque,0,"{'pred': [0], 'probs': [[0.34528443217277527, 0.09907293319702148, 0.13723573088645935, 0.2035498470067978, 0.21485701203346252]], 'pred_prompt': ['IHC stained light micrograph of extracellular amyloid-beta deposition in the human brain tissue. Based on the image, what is the most likely amyloid beta morphology pattern? diffuse plaque']}",0.5026999711990356,pathology,neuropathology,light microscopy,brightfield microscopy,
classification,"['IHC stained light micrograph of extracellular amyloid-beta deposition in the human brain tissue. Based on the image, what is the most likely amyloid beta morphology pattern? Diffuse', 'IHC stained light micrograph of extracellular amyloid-beta deposition in the human brain tissue. Based on the image, what is the most likely amyloid beta morphology pattern? Caa', 'IHC stained light micrograph of extracellular amyloid-beta deposition in the human brain tissue. Based on the image, what is the most likely amyloid beta morphology pattern? Cored', 'IHC stained light micrograph of extracellular amyloid-beta deposition in the human brain tissue. Based on the image, what is the most likely amyloid beta morphology pattern? Negative', 'IHC stained light micrograph of extracellular amyloid-beta deposition in the human brain tissue. Based on the image, what is the most likely amyloid beta morphology pattern? none of the above']",14c85b44-d2af-4e28-a310-df73835e6f30,Diffuse,0,"{'pred': [2], 'probs': [[0.10397382080554962, 0.12292774021625519, 0.49066776037216187, 0.13352692127227783, 0.14890381693840027]], 'pred_prompt': ['IHC stained light micrograph of extracellular amyloid-beta deposition in the human brain tissue. Based on the image, what is the most likely amyloid beta morphology pattern? Cored']}",0.5026999711990356,pathology,neuropathology,light microscopy,brightfield microscopy,
classification,"['IHC stained light micrograph of extracellular amyloid-beta deposition in the human brain tissue. Based on the image, what is the most likely amyloid beta morphology pattern? negative', 'IHC stained light micrograph of extracellular amyloid-beta deposition in the human brain tissue. Based on the image, what is the most likely amyloid beta morphology pattern? cored plaque', 'IHC stained light micrograph of extracellular amyloid-beta deposition in the human brain tissue. Based on the image, what is the most likely amyloid beta morphology pattern? cerebral amyloid angiopathy', 'IHC stained light micrograph of extracellular amyloid-beta deposition in the human brain tissue. Based on the image, what is the most likely amyloid beta morphology pattern? diffuse plaque', 'IHC stained light micrograph of extracellular amyloid-beta deposition in the human brain tissue. Based on the image, what is the most likely amyloid beta morphology pattern? none of the above']",2c32e096-39b8-49c0-b899-fd90ecf3bac6,negative,0,"{'pred': [1], 'probs': [[0.16354696452617645, 0.4663091003894806, 0.09814010560512543, 0.10815279930830002, 0.1638510674238205]], 'pred_prompt': ['IHC stained light micrograph of extracellular amyloid-beta deposition in the human brain tissue. Based on the image, what is the most likely amyloid beta morphology pattern? cored plaque']}",0.5026999711990356,pathology,neuropathology,light microscopy,brightfield microscopy,
classification,"['IHC stained light micrograph of extracellular amyloid-beta deposition in the human brain tissue. Based on the image, what is the most likely amyloid beta morphology pattern? cerebral amyloid angiopathy', 'IHC stained light micrograph of extracellular amyloid-beta deposition in the human brain tissue. Based on the image, what is the most likely amyloid beta morphology pattern? diffuse plaque', 'IHC stained light micrograph of extracellular amyloid-beta deposition in the human brain tissue. Based on the image, what is the most likely amyloid beta morphology pattern? negative', 'IHC stained light micrograph of extracellular amyloid-beta deposition in the human brain tissue. Based on the image, what is the most likely amyloid beta morphology pattern? cored plaque', 'IHC stained light micrograph of extracellular amyloid-beta deposition in the human brain tissue. Based on the image, what is the most likely amyloid beta morphology pattern? none of the above']",1d4b26fa-887a-4e17-9cfd-d16d7c3ad593,cored plaque,3,"{'pred': [3], 'probs': [[0.08060512691736221, 0.2121095359325409, 0.16322357952594757, 0.30657821893692017, 0.23748348653316498]], 'pred_prompt': ['IHC stained light micrograph of extracellular amyloid-beta deposition in the human brain tissue. Based on the image, what is the most likely amyloid beta morphology pattern? cored plaque']}",0.5026999711990356,pathology,neuropathology,light microscopy,brightfield microscopy,
classification,"['IHC stained light micrograph of extracellular amyloid-beta deposition in the human brain tissue. Based on the image, what is the most likely amyloid beta morphology pattern? negative', 'IHC stained light micrograph of extracellular amyloid-beta deposition in the human brain tissue. Based on the image, what is the most likely amyloid beta morphology pattern? cored plaque', 'IHC stained light micrograph of extracellular amyloid-beta deposition in the human brain tissue. Based on the image, what is the most likely amyloid beta morphology pattern? diffuse plaque', 'IHC stained light micrograph of extracellular amyloid-beta deposition in the human brain tissue. Based on the image, what is the most likely amyloid beta morphology pattern? cerebral amyloid angiopathy', 'IHC stained light micrograph of extracellular amyloid-beta deposition in the human brain tissue. Based on the image, what is the most likely amyloid beta morphology pattern? none of the above']",52dee562-c9b5-456f-ae3f-65ac630ea75a,cored plaque,1,"{'pred': [1], 'probs': [[0.10141599178314209, 0.41366061568260193, 0.2575521767139435, 0.080473393201828, 0.1468977928161621]], 'pred_prompt': ['IHC stained light micrograph of extracellular amyloid-beta deposition in the human brain tissue. Based on the image, what is the most likely amyloid beta morphology pattern? cored plaque']}",0.5026999711990356,pathology,neuropathology,light microscopy,brightfield microscopy,
classification,"['IHC stained light micrograph of extracellular amyloid-beta deposition in the human brain tissue. Based on the image, what is the most likely amyloid beta morphology pattern? Caa', 'IHC stained light micrograph of extracellular amyloid-beta deposition in the human brain tissue. Based on the image, what is the most likely amyloid beta morphology pattern? Negative', 'IHC stained light micrograph of extracellular amyloid-beta deposition in the human brain tissue. Based on the image, what is the most likely amyloid beta morphology pattern? Cored', 'IHC stained light micrograph of extracellular amyloid-beta deposition in the human brain tissue. Based on the image, what is the most likely amyloid beta morphology pattern? Diffuse', 'IHC stained light micrograph of extracellular amyloid-beta deposition in the human brain tissue. Based on the image, what is the most likely amyloid beta morphology pattern? none of the above']",72b208a7-59b0-46df-a7cd-4ec5ee3e4e32,Cored,2,"{'pred': [2], 'probs': [[0.21601317822933197, 0.13519512116909027, 0.2897210121154785, 0.16973769664764404, 0.1893329918384552]], 'pred_prompt': ['IHC stained light micrograph of extracellular amyloid-beta deposition in the human brain tissue. Based on the image, what is the most likely amyloid beta morphology pattern? Cored']}",0.5026999711990356,pathology,neuropathology,light microscopy,brightfield microscopy,
classification,"['IHC stained light micrograph of extracellular amyloid-beta deposition in the human brain tissue. Based on the image, what is the most likely amyloid beta morphology pattern? negative', 'IHC stained light micrograph of extracellular amyloid-beta deposition in the human brain tissue. Based on the image, what is the most likely amyloid beta morphology pattern? diffuse plaque', 'IHC stained light micrograph of extracellular amyloid-beta deposition in the human brain tissue. Based on the image, what is the most likely amyloid beta morphology pattern? cerebral amyloid angiopathy', 'IHC stained light micrograph of extracellular amyloid-beta deposition in the human brain tissue. Based on the image, what is the most likely amyloid beta morphology pattern? cored plaque', 'IHC stained light micrograph of extracellular amyloid-beta deposition in the human brain tissue. Based on the image, what is the most likely amyloid beta morphology pattern? none of the above']",1246cb21-cc22-4603-a0f5-e0a4e4cc2560,negative,0,"{'pred': [4], 'probs': [[0.211894690990448, 0.21448732912540436, 0.15498705208301544, 0.20035326480865479, 0.21827764809131622]], 'pred_prompt': ['IHC stained light micrograph of extracellular amyloid-beta deposition in the human brain tissue. Based on the image, what is the most likely amyloid beta morphology pattern? none of the above']}",0.5026999711990356,pathology,neuropathology,light microscopy,brightfield microscopy,
classification,"['IHC stained light micrograph of extracellular amyloid-beta deposition in the human brain tissue. Based on the image, what is the most likely amyloid beta morphology pattern? negative', 'IHC stained light micrograph of extracellular amyloid-beta deposition in the human brain tissue. Based on the image, what is the most likely amyloid beta morphology pattern? cored plaque', 'IHC stained light micrograph of extracellular amyloid-beta deposition in the human brain tissue. Based on the image, what is the most likely amyloid beta morphology pattern? cerebral amyloid angiopathy', 'IHC stained light micrograph of extracellular amyloid-beta deposition in the human brain tissue. Based on the image, what is the most likely amyloid beta morphology pattern? diffuse plaque', 'IHC stained light micrograph of extracellular amyloid-beta deposition in the human brain tissue. Based on the image, what is the most likely amyloid beta morphology pattern? none of the above']",513f8438-293e-450f-a5b3-1e8f891be93f,negative,0,"{'pred': [4], 'probs': [[0.2512212097644806, 0.187715083360672, 0.1498280167579651, 0.15724019706249237, 0.25399544835090637]], 'pred_prompt': ['IHC stained light micrograph of extracellular amyloid-beta deposition in the human brain tissue. Based on the image, what is the most likely amyloid beta morphology pattern? none of the above']}",0.5026999711990356,pathology,neuropathology,light microscopy,brightfield microscopy,
classification,"['IHC stained light micrograph of extracellular amyloid-beta deposition in the human brain tissue. Based on the image, what is the most likely amyloid beta morphology pattern? cored plaque', 'IHC stained light micrograph of extracellular amyloid-beta deposition in the human brain tissue. Based on the image, what is the most likely amyloid beta morphology pattern? negative', 'IHC stained light micrograph of extracellular amyloid-beta deposition in the human brain tissue. Based on the image, what is the most likely amyloid beta morphology pattern? cerebral amyloid angiopathy', 'IHC stained light micrograph of extracellular amyloid-beta deposition in the human brain tissue. Based on the image, what is the most likely amyloid beta morphology pattern? diffuse plaque', 'IHC stained light micrograph of extracellular amyloid-beta deposition in the human brain tissue. Based on the image, what is the most likely amyloid beta morphology pattern? none of the above']",ce5bb669-5734-4867-8678-5777dfb0197b,diffuse plaque,3,"{'pred': [4], 'probs': [[0.19029538333415985, 0.20785051584243774, 0.05276496708393097, 0.24568159878253937, 0.3034075200557709]], 'pred_prompt': ['IHC stained light micrograph of extracellular amyloid-beta deposition in the human brain tissue. Based on the image, what is the most likely amyloid beta morphology pattern? none of the above']}",0.5026999711990356,pathology,neuropathology,light microscopy,brightfield microscopy,
classification,"['IHC stained light micrograph of extracellular amyloid-beta deposition in the human brain tissue. Based on the image, what is the most likely amyloid beta morphology pattern? Diffuse', 'IHC stained light micrograph of extracellular amyloid-beta deposition in the human brain tissue. Based on the image, what is the most likely amyloid beta morphology pattern? Cored', 'IHC stained light micrograph of extracellular amyloid-beta deposition in the human brain tissue. Based on the image, what is the most likely amyloid beta morphology pattern? Caa', 'IHC stained light micrograph of extracellular amyloid-beta deposition in the human brain tissue. Based on the image, what is the most likely amyloid beta morphology pattern? Negative', 'IHC stained light micrograph of extracellular amyloid-beta deposition in the human brain tissue. Based on the image, what is the most likely amyloid beta morphology pattern? none of the above']",9c626377-7c94-4ba8-9ec1-de838c000d1e,Diffuse,0,"{'pred': [0], 'probs': [[0.3489135503768921, 0.298856258392334, 0.1807159036397934, 0.06761469691991806, 0.10389960557222366]], 'pred_prompt': ['IHC stained light micrograph of extracellular amyloid-beta deposition in the human brain tissue. Based on the image, what is the most likely amyloid beta morphology pattern? Diffuse']}",0.5026999711990356,pathology,neuropathology,light microscopy,brightfield microscopy,
classification,"['IHC stained light micrograph of extracellular amyloid-beta deposition in the human brain tissue. Based on the image, what is the most likely amyloid beta morphology pattern? cerebral amyloid angiopathy', 'IHC stained light micrograph of extracellular amyloid-beta deposition in the human brain tissue. Based on the image, what is the most likely amyloid beta morphology pattern? negative', 'IHC stained light micrograph of extracellular amyloid-beta deposition in the human brain tissue. Based on the image, what is the most likely amyloid beta morphology pattern? cored plaque', 'IHC stained light micrograph of extracellular amyloid-beta deposition in the human brain tissue. Based on the image, what is the most likely amyloid beta morphology pattern? diffuse plaque', 'IHC stained light micrograph of extracellular amyloid-beta deposition in the human brain tissue. Based on the image, what is the most likely amyloid beta morphology pattern? none of the above']",4065ec52-0b62-47fc-b2f7-6b0bd266e535,diffuse plaque,3,"{'pred': [4], 'probs': [[0.11131910979747772, 0.2115909457206726, 0.16139289736747742, 0.17465850710868835, 0.3410385251045227]], 'pred_prompt': ['IHC stained light micrograph of extracellular amyloid-beta deposition in the human brain tissue. Based on the image, what is the most likely amyloid beta morphology pattern? none of the above']}",0.5026999711990356,pathology,neuropathology,light microscopy,brightfield microscopy,
classification,"['IHC stained light micrograph of extracellular amyloid-beta deposition in the human brain tissue. Based on the image, what is the most likely amyloid beta morphology pattern? Negative', 'IHC stained light micrograph of extracellular amyloid-beta deposition in the human brain tissue. Based on the image, what is the most likely amyloid beta morphology pattern? Caa', 'IHC stained light micrograph of extracellular amyloid-beta deposition in the human brain tissue. Based on the image, what is the most likely amyloid beta morphology pattern? Diffuse', 'IHC stained light micrograph of extracellular amyloid-beta deposition in the human brain tissue. Based on the image, what is the most likely amyloid beta morphology pattern? Cored', 'IHC stained light micrograph of extracellular amyloid-beta deposition in the human brain tissue. Based on the image, what is the most likely amyloid beta morphology pattern? none of the above']",1d051884-2f96-4447-b074-c02db4ec5aba,Diffuse,2,"{'pred': [3], 'probs': [[0.0661536231637001, 0.07157879322767258, 0.2933412790298462, 0.45324525237083435, 0.11568102240562439]], 'pred_prompt': ['IHC stained light micrograph of extracellular amyloid-beta deposition in the human brain tissue. Based on the image, what is the most likely amyloid beta morphology pattern? Cored']}",0.5026999711990356,pathology,neuropathology,light microscopy,brightfield microscopy,
classification,"['IHC stained light micrograph of extracellular amyloid-beta deposition in the human brain tissue. Based on the image, what is the most likely amyloid beta morphology pattern? Negative', 'IHC stained light micrograph of extracellular amyloid-beta deposition in the human brain tissue. Based on the image, what is the most likely amyloid beta morphology pattern? Caa', 'IHC stained light micrograph of extracellular amyloid-beta deposition in the human brain tissue. Based on the image, what is the most likely amyloid beta morphology pattern? Cored', 'IHC stained light micrograph of extracellular amyloid-beta deposition in the human brain tissue. Based on the image, what is the most likely amyloid beta morphology pattern? Diffuse', 'IHC stained light micrograph of extracellular amyloid-beta deposition in the human brain tissue. Based on the image, what is the most likely amyloid beta morphology pattern? none of the above']",f653a926-ef9d-4799-99e8-d42523a2d407,Diffuse,3,"{'pred': [2], 'probs': [[0.07214304059743881, 0.029375914484262466, 0.48444175720214844, 0.30260592699050903, 0.11143339425325394]], 'pred_prompt': ['IHC stained light micrograph of extracellular amyloid-beta deposition in the human brain tissue. Based on the image, what is the most likely amyloid beta morphology pattern? Cored']}",0.5026999711990356,pathology,neuropathology,light microscopy,brightfield microscopy,
classification,"['IHC stained light micrograph of extracellular amyloid-beta deposition in the human brain tissue. Based on the image, what is the most likely amyloid beta morphology pattern? negative', 'IHC stained light micrograph of extracellular amyloid-beta deposition in the human brain tissue. Based on the image, what is the most likely amyloid beta morphology pattern? cored plaque', 'IHC stained light micrograph of extracellular amyloid-beta deposition in the human brain tissue. Based on the image, what is the most likely amyloid beta morphology pattern? cerebral amyloid angiopathy', 'IHC stained light micrograph of extracellular amyloid-beta deposition in the human brain tissue. Based on the image, what is the most likely amyloid beta morphology pattern? diffuse plaque', 'IHC stained light micrograph of extracellular amyloid-beta deposition in the human brain tissue. Based on the image, what is the most likely amyloid beta morphology pattern? none of the above']",8f9a529f-f2c8-40f1-8028-5a154292a7f5,diffuse plaque,3,"{'pred': [3], 'probs': [[0.10600372403860092, 0.3113638758659363, 0.11709129810333252, 0.35863059759140015, 0.10691054910421371]], 'pred_prompt': ['IHC stained light micrograph of extracellular amyloid-beta deposition in the human brain tissue. Based on the image, what is the most likely amyloid beta morphology pattern? diffuse plaque']}",0.5026999711990356,pathology,neuropathology,light microscopy,brightfield microscopy,
classification,"['IHC stained light micrograph of extracellular amyloid-beta deposition in the human brain tissue. Based on the image, what is the most likely amyloid beta morphology pattern? Cored', 'IHC stained light micrograph of extracellular amyloid-beta deposition in the human brain tissue. Based on the image, what is the most likely amyloid beta morphology pattern? Diffuse', 'IHC stained light micrograph of extracellular amyloid-beta deposition in the human brain tissue. Based on the image, what is the most likely amyloid beta morphology pattern? Caa', 'IHC stained light micrograph of extracellular amyloid-beta deposition in the human brain tissue. Based on the image, what is the most likely amyloid beta morphology pattern? Negative', 'IHC stained light micrograph of extracellular amyloid-beta deposition in the human brain tissue. Based on the image, what is the most likely amyloid beta morphology pattern? none of the above']",8587260e-3d65-48cf-a62d-f9c327a70e96,Diffuse,1,"{'pred': [0], 'probs': [[0.4996107816696167, 0.12222209572792053, 0.13886186480522156, 0.09477397799491882, 0.1445312649011612]], 'pred_prompt': ['IHC stained light micrograph of extracellular amyloid-beta deposition in the human brain tissue. Based on the image, what is the most likely amyloid beta morphology pattern? Cored']}",0.5026999711990356,pathology,neuropathology,light microscopy,brightfield microscopy,
classification,"['IHC stained light micrograph of extracellular amyloid-beta deposition in the human brain tissue. Based on the image, what is the most likely amyloid beta morphology pattern? cored plaque', 'IHC stained light micrograph of extracellular amyloid-beta deposition in the human brain tissue. Based on the image, what is the most likely amyloid beta morphology pattern? diffuse plaque', 'IHC stained light micrograph of extracellular amyloid-beta deposition in the human brain tissue. Based on the image, what is the most likely amyloid beta morphology pattern? negative', 'IHC stained light micrograph of extracellular amyloid-beta deposition in the human brain tissue. Based on the image, what is the most likely amyloid beta morphology pattern? cerebral amyloid angiopathy', 'IHC stained light micrograph of extracellular amyloid-beta deposition in the human brain tissue. Based on the image, what is the most likely amyloid beta morphology pattern? none of the above']",93a53036-4db6-4687-ab59-fe597a0a0ca7,negative,2,"{'pred': [4], 'probs': [[0.16548436880111694, 0.22364382445812225, 0.1400531381368637, 0.18248194456100464, 0.28833669424057007]], 'pred_prompt': ['IHC stained light micrograph of extracellular amyloid-beta deposition in the human brain tissue. Based on the image, what is the most likely amyloid beta morphology pattern? none of the above']}",0.5026999711990356,pathology,neuropathology,light microscopy,brightfield microscopy,
classification,"['IHC stained light micrograph of extracellular amyloid-beta deposition in the human brain tissue. Based on the image, what is the most likely amyloid beta morphology pattern? Diffuse', 'IHC stained light micrograph of extracellular amyloid-beta deposition in the human brain tissue. Based on the image, what is the most likely amyloid beta morphology pattern? Negative', 'IHC stained light micrograph of extracellular amyloid-beta deposition in the human brain tissue. Based on the image, what is the most likely amyloid beta morphology pattern? Cored', 'IHC stained light micrograph of extracellular amyloid-beta deposition in the human brain tissue. Based on the image, what is the most likely amyloid beta morphology pattern? Caa', 'IHC stained light micrograph of extracellular amyloid-beta deposition in the human brain tissue. Based on the image, what is the most likely amyloid beta morphology pattern? none of the above']",f007ae5d-c675-40fe-84b9-44acb1329dd6,Negative,1,"{'pred': [3], 'probs': [[0.15822893381118774, 0.18527579307556152, 0.23289021849632263, 0.26469868421554565, 0.15890640020370483]], 'pred_prompt': ['IHC stained light micrograph of extracellular amyloid-beta deposition in the human brain tissue. Based on the image, what is the most likely amyloid beta morphology pattern? Caa']}",0.5026999711990356,pathology,neuropathology,light microscopy,brightfield microscopy,
classification,"['IHC stained light micrograph of extracellular amyloid-beta deposition in the human brain tissue. Based on the image, what is the most likely amyloid beta morphology pattern? cerebral amyloid angiopathy', 'IHC stained light micrograph of extracellular amyloid-beta deposition in the human brain tissue. Based on the image, what is the most likely amyloid beta morphology pattern? cored plaque', 'IHC stained light micrograph of extracellular amyloid-beta deposition in the human brain tissue. Based on the image, what is the most likely amyloid beta morphology pattern? negative', 'IHC stained light micrograph of extracellular amyloid-beta deposition in the human brain tissue. Based on the image, what is the most likely amyloid beta morphology pattern? diffuse plaque', 'IHC stained light micrograph of extracellular amyloid-beta deposition in the human brain tissue. Based on the image, what is the most likely amyloid beta morphology pattern? none of the above']",c313f1a4-35f4-4f8c-8398-54416b438986,negative,2,"{'pred': [1], 'probs': [[0.19680337607860565, 0.2575156092643738, 0.1820133775472641, 0.1294785887002945, 0.23418906331062317]], 'pred_prompt': ['IHC stained light micrograph of extracellular amyloid-beta deposition in the human brain tissue. Based on the image, what is the most likely amyloid beta morphology pattern? cored plaque']}",0.5026999711990356,pathology,neuropathology,light microscopy,brightfield microscopy,
classification,"['IHC stained light micrograph of extracellular amyloid-beta deposition in the human brain tissue. Based on the image, what is the most likely amyloid beta morphology pattern? Negative', 'IHC stained light micrograph of extracellular amyloid-beta deposition in the human brain tissue. Based on the image, what is the most likely amyloid beta morphology pattern? Caa', 'IHC stained light micrograph of extracellular amyloid-beta deposition in the human brain tissue. Based on the image, what is the most likely amyloid beta morphology pattern? Diffuse', 'IHC stained light micrograph of extracellular amyloid-beta deposition in the human brain tissue. Based on the image, what is the most likely amyloid beta morphology pattern? Cored', 'IHC stained light micrograph of extracellular amyloid-beta deposition in the human brain tissue. Based on the image, what is the most likely amyloid beta morphology pattern? none of the above']",1f0fe4cb-5ddb-494c-a0ca-86d15f96ae71,Diffuse,2,"{'pred': [3], 'probs': [[0.04693896695971489, 0.048841770738363266, 0.19659408926963806, 0.6458107829093933, 0.06181437149643898]], 'pred_prompt': ['IHC stained light micrograph of extracellular amyloid-beta deposition in the human brain tissue. Based on the image, what is the most likely amyloid beta morphology pattern? Cored']}",0.5026999711990356,pathology,neuropathology,light microscopy,brightfield microscopy,
classification,"['IHC stained light micrograph of extracellular amyloid-beta deposition in the human brain tissue. Based on the image, what is the most likely amyloid beta morphology pattern? Caa', 'IHC stained light micrograph of extracellular amyloid-beta deposition in the human brain tissue. Based on the image, what is the most likely amyloid beta morphology pattern? Negative', 'IHC stained light micrograph of extracellular amyloid-beta deposition in the human brain tissue. Based on the image, what is the most likely amyloid beta morphology pattern? Cored', 'IHC stained light micrograph of extracellular amyloid-beta deposition in the human brain tissue. Based on the image, what is the most likely amyloid beta morphology pattern? Diffuse', 'IHC stained light micrograph of extracellular amyloid-beta deposition in the human brain tissue. Based on the image, what is the most likely amyloid beta morphology pattern? none of the above']",90c93d0e-71a7-460d-bde9-fccbcc407a10,Negative,1,"{'pred': [2], 'probs': [[0.13258096575737, 0.18222740292549133, 0.30460357666015625, 0.1282467395067215, 0.2523413300514221]], 'pred_prompt': ['IHC stained light micrograph of extracellular amyloid-beta deposition in the human brain tissue. Based on the image, what is the most likely amyloid beta morphology pattern? Cored']}",0.5026999711990356,pathology,neuropathology,light microscopy,brightfield microscopy,
classification,"['IHC stained light micrograph of extracellular amyloid-beta deposition in the human brain tissue. Based on the image, what is the most likely amyloid beta morphology pattern? Caa', 'IHC stained light micrograph of extracellular amyloid-beta deposition in the human brain tissue. Based on the image, what is the most likely amyloid beta morphology pattern? Negative', 'IHC stained light micrograph of extracellular amyloid-beta deposition in the human brain tissue. Based on the image, what is the most likely amyloid beta morphology pattern? Cored', 'IHC stained light micrograph of extracellular amyloid-beta deposition in the human brain tissue. Based on the image, what is the most likely amyloid beta morphology pattern? Diffuse', 'IHC stained light micrograph of extracellular amyloid-beta deposition in the human brain tissue. Based on the image, what is the most likely amyloid beta morphology pattern? none of the above']",598b8f70-0f23-46b3-ab15-063dc6febe0a,Diffuse,3,"{'pred': [2], 'probs': [[0.07518657296895981, 0.13537314534187317, 0.5034329295158386, 0.10573561489582062, 0.18027172982692719]], 'pred_prompt': ['IHC stained light micrograph of extracellular amyloid-beta deposition in the human brain tissue. Based on the image, what is the most likely amyloid beta morphology pattern? Cored']}",0.5026999711990356,pathology,neuropathology,light microscopy,brightfield microscopy,
classification,"['IHC stained light micrograph of extracellular amyloid-beta deposition in the human brain tissue. Based on the image, what is the most likely amyloid beta morphology pattern? cerebral amyloid angiopathy', 'IHC stained light micrograph of extracellular amyloid-beta deposition in the human brain tissue. Based on the image, what is the most likely amyloid beta morphology pattern? negative', 'IHC stained light micrograph of extracellular amyloid-beta deposition in the human brain tissue. Based on the image, what is the most likely amyloid beta morphology pattern? diffuse plaque', 'IHC stained light micrograph of extracellular amyloid-beta deposition in the human brain tissue. Based on the image, what is the most likely amyloid beta morphology pattern? cored plaque', 'IHC stained light micrograph of extracellular amyloid-beta deposition in the human brain tissue. Based on the image, what is the most likely amyloid beta morphology pattern? none of the above']",9478fb06-b000-4d93-bd73-edf6e28a4859,cored plaque,3,"{'pred': [3], 'probs': [[0.14027537405490875, 0.12085898220539093, 0.3216586709022522, 0.3252405524253845, 0.091966412961483]], 'pred_prompt': ['IHC stained light micrograph of extracellular amyloid-beta deposition in the human brain tissue. Based on the image, what is the most likely amyloid beta morphology pattern? cored plaque']}",0.5026999711990356,pathology,neuropathology,light microscopy,brightfield microscopy,
classification,"['IHC stained light micrograph of extracellular amyloid-beta deposition in the human brain tissue. Based on the image, what is the most likely amyloid beta morphology pattern? Caa', 'IHC stained light micrograph of extracellular amyloid-beta deposition in the human brain tissue. Based on the image, what is the most likely amyloid beta morphology pattern? Cored', 'IHC stained light micrograph of extracellular amyloid-beta deposition in the human brain tissue. Based on the image, what is the most likely amyloid beta morphology pattern? Negative', 'IHC stained light micrograph of extracellular amyloid-beta deposition in the human brain tissue. Based on the image, what is the most likely amyloid beta morphology pattern? Diffuse', 'IHC stained light micrograph of extracellular amyloid-beta deposition in the human brain tissue. Based on the image, what is the most likely amyloid beta morphology pattern? none of the above']",92d6585b-0477-4f99-80ba-1e114ef2a30a,Diffuse,3,"{'pred': [4], 'probs': [[0.21247974038124084, 0.24029119312763214, 0.12088409066200256, 0.17901736497879028, 0.2473275363445282]], 'pred_prompt': ['IHC stained light micrograph of extracellular amyloid-beta deposition in the human brain tissue. Based on the image, what is the most likely amyloid beta morphology pattern? none of the above']}",0.5026999711990356,pathology,neuropathology,light microscopy,brightfield microscopy,
classification,"['IHC stained light micrograph of extracellular amyloid-beta deposition in the human brain tissue. Based on the image, what is the most likely amyloid beta morphology pattern? Caa', 'IHC stained light micrograph of extracellular amyloid-beta deposition in the human brain tissue. Based on the image, what is the most likely amyloid beta morphology pattern? Diffuse', 'IHC stained light micrograph of extracellular amyloid-beta deposition in the human brain tissue. Based on the image, what is the most likely amyloid beta morphology pattern? Negative', 'IHC stained light micrograph of extracellular amyloid-beta deposition in the human brain tissue. Based on the image, what is the most likely amyloid beta morphology pattern? Cored', 'IHC stained light micrograph of extracellular amyloid-beta deposition in the human brain tissue. Based on the image, what is the most likely amyloid beta morphology pattern? none of the above']",f10b414b-22a4-4179-8750-917507c7ca08,Diffuse,1,"{'pred': [3], 'probs': [[0.12231121957302094, 0.10806988179683685, 0.1327144056558609, 0.49998462200164795, 0.13691988587379456]], 'pred_prompt': ['IHC stained light micrograph of extracellular amyloid-beta deposition in the human brain tissue. Based on the image, what is the most likely amyloid beta morphology pattern? Cored']}",0.5026999711990356,pathology,neuropathology,light microscopy,brightfield microscopy,
classification,"['IHC stained light micrograph of extracellular amyloid-beta deposition in the human brain tissue. Based on the image, what is the most likely amyloid beta morphology pattern? Cored', 'IHC stained light micrograph of extracellular amyloid-beta deposition in the human brain tissue. Based on the image, what is the most likely amyloid beta morphology pattern? Negative', 'IHC stained light micrograph of extracellular amyloid-beta deposition in the human brain tissue. Based on the image, what is the most likely amyloid beta morphology pattern? Diffuse', 'IHC stained light micrograph of extracellular amyloid-beta deposition in the human brain tissue. Based on the image, what is the most likely amyloid beta morphology pattern? Caa', 'IHC stained light micrograph of extracellular amyloid-beta deposition in the human brain tissue. Based on the image, what is the most likely amyloid beta morphology pattern? none of the above']",30940c42-6eb5-421f-abcb-73f69f1791b0,Caa,3,"{'pred': [3], 'probs': [[0.17076775431632996, 0.131512850522995, 0.0484883151948452, 0.3471345007419586, 0.30209657549858093]], 'pred_prompt': ['IHC stained light micrograph of extracellular amyloid-beta deposition in the human brain tissue. Based on the image, what is the most likely amyloid beta morphology pattern? Caa']}",0.5026999711990356,pathology,neuropathology,light microscopy,brightfield microscopy,
classification,"['IHC stained light micrograph of extracellular amyloid-beta deposition in the human brain tissue. Based on the image, what is the most likely amyloid beta morphology pattern? diffuse plaque', 'IHC stained light micrograph of extracellular amyloid-beta deposition in the human brain tissue. Based on the image, what is the most likely amyloid beta morphology pattern? negative', 'IHC stained light micrograph of extracellular amyloid-beta deposition in the human brain tissue. Based on the image, what is the most likely amyloid beta morphology pattern? cored plaque', 'IHC stained light micrograph of extracellular amyloid-beta deposition in the human brain tissue. Based on the image, what is the most likely amyloid beta morphology pattern? cerebral amyloid angiopathy', 'IHC stained light micrograph of extracellular amyloid-beta deposition in the human brain tissue. Based on the image, what is the most likely amyloid beta morphology pattern? none of the above']",8177bfa2-a4d3-4731-b8c0-eaddcf49b6ab,negative,1,"{'pred': [4], 'probs': [[0.12406542152166367, 0.2650328278541565, 0.11437162756919861, 0.22116969525814056, 0.2753604054450989]], 'pred_prompt': ['IHC stained light micrograph of extracellular amyloid-beta deposition in the human brain tissue. Based on the image, what is the most likely amyloid beta morphology pattern? none of the above']}",0.5026999711990356,pathology,neuropathology,light microscopy,brightfield microscopy,
classification,"['IHC stained light micrograph of extracellular amyloid-beta deposition in the human brain tissue. Based on the image, what is the most likely amyloid beta morphology pattern? Negative', 'IHC stained light micrograph of extracellular amyloid-beta deposition in the human brain tissue. Based on the image, what is the most likely amyloid beta morphology pattern? Caa', 'IHC stained light micrograph of extracellular amyloid-beta deposition in the human brain tissue. Based on the image, what is the most likely amyloid beta morphology pattern? Diffuse', 'IHC stained light micrograph of extracellular amyloid-beta deposition in the human brain tissue. Based on the image, what is the most likely amyloid beta morphology pattern? Cored', 'IHC stained light micrograph of extracellular amyloid-beta deposition in the human brain tissue. Based on the image, what is the most likely amyloid beta morphology pattern? none of the above']",610aebb3-c677-4cfe-a67b-aac49d874fee,Negative,0,"{'pred': [3], 'probs': [[0.15507937967777252, 0.1797347217798233, 0.1858331263065338, 0.3529292345046997, 0.12642347812652588]], 'pred_prompt': ['IHC stained light micrograph of extracellular amyloid-beta deposition in the human brain tissue. Based on the image, what is the most likely amyloid beta morphology pattern? Cored']}",0.5026999711990356,pathology,neuropathology,light microscopy,brightfield microscopy,
classification,"['IHC stained light micrograph of extracellular amyloid-beta deposition in the human brain tissue. Based on the image, what is the most likely amyloid beta morphology pattern? negative', 'IHC stained light micrograph of extracellular amyloid-beta deposition in the human brain tissue. Based on the image, what is the most likely amyloid beta morphology pattern? diffuse plaque', 'IHC stained light micrograph of extracellular amyloid-beta deposition in the human brain tissue. Based on the image, what is the most likely amyloid beta morphology pattern? cored plaque', 'IHC stained light micrograph of extracellular amyloid-beta deposition in the human brain tissue. Based on the image, what is the most likely amyloid beta morphology pattern? cerebral amyloid angiopathy', 'IHC stained light micrograph of extracellular amyloid-beta deposition in the human brain tissue. Based on the image, what is the most likely amyloid beta morphology pattern? none of the above']",eb00997e-5aaf-480b-8dd4-949c543e9e39,negative,0,"{'pred': [4], 'probs': [[0.18006673455238342, 0.21453309059143066, 0.17331983149051666, 0.1388293206691742, 0.29325100779533386]], 'pred_prompt': ['IHC stained light micrograph of extracellular amyloid-beta deposition in the human brain tissue. Based on the image, what is the most likely amyloid beta morphology pattern? none of the above']}",0.5026999711990356,pathology,neuropathology,light microscopy,brightfield microscopy,
classification,"['IHC stained light micrograph of extracellular amyloid-beta deposition in the human brain tissue. Based on the image, what is the most likely amyloid beta morphology pattern? Diffuse', 'IHC stained light micrograph of extracellular amyloid-beta deposition in the human brain tissue. Based on the image, what is the most likely amyloid beta morphology pattern? Negative', 'IHC stained light micrograph of extracellular amyloid-beta deposition in the human brain tissue. Based on the image, what is the most likely amyloid beta morphology pattern? Caa', 'IHC stained light micrograph of extracellular amyloid-beta deposition in the human brain tissue. Based on the image, what is the most likely amyloid beta morphology pattern? Cored', 'IHC stained light micrograph of extracellular amyloid-beta deposition in the human brain tissue. Based on the image, what is the most likely amyloid beta morphology pattern? none of the above']",10db48f5-30cb-4c51-af81-5859f765c15f,Negative,1,"{'pred': [2], 'probs': [[0.06064958870410919, 0.21289123594760895, 0.36695170402526855, 0.14919917285442352, 0.2103082686662674]], 'pred_prompt': ['IHC stained light micrograph of extracellular amyloid-beta deposition in the human brain tissue. Based on the image, what is the most likely amyloid beta morphology pattern? Caa']}",0.5026999711990356,pathology,neuropathology,light microscopy,brightfield microscopy,
classification,"['IHC stained light micrograph of extracellular amyloid-beta deposition in the human brain tissue. Based on the image, what is the most likely amyloid beta morphology pattern? Caa', 'IHC stained light micrograph of extracellular amyloid-beta deposition in the human brain tissue. Based on the image, what is the most likely amyloid beta morphology pattern? Cored', 'IHC stained light micrograph of extracellular amyloid-beta deposition in the human brain tissue. Based on the image, what is the most likely amyloid beta morphology pattern? Negative', 'IHC stained light micrograph of extracellular amyloid-beta deposition in the human brain tissue. Based on the image, what is the most likely amyloid beta morphology pattern? Diffuse', 'IHC stained light micrograph of extracellular amyloid-beta deposition in the human brain tissue. Based on the image, what is the most likely amyloid beta morphology pattern? none of the above']",670b52fa-7f34-4bba-9818-3a9437b9b241,Caa,0,"{'pred': [0], 'probs': [[0.698338508605957, 0.05899673327803612, 0.0811116173863411, 0.029531847685575485, 0.13202126324176788]], 'pred_prompt': ['IHC stained light micrograph of extracellular amyloid-beta deposition in the human brain tissue. Based on the image, what is the most likely amyloid beta morphology pattern? Caa']}",0.5026999711990356,pathology,neuropathology,light microscopy,brightfield microscopy,
classification,"['IHC stained light micrograph of extracellular amyloid-beta deposition in the human brain tissue. Based on the image, what is the most likely amyloid beta morphology pattern? diffuse plaque', 'IHC stained light micrograph of extracellular amyloid-beta deposition in the human brain tissue. Based on the image, what is the most likely amyloid beta morphology pattern? cerebral amyloid angiopathy', 'IHC stained light micrograph of extracellular amyloid-beta deposition in the human brain tissue. Based on the image, what is the most likely amyloid beta morphology pattern? cored plaque', 'IHC stained light micrograph of extracellular amyloid-beta deposition in the human brain tissue. Based on the image, what is the most likely amyloid beta morphology pattern? negative', 'IHC stained light micrograph of extracellular amyloid-beta deposition in the human brain tissue. Based on the image, what is the most likely amyloid beta morphology pattern? none of the above']",70334b51-6aa8-45cf-a4e6-553cd8c6c5ef,diffuse plaque,0,"{'pred': [2], 'probs': [[0.21036046743392944, 0.11755090206861496, 0.3405473232269287, 0.1350826472043991, 0.196458637714386]], 'pred_prompt': ['IHC stained light micrograph of extracellular amyloid-beta deposition in the human brain tissue. Based on the image, what is the most likely amyloid beta morphology pattern? cored plaque']}",0.5026999711990356,pathology,neuropathology,light microscopy,brightfield microscopy,
classification,"['IHC stained light micrograph of extracellular amyloid-beta deposition in the human brain tissue. Based on the image, what is the most likely amyloid beta morphology pattern? Negative', 'IHC stained light micrograph of extracellular amyloid-beta deposition in the human brain tissue. Based on the image, what is the most likely amyloid beta morphology pattern? Diffuse', 'IHC stained light micrograph of extracellular amyloid-beta deposition in the human brain tissue. Based on the image, what is the most likely amyloid beta morphology pattern? Cored', 'IHC stained light micrograph of extracellular amyloid-beta deposition in the human brain tissue. Based on the image, what is the most likely amyloid beta morphology pattern? Caa', 'IHC stained light micrograph of extracellular amyloid-beta deposition in the human brain tissue. Based on the image, what is the most likely amyloid beta morphology pattern? none of the above']",1ee430e9-f4ed-4219-ac0f-f82e61df893a,Cored,2,"{'pred': [3], 'probs': [[0.062239475548267365, 0.05515184625983238, 0.31563353538513184, 0.4935528635978699, 0.07342223823070526]], 'pred_prompt': ['IHC stained light micrograph of extracellular amyloid-beta deposition in the human brain tissue. Based on the image, what is the most likely amyloid beta morphology pattern? Caa']}",0.5026999711990356,pathology,neuropathology,light microscopy,brightfield microscopy,
classification,"['IHC stained light micrograph of extracellular amyloid-beta deposition in the human brain tissue. Based on the image, what is the most likely amyloid beta morphology pattern? diffuse plaque', 'IHC stained light micrograph of extracellular amyloid-beta deposition in the human brain tissue. Based on the image, what is the most likely amyloid beta morphology pattern? negative', 'IHC stained light micrograph of extracellular amyloid-beta deposition in the human brain tissue. Based on the image, what is the most likely amyloid beta morphology pattern? cored plaque', 'IHC stained light micrograph of extracellular amyloid-beta deposition in the human brain tissue. Based on the image, what is the most likely amyloid beta morphology pattern? cerebral amyloid angiopathy', 'IHC stained light micrograph of extracellular amyloid-beta deposition in the human brain tissue. Based on the image, what is the most likely amyloid beta morphology pattern? none of the above']",3ba94fb5-35c2-4ec3-b0e1-172e63b7bd5f,diffuse plaque,0,"{'pred': [2], 'probs': [[0.13267898559570312, 0.1600743979215622, 0.3581458330154419, 0.16440454125404358, 0.1846962571144104]], 'pred_prompt': ['IHC stained light micrograph of extracellular amyloid-beta deposition in the human brain tissue. Based on the image, what is the most likely amyloid beta morphology pattern? cored plaque']}",0.5026999711990356,pathology,neuropathology,light microscopy,brightfield microscopy,
classification,"['IHC stained light micrograph of extracellular amyloid-beta deposition in the human brain tissue. Based on the image, what is the most likely amyloid beta morphology pattern? Diffuse', 'IHC stained light micrograph of extracellular amyloid-beta deposition in the human brain tissue. Based on the image, what is the most likely amyloid beta morphology pattern? Negative', 'IHC stained light micrograph of extracellular amyloid-beta deposition in the human brain tissue. Based on the image, what is the most likely amyloid beta morphology pattern? Cored', 'IHC stained light micrograph of extracellular amyloid-beta deposition in the human brain tissue. Based on the image, what is the most likely amyloid beta morphology pattern? Caa', 'IHC stained light micrograph of extracellular amyloid-beta deposition in the human brain tissue. Based on the image, what is the most likely amyloid beta morphology pattern? none of the above']",b2c1e494-8919-4ac7-b746-2afe2bf200a1,Negative,1,"{'pred': [2], 'probs': [[0.16409114003181458, 0.22736476361751556, 0.2660912871360779, 0.10367788374423981, 0.2387748509645462]], 'pred_prompt': ['IHC stained light micrograph of extracellular amyloid-beta deposition in the human brain tissue. Based on the image, what is the most likely amyloid beta morphology pattern? Cored']}",0.5026999711990356,pathology,neuropathology,light microscopy,brightfield microscopy,
classification,"['IHC stained light micrograph of extracellular amyloid-beta deposition in the human brain tissue. Based on the image, what is the most likely amyloid beta morphology pattern? negative', 'IHC stained light micrograph of extracellular amyloid-beta deposition in the human brain tissue. Based on the image, what is the most likely amyloid beta morphology pattern? cored plaque', 'IHC stained light micrograph of extracellular amyloid-beta deposition in the human brain tissue. Based on the image, what is the most likely amyloid beta morphology pattern? diffuse plaque', 'IHC stained light micrograph of extracellular amyloid-beta deposition in the human brain tissue. Based on the image, what is the most likely amyloid beta morphology pattern? cerebral amyloid angiopathy', 'IHC stained light micrograph of extracellular amyloid-beta deposition in the human brain tissue. Based on the image, what is the most likely amyloid beta morphology pattern? none of the above']",8667f677-c191-407f-978e-248199f783fd,negative,0,"{'pred': [4], 'probs': [[0.22805215418338776, 0.18827955424785614, 0.08690740168094635, 0.14761187136173248, 0.3491489887237549]], 'pred_prompt': ['IHC stained light micrograph of extracellular amyloid-beta deposition in the human brain tissue. Based on the image, what is the most likely amyloid beta morphology pattern? none of the above']}",0.5026999711990356,pathology,neuropathology,light microscopy,brightfield microscopy,
classification,"['IHC stained light micrograph of extracellular amyloid-beta deposition in the human brain tissue. Based on the image, what is the most likely amyloid beta morphology pattern? Negative', 'IHC stained light micrograph of extracellular amyloid-beta deposition in the human brain tissue. Based on the image, what is the most likely amyloid beta morphology pattern? Cored', 'IHC stained light micrograph of extracellular amyloid-beta deposition in the human brain tissue. Based on the image, what is the most likely amyloid beta morphology pattern? Caa', 'IHC stained light micrograph of extracellular amyloid-beta deposition in the human brain tissue. Based on the image, what is the most likely amyloid beta morphology pattern? Diffuse', 'IHC stained light micrograph of extracellular amyloid-beta deposition in the human brain tissue. Based on the image, what is the most likely amyloid beta morphology pattern? none of the above']",9501cb53-7ad1-4d50-90a9-f6f1d2e832e4,Diffuse,3,"{'pred': [3], 'probs': [[0.07500714808702469, 0.2419413924217224, 0.24369576573371887, 0.367573618888855, 0.07178203761577606]], 'pred_prompt': ['IHC stained light micrograph of extracellular amyloid-beta deposition in the human brain tissue. Based on the image, what is the most likely amyloid beta morphology pattern? Diffuse']}",0.5026999711990356,pathology,neuropathology,light microscopy,brightfield microscopy,
classification,"['IHC stained light micrograph of extracellular amyloid-beta deposition in the human brain tissue. Based on the image, what is the most likely amyloid beta morphology pattern? diffuse plaque', 'IHC stained light micrograph of extracellular amyloid-beta deposition in the human brain tissue. Based on the image, what is the most likely amyloid beta morphology pattern? negative', 'IHC stained light micrograph of extracellular amyloid-beta deposition in the human brain tissue. Based on the image, what is the most likely amyloid beta morphology pattern? cerebral amyloid angiopathy', 'IHC stained light micrograph of extracellular amyloid-beta deposition in the human brain tissue. Based on the image, what is the most likely amyloid beta morphology pattern? cored plaque', 'IHC stained light micrograph of extracellular amyloid-beta deposition in the human brain tissue. Based on the image, what is the most likely amyloid beta morphology pattern? none of the above']",4540fcbe-b30b-4ad9-b0c3-7601900ed1fc,diffuse plaque,0,"{'pred': [4], 'probs': [[0.21979746222496033, 0.16744671761989594, 0.1841745227575302, 0.10916309058666229, 0.31941816210746765]], 'pred_prompt': ['IHC stained light micrograph of extracellular amyloid-beta deposition in the human brain tissue. Based on the image, what is the most likely amyloid beta morphology pattern? none of the above']}",0.5026999711990356,pathology,neuropathology,light microscopy,brightfield microscopy,
classification,"['IHC stained light micrograph of extracellular amyloid-beta deposition in the human brain tissue. Based on the image, what is the most likely amyloid beta morphology pattern? Caa', 'IHC stained light micrograph of extracellular amyloid-beta deposition in the human brain tissue. Based on the image, what is the most likely amyloid beta morphology pattern? Diffuse', 'IHC stained light micrograph of extracellular amyloid-beta deposition in the human brain tissue. Based on the image, what is the most likely amyloid beta morphology pattern? Cored', 'IHC stained light micrograph of extracellular amyloid-beta deposition in the human brain tissue. Based on the image, what is the most likely amyloid beta morphology pattern? Negative', 'IHC stained light micrograph of extracellular amyloid-beta deposition in the human brain tissue. Based on the image, what is the most likely amyloid beta morphology pattern? none of the above']",b5411983-137f-4521-801c-e2de3f8cea75,Negative,3,"{'pred': [2], 'probs': [[0.12398656457662582, 0.23632049560546875, 0.4116847515106201, 0.1048709899187088, 0.12313718348741531]], 'pred_prompt': ['IHC stained light micrograph of extracellular amyloid-beta deposition in the human brain tissue. Based on the image, what is the most likely amyloid beta morphology pattern? Cored']}",0.5026999711990356,pathology,neuropathology,light microscopy,brightfield microscopy,
classification,"['IHC stained light micrograph of extracellular amyloid-beta deposition in the human brain tissue. Based on the image, what is the most likely amyloid beta morphology pattern? cored plaque', 'IHC stained light micrograph of extracellular amyloid-beta deposition in the human brain tissue. Based on the image, what is the most likely amyloid beta morphology pattern? diffuse plaque', 'IHC stained light micrograph of extracellular amyloid-beta deposition in the human brain tissue. Based on the image, what is the most likely amyloid beta morphology pattern? cerebral amyloid angiopathy', 'IHC stained light micrograph of extracellular amyloid-beta deposition in the human brain tissue. Based on the image, what is the most likely amyloid beta morphology pattern? negative', 'IHC stained light micrograph of extracellular amyloid-beta deposition in the human brain tissue. Based on the image, what is the most likely amyloid beta morphology pattern? none of the above']",dd32d9e8-a0a0-4c58-999e-4fd06fbf97dd,diffuse plaque,1,"{'pred': [4], 'probs': [[0.11021485179662704, 0.2800971567630768, 0.15768709778785706, 0.15700343251228333, 0.2949974834918976]], 'pred_prompt': ['IHC stained light micrograph of extracellular amyloid-beta deposition in the human brain tissue. Based on the image, what is the most likely amyloid beta morphology pattern? none of the above']}",0.5026999711990356,pathology,neuropathology,light microscopy,brightfield microscopy,
classification,"['IHC stained light micrograph of extracellular amyloid-beta deposition in the human brain tissue. Based on the image, what is the most likely amyloid beta morphology pattern? cerebral amyloid angiopathy', 'IHC stained light micrograph of extracellular amyloid-beta deposition in the human brain tissue. Based on the image, what is the most likely amyloid beta morphology pattern? negative', 'IHC stained light micrograph of extracellular amyloid-beta deposition in the human brain tissue. Based on the image, what is the most likely amyloid beta morphology pattern? cored plaque', 'IHC stained light micrograph of extracellular amyloid-beta deposition in the human brain tissue. Based on the image, what is the most likely amyloid beta morphology pattern? diffuse plaque', 'IHC stained light micrograph of extracellular amyloid-beta deposition in the human brain tissue. Based on the image, what is the most likely amyloid beta morphology pattern? none of the above']",9cdb7dd9-5e7d-4906-96ac-9e6077608ae6,diffuse plaque,3,"{'pred': [3], 'probs': [[0.12210193276405334, 0.12280543148517609, 0.2384246438741684, 0.3560032546520233, 0.16066475212574005]], 'pred_prompt': ['IHC stained light micrograph of extracellular amyloid-beta deposition in the human brain tissue. Based on the image, what is the most likely amyloid beta morphology pattern? diffuse plaque']}",0.5026999711990356,pathology,neuropathology,light microscopy,brightfield microscopy,
classification,"['IHC stained light micrograph of extracellular amyloid-beta deposition in the human brain tissue. Based on the image, what is the most likely amyloid beta morphology pattern? cerebral amyloid angiopathy', 'IHC stained light micrograph of extracellular amyloid-beta deposition in the human brain tissue. Based on the image, what is the most likely amyloid beta morphology pattern? diffuse plaque', 'IHC stained light micrograph of extracellular amyloid-beta deposition in the human brain tissue. Based on the image, what is the most likely amyloid beta morphology pattern? negative', 'IHC stained light micrograph of extracellular amyloid-beta deposition in the human brain tissue. Based on the image, what is the most likely amyloid beta morphology pattern? cored plaque', 'IHC stained light micrograph of extracellular amyloid-beta deposition in the human brain tissue. Based on the image, what is the most likely amyloid beta morphology pattern? none of the above']",5cb048f2-f3a7-4c5b-9ae4-3837a51b9fa4,diffuse plaque,1,"{'pred': [1], 'probs': [[0.10562504082918167, 0.3352597951889038, 0.13678807020187378, 0.22034314274787903, 0.20198391377925873]], 'pred_prompt': ['IHC stained light micrograph of extracellular amyloid-beta deposition in the human brain tissue. Based on the image, what is the most likely amyloid beta morphology pattern? diffuse plaque']}",0.5026999711990356,pathology,neuropathology,light microscopy,brightfield microscopy,
classification,"['IHC stained light micrograph of extracellular amyloid-beta deposition in the human brain tissue. Based on the image, what is the most likely amyloid beta morphology pattern? Diffuse', 'IHC stained light micrograph of extracellular amyloid-beta deposition in the human brain tissue. Based on the image, what is the most likely amyloid beta morphology pattern? Cored', 'IHC stained light micrograph of extracellular amyloid-beta deposition in the human brain tissue. Based on the image, what is the most likely amyloid beta morphology pattern? Negative', 'IHC stained light micrograph of extracellular amyloid-beta deposition in the human brain tissue. Based on the image, what is the most likely amyloid beta morphology pattern? Caa', 'IHC stained light micrograph of extracellular amyloid-beta deposition in the human brain tissue. Based on the image, what is the most likely amyloid beta morphology pattern? none of the above']",fdf13430-b3e2-4396-af53-77285152a530,Diffuse,0,"{'pred': [1], 'probs': [[0.13604582846164703, 0.6682707071304321, 0.05727544054389, 0.06229345127940178, 0.0761144831776619]], 'pred_prompt': ['IHC stained light micrograph of extracellular amyloid-beta deposition in the human brain tissue. Based on the image, what is the most likely amyloid beta morphology pattern? Cored']}",0.5026999711990356,pathology,neuropathology,light microscopy,brightfield microscopy,
classification,"['IHC stained light micrograph of extracellular amyloid-beta deposition in the human brain tissue. Based on the image, what is the most likely amyloid beta morphology pattern? Negative', 'IHC stained light micrograph of extracellular amyloid-beta deposition in the human brain tissue. Based on the image, what is the most likely amyloid beta morphology pattern? Cored', 'IHC stained light micrograph of extracellular amyloid-beta deposition in the human brain tissue. Based on the image, what is the most likely amyloid beta morphology pattern? Diffuse', 'IHC stained light micrograph of extracellular amyloid-beta deposition in the human brain tissue. Based on the image, what is the most likely amyloid beta morphology pattern? Caa', 'IHC stained light micrograph of extracellular amyloid-beta deposition in the human brain tissue. Based on the image, what is the most likely amyloid beta morphology pattern? none of the above']",2ff1485e-42d3-412d-be6d-17a94febda0e,Caa,3,"{'pred': [1], 'probs': [[0.1454465240240097, 0.39225196838378906, 0.09822051227092743, 0.14444848895072937, 0.21963255107402802]], 'pred_prompt': ['IHC stained light micrograph of extracellular amyloid-beta deposition in the human brain tissue. Based on the image, what is the most likely amyloid beta morphology pattern? Cored']}",0.5026999711990356,pathology,neuropathology,light microscopy,brightfield microscopy,
classification,"['IHC stained light micrograph of extracellular amyloid-beta deposition in the human brain tissue. Based on the image, what is the most likely amyloid beta morphology pattern? Negative', 'IHC stained light micrograph of extracellular amyloid-beta deposition in the human brain tissue. Based on the image, what is the most likely amyloid beta morphology pattern? Cored', 'IHC stained light micrograph of extracellular amyloid-beta deposition in the human brain tissue. Based on the image, what is the most likely amyloid beta morphology pattern? Diffuse', 'IHC stained light micrograph of extracellular amyloid-beta deposition in the human brain tissue. Based on the image, what is the most likely amyloid beta morphology pattern? Caa', 'IHC stained light micrograph of extracellular amyloid-beta deposition in the human brain tissue. Based on the image, what is the most likely amyloid beta morphology pattern? none of the above']",c68662b6-b4d6-4e3f-9056-6b13cf0d0304,Cored,1,"{'pred': [3], 'probs': [[0.06338861584663391, 0.2556067705154419, 0.08090443909168243, 0.5197606682777405, 0.0803394764661789]], 'pred_prompt': ['IHC stained light micrograph of extracellular amyloid-beta deposition in the human brain tissue. Based on the image, what is the most likely amyloid beta morphology pattern? Caa']}",0.5026999711990356,pathology,neuropathology,light microscopy,brightfield microscopy,
classification,"['IHC stained light micrograph of extracellular amyloid-beta deposition in the human brain tissue. Based on the image, what is the most likely amyloid beta morphology pattern? Cored', 'IHC stained light micrograph of extracellular amyloid-beta deposition in the human brain tissue. Based on the image, what is the most likely amyloid beta morphology pattern? Caa', 'IHC stained light micrograph of extracellular amyloid-beta deposition in the human brain tissue. Based on the image, what is the most likely amyloid beta morphology pattern? Negative', 'IHC stained light micrograph of extracellular amyloid-beta deposition in the human brain tissue. Based on the image, what is the most likely amyloid beta morphology pattern? Diffuse', 'IHC stained light micrograph of extracellular amyloid-beta deposition in the human brain tissue. Based on the image, what is the most likely amyloid beta morphology pattern? none of the above']",442abc45-a114-4637-8175-2d5c297c2ed7,Cored,0,"{'pred': [0], 'probs': [[0.4663597047328949, 0.14975854754447937, 0.12000157684087753, 0.09332870692014694, 0.17055143415927887]], 'pred_prompt': ['IHC stained light micrograph of extracellular amyloid-beta deposition in the human brain tissue. Based on the image, what is the most likely amyloid beta morphology pattern? Cored']}",0.5026999711990356,pathology,neuropathology,light microscopy,brightfield microscopy,
classification,"['IHC stained light micrograph of extracellular amyloid-beta deposition in the human brain tissue. Based on the image, what is the most likely amyloid beta morphology pattern? Diffuse', 'IHC stained light micrograph of extracellular amyloid-beta deposition in the human brain tissue. Based on the image, what is the most likely amyloid beta morphology pattern? Negative', 'IHC stained light micrograph of extracellular amyloid-beta deposition in the human brain tissue. Based on the image, what is the most likely amyloid beta morphology pattern? Caa', 'IHC stained light micrograph of extracellular amyloid-beta deposition in the human brain tissue. Based on the image, what is the most likely amyloid beta morphology pattern? Cored', 'IHC stained light micrograph of extracellular amyloid-beta deposition in the human brain tissue. Based on the image, what is the most likely amyloid beta morphology pattern? none of the above']",256ec93a-155c-4b7d-b826-e7d1caa790b3,Caa,2,"{'pred': [3], 'probs': [[0.09537923336029053, 0.07917674630880356, 0.2440490573644638, 0.33337071537971497, 0.24802422523498535]], 'pred_prompt': ['IHC stained light micrograph of extracellular amyloid-beta deposition in the human brain tissue. Based on the image, what is the most likely amyloid beta morphology pattern? Cored']}",0.5026999711990356,pathology,neuropathology,light microscopy,brightfield microscopy,
classification,"['IHC stained light micrograph of extracellular amyloid-beta deposition in the human brain tissue. Based on the image, what is the most likely amyloid beta morphology pattern? Negative', 'IHC stained light micrograph of extracellular amyloid-beta deposition in the human brain tissue. Based on the image, what is the most likely amyloid beta morphology pattern? Diffuse', 'IHC stained light micrograph of extracellular amyloid-beta deposition in the human brain tissue. Based on the image, what is the most likely amyloid beta morphology pattern? Cored', 'IHC stained light micrograph of extracellular amyloid-beta deposition in the human brain tissue. Based on the image, what is the most likely amyloid beta morphology pattern? Caa', 'IHC stained light micrograph of extracellular amyloid-beta deposition in the human brain tissue. Based on the image, what is the most likely amyloid beta morphology pattern? none of the above']",92417a08-8107-442e-bc63-3991d8eed836,Diffuse,1,"{'pred': [2], 'probs': [[0.09291743487119675, 0.1245984211564064, 0.5147899389266968, 0.1641969084739685, 0.10349726676940918]], 'pred_prompt': ['IHC stained light micrograph of extracellular amyloid-beta deposition in the human brain tissue. Based on the image, what is the most likely amyloid beta morphology pattern? Cored']}",0.5026999711990356,pathology,neuropathology,light microscopy,brightfield microscopy,
classification,"['IHC stained light micrograph of extracellular amyloid-beta deposition in the human brain tissue. Based on the image, what is the most likely amyloid beta morphology pattern? diffuse plaque', 'IHC stained light micrograph of extracellular amyloid-beta deposition in the human brain tissue. Based on the image, what is the most likely amyloid beta morphology pattern? cerebral amyloid angiopathy', 'IHC stained light micrograph of extracellular amyloid-beta deposition in the human brain tissue. Based on the image, what is the most likely amyloid beta morphology pattern? cored plaque', 'IHC stained light micrograph of extracellular amyloid-beta deposition in the human brain tissue. Based on the image, what is the most likely amyloid beta morphology pattern? negative', 'IHC stained light micrograph of extracellular amyloid-beta deposition in the human brain tissue. Based on the image, what is the most likely amyloid beta morphology pattern? none of the above']",15992e53-de46-413e-84ea-c6a0f78d8000,diffuse plaque,0,"{'pred': [2], 'probs': [[0.277654767036438, 0.0882711112499237, 0.3294428288936615, 0.13599500060081482, 0.1686362624168396]], 'pred_prompt': ['IHC stained light micrograph of extracellular amyloid-beta deposition in the human brain tissue. Based on the image, what is the most likely amyloid beta morphology pattern? cored plaque']}",0.5026999711990356,pathology,neuropathology,light microscopy,brightfield microscopy,
classification,"['IHC stained light micrograph of extracellular amyloid-beta deposition in the human brain tissue. Based on the image, what is the most likely amyloid beta morphology pattern? Cored', 'IHC stained light micrograph of extracellular amyloid-beta deposition in the human brain tissue. Based on the image, what is the most likely amyloid beta morphology pattern? Negative', 'IHC stained light micrograph of extracellular amyloid-beta deposition in the human brain tissue. Based on the image, what is the most likely amyloid beta morphology pattern? Caa', 'IHC stained light micrograph of extracellular amyloid-beta deposition in the human brain tissue. Based on the image, what is the most likely amyloid beta morphology pattern? Diffuse', 'IHC stained light micrograph of extracellular amyloid-beta deposition in the human brain tissue. Based on the image, what is the most likely amyloid beta morphology pattern? none of the above']",6884bedf-d2cd-471b-93d8-940936ef92b3,Caa,2,"{'pred': [4], 'probs': [[0.2159852832555771, 0.1158805713057518, 0.15424971282482147, 0.15109726786613464, 0.3627871870994568]], 'pred_prompt': ['IHC stained light micrograph of extracellular amyloid-beta deposition in the human brain tissue. Based on the image, what is the most likely amyloid beta morphology pattern? none of the above']}",0.5026999711990356,pathology,neuropathology,light microscopy,brightfield microscopy,
classification,"['IHC stained light micrograph of extracellular amyloid-beta deposition in the human brain tissue. Based on the image, what is the most likely amyloid beta morphology pattern? Caa', 'IHC stained light micrograph of extracellular amyloid-beta deposition in the human brain tissue. Based on the image, what is the most likely amyloid beta morphology pattern? Cored', 'IHC stained light micrograph of extracellular amyloid-beta deposition in the human brain tissue. Based on the image, what is the most likely amyloid beta morphology pattern? Negative', 'IHC stained light micrograph of extracellular amyloid-beta deposition in the human brain tissue. Based on the image, what is the most likely amyloid beta morphology pattern? Diffuse', 'IHC stained light micrograph of extracellular amyloid-beta deposition in the human brain tissue. Based on the image, what is the most likely amyloid beta morphology pattern? none of the above']",e402ca9b-271e-4fc6-bc12-309020a3813f,Diffuse,3,"{'pred': [1], 'probs': [[0.23584042489528656, 0.41081079840660095, 0.13903218507766724, 0.06209015101194382, 0.15222646296024323]], 'pred_prompt': ['IHC stained light micrograph of extracellular amyloid-beta deposition in the human brain tissue. Based on the image, what is the most likely amyloid beta morphology pattern? Cored']}",0.5026999711990356,pathology,neuropathology,light microscopy,brightfield microscopy,
classification,"['IHC stained light micrograph of extracellular amyloid-beta deposition in the human brain tissue. Based on the image, what is the most likely amyloid beta morphology pattern? Cored', 'IHC stained light micrograph of extracellular amyloid-beta deposition in the human brain tissue. Based on the image, what is the most likely amyloid beta morphology pattern? Negative', 'IHC stained light micrograph of extracellular amyloid-beta deposition in the human brain tissue. Based on the image, what is the most likely amyloid beta morphology pattern? Caa', 'IHC stained light micrograph of extracellular amyloid-beta deposition in the human brain tissue. Based on the image, what is the most likely amyloid beta morphology pattern? Diffuse', 'IHC stained light micrograph of extracellular amyloid-beta deposition in the human brain tissue. Based on the image, what is the most likely amyloid beta morphology pattern? none of the above']",0464e256-43fe-4ef7-9504-9a3f70e8e80c,Caa,2,"{'pred': [0], 'probs': [[0.3117176294326782, 0.16514451801776886, 0.21525271236896515, 0.06120407581329346, 0.24668113887310028]], 'pred_prompt': ['IHC stained light micrograph of extracellular amyloid-beta deposition in the human brain tissue. Based on the image, what is the most likely amyloid beta morphology pattern? Cored']}",0.5026999711990356,pathology,neuropathology,light microscopy,brightfield microscopy,
classification,"['IHC stained light micrograph of extracellular amyloid-beta deposition in the human brain tissue. Based on the image, what is the most likely amyloid beta morphology pattern? cerebral amyloid angiopathy', 'IHC stained light micrograph of extracellular amyloid-beta deposition in the human brain tissue. Based on the image, what is the most likely amyloid beta morphology pattern? diffuse plaque', 'IHC stained light micrograph of extracellular amyloid-beta deposition in the human brain tissue. Based on the image, what is the most likely amyloid beta morphology pattern? negative', 'IHC stained light micrograph of extracellular amyloid-beta deposition in the human brain tissue. Based on the image, what is the most likely amyloid beta morphology pattern? cored plaque', 'IHC stained light micrograph of extracellular amyloid-beta deposition in the human brain tissue. Based on the image, what is the most likely amyloid beta morphology pattern? none of the above']",a7d566e5-5be1-4cea-b651-95e0ec41db65,diffuse plaque,1,"{'pred': [1], 'probs': [[0.16481082141399384, 0.22960235178470612, 0.20388564467430115, 0.2082267701625824, 0.1934744119644165]], 'pred_prompt': ['IHC stained light micrograph of extracellular amyloid-beta deposition in the human brain tissue. Based on the image, what is the most likely amyloid beta morphology pattern? diffuse plaque']}",0.5026999711990356,pathology,neuropathology,light microscopy,brightfield microscopy,
classification,"['IHC stained light micrograph of extracellular amyloid-beta deposition in the human brain tissue. Based on the image, what is the most likely amyloid beta morphology pattern? cerebral amyloid angiopathy', 'IHC stained light micrograph of extracellular amyloid-beta deposition in the human brain tissue. Based on the image, what is the most likely amyloid beta morphology pattern? diffuse plaque', 'IHC stained light micrograph of extracellular amyloid-beta deposition in the human brain tissue. Based on the image, what is the most likely amyloid beta morphology pattern? cored plaque', 'IHC stained light micrograph of extracellular amyloid-beta deposition in the human brain tissue. Based on the image, what is the most likely amyloid beta morphology pattern? negative', 'IHC stained light micrograph of extracellular amyloid-beta deposition in the human brain tissue. Based on the image, what is the most likely amyloid beta morphology pattern? none of the above']",5eecb2b3-2f94-4eac-b354-04c21a092679,cored plaque,2,"{'pred': [4], 'probs': [[0.12392066419124603, 0.12028317153453827, 0.26740097999572754, 0.2032255083322525, 0.2851696312427521]], 'pred_prompt': ['IHC stained light micrograph of extracellular amyloid-beta deposition in the human brain tissue. Based on the image, what is the most likely amyloid beta morphology pattern? none of the above']}",0.5026999711990356,pathology,neuropathology,light microscopy,brightfield microscopy,
classification,"['IHC stained light micrograph of extracellular amyloid-beta deposition in the human brain tissue. Based on the image, what is the most likely amyloid beta morphology pattern? Caa', 'IHC stained light micrograph of extracellular amyloid-beta deposition in the human brain tissue. Based on the image, what is the most likely amyloid beta morphology pattern? Negative', 'IHC stained light micrograph of extracellular amyloid-beta deposition in the human brain tissue. Based on the image, what is the most likely amyloid beta morphology pattern? Diffuse', 'IHC stained light micrograph of extracellular amyloid-beta deposition in the human brain tissue. Based on the image, what is the most likely amyloid beta morphology pattern? Cored', 'IHC stained light micrograph of extracellular amyloid-beta deposition in the human brain tissue. Based on the image, what is the most likely amyloid beta morphology pattern? none of the above']",191d40cd-1670-49a2-a1f1-92dc2eb7e1ba,Diffuse,2,"{'pred': [0], 'probs': [[0.3347722887992859, 0.18441042304039001, 0.13522154092788696, 0.15580061078071594, 0.18979519605636597]], 'pred_prompt': ['IHC stained light micrograph of extracellular amyloid-beta deposition in the human brain tissue. Based on the image, what is the most likely amyloid beta morphology pattern? Caa']}",0.5026999711990356,pathology,neuropathology,light microscopy,brightfield microscopy,
classification,"['IHC stained light micrograph of extracellular amyloid-beta deposition in the human brain tissue. Based on the image, what is the most likely amyloid beta morphology pattern? Caa', 'IHC stained light micrograph of extracellular amyloid-beta deposition in the human brain tissue. Based on the image, what is the most likely amyloid beta morphology pattern? Diffuse', 'IHC stained light micrograph of extracellular amyloid-beta deposition in the human brain tissue. Based on the image, what is the most likely amyloid beta morphology pattern? Negative', 'IHC stained light micrograph of extracellular amyloid-beta deposition in the human brain tissue. Based on the image, what is the most likely amyloid beta morphology pattern? Cored', 'IHC stained light micrograph of extracellular amyloid-beta deposition in the human brain tissue. Based on the image, what is the most likely amyloid beta morphology pattern? none of the above']",313ce239-c11f-4378-a35a-8f2fa7e4f479,Cored,3,"{'pred': [3], 'probs': [[0.19598770141601562, 0.15540970861911774, 0.07977194339036942, 0.45764485001564026, 0.11118584871292114]], 'pred_prompt': ['IHC stained light micrograph of extracellular amyloid-beta deposition in the human brain tissue. Based on the image, what is the most likely amyloid beta morphology pattern? Cored']}",0.5026999711990356,pathology,neuropathology,light microscopy,brightfield microscopy,
classification,"['IHC stained light micrograph of extracellular amyloid-beta deposition in the human brain tissue. Based on the image, what is the most likely amyloid beta morphology pattern? diffuse plaque', 'IHC stained light micrograph of extracellular amyloid-beta deposition in the human brain tissue. Based on the image, what is the most likely amyloid beta morphology pattern? cored plaque', 'IHC stained light micrograph of extracellular amyloid-beta deposition in the human brain tissue. Based on the image, what is the most likely amyloid beta morphology pattern? negative', 'IHC stained light micrograph of extracellular amyloid-beta deposition in the human brain tissue. Based on the image, what is the most likely amyloid beta morphology pattern? cerebral amyloid angiopathy', 'IHC stained light micrograph of extracellular amyloid-beta deposition in the human brain tissue. Based on the image, what is the most likely amyloid beta morphology pattern? none of the above']",1b250d16-66b3-42e9-a4ef-42b620897530,diffuse plaque,0,"{'pred': [0], 'probs': [[0.36041340231895447, 0.2455875128507614, 0.11777440458536148, 0.12865455448627472, 0.14757013320922852]], 'pred_prompt': ['IHC stained light micrograph of extracellular amyloid-beta deposition in the human brain tissue. Based on the image, what is the most likely amyloid beta morphology pattern? diffuse plaque']}",0.5026999711990356,pathology,neuropathology,light microscopy,brightfield microscopy,
classification,"['IHC stained light micrograph of extracellular amyloid-beta deposition in the human brain tissue. Based on the image, what is the most likely amyloid beta morphology pattern? cerebral amyloid angiopathy', 'IHC stained light micrograph of extracellular amyloid-beta deposition in the human brain tissue. Based on the image, what is the most likely amyloid beta morphology pattern? cored plaque', 'IHC stained light micrograph of extracellular amyloid-beta deposition in the human brain tissue. Based on the image, what is the most likely amyloid beta morphology pattern? diffuse plaque', 'IHC stained light micrograph of extracellular amyloid-beta deposition in the human brain tissue. Based on the image, what is the most likely amyloid beta morphology pattern? negative', 'IHC stained light micrograph of extracellular amyloid-beta deposition in the human brain tissue. Based on the image, what is the most likely amyloid beta morphology pattern? none of the above']",a34175de-31a7-4177-bc4a-2278dbd566ec,diffuse plaque,2,"{'pred': [2], 'probs': [[0.11397098749876022, 0.3176085352897644, 0.32388636469841003, 0.11823427677154541, 0.12629979848861694]], 'pred_prompt': ['IHC stained light micrograph of extracellular amyloid-beta deposition in the human brain tissue. Based on the image, what is the most likely amyloid beta morphology pattern? diffuse plaque']}",0.5026999711990356,pathology,neuropathology,light microscopy,brightfield microscopy,
classification,"['IHC stained light micrograph of extracellular amyloid-beta deposition in the human brain tissue. Based on the image, what is the most likely amyloid beta morphology pattern? negative', 'IHC stained light micrograph of extracellular amyloid-beta deposition in the human brain tissue. Based on the image, what is the most likely amyloid beta morphology pattern? cerebral amyloid angiopathy', 'IHC stained light micrograph of extracellular amyloid-beta deposition in the human brain tissue. Based on the image, what is the most likely amyloid beta morphology pattern? cored plaque', 'IHC stained light micrograph of extracellular amyloid-beta deposition in the human brain tissue. Based on the image, what is the most likely amyloid beta morphology pattern? diffuse plaque', 'IHC stained light micrograph of extracellular amyloid-beta deposition in the human brain tissue. Based on the image, what is the most likely amyloid beta morphology pattern? none of the above']",698f9a28-0e7c-458e-80a4-83e1e561937f,negative,0,"{'pred': [3], 'probs': [[0.23473885655403137, 0.15160851180553436, 0.1377234309911728, 0.24018271267414093, 0.2357465922832489]], 'pred_prompt': ['IHC stained light micrograph of extracellular amyloid-beta deposition in the human brain tissue. Based on the image, what is the most likely amyloid beta morphology pattern? diffuse plaque']}",0.5026999711990356,pathology,neuropathology,light microscopy,brightfield microscopy,
classification,"['IHC stained light micrograph of extracellular amyloid-beta deposition in the human brain tissue. Based on the image, what is the most likely amyloid beta morphology pattern? Negative', 'IHC stained light micrograph of extracellular amyloid-beta deposition in the human brain tissue. Based on the image, what is the most likely amyloid beta morphology pattern? Caa', 'IHC stained light micrograph of extracellular amyloid-beta deposition in the human brain tissue. Based on the image, what is the most likely amyloid beta morphology pattern? Cored', 'IHC stained light micrograph of extracellular amyloid-beta deposition in the human brain tissue. Based on the image, what is the most likely amyloid beta morphology pattern? Diffuse', 'IHC stained light micrograph of extracellular amyloid-beta deposition in the human brain tissue. Based on the image, what is the most likely amyloid beta morphology pattern? none of the above']",e9e0cd86-0a5b-44f7-976c-79d5496c0101,Diffuse,3,"{'pred': [2], 'probs': [[0.1330648958683014, 0.2882081866264343, 0.2961784303188324, 0.09391723573207855, 0.18863123655319214]], 'pred_prompt': ['IHC stained light micrograph of extracellular amyloid-beta deposition in the human brain tissue. Based on the image, what is the most likely amyloid beta morphology pattern? Cored']}",0.5026999711990356,pathology,neuropathology,light microscopy,brightfield microscopy,
classification,"['IHC stained light micrograph of extracellular amyloid-beta deposition in the human brain tissue. Based on the image, what is the most likely amyloid beta morphology pattern? cerebral amyloid angiopathy', 'IHC stained light micrograph of extracellular amyloid-beta deposition in the human brain tissue. Based on the image, what is the most likely amyloid beta morphology pattern? negative', 'IHC stained light micrograph of extracellular amyloid-beta deposition in the human brain tissue. Based on the image, what is the most likely amyloid beta morphology pattern? diffuse plaque', 'IHC stained light micrograph of extracellular amyloid-beta deposition in the human brain tissue. Based on the image, what is the most likely amyloid beta morphology pattern? cored plaque', 'IHC stained light micrograph of extracellular amyloid-beta deposition in the human brain tissue. Based on the image, what is the most likely amyloid beta morphology pattern? none of the above']",d1f1ebe4-4772-4d90-997a-ba530cea6faa,diffuse plaque,2,"{'pred': [2], 'probs': [[0.16063202917575836, 0.09176100045442581, 0.3912341892719269, 0.2438131421804428, 0.11255967617034912]], 'pred_prompt': ['IHC stained light micrograph of extracellular amyloid-beta deposition in the human brain tissue. Based on the image, what is the most likely amyloid beta morphology pattern? diffuse plaque']}",0.5026999711990356,pathology,neuropathology,light microscopy,brightfield microscopy,
classification,"['IHC stained light micrograph of extracellular amyloid-beta deposition in the human brain tissue. Based on the image, what is the most likely amyloid beta morphology pattern? Caa', 'IHC stained light micrograph of extracellular amyloid-beta deposition in the human brain tissue. Based on the image, what is the most likely amyloid beta morphology pattern? Diffuse', 'IHC stained light micrograph of extracellular amyloid-beta deposition in the human brain tissue. Based on the image, what is the most likely amyloid beta morphology pattern? Negative', 'IHC stained light micrograph of extracellular amyloid-beta deposition in the human brain tissue. Based on the image, what is the most likely amyloid beta morphology pattern? Cored', 'IHC stained light micrograph of extracellular amyloid-beta deposition in the human brain tissue. Based on the image, what is the most likely amyloid beta morphology pattern? none of the above']",a45aef0e-b34a-434e-8f43-5110a863191e,Negative,2,"{'pred': [4], 'probs': [[0.04712275043129921, 0.09369154274463654, 0.17468765377998352, 0.2060275673866272, 0.47847050428390503]], 'pred_prompt': ['IHC stained light micrograph of extracellular amyloid-beta deposition in the human brain tissue. Based on the image, what is the most likely amyloid beta morphology pattern? none of the above']}",0.5026999711990356,pathology,neuropathology,light microscopy,brightfield microscopy,
classification,"['IHC stained light micrograph of extracellular amyloid-beta deposition in the human brain tissue. Based on the image, what is the most likely amyloid beta morphology pattern? Caa', 'IHC stained light micrograph of extracellular amyloid-beta deposition in the human brain tissue. Based on the image, what is the most likely amyloid beta morphology pattern? Negative', 'IHC stained light micrograph of extracellular amyloid-beta deposition in the human brain tissue. Based on the image, what is the most likely amyloid beta morphology pattern? Diffuse', 'IHC stained light micrograph of extracellular amyloid-beta deposition in the human brain tissue. Based on the image, what is the most likely amyloid beta morphology pattern? Cored', 'IHC stained light micrograph of extracellular amyloid-beta deposition in the human brain tissue. Based on the image, what is the most likely amyloid beta morphology pattern? none of the above']",9e1991a8-c40e-4a25-ab5c-235360a2fdd4,Diffuse,2,"{'pred': [3], 'probs': [[0.128395676612854, 0.11503782868385315, 0.09409874677658081, 0.4722190201282501, 0.19024865329265594]], 'pred_prompt': ['IHC stained light micrograph of extracellular amyloid-beta deposition in the human brain tissue. Based on the image, what is the most likely amyloid beta morphology pattern? Cored']}",0.5026999711990356,pathology,neuropathology,light microscopy,brightfield microscopy,
classification,"['IHC stained light micrograph of extracellular amyloid-beta deposition in the human brain tissue. Based on the image, what is the most likely amyloid beta morphology pattern? negative', 'IHC stained light micrograph of extracellular amyloid-beta deposition in the human brain tissue. Based on the image, what is the most likely amyloid beta morphology pattern? cerebral amyloid angiopathy', 'IHC stained light micrograph of extracellular amyloid-beta deposition in the human brain tissue. Based on the image, what is the most likely amyloid beta morphology pattern? diffuse plaque', 'IHC stained light micrograph of extracellular amyloid-beta deposition in the human brain tissue. Based on the image, what is the most likely amyloid beta morphology pattern? cored plaque', 'IHC stained light micrograph of extracellular amyloid-beta deposition in the human brain tissue. Based on the image, what is the most likely amyloid beta morphology pattern? none of the above']",017edc20-9c58-4737-804c-b418b3fe05be,diffuse plaque,2,"{'pred': [2], 'probs': [[0.17655834555625916, 0.1607023924589157, 0.2973116934299469, 0.11789126694202423, 0.2475363165140152]], 'pred_prompt': ['IHC stained light micrograph of extracellular amyloid-beta deposition in the human brain tissue. Based on the image, what is the most likely amyloid beta morphology pattern? diffuse plaque']}",0.5026999711990356,pathology,neuropathology,light microscopy,brightfield microscopy,
classification,"['IHC stained light micrograph of extracellular amyloid-beta deposition in the human brain tissue. Based on the image, what is the most likely amyloid beta morphology pattern? Negative', 'IHC stained light micrograph of extracellular amyloid-beta deposition in the human brain tissue. Based on the image, what is the most likely amyloid beta morphology pattern? Diffuse', 'IHC stained light micrograph of extracellular amyloid-beta deposition in the human brain tissue. Based on the image, what is the most likely amyloid beta morphology pattern? Cored', 'IHC stained light micrograph of extracellular amyloid-beta deposition in the human brain tissue. Based on the image, what is the most likely amyloid beta morphology pattern? Caa', 'IHC stained light micrograph of extracellular amyloid-beta deposition in the human brain tissue. Based on the image, what is the most likely amyloid beta morphology pattern? none of the above']",25ca91a4-8541-47c9-8a90-ccca5b05fa6f,Negative,0,"{'pred': [2], 'probs': [[0.1341891586780548, 0.06609655916690826, 0.43473389744758606, 0.24373899400234222, 0.12124136090278625]], 'pred_prompt': ['IHC stained light micrograph of extracellular amyloid-beta deposition in the human brain tissue. Based on the image, what is the most likely amyloid beta morphology pattern? Cored']}",0.5026999711990356,pathology,neuropathology,light microscopy,brightfield microscopy,
classification,"['IHC stained light micrograph of extracellular amyloid-beta deposition in the human brain tissue. Based on the image, what is the most likely amyloid beta morphology pattern? cerebral amyloid angiopathy', 'IHC stained light micrograph of extracellular amyloid-beta deposition in the human brain tissue. Based on the image, what is the most likely amyloid beta morphology pattern? cored plaque', 'IHC stained light micrograph of extracellular amyloid-beta deposition in the human brain tissue. Based on the image, what is the most likely amyloid beta morphology pattern? negative', 'IHC stained light micrograph of extracellular amyloid-beta deposition in the human brain tissue. Based on the image, what is the most likely amyloid beta morphology pattern? diffuse plaque', 'IHC stained light micrograph of extracellular amyloid-beta deposition in the human brain tissue. Based on the image, what is the most likely amyloid beta morphology pattern? none of the above']",96067d5b-f58a-4b55-b464-f4360cff3860,negative,2,"{'pred': [1], 'probs': [[0.17791883647441864, 0.3944118320941925, 0.19400370121002197, 0.06104108691215515, 0.17262452840805054]], 'pred_prompt': ['IHC stained light micrograph of extracellular amyloid-beta deposition in the human brain tissue. Based on the image, what is the most likely amyloid beta morphology pattern? cored plaque']}",0.5026999711990356,pathology,neuropathology,light microscopy,brightfield microscopy,
classification,"['IHC stained light micrograph of extracellular amyloid-beta deposition in the human brain tissue. Based on the image, what is the most likely amyloid beta morphology pattern? cored plaque', 'IHC stained light micrograph of extracellular amyloid-beta deposition in the human brain tissue. Based on the image, what is the most likely amyloid beta morphology pattern? negative', 'IHC stained light micrograph of extracellular amyloid-beta deposition in the human brain tissue. Based on the image, what is the most likely amyloid beta morphology pattern? diffuse plaque', 'IHC stained light micrograph of extracellular amyloid-beta deposition in the human brain tissue. Based on the image, what is the most likely amyloid beta morphology pattern? cerebral amyloid angiopathy', 'IHC stained light micrograph of extracellular amyloid-beta deposition in the human brain tissue. Based on the image, what is the most likely amyloid beta morphology pattern? none of the above']",d5aa29a2-2a58-414e-b5f0-3e27d9780fe4,cored plaque,0,"{'pred': [4], 'probs': [[0.12985071539878845, 0.22329039871692657, 0.19459840655326843, 0.14853140711784363, 0.3037290573120117]], 'pred_prompt': ['IHC stained light micrograph of extracellular amyloid-beta deposition in the human brain tissue. Based on the image, what is the most likely amyloid beta morphology pattern? none of the above']}",0.5026999711990356,pathology,neuropathology,light microscopy,brightfield microscopy,
classification,"['IHC stained light micrograph of extracellular amyloid-beta deposition in the human brain tissue. Based on the image, what is the most likely amyloid beta morphology pattern? Negative', 'IHC stained light micrograph of extracellular amyloid-beta deposition in the human brain tissue. Based on the image, what is the most likely amyloid beta morphology pattern? Caa', 'IHC stained light micrograph of extracellular amyloid-beta deposition in the human brain tissue. Based on the image, what is the most likely amyloid beta morphology pattern? Cored', 'IHC stained light micrograph of extracellular amyloid-beta deposition in the human brain tissue. Based on the image, what is the most likely amyloid beta morphology pattern? Diffuse', 'IHC stained light micrograph of extracellular amyloid-beta deposition in the human brain tissue. Based on the image, what is the most likely amyloid beta morphology pattern? none of the above']",f2dcce86-ee47-4356-8ab0-567c672b355f,Cored,2,"{'pred': [2], 'probs': [[0.039979275315999985, 0.349926233291626, 0.43569624423980713, 0.10675322264432907, 0.06764506548643112]], 'pred_prompt': ['IHC stained light micrograph of extracellular amyloid-beta deposition in the human brain tissue. Based on the image, what is the most likely amyloid beta morphology pattern? Cored']}",0.5026999711990356,pathology,neuropathology,light microscopy,brightfield microscopy,
classification,"['IHC stained light micrograph of extracellular amyloid-beta deposition in the human brain tissue. Based on the image, what is the most likely amyloid beta morphology pattern? Caa', 'IHC stained light micrograph of extracellular amyloid-beta deposition in the human brain tissue. Based on the image, what is the most likely amyloid beta morphology pattern? Diffuse', 'IHC stained light micrograph of extracellular amyloid-beta deposition in the human brain tissue. Based on the image, what is the most likely amyloid beta morphology pattern? Negative', 'IHC stained light micrograph of extracellular amyloid-beta deposition in the human brain tissue. Based on the image, what is the most likely amyloid beta morphology pattern? Cored', 'IHC stained light micrograph of extracellular amyloid-beta deposition in the human brain tissue. Based on the image, what is the most likely amyloid beta morphology pattern? none of the above']",f156a4a6-5f0e-4b84-a11b-3a3f211f9657,Negative,2,"{'pred': [3], 'probs': [[0.14772258698940277, 0.22925764322280884, 0.13756081461906433, 0.32624131441116333, 0.15921764075756073]], 'pred_prompt': ['IHC stained light micrograph of extracellular amyloid-beta deposition in the human brain tissue. Based on the image, what is the most likely amyloid beta morphology pattern? Cored']}",0.5026999711990356,pathology,neuropathology,light microscopy,brightfield microscopy,
classification,"['IHC stained light micrograph of extracellular amyloid-beta deposition in the human brain tissue. Based on the image, what is the most likely amyloid beta morphology pattern? Caa', 'IHC stained light micrograph of extracellular amyloid-beta deposition in the human brain tissue. Based on the image, what is the most likely amyloid beta morphology pattern? Negative', 'IHC stained light micrograph of extracellular amyloid-beta deposition in the human brain tissue. Based on the image, what is the most likely amyloid beta morphology pattern? Cored', 'IHC stained light micrograph of extracellular amyloid-beta deposition in the human brain tissue. Based on the image, what is the most likely amyloid beta morphology pattern? Diffuse', 'IHC stained light micrograph of extracellular amyloid-beta deposition in the human brain tissue. Based on the image, what is the most likely amyloid beta morphology pattern? none of the above']",ee0e14bf-cc19-4cfd-97ec-482ff603a7f4,Cored,2,"{'pred': [2], 'probs': [[0.20697830617427826, 0.08306310325860977, 0.4988769590854645, 0.08802175521850586, 0.12305984646081924]], 'pred_prompt': ['IHC stained light micrograph of extracellular amyloid-beta deposition in the human brain tissue. Based on the image, what is the most likely amyloid beta morphology pattern? Cored']}",0.5026999711990356,pathology,neuropathology,light microscopy,brightfield microscopy,
classification,"['IHC stained light micrograph of extracellular amyloid-beta deposition in the human brain tissue. Based on the image, what is the most likely amyloid beta morphology pattern? Diffuse', 'IHC stained light micrograph of extracellular amyloid-beta deposition in the human brain tissue. Based on the image, what is the most likely amyloid beta morphology pattern? Cored', 'IHC stained light micrograph of extracellular amyloid-beta deposition in the human brain tissue. Based on the image, what is the most likely amyloid beta morphology pattern? Caa', 'IHC stained light micrograph of extracellular amyloid-beta deposition in the human brain tissue. Based on the image, what is the most likely amyloid beta morphology pattern? Negative', 'IHC stained light micrograph of extracellular amyloid-beta deposition in the human brain tissue. Based on the image, what is the most likely amyloid beta morphology pattern? none of the above']",e11e15a6-ec51-471b-831a-95f4b90a3888,Negative,3,"{'pred': [1], 'probs': [[0.35146844387054443, 0.37751102447509766, 0.0921759381890297, 0.08004626631736755, 0.09879833459854126]], 'pred_prompt': ['IHC stained light micrograph of extracellular amyloid-beta deposition in the human brain tissue. Based on the image, what is the most likely amyloid beta morphology pattern? Cored']}",0.5026999711990356,pathology,neuropathology,light microscopy,brightfield microscopy,
classification,"['IHC stained light micrograph of extracellular amyloid-beta deposition in the human brain tissue. Based on the image, what is the most likely amyloid beta morphology pattern? Negative', 'IHC stained light micrograph of extracellular amyloid-beta deposition in the human brain tissue. Based on the image, what is the most likely amyloid beta morphology pattern? Caa', 'IHC stained light micrograph of extracellular amyloid-beta deposition in the human brain tissue. Based on the image, what is the most likely amyloid beta morphology pattern? Cored', 'IHC stained light micrograph of extracellular amyloid-beta deposition in the human brain tissue. Based on the image, what is the most likely amyloid beta morphology pattern? Diffuse', 'IHC stained light micrograph of extracellular amyloid-beta deposition in the human brain tissue. Based on the image, what is the most likely amyloid beta morphology pattern? none of the above']",fcc47262-c885-4c70-a772-f1f987db0a30,Caa,1,"{'pred': [1], 'probs': [[0.22754041850566864, 0.30982908606529236, 0.1409122198820114, 0.1188611313700676, 0.2028570920228958]], 'pred_prompt': ['IHC stained light micrograph of extracellular amyloid-beta deposition in the human brain tissue. Based on the image, what is the most likely amyloid beta morphology pattern? Caa']}",0.5026999711990356,pathology,neuropathology,light microscopy,brightfield microscopy,
classification,"['IHC stained light micrograph of extracellular amyloid-beta deposition in the human brain tissue. Based on the image, what is the most likely amyloid beta morphology pattern? Caa', 'IHC stained light micrograph of extracellular amyloid-beta deposition in the human brain tissue. Based on the image, what is the most likely amyloid beta morphology pattern? Negative', 'IHC stained light micrograph of extracellular amyloid-beta deposition in the human brain tissue. Based on the image, what is the most likely amyloid beta morphology pattern? Diffuse', 'IHC stained light micrograph of extracellular amyloid-beta deposition in the human brain tissue. Based on the image, what is the most likely amyloid beta morphology pattern? Cored', 'IHC stained light micrograph of extracellular amyloid-beta deposition in the human brain tissue. Based on the image, what is the most likely amyloid beta morphology pattern? none of the above']",58db2ffe-b37e-4a82-b1e6-69f53b82ec81,Cored,3,"{'pred': [3], 'probs': [[0.1129632443189621, 0.0771406963467598, 0.08254989981651306, 0.5702709555625916, 0.15707522630691528]], 'pred_prompt': ['IHC stained light micrograph of extracellular amyloid-beta deposition in the human brain tissue. Based on the image, what is the most likely amyloid beta morphology pattern? Cored']}",0.5026999711990356,pathology,neuropathology,light microscopy,brightfield microscopy,
classification,"['IHC stained light micrograph of extracellular amyloid-beta deposition in the human brain tissue. Based on the image, what is the most likely amyloid beta morphology pattern? Caa', 'IHC stained light micrograph of extracellular amyloid-beta deposition in the human brain tissue. Based on the image, what is the most likely amyloid beta morphology pattern? Diffuse', 'IHC stained light micrograph of extracellular amyloid-beta deposition in the human brain tissue. Based on the image, what is the most likely amyloid beta morphology pattern? Cored', 'IHC stained light micrograph of extracellular amyloid-beta deposition in the human brain tissue. Based on the image, what is the most likely amyloid beta morphology pattern? Negative', 'IHC stained light micrograph of extracellular amyloid-beta deposition in the human brain tissue. Based on the image, what is the most likely amyloid beta morphology pattern? none of the above']",eacd996a-83c9-4fa8-82f7-14394c1e74ac,Diffuse,1,"{'pred': [2], 'probs': [[0.14892451465129852, 0.2153908610343933, 0.2856176793575287, 0.14280033111572266, 0.20726661384105682]], 'pred_prompt': ['IHC stained light micrograph of extracellular amyloid-beta deposition in the human brain tissue. Based on the image, what is the most likely amyloid beta morphology pattern? Cored']}",0.5026999711990356,pathology,neuropathology,light microscopy,brightfield microscopy,
classification,"['IHC stained light micrograph of extracellular amyloid-beta deposition in the human brain tissue. Based on the image, what is the most likely amyloid beta morphology pattern? Diffuse', 'IHC stained light micrograph of extracellular amyloid-beta deposition in the human brain tissue. Based on the image, what is the most likely amyloid beta morphology pattern? Cored', 'IHC stained light micrograph of extracellular amyloid-beta deposition in the human brain tissue. Based on the image, what is the most likely amyloid beta morphology pattern? Negative', 'IHC stained light micrograph of extracellular amyloid-beta deposition in the human brain tissue. Based on the image, what is the most likely amyloid beta morphology pattern? Caa', 'IHC stained light micrograph of extracellular amyloid-beta deposition in the human brain tissue. Based on the image, what is the most likely amyloid beta morphology pattern? none of the above']",ffe7c5e9-f950-4bff-9b83-7442b162e79c,Caa,3,"{'pred': [3], 'probs': [[0.10795717686414719, 0.22897641360759735, 0.08890719711780548, 0.4596700072288513, 0.11448924243450165]], 'pred_prompt': ['IHC stained light micrograph of extracellular amyloid-beta deposition in the human brain tissue. Based on the image, what is the most likely amyloid beta morphology pattern? Caa']}",0.5026999711990356,pathology,neuropathology,light microscopy,brightfield microscopy,
classification,"['IHC stained light micrograph of extracellular amyloid-beta deposition in the human brain tissue. Based on the image, what is the most likely amyloid beta morphology pattern? Caa', 'IHC stained light micrograph of extracellular amyloid-beta deposition in the human brain tissue. Based on the image, what is the most likely amyloid beta morphology pattern? Cored', 'IHC stained light micrograph of extracellular amyloid-beta deposition in the human brain tissue. Based on the image, what is the most likely amyloid beta morphology pattern? Diffuse', 'IHC stained light micrograph of extracellular amyloid-beta deposition in the human brain tissue. Based on the image, what is the most likely amyloid beta morphology pattern? Negative', 'IHC stained light micrograph of extracellular amyloid-beta deposition in the human brain tissue. Based on the image, what is the most likely amyloid beta morphology pattern? none of the above']",27ea4419-3d01-46fd-9485-7eab6b879601,Negative,3,"{'pred': [1], 'probs': [[0.07310806214809418, 0.3427749574184418, 0.12117887288331985, 0.15909411013126373, 0.30384400486946106]], 'pred_prompt': ['IHC stained light micrograph of extracellular amyloid-beta deposition in the human brain tissue. Based on the image, what is the most likely amyloid beta morphology pattern? Cored']}",0.5026999711990356,pathology,neuropathology,light microscopy,brightfield microscopy,
classification,"['IHC stained light micrograph of extracellular amyloid-beta deposition in the human brain tissue. Based on the image, what is the most likely amyloid beta morphology pattern? Cored', 'IHC stained light micrograph of extracellular amyloid-beta deposition in the human brain tissue. Based on the image, what is the most likely amyloid beta morphology pattern? Diffuse', 'IHC stained light micrograph of extracellular amyloid-beta deposition in the human brain tissue. Based on the image, what is the most likely amyloid beta morphology pattern? Negative', 'IHC stained light micrograph of extracellular amyloid-beta deposition in the human brain tissue. Based on the image, what is the most likely amyloid beta morphology pattern? Caa', 'IHC stained light micrograph of extracellular amyloid-beta deposition in the human brain tissue. Based on the image, what is the most likely amyloid beta morphology pattern? none of the above']",86d37bad-69d7-439a-9a65-78690ccb2795,Diffuse,1,"{'pred': [0], 'probs': [[0.6053775548934937, 0.09426438808441162, 0.1087421178817749, 0.04987605661153793, 0.14173991978168488]], 'pred_prompt': ['IHC stained light micrograph of extracellular amyloid-beta deposition in the human brain tissue. Based on the image, what is the most likely amyloid beta morphology pattern? Cored']}",0.5026999711990356,pathology,neuropathology,light microscopy,brightfield microscopy,
classification,"['IHC stained light micrograph of extracellular amyloid-beta deposition in the human brain tissue. Based on the image, what is the most likely amyloid beta morphology pattern? diffuse plaque', 'IHC stained light micrograph of extracellular amyloid-beta deposition in the human brain tissue. Based on the image, what is the most likely amyloid beta morphology pattern? cerebral amyloid angiopathy', 'IHC stained light micrograph of extracellular amyloid-beta deposition in the human brain tissue. Based on the image, what is the most likely amyloid beta morphology pattern? negative', 'IHC stained light micrograph of extracellular amyloid-beta deposition in the human brain tissue. Based on the image, what is the most likely amyloid beta morphology pattern? cored plaque', 'IHC stained light micrograph of extracellular amyloid-beta deposition in the human brain tissue. Based on the image, what is the most likely amyloid beta morphology pattern? none of the above']",ca57f28d-d4a3-4a29-a96b-075c3707c854,diffuse plaque,0,"{'pred': [3], 'probs': [[0.22610165178775787, 0.1260140985250473, 0.15622997283935547, 0.3227003812789917, 0.16895386576652527]], 'pred_prompt': ['IHC stained light micrograph of extracellular amyloid-beta deposition in the human brain tissue. Based on the image, what is the most likely amyloid beta morphology pattern? cored plaque']}",0.5026999711990356,pathology,neuropathology,light microscopy,brightfield microscopy,
classification,"['IHC stained light micrograph of extracellular amyloid-beta deposition in the human brain tissue. Based on the image, what is the most likely amyloid beta morphology pattern? Caa', 'IHC stained light micrograph of extracellular amyloid-beta deposition in the human brain tissue. Based on the image, what is the most likely amyloid beta morphology pattern? Negative', 'IHC stained light micrograph of extracellular amyloid-beta deposition in the human brain tissue. Based on the image, what is the most likely amyloid beta morphology pattern? Diffuse', 'IHC stained light micrograph of extracellular amyloid-beta deposition in the human brain tissue. Based on the image, what is the most likely amyloid beta morphology pattern? Cored', 'IHC stained light micrograph of extracellular amyloid-beta deposition in the human brain tissue. Based on the image, what is the most likely amyloid beta morphology pattern? none of the above']",e0f58cde-bc03-4cc7-b166-132196a09c0b,Negative,1,"{'pred': [3], 'probs': [[0.0946180447936058, 0.17438939213752747, 0.21507041156291962, 0.3314559757709503, 0.184466153383255]], 'pred_prompt': ['IHC stained light micrograph of extracellular amyloid-beta deposition in the human brain tissue. Based on the image, what is the most likely amyloid beta morphology pattern? Cored']}",0.5026999711990356,pathology,neuropathology,light microscopy,brightfield microscopy,
classification,"['IHC stained light micrograph of extracellular amyloid-beta deposition in the human brain tissue. Based on the image, what is the most likely amyloid beta morphology pattern? Diffuse', 'IHC stained light micrograph of extracellular amyloid-beta deposition in the human brain tissue. Based on the image, what is the most likely amyloid beta morphology pattern? Negative', 'IHC stained light micrograph of extracellular amyloid-beta deposition in the human brain tissue. Based on the image, what is the most likely amyloid beta morphology pattern? Caa', 'IHC stained light micrograph of extracellular amyloid-beta deposition in the human brain tissue. Based on the image, what is the most likely amyloid beta morphology pattern? Cored', 'IHC stained light micrograph of extracellular amyloid-beta deposition in the human brain tissue. Based on the image, what is the most likely amyloid beta morphology pattern? none of the above']",999104eb-accd-4584-b418-b4eb1f6542ec,Caa,2,"{'pred': [2], 'probs': [[0.02853502333164215, 0.11348310858011246, 0.5102127194404602, 0.18329843878746033, 0.16447070240974426]], 'pred_prompt': ['IHC stained light micrograph of extracellular amyloid-beta deposition in the human brain tissue. Based on the image, what is the most likely amyloid beta morphology pattern? Caa']}",0.5026999711990356,pathology,neuropathology,light microscopy,brightfield microscopy,
classification,"['IHC stained light micrograph of extracellular amyloid-beta deposition in the human brain tissue. Based on the image, what is the most likely amyloid beta morphology pattern? Negative', 'IHC stained light micrograph of extracellular amyloid-beta deposition in the human brain tissue. Based on the image, what is the most likely amyloid beta morphology pattern? Cored', 'IHC stained light micrograph of extracellular amyloid-beta deposition in the human brain tissue. Based on the image, what is the most likely amyloid beta morphology pattern? Caa', 'IHC stained light micrograph of extracellular amyloid-beta deposition in the human brain tissue. Based on the image, what is the most likely amyloid beta morphology pattern? Diffuse', 'IHC stained light micrograph of extracellular amyloid-beta deposition in the human brain tissue. Based on the image, what is the most likely amyloid beta morphology pattern? none of the above']",cf721832-05ae-4f6c-87c0-84838ec828ee,Caa,2,"{'pred': [2], 'probs': [[0.10528302192687988, 0.2665407359600067, 0.5156891345977783, 0.043511416763067245, 0.06897573173046112]], 'pred_prompt': ['IHC stained light micrograph of extracellular amyloid-beta deposition in the human brain tissue. Based on the image, what is the most likely amyloid beta morphology pattern? Caa']}",0.5026999711990356,pathology,neuropathology,light microscopy,brightfield microscopy,
classification,"['IHC stained light micrograph of extracellular amyloid-beta deposition in the human brain tissue. Based on the image, what is the most likely amyloid beta morphology pattern? Negative', 'IHC stained light micrograph of extracellular amyloid-beta deposition in the human brain tissue. Based on the image, what is the most likely amyloid beta morphology pattern? Diffuse', 'IHC stained light micrograph of extracellular amyloid-beta deposition in the human brain tissue. Based on the image, what is the most likely amyloid beta morphology pattern? Cored', 'IHC stained light micrograph of extracellular amyloid-beta deposition in the human brain tissue. Based on the image, what is the most likely amyloid beta morphology pattern? Caa', 'IHC stained light micrograph of extracellular amyloid-beta deposition in the human brain tissue. Based on the image, what is the most likely amyloid beta morphology pattern? none of the above']",8af65b12-daac-4330-bce5-de4b9904843e,Diffuse,1,"{'pred': [2], 'probs': [[0.08060647547245026, 0.19732916355133057, 0.4713660776615143, 0.13341215252876282, 0.11728621274232864]], 'pred_prompt': ['IHC stained light micrograph of extracellular amyloid-beta deposition in the human brain tissue. Based on the image, what is the most likely amyloid beta morphology pattern? Cored']}",0.5026999711990356,pathology,neuropathology,light microscopy,brightfield microscopy,
classification,"['IHC stained light micrograph of extracellular amyloid-beta deposition in the human brain tissue. Based on the image, what is the most likely amyloid beta morphology pattern? Negative', 'IHC stained light micrograph of extracellular amyloid-beta deposition in the human brain tissue. Based on the image, what is the most likely amyloid beta morphology pattern? Diffuse', 'IHC stained light micrograph of extracellular amyloid-beta deposition in the human brain tissue. Based on the image, what is the most likely amyloid beta morphology pattern? Cored', 'IHC stained light micrograph of extracellular amyloid-beta deposition in the human brain tissue. Based on the image, what is the most likely amyloid beta morphology pattern? Caa', 'IHC stained light micrograph of extracellular amyloid-beta deposition in the human brain tissue. Based on the image, what is the most likely amyloid beta morphology pattern? none of the above']",60309e66-6d14-48d0-bd99-5a90b51ea723,Diffuse,1,"{'pred': [3], 'probs': [[0.06058693677186966, 0.08587685227394104, 0.3005858361721039, 0.46006059646606445, 0.09288973361253738]], 'pred_prompt': ['IHC stained light micrograph of extracellular amyloid-beta deposition in the human brain tissue. Based on the image, what is the most likely amyloid beta morphology pattern? Caa']}",0.5026999711990356,pathology,neuropathology,light microscopy,brightfield microscopy,
classification,"['IHC stained light micrograph of extracellular amyloid-beta deposition in the human brain tissue. Based on the image, what is the most likely amyloid beta morphology pattern? cored plaque', 'IHC stained light micrograph of extracellular amyloid-beta deposition in the human brain tissue. Based on the image, what is the most likely amyloid beta morphology pattern? cerebral amyloid angiopathy', 'IHC stained light micrograph of extracellular amyloid-beta deposition in the human brain tissue. Based on the image, what is the most likely amyloid beta morphology pattern? diffuse plaque', 'IHC stained light micrograph of extracellular amyloid-beta deposition in the human brain tissue. Based on the image, what is the most likely amyloid beta morphology pattern? negative', 'IHC stained light micrograph of extracellular amyloid-beta deposition in the human brain tissue. Based on the image, what is the most likely amyloid beta morphology pattern? none of the above']",c2fb675e-5108-4ba3-95d7-b9a484af5eb7,diffuse plaque,2,"{'pred': [0], 'probs': [[0.33071663975715637, 0.10250049829483032, 0.2544413208961487, 0.16125836968421936, 0.1510830968618393]], 'pred_prompt': ['IHC stained light micrograph of extracellular amyloid-beta deposition in the human brain tissue. Based on the image, what is the most likely amyloid beta morphology pattern? cored plaque']}",0.5026999711990356,pathology,neuropathology,light microscopy,brightfield microscopy,
classification,"['IHC stained light micrograph of extracellular amyloid-beta deposition in the human brain tissue. Based on the image, what is the most likely amyloid beta morphology pattern? Cored', 'IHC stained light micrograph of extracellular amyloid-beta deposition in the human brain tissue. Based on the image, what is the most likely amyloid beta morphology pattern? Caa', 'IHC stained light micrograph of extracellular amyloid-beta deposition in the human brain tissue. Based on the image, what is the most likely amyloid beta morphology pattern? Negative', 'IHC stained light micrograph of extracellular amyloid-beta deposition in the human brain tissue. Based on the image, what is the most likely amyloid beta morphology pattern? Diffuse', 'IHC stained light micrograph of extracellular amyloid-beta deposition in the human brain tissue. Based on the image, what is the most likely amyloid beta morphology pattern? none of the above']",a720c93f-8673-4c74-aa36-b624e07a76be,Cored,0,"{'pred': [0], 'probs': [[0.3301958441734314, 0.2040705382823944, 0.14135336875915527, 0.1287091076374054, 0.19567114114761353]], 'pred_prompt': ['IHC stained light micrograph of extracellular amyloid-beta deposition in the human brain tissue. Based on the image, what is the most likely amyloid beta morphology pattern? Cored']}",0.5026999711990356,pathology,neuropathology,light microscopy,brightfield microscopy,
classification,"['IHC stained light micrograph of extracellular amyloid-beta deposition in the human brain tissue. Based on the image, what is the most likely amyloid beta morphology pattern? Cored', 'IHC stained light micrograph of extracellular amyloid-beta deposition in the human brain tissue. Based on the image, what is the most likely amyloid beta morphology pattern? Diffuse', 'IHC stained light micrograph of extracellular amyloid-beta deposition in the human brain tissue. Based on the image, what is the most likely amyloid beta morphology pattern? Negative', 'IHC stained light micrograph of extracellular amyloid-beta deposition in the human brain tissue. Based on the image, what is the most likely amyloid beta morphology pattern? Caa', 'IHC stained light micrograph of extracellular amyloid-beta deposition in the human brain tissue. Based on the image, what is the most likely amyloid beta morphology pattern? none of the above']",9517f2ee-45c6-464c-abe5-404924a14f23,Negative,2,"{'pred': [4], 'probs': [[0.18399600684642792, 0.1421295702457428, 0.2332974225282669, 0.15572884678840637, 0.284848153591156]], 'pred_prompt': ['IHC stained light micrograph of extracellular amyloid-beta deposition in the human brain tissue. Based on the image, what is the most likely amyloid beta morphology pattern? none of the above']}",0.5026999711990356,pathology,neuropathology,light microscopy,brightfield microscopy,
classification,"['IHC stained light micrograph of extracellular amyloid-beta deposition in the human brain tissue. Based on the image, what is the most likely amyloid beta morphology pattern? Cored', 'IHC stained light micrograph of extracellular amyloid-beta deposition in the human brain tissue. Based on the image, what is the most likely amyloid beta morphology pattern? Diffuse', 'IHC stained light micrograph of extracellular amyloid-beta deposition in the human brain tissue. Based on the image, what is the most likely amyloid beta morphology pattern? Caa', 'IHC stained light micrograph of extracellular amyloid-beta deposition in the human brain tissue. Based on the image, what is the most likely amyloid beta morphology pattern? Negative', 'IHC stained light micrograph of extracellular amyloid-beta deposition in the human brain tissue. Based on the image, what is the most likely amyloid beta morphology pattern? none of the above']",152616c8-f841-4c80-83e7-5fe2f73402ba,Negative,3,"{'pred': [0], 'probs': [[0.4595816135406494, 0.09371543675661087, 0.09997901320457458, 0.12222426384687424, 0.22449971735477448]], 'pred_prompt': ['IHC stained light micrograph of extracellular amyloid-beta deposition in the human brain tissue. Based on the image, what is the most likely amyloid beta morphology pattern? Cored']}",0.5026999711990356,pathology,neuropathology,light microscopy,brightfield microscopy,
classification,"['IHC stained light micrograph of extracellular amyloid-beta deposition in the human brain tissue. Based on the image, what is the most likely amyloid beta morphology pattern? cerebral amyloid angiopathy', 'IHC stained light micrograph of extracellular amyloid-beta deposition in the human brain tissue. Based on the image, what is the most likely amyloid beta morphology pattern? cored plaque', 'IHC stained light micrograph of extracellular amyloid-beta deposition in the human brain tissue. Based on the image, what is the most likely amyloid beta morphology pattern? diffuse plaque', 'IHC stained light micrograph of extracellular amyloid-beta deposition in the human brain tissue. Based on the image, what is the most likely amyloid beta morphology pattern? negative', 'IHC stained light micrograph of extracellular amyloid-beta deposition in the human brain tissue. Based on the image, what is the most likely amyloid beta morphology pattern? none of the above']",0f70a636-2d0d-4725-a46e-2b6102d3c649,negative,3,"{'pred': [4], 'probs': [[0.1697271168231964, 0.1742897778749466, 0.18124376237392426, 0.1792142391204834, 0.29552504420280457]], 'pred_prompt': ['IHC stained light micrograph of extracellular amyloid-beta deposition in the human brain tissue. Based on the image, what is the most likely amyloid beta morphology pattern? none of the above']}",0.5026999711990356,pathology,neuropathology,light microscopy,brightfield microscopy,
classification,"['IHC stained light micrograph of extracellular amyloid-beta deposition in the human brain tissue. Based on the image, what is the most likely amyloid beta morphology pattern? Cored', 'IHC stained light micrograph of extracellular amyloid-beta deposition in the human brain tissue. Based on the image, what is the most likely amyloid beta morphology pattern? Negative', 'IHC stained light micrograph of extracellular amyloid-beta deposition in the human brain tissue. Based on the image, what is the most likely amyloid beta morphology pattern? Caa', 'IHC stained light micrograph of extracellular amyloid-beta deposition in the human brain tissue. Based on the image, what is the most likely amyloid beta morphology pattern? Diffuse', 'IHC stained light micrograph of extracellular amyloid-beta deposition in the human brain tissue. Based on the image, what is the most likely amyloid beta morphology pattern? none of the above']",2cf6fbf7-374a-41e8-b227-c0d764a81820,Cored,0,"{'pred': [0], 'probs': [[0.44913020730018616, 0.18279270827770233, 0.052128616720438004, 0.06939246505498886, 0.24655595421791077]], 'pred_prompt': ['IHC stained light micrograph of extracellular amyloid-beta deposition in the human brain tissue. Based on the image, what is the most likely amyloid beta morphology pattern? Cored']}",0.5026999711990356,pathology,neuropathology,light microscopy,brightfield microscopy,
classification,"['IHC stained light micrograph of extracellular amyloid-beta deposition in the human brain tissue. Based on the image, what is the most likely amyloid beta morphology pattern? Caa', 'IHC stained light micrograph of extracellular amyloid-beta deposition in the human brain tissue. Based on the image, what is the most likely amyloid beta morphology pattern? Cored', 'IHC stained light micrograph of extracellular amyloid-beta deposition in the human brain tissue. Based on the image, what is the most likely amyloid beta morphology pattern? Negative', 'IHC stained light micrograph of extracellular amyloid-beta deposition in the human brain tissue. Based on the image, what is the most likely amyloid beta morphology pattern? Diffuse', 'IHC stained light micrograph of extracellular amyloid-beta deposition in the human brain tissue. Based on the image, what is the most likely amyloid beta morphology pattern? none of the above']",1397784f-d8f4-4931-a41e-7f5c6df27bb9,Caa,0,"{'pred': [1], 'probs': [[0.23144643008708954, 0.29537588357925415, 0.09533282369375229, 0.22032181918621063, 0.1575229912996292]], 'pred_prompt': ['IHC stained light micrograph of extracellular amyloid-beta deposition in the human brain tissue. Based on the image, what is the most likely amyloid beta morphology pattern? Cored']}",0.5026999711990356,pathology,neuropathology,light microscopy,brightfield microscopy,
classification,"['IHC stained light micrograph of extracellular amyloid-beta deposition in the human brain tissue. Based on the image, what is the most likely amyloid beta morphology pattern? Caa', 'IHC stained light micrograph of extracellular amyloid-beta deposition in the human brain tissue. Based on the image, what is the most likely amyloid beta morphology pattern? Negative', 'IHC stained light micrograph of extracellular amyloid-beta deposition in the human brain tissue. Based on the image, what is the most likely amyloid beta morphology pattern? Cored', 'IHC stained light micrograph of extracellular amyloid-beta deposition in the human brain tissue. Based on the image, what is the most likely amyloid beta morphology pattern? Diffuse', 'IHC stained light micrograph of extracellular amyloid-beta deposition in the human brain tissue. Based on the image, what is the most likely amyloid beta morphology pattern? none of the above']",51bba0f7-4d2f-4059-b5bf-06b5c6323c3e,Diffuse,3,"{'pred': [2], 'probs': [[0.12460210919380188, 0.100557342171669, 0.3997868001461029, 0.2689104378223419, 0.10614330321550369]], 'pred_prompt': ['IHC stained light micrograph of extracellular amyloid-beta deposition in the human brain tissue. Based on the image, what is the most likely amyloid beta morphology pattern? Cored']}",0.5026999711990356,pathology,neuropathology,light microscopy,brightfield microscopy,
classification,"['IHC stained light micrograph of extracellular amyloid-beta deposition in the human brain tissue. Based on the image, what is the most likely amyloid beta morphology pattern? Caa', 'IHC stained light micrograph of extracellular amyloid-beta deposition in the human brain tissue. Based on the image, what is the most likely amyloid beta morphology pattern? Cored', 'IHC stained light micrograph of extracellular amyloid-beta deposition in the human brain tissue. Based on the image, what is the most likely amyloid beta morphology pattern? Negative', 'IHC stained light micrograph of extracellular amyloid-beta deposition in the human brain tissue. Based on the image, what is the most likely amyloid beta morphology pattern? Diffuse', 'IHC stained light micrograph of extracellular amyloid-beta deposition in the human brain tissue. Based on the image, what is the most likely amyloid beta morphology pattern? none of the above']",692b1faf-415e-4292-b3c6-7e65807daec8,Negative,2,"{'pred': [4], 'probs': [[0.14984926581382751, 0.1955655813217163, 0.23648051917552948, 0.13329827785491943, 0.2848063111305237]], 'pred_prompt': ['IHC stained light micrograph of extracellular amyloid-beta deposition in the human brain tissue. Based on the image, what is the most likely amyloid beta morphology pattern? none of the above']}",0.5026999711990356,pathology,neuropathology,light microscopy,brightfield microscopy,
classification,"['IHC stained light micrograph of extracellular amyloid-beta deposition in the human brain tissue. Based on the image, what is the most likely amyloid beta morphology pattern? diffuse plaque', 'IHC stained light micrograph of extracellular amyloid-beta deposition in the human brain tissue. Based on the image, what is the most likely amyloid beta morphology pattern? negative', 'IHC stained light micrograph of extracellular amyloid-beta deposition in the human brain tissue. Based on the image, what is the most likely amyloid beta morphology pattern? cerebral amyloid angiopathy', 'IHC stained light micrograph of extracellular amyloid-beta deposition in the human brain tissue. Based on the image, what is the most likely amyloid beta morphology pattern? cored plaque', 'IHC stained light micrograph of extracellular amyloid-beta deposition in the human brain tissue. Based on the image, what is the most likely amyloid beta morphology pattern? none of the above']",a7391f36-df82-4495-af1f-5ddf29806f8d,diffuse plaque,0,"{'pred': [3], 'probs': [[0.21105565130710602, 0.13556264340877533, 0.1435699164867401, 0.40769195556640625, 0.1021198257803917]], 'pred_prompt': ['IHC stained light micrograph of extracellular amyloid-beta deposition in the human brain tissue. Based on the image, what is the most likely amyloid beta morphology pattern? cored plaque']}",0.5026999711990356,pathology,neuropathology,light microscopy,brightfield microscopy,
classification,"['IHC stained light micrograph of extracellular amyloid-beta deposition in the human brain tissue. Based on the image, what is the most likely amyloid beta morphology pattern? diffuse plaque', 'IHC stained light micrograph of extracellular amyloid-beta deposition in the human brain tissue. Based on the image, what is the most likely amyloid beta morphology pattern? cored plaque', 'IHC stained light micrograph of extracellular amyloid-beta deposition in the human brain tissue. Based on the image, what is the most likely amyloid beta morphology pattern? cerebral amyloid angiopathy', 'IHC stained light micrograph of extracellular amyloid-beta deposition in the human brain tissue. Based on the image, what is the most likely amyloid beta morphology pattern? negative', 'IHC stained light micrograph of extracellular amyloid-beta deposition in the human brain tissue. Based on the image, what is the most likely amyloid beta morphology pattern? none of the above']",a5acdf2c-5dfc-4e2d-a8cd-b6e08b6e74cd,negative,3,"{'pred': [0], 'probs': [[0.34533220529556274, 0.14456342160701752, 0.1311703622341156, 0.18647974729537964, 0.1924542784690857]], 'pred_prompt': ['IHC stained light micrograph of extracellular amyloid-beta deposition in the human brain tissue. Based on the image, what is the most likely amyloid beta morphology pattern? diffuse plaque']}",0.5026999711990356,pathology,neuropathology,light microscopy,brightfield microscopy,
classification,"['IHC stained light micrograph of extracellular amyloid-beta deposition in the human brain tissue. Based on the image, what is the most likely amyloid beta morphology pattern? cored plaque', 'IHC stained light micrograph of extracellular amyloid-beta deposition in the human brain tissue. Based on the image, what is the most likely amyloid beta morphology pattern? cerebral amyloid angiopathy', 'IHC stained light micrograph of extracellular amyloid-beta deposition in the human brain tissue. Based on the image, what is the most likely amyloid beta morphology pattern? diffuse plaque', 'IHC stained light micrograph of extracellular amyloid-beta deposition in the human brain tissue. Based on the image, what is the most likely amyloid beta morphology pattern? negative', 'IHC stained light micrograph of extracellular amyloid-beta deposition in the human brain tissue. Based on the image, what is the most likely amyloid beta morphology pattern? none of the above']",8a77c4eb-ec50-4c13-84a7-00aaeb5d2c2b,negative,3,"{'pred': [2], 'probs': [[0.1915372908115387, 0.10851983726024628, 0.2781689167022705, 0.20367972552776337, 0.21809421479701996]], 'pred_prompt': ['IHC stained light micrograph of extracellular amyloid-beta deposition in the human brain tissue. Based on the image, what is the most likely amyloid beta morphology pattern? diffuse plaque']}",0.5026999711990356,pathology,neuropathology,light microscopy,brightfield microscopy,
classification,"['IHC stained light micrograph of extracellular amyloid-beta deposition in the human brain tissue. Based on the image, what is the most likely amyloid beta morphology pattern? Diffuse', 'IHC stained light micrograph of extracellular amyloid-beta deposition in the human brain tissue. Based on the image, what is the most likely amyloid beta morphology pattern? Negative', 'IHC stained light micrograph of extracellular amyloid-beta deposition in the human brain tissue. Based on the image, what is the most likely amyloid beta morphology pattern? Cored', 'IHC stained light micrograph of extracellular amyloid-beta deposition in the human brain tissue. Based on the image, what is the most likely amyloid beta morphology pattern? Caa', 'IHC stained light micrograph of extracellular amyloid-beta deposition in the human brain tissue. Based on the image, what is the most likely amyloid beta morphology pattern? none of the above']",2fd6e27a-a46f-4119-84fc-fab367dfec5a,Diffuse,0,"{'pred': [3], 'probs': [[0.09737216681241989, 0.1516651064157486, 0.2725749909877777, 0.31121912598609924, 0.16716861724853516]], 'pred_prompt': ['IHC stained light micrograph of extracellular amyloid-beta deposition in the human brain tissue. Based on the image, what is the most likely amyloid beta morphology pattern? Caa']}",0.5026999711990356,pathology,neuropathology,light microscopy,brightfield microscopy,
classification,"['IHC stained light micrograph of extracellular amyloid-beta deposition in the human brain tissue. Based on the image, what is the most likely amyloid beta morphology pattern? cored plaque', 'IHC stained light micrograph of extracellular amyloid-beta deposition in the human brain tissue. Based on the image, what is the most likely amyloid beta morphology pattern? negative', 'IHC stained light micrograph of extracellular amyloid-beta deposition in the human brain tissue. Based on the image, what is the most likely amyloid beta morphology pattern? diffuse plaque', 'IHC stained light micrograph of extracellular amyloid-beta deposition in the human brain tissue. Based on the image, what is the most likely amyloid beta morphology pattern? cerebral amyloid angiopathy', 'IHC stained light micrograph of extracellular amyloid-beta deposition in the human brain tissue. Based on the image, what is the most likely amyloid beta morphology pattern? none of the above']",5a367c05-55fb-4e2c-a821-6a24410f91a1,negative,1,"{'pred': [1], 'probs': [[0.07972794026136398, 0.27151861786842346, 0.2489960491657257, 0.12963555753231049, 0.27012187242507935]], 'pred_prompt': ['IHC stained light micrograph of extracellular amyloid-beta deposition in the human brain tissue. Based on the image, what is the most likely amyloid beta morphology pattern? negative']}",0.5026999711990356,pathology,neuropathology,light microscopy,brightfield microscopy,
classification,"['IHC stained light micrograph of extracellular amyloid-beta deposition in the human brain tissue. Based on the image, what is the most likely amyloid beta morphology pattern? Diffuse', 'IHC stained light micrograph of extracellular amyloid-beta deposition in the human brain tissue. Based on the image, what is the most likely amyloid beta morphology pattern? Cored', 'IHC stained light micrograph of extracellular amyloid-beta deposition in the human brain tissue. Based on the image, what is the most likely amyloid beta morphology pattern? Caa', 'IHC stained light micrograph of extracellular amyloid-beta deposition in the human brain tissue. Based on the image, what is the most likely amyloid beta morphology pattern? Negative', 'IHC stained light micrograph of extracellular amyloid-beta deposition in the human brain tissue. Based on the image, what is the most likely amyloid beta morphology pattern? none of the above']",c0a0ba40-f718-4f30-86df-4e2f01cdf7b3,Negative,3,"{'pred': [1], 'probs': [[0.16841019690036774, 0.28495603799819946, 0.1239682286977768, 0.17297638952732086, 0.24968914687633514]], 'pred_prompt': ['IHC stained light micrograph of extracellular amyloid-beta deposition in the human brain tissue. Based on the image, what is the most likely amyloid beta morphology pattern? Cored']}",0.5026999711990356,pathology,neuropathology,light microscopy,brightfield microscopy,
classification,"['IHC stained light micrograph of extracellular amyloid-beta deposition in the human brain tissue. Based on the image, what is the most likely amyloid beta morphology pattern? Diffuse', 'IHC stained light micrograph of extracellular amyloid-beta deposition in the human brain tissue. Based on the image, what is the most likely amyloid beta morphology pattern? Negative', 'IHC stained light micrograph of extracellular amyloid-beta deposition in the human brain tissue. Based on the image, what is the most likely amyloid beta morphology pattern? Caa', 'IHC stained light micrograph of extracellular amyloid-beta deposition in the human brain tissue. Based on the image, what is the most likely amyloid beta morphology pattern? Cored', 'IHC stained light micrograph of extracellular amyloid-beta deposition in the human brain tissue. Based on the image, what is the most likely amyloid beta morphology pattern? none of the above']",f1ca5888-661f-48bc-9f63-92610aabf0b0,Diffuse,0,"{'pred': [3], 'probs': [[0.17919118702411652, 0.09656798094511032, 0.15052559971809387, 0.4785500466823578, 0.0951651856303215]], 'pred_prompt': ['IHC stained light micrograph of extracellular amyloid-beta deposition in the human brain tissue. Based on the image, what is the most likely amyloid beta morphology pattern? Cored']}",0.5026999711990356,pathology,neuropathology,light microscopy,brightfield microscopy,
classification,"['IHC stained light micrograph of extracellular amyloid-beta deposition in the human brain tissue. Based on the image, what is the most likely amyloid beta morphology pattern? Diffuse', 'IHC stained light micrograph of extracellular amyloid-beta deposition in the human brain tissue. Based on the image, what is the most likely amyloid beta morphology pattern? Negative', 'IHC stained light micrograph of extracellular amyloid-beta deposition in the human brain tissue. Based on the image, what is the most likely amyloid beta morphology pattern? Caa', 'IHC stained light micrograph of extracellular amyloid-beta deposition in the human brain tissue. Based on the image, what is the most likely amyloid beta morphology pattern? Cored', 'IHC stained light micrograph of extracellular amyloid-beta deposition in the human brain tissue. Based on the image, what is the most likely amyloid beta morphology pattern? none of the above']",f60efe99-2c3f-4a3f-bc59-66f2d2107568,Cored,3,"{'pred': [3], 'probs': [[0.1695737987756729, 0.08738305419683456, 0.19145353138446808, 0.39200034737586975, 0.15958935022354126]], 'pred_prompt': ['IHC stained light micrograph of extracellular amyloid-beta deposition in the human brain tissue. Based on the image, what is the most likely amyloid beta morphology pattern? Cored']}",0.5026999711990356,pathology,neuropathology,light microscopy,brightfield microscopy,
classification,"['IHC stained light micrograph of extracellular amyloid-beta deposition in the human brain tissue. Based on the image, what is the most likely amyloid beta morphology pattern? diffuse plaque', 'IHC stained light micrograph of extracellular amyloid-beta deposition in the human brain tissue. Based on the image, what is the most likely amyloid beta morphology pattern? negative', 'IHC stained light micrograph of extracellular amyloid-beta deposition in the human brain tissue. Based on the image, what is the most likely amyloid beta morphology pattern? cored plaque', 'IHC stained light micrograph of extracellular amyloid-beta deposition in the human brain tissue. Based on the image, what is the most likely amyloid beta morphology pattern? cerebral amyloid angiopathy', 'IHC stained light micrograph of extracellular amyloid-beta deposition in the human brain tissue. Based on the image, what is the most likely amyloid beta morphology pattern? none of the above']",defc1a6d-f9c9-4aac-87ef-b2800c990e2f,negative,1,"{'pred': [1], 'probs': [[0.18302521109580994, 0.2652224600315094, 0.1500936895608902, 0.21100899577140808, 0.19064964354038239]], 'pred_prompt': ['IHC stained light micrograph of extracellular amyloid-beta deposition in the human brain tissue. Based on the image, what is the most likely amyloid beta morphology pattern? negative']}",0.5026999711990356,pathology,neuropathology,light microscopy,brightfield microscopy,
classification,"['IHC stained light micrograph of extracellular amyloid-beta deposition in the human brain tissue. Based on the image, what is the most likely amyloid beta morphology pattern? negative', 'IHC stained light micrograph of extracellular amyloid-beta deposition in the human brain tissue. Based on the image, what is the most likely amyloid beta morphology pattern? cored plaque', 'IHC stained light micrograph of extracellular amyloid-beta deposition in the human brain tissue. Based on the image, what is the most likely amyloid beta morphology pattern? cerebral amyloid angiopathy', 'IHC stained light micrograph of extracellular amyloid-beta deposition in the human brain tissue. Based on the image, what is the most likely amyloid beta morphology pattern? diffuse plaque', 'IHC stained light micrograph of extracellular amyloid-beta deposition in the human brain tissue. Based on the image, what is the most likely amyloid beta morphology pattern? none of the above']",41deb44c-12e1-433a-8d88-96ce02f75947,negative,0,"{'pred': [1], 'probs': [[0.17430904507637024, 0.31056880950927734, 0.16357524693012238, 0.14600390195846558, 0.20554301142692566]], 'pred_prompt': ['IHC stained light micrograph of extracellular amyloid-beta deposition in the human brain tissue. Based on the image, what is the most likely amyloid beta morphology pattern? cored plaque']}",0.5026999711990356,pathology,neuropathology,light microscopy,brightfield microscopy,
classification,"['IHC stained light micrograph of extracellular amyloid-beta deposition in the human brain tissue. Based on the image, what is the most likely amyloid beta morphology pattern? Caa', 'IHC stained light micrograph of extracellular amyloid-beta deposition in the human brain tissue. Based on the image, what is the most likely amyloid beta morphology pattern? Cored', 'IHC stained light micrograph of extracellular amyloid-beta deposition in the human brain tissue. Based on the image, what is the most likely amyloid beta morphology pattern? Diffuse', 'IHC stained light micrograph of extracellular amyloid-beta deposition in the human brain tissue. Based on the image, what is the most likely amyloid beta morphology pattern? Negative', 'IHC stained light micrograph of extracellular amyloid-beta deposition in the human brain tissue. Based on the image, what is the most likely amyloid beta morphology pattern? none of the above']",a3182a29-a98d-4bef-bb76-1eb82622009f,Diffuse,2,"{'pred': [1], 'probs': [[0.1818900853395462, 0.46877846121788025, 0.10108388215303421, 0.09910982847213745, 0.14913775026798248]], 'pred_prompt': ['IHC stained light micrograph of extracellular amyloid-beta deposition in the human brain tissue. Based on the image, what is the most likely amyloid beta morphology pattern? Cored']}",0.5026999711990356,pathology,neuropathology,light microscopy,brightfield microscopy,
classification,"['IHC stained light micrograph of extracellular amyloid-beta deposition in the human brain tissue. Based on the image, what is the most likely amyloid beta morphology pattern? Caa', 'IHC stained light micrograph of extracellular amyloid-beta deposition in the human brain tissue. Based on the image, what is the most likely amyloid beta morphology pattern? Cored', 'IHC stained light micrograph of extracellular amyloid-beta deposition in the human brain tissue. Based on the image, what is the most likely amyloid beta morphology pattern? Diffuse', 'IHC stained light micrograph of extracellular amyloid-beta deposition in the human brain tissue. Based on the image, what is the most likely amyloid beta morphology pattern? Negative', 'IHC stained light micrograph of extracellular amyloid-beta deposition in the human brain tissue. Based on the image, what is the most likely amyloid beta morphology pattern? none of the above']",81bcb37e-add5-43af-8420-c19ee45c700d,Cored,1,"{'pred': [1], 'probs': [[0.14959175884723663, 0.3699382245540619, 0.15741503238677979, 0.11005575209856033, 0.21299917995929718]], 'pred_prompt': ['IHC stained light micrograph of extracellular amyloid-beta deposition in the human brain tissue. Based on the image, what is the most likely amyloid beta morphology pattern? Cored']}",0.5026999711990356,pathology,neuropathology,light microscopy,brightfield microscopy,
classification,"['IHC stained light micrograph of extracellular amyloid-beta deposition in the human brain tissue. Based on the image, what is the most likely amyloid beta morphology pattern? cored plaque', 'IHC stained light micrograph of extracellular amyloid-beta deposition in the human brain tissue. Based on the image, what is the most likely amyloid beta morphology pattern? cerebral amyloid angiopathy', 'IHC stained light micrograph of extracellular amyloid-beta deposition in the human brain tissue. Based on the image, what is the most likely amyloid beta morphology pattern? negative', 'IHC stained light micrograph of extracellular amyloid-beta deposition in the human brain tissue. Based on the image, what is the most likely amyloid beta morphology pattern? diffuse plaque', 'IHC stained light micrograph of extracellular amyloid-beta deposition in the human brain tissue. Based on the image, what is the most likely amyloid beta morphology pattern? none of the above']",02e8ae95-5b80-4656-b8a2-cd0e6502e8ed,negative,2,"{'pred': [3], 'probs': [[0.2276572585105896, 0.09775704890489578, 0.16890130937099457, 0.29009267687797546, 0.21559174358844757]], 'pred_prompt': ['IHC stained light micrograph of extracellular amyloid-beta deposition in the human brain tissue. Based on the image, what is the most likely amyloid beta morphology pattern? diffuse plaque']}",0.5026999711990356,pathology,neuropathology,light microscopy,brightfield microscopy,
classification,"['IHC stained light micrograph of extracellular amyloid-beta deposition in the human brain tissue. Based on the image, what is the most likely amyloid beta morphology pattern? Diffuse', 'IHC stained light micrograph of extracellular amyloid-beta deposition in the human brain tissue. Based on the image, what is the most likely amyloid beta morphology pattern? Negative', 'IHC stained light micrograph of extracellular amyloid-beta deposition in the human brain tissue. Based on the image, what is the most likely amyloid beta morphology pattern? Cored', 'IHC stained light micrograph of extracellular amyloid-beta deposition in the human brain tissue. Based on the image, what is the most likely amyloid beta morphology pattern? Caa', 'IHC stained light micrograph of extracellular amyloid-beta deposition in the human brain tissue. Based on the image, what is the most likely amyloid beta morphology pattern? none of the above']",13d9bf85-5b8b-4c91-b9d7-a81ab2d7ccef,Cored,2,"{'pred': [2], 'probs': [[0.2034863829612732, 0.1421816200017929, 0.2759231925010681, 0.20498928427696228, 0.1734195351600647]], 'pred_prompt': ['IHC stained light micrograph of extracellular amyloid-beta deposition in the human brain tissue. Based on the image, what is the most likely amyloid beta morphology pattern? Cored']}",0.5026999711990356,pathology,neuropathology,light microscopy,brightfield microscopy,
classification,"['IHC stained light micrograph of extracellular amyloid-beta deposition in the human brain tissue. Based on the image, what is the most likely amyloid beta morphology pattern? Cored', 'IHC stained light micrograph of extracellular amyloid-beta deposition in the human brain tissue. Based on the image, what is the most likely amyloid beta morphology pattern? Negative', 'IHC stained light micrograph of extracellular amyloid-beta deposition in the human brain tissue. Based on the image, what is the most likely amyloid beta morphology pattern? Caa', 'IHC stained light micrograph of extracellular amyloid-beta deposition in the human brain tissue. Based on the image, what is the most likely amyloid beta morphology pattern? Diffuse', 'IHC stained light micrograph of extracellular amyloid-beta deposition in the human brain tissue. Based on the image, what is the most likely amyloid beta morphology pattern? none of the above']",f73c5da6-de67-4dba-b955-d2ea44eff2e3,Caa,2,"{'pred': [0], 'probs': [[0.507210910320282, 0.04652030020952225, 0.27451467514038086, 0.12034867703914642, 0.05140535533428192]], 'pred_prompt': ['IHC stained light micrograph of extracellular amyloid-beta deposition in the human brain tissue. Based on the image, what is the most likely amyloid beta morphology pattern? Cored']}",0.5026999711990356,pathology,neuropathology,light microscopy,brightfield microscopy,
classification,"['IHC stained light micrograph of extracellular amyloid-beta deposition in the human brain tissue. Based on the image, what is the most likely amyloid beta morphology pattern? Negative', 'IHC stained light micrograph of extracellular amyloid-beta deposition in the human brain tissue. Based on the image, what is the most likely amyloid beta morphology pattern? Caa', 'IHC stained light micrograph of extracellular amyloid-beta deposition in the human brain tissue. Based on the image, what is the most likely amyloid beta morphology pattern? Cored', 'IHC stained light micrograph of extracellular amyloid-beta deposition in the human brain tissue. Based on the image, what is the most likely amyloid beta morphology pattern? Diffuse', 'IHC stained light micrograph of extracellular amyloid-beta deposition in the human brain tissue. Based on the image, what is the most likely amyloid beta morphology pattern? none of the above']",40606d9b-a914-4f07-a99f-3880857b05a4,Caa,1,"{'pred': [1], 'probs': [[0.14357732236385345, 0.3154325783252716, 0.25117701292037964, 0.09621690958738327, 0.19359616935253143]], 'pred_prompt': ['IHC stained light micrograph of extracellular amyloid-beta deposition in the human brain tissue. Based on the image, what is the most likely amyloid beta morphology pattern? Caa']}",0.5026999711990356,pathology,neuropathology,light microscopy,brightfield microscopy,
classification,"['IHC stained light micrograph of extracellular amyloid-beta deposition in the human brain tissue. Based on the image, what is the most likely amyloid beta morphology pattern? diffuse plaque', 'IHC stained light micrograph of extracellular amyloid-beta deposition in the human brain tissue. Based on the image, what is the most likely amyloid beta morphology pattern? negative', 'IHC stained light micrograph of extracellular amyloid-beta deposition in the human brain tissue. Based on the image, what is the most likely amyloid beta morphology pattern? cored plaque', 'IHC stained light micrograph of extracellular amyloid-beta deposition in the human brain tissue. Based on the image, what is the most likely amyloid beta morphology pattern? cerebral amyloid angiopathy', 'IHC stained light micrograph of extracellular amyloid-beta deposition in the human brain tissue. Based on the image, what is the most likely amyloid beta morphology pattern? none of the above']",0a8f647e-dd2e-4cb2-a7d8-729a979b0d10,diffuse plaque,0,"{'pred': [2], 'probs': [[0.34606650471687317, 0.07379911094903946, 0.367403507232666, 0.11547111719846725, 0.09725981950759888]], 'pred_prompt': ['IHC stained light micrograph of extracellular amyloid-beta deposition in the human brain tissue. Based on the image, what is the most likely amyloid beta morphology pattern? cored plaque']}",0.5026999711990356,pathology,neuropathology,light microscopy,brightfield microscopy,
classification,"['IHC stained light micrograph of extracellular amyloid-beta deposition in the human brain tissue. Based on the image, what is the most likely amyloid beta morphology pattern? cerebral amyloid angiopathy', 'IHC stained light micrograph of extracellular amyloid-beta deposition in the human brain tissue. Based on the image, what is the most likely amyloid beta morphology pattern? diffuse plaque', 'IHC stained light micrograph of extracellular amyloid-beta deposition in the human brain tissue. Based on the image, what is the most likely amyloid beta morphology pattern? negative', 'IHC stained light micrograph of extracellular amyloid-beta deposition in the human brain tissue. Based on the image, what is the most likely amyloid beta morphology pattern? cored plaque', 'IHC stained light micrograph of extracellular amyloid-beta deposition in the human brain tissue. Based on the image, what is the most likely amyloid beta morphology pattern? none of the above']",6584574a-ee80-45e5-8c17-f445e1d3e329,negative,2,"{'pred': [4], 'probs': [[0.10101909190416336, 0.14056608080863953, 0.2689248025417328, 0.13461552560329437, 0.3548744320869446]], 'pred_prompt': ['IHC stained light micrograph of extracellular amyloid-beta deposition in the human brain tissue. Based on the image, what is the most likely amyloid beta morphology pattern? none of the above']}",0.5026999711990356,pathology,neuropathology,light microscopy,brightfield microscopy,
classification,"['IHC stained light micrograph of extracellular amyloid-beta deposition in the human brain tissue. Based on the image, what is the most likely amyloid beta morphology pattern? cerebral amyloid angiopathy', 'IHC stained light micrograph of extracellular amyloid-beta deposition in the human brain tissue. Based on the image, what is the most likely amyloid beta morphology pattern? diffuse plaque', 'IHC stained light micrograph of extracellular amyloid-beta deposition in the human brain tissue. Based on the image, what is the most likely amyloid beta morphology pattern? negative', 'IHC stained light micrograph of extracellular amyloid-beta deposition in the human brain tissue. Based on the image, what is the most likely amyloid beta morphology pattern? cored plaque', 'IHC stained light micrograph of extracellular amyloid-beta deposition in the human brain tissue. Based on the image, what is the most likely amyloid beta morphology pattern? none of the above']",be65b214-1606-48d9-b4e6-541986e9543a,negative,2,"{'pred': [4], 'probs': [[0.16985194385051727, 0.19688819348812103, 0.20570360124111176, 0.11030489206314087, 0.3172513544559479]], 'pred_prompt': ['IHC stained light micrograph of extracellular amyloid-beta deposition in the human brain tissue. Based on the image, what is the most likely amyloid beta morphology pattern? none of the above']}",0.5026999711990356,pathology,neuropathology,light microscopy,brightfield microscopy,
classification,"['IHC stained light micrograph of extracellular amyloid-beta deposition in the human brain tissue. Based on the image, what is the most likely amyloid beta morphology pattern? cerebral amyloid angiopathy', 'IHC stained light micrograph of extracellular amyloid-beta deposition in the human brain tissue. Based on the image, what is the most likely amyloid beta morphology pattern? cored plaque', 'IHC stained light micrograph of extracellular amyloid-beta deposition in the human brain tissue. Based on the image, what is the most likely amyloid beta morphology pattern? diffuse plaque', 'IHC stained light micrograph of extracellular amyloid-beta deposition in the human brain tissue. Based on the image, what is the most likely amyloid beta morphology pattern? negative', 'IHC stained light micrograph of extracellular amyloid-beta deposition in the human brain tissue. Based on the image, what is the most likely amyloid beta morphology pattern? none of the above']",de716b3a-27be-4c6e-8ce2-46778a04180f,cored plaque,1,"{'pred': [1], 'probs': [[0.13275301456451416, 0.40555572509765625, 0.25372251868247986, 0.08125189691781998, 0.12671682238578796]], 'pred_prompt': ['IHC stained light micrograph of extracellular amyloid-beta deposition in the human brain tissue. Based on the image, what is the most likely amyloid beta morphology pattern? cored plaque']}",0.5026999711990356,pathology,neuropathology,light microscopy,brightfield microscopy,
classification,"['IHC stained light micrograph of extracellular amyloid-beta deposition in the human brain tissue. Based on the image, what is the most likely amyloid beta morphology pattern? cerebral amyloid angiopathy', 'IHC stained light micrograph of extracellular amyloid-beta deposition in the human brain tissue. Based on the image, what is the most likely amyloid beta morphology pattern? diffuse plaque', 'IHC stained light micrograph of extracellular amyloid-beta deposition in the human brain tissue. Based on the image, what is the most likely amyloid beta morphology pattern? negative', 'IHC stained light micrograph of extracellular amyloid-beta deposition in the human brain tissue. Based on the image, what is the most likely amyloid beta morphology pattern? cored plaque', 'IHC stained light micrograph of extracellular amyloid-beta deposition in the human brain tissue. Based on the image, what is the most likely amyloid beta morphology pattern? none of the above']",48f98aa1-2357-4969-a96e-f79aac5dda7a,diffuse plaque,1,"{'pred': [1], 'probs': [[0.1666613668203354, 0.3182840943336487, 0.09644626826047897, 0.28574585914611816, 0.1328623741865158]], 'pred_prompt': ['IHC stained light micrograph of extracellular amyloid-beta deposition in the human brain tissue. Based on the image, what is the most likely amyloid beta morphology pattern? diffuse plaque']}",0.5026999711990356,pathology,neuropathology,light microscopy,brightfield microscopy,
classification,"['IHC stained light micrograph of extracellular amyloid-beta deposition in the human brain tissue. Based on the image, what is the most likely amyloid beta morphology pattern? negative', 'IHC stained light micrograph of extracellular amyloid-beta deposition in the human brain tissue. Based on the image, what is the most likely amyloid beta morphology pattern? cerebral amyloid angiopathy', 'IHC stained light micrograph of extracellular amyloid-beta deposition in the human brain tissue. Based on the image, what is the most likely amyloid beta morphology pattern? diffuse plaque', 'IHC stained light micrograph of extracellular amyloid-beta deposition in the human brain tissue. Based on the image, what is the most likely amyloid beta morphology pattern? cored plaque', 'IHC stained light micrograph of extracellular amyloid-beta deposition in the human brain tissue. Based on the image, what is the most likely amyloid beta morphology pattern? none of the above']",54a22311-e8bc-4115-9fe5-12565febbdda,diffuse plaque,2,"{'pred': [3], 'probs': [[0.05385442078113556, 0.05830452963709831, 0.339369535446167, 0.49181902408599854, 0.0566524937748909]], 'pred_prompt': ['IHC stained light micrograph of extracellular amyloid-beta deposition in the human brain tissue. Based on the image, what is the most likely amyloid beta morphology pattern? cored plaque']}",0.5026999711990356,pathology,neuropathology,light microscopy,brightfield microscopy,
classification,"['IHC stained light micrograph of extracellular amyloid-beta deposition in the human brain tissue. Based on the image, what is the most likely amyloid beta morphology pattern? Negative', 'IHC stained light micrograph of extracellular amyloid-beta deposition in the human brain tissue. Based on the image, what is the most likely amyloid beta morphology pattern? Cored', 'IHC stained light micrograph of extracellular amyloid-beta deposition in the human brain tissue. Based on the image, what is the most likely amyloid beta morphology pattern? Caa', 'IHC stained light micrograph of extracellular amyloid-beta deposition in the human brain tissue. Based on the image, what is the most likely amyloid beta morphology pattern? Diffuse', 'IHC stained light micrograph of extracellular amyloid-beta deposition in the human brain tissue. Based on the image, what is the most likely amyloid beta morphology pattern? none of the above']",6d13d53b-794f-4ba3-b38c-6ac79ab3f93b,Cored,1,"{'pred': [1], 'probs': [[0.11957909166812897, 0.471061110496521, 0.14653930068016052, 0.09757601469755173, 0.16524450480937958]], 'pred_prompt': ['IHC stained light micrograph of extracellular amyloid-beta deposition in the human brain tissue. Based on the image, what is the most likely amyloid beta morphology pattern? Cored']}",0.5026999711990356,pathology,neuropathology,light microscopy,brightfield microscopy,
classification,"['IHC stained light micrograph of extracellular amyloid-beta deposition in the human brain tissue. Based on the image, what is the most likely amyloid beta morphology pattern? Negative', 'IHC stained light micrograph of extracellular amyloid-beta deposition in the human brain tissue. Based on the image, what is the most likely amyloid beta morphology pattern? Diffuse', 'IHC stained light micrograph of extracellular amyloid-beta deposition in the human brain tissue. Based on the image, what is the most likely amyloid beta morphology pattern? Caa', 'IHC stained light micrograph of extracellular amyloid-beta deposition in the human brain tissue. Based on the image, what is the most likely amyloid beta morphology pattern? Cored', 'IHC stained light micrograph of extracellular amyloid-beta deposition in the human brain tissue. Based on the image, what is the most likely amyloid beta morphology pattern? none of the above']",ec904349-17fd-485e-93fc-9d946217f28a,Cored,3,"{'pred': [2], 'probs': [[0.07108762115240097, 0.06191366910934448, 0.4444701075553894, 0.3004396855831146, 0.12208890169858932]], 'pred_prompt': ['IHC stained light micrograph of extracellular amyloid-beta deposition in the human brain tissue. Based on the image, what is the most likely amyloid beta morphology pattern? Caa']}",0.5026999711990356,pathology,neuropathology,light microscopy,brightfield microscopy,
classification,"['IHC stained light micrograph of extracellular amyloid-beta deposition in the human brain tissue. Based on the image, what is the most likely amyloid beta morphology pattern? Negative', 'IHC stained light micrograph of extracellular amyloid-beta deposition in the human brain tissue. Based on the image, what is the most likely amyloid beta morphology pattern? Cored', 'IHC stained light micrograph of extracellular amyloid-beta deposition in the human brain tissue. Based on the image, what is the most likely amyloid beta morphology pattern? Diffuse', 'IHC stained light micrograph of extracellular amyloid-beta deposition in the human brain tissue. Based on the image, what is the most likely amyloid beta morphology pattern? Caa', 'IHC stained light micrograph of extracellular amyloid-beta deposition in the human brain tissue. Based on the image, what is the most likely amyloid beta morphology pattern? none of the above']",f89d5c8a-8ade-4529-999f-3c6520f0dd3a,Cored,1,"{'pred': [1], 'probs': [[0.1017799824476242, 0.42920827865600586, 0.21132487058639526, 0.09183942526578903, 0.16584739089012146]], 'pred_prompt': ['IHC stained light micrograph of extracellular amyloid-beta deposition in the human brain tissue. Based on the image, what is the most likely amyloid beta morphology pattern? Cored']}",0.5026999711990356,pathology,neuropathology,light microscopy,brightfield microscopy,
classification,"['IHC stained light micrograph of extracellular amyloid-beta deposition in the human brain tissue. Based on the image, what is the most likely amyloid beta morphology pattern? negative', 'IHC stained light micrograph of extracellular amyloid-beta deposition in the human brain tissue. Based on the image, what is the most likely amyloid beta morphology pattern? diffuse plaque', 'IHC stained light micrograph of extracellular amyloid-beta deposition in the human brain tissue. Based on the image, what is the most likely amyloid beta morphology pattern? cerebral amyloid angiopathy', 'IHC stained light micrograph of extracellular amyloid-beta deposition in the human brain tissue. Based on the image, what is the most likely amyloid beta morphology pattern? cored plaque', 'IHC stained light micrograph of extracellular amyloid-beta deposition in the human brain tissue. Based on the image, what is the most likely amyloid beta morphology pattern? none of the above']",f0b51077-875c-4009-a3ab-4327cebc9286,negative,0,"{'pred': [4], 'probs': [[0.215170219540596, 0.21743187308311462, 0.11295202374458313, 0.07209059596061707, 0.3823552429676056]], 'pred_prompt': ['IHC stained light micrograph of extracellular amyloid-beta deposition in the human brain tissue. Based on the image, what is the most likely amyloid beta morphology pattern? none of the above']}",0.5026999711990356,pathology,neuropathology,light microscopy,brightfield microscopy,
classification,"['IHC stained light micrograph of extracellular amyloid-beta deposition in the human brain tissue. Based on the image, what is the most likely amyloid beta morphology pattern? negative', 'IHC stained light micrograph of extracellular amyloid-beta deposition in the human brain tissue. Based on the image, what is the most likely amyloid beta morphology pattern? cored plaque', 'IHC stained light micrograph of extracellular amyloid-beta deposition in the human brain tissue. Based on the image, what is the most likely amyloid beta morphology pattern? diffuse plaque', 'IHC stained light micrograph of extracellular amyloid-beta deposition in the human brain tissue. Based on the image, what is the most likely amyloid beta morphology pattern? cerebral amyloid angiopathy', 'IHC stained light micrograph of extracellular amyloid-beta deposition in the human brain tissue. Based on the image, what is the most likely amyloid beta morphology pattern? none of the above']",11c85898-16fb-4e4e-aa5b-4ac529d60035,negative,0,"{'pred': [4], 'probs': [[0.20863106846809387, 0.1646590530872345, 0.15896597504615784, 0.14572465419769287, 0.3220192492008209]], 'pred_prompt': ['IHC stained light micrograph of extracellular amyloid-beta deposition in the human brain tissue. Based on the image, what is the most likely amyloid beta morphology pattern? none of the above']}",0.5026999711990356,pathology,neuropathology,light microscopy,brightfield microscopy,
classification,"['IHC stained light micrograph of extracellular amyloid-beta deposition in the human brain tissue. Based on the image, what is the most likely amyloid beta morphology pattern? cerebral amyloid angiopathy', 'IHC stained light micrograph of extracellular amyloid-beta deposition in the human brain tissue. Based on the image, what is the most likely amyloid beta morphology pattern? diffuse plaque', 'IHC stained light micrograph of extracellular amyloid-beta deposition in the human brain tissue. Based on the image, what is the most likely amyloid beta morphology pattern? cored plaque', 'IHC stained light micrograph of extracellular amyloid-beta deposition in the human brain tissue. Based on the image, what is the most likely amyloid beta morphology pattern? negative', 'IHC stained light micrograph of extracellular amyloid-beta deposition in the human brain tissue. Based on the image, what is the most likely amyloid beta morphology pattern? none of the above']",dfe70da6-aa6f-43d1-84d9-5b98257190f3,negative,3,"{'pred': [1], 'probs': [[0.21411435306072235, 0.21821998059749603, 0.20175352692604065, 0.17663365602493286, 0.18927845358848572]], 'pred_prompt': ['IHC stained light micrograph of extracellular amyloid-beta deposition in the human brain tissue. Based on the image, what is the most likely amyloid beta morphology pattern? diffuse plaque']}",0.5026999711990356,pathology,neuropathology,light microscopy,brightfield microscopy,
classification,"['IHC stained light micrograph of extracellular amyloid-beta deposition in the human brain tissue. Based on the image, what is the most likely amyloid beta morphology pattern? cored plaque', 'IHC stained light micrograph of extracellular amyloid-beta deposition in the human brain tissue. Based on the image, what is the most likely amyloid beta morphology pattern? cerebral amyloid angiopathy', 'IHC stained light micrograph of extracellular amyloid-beta deposition in the human brain tissue. Based on the image, what is the most likely amyloid beta morphology pattern? negative', 'IHC stained light micrograph of extracellular amyloid-beta deposition in the human brain tissue. Based on the image, what is the most likely amyloid beta morphology pattern? diffuse plaque', 'IHC stained light micrograph of extracellular amyloid-beta deposition in the human brain tissue. Based on the image, what is the most likely amyloid beta morphology pattern? none of the above']",c110375d-0233-45ba-8cd4-c626e6be30a6,negative,2,"{'pred': [0], 'probs': [[0.23761339485645294, 0.21510270237922668, 0.2017429620027542, 0.17257831990718842, 0.17296256124973297]], 'pred_prompt': ['IHC stained light micrograph of extracellular amyloid-beta deposition in the human brain tissue. Based on the image, what is the most likely amyloid beta morphology pattern? cored plaque']}",0.5026999711990356,pathology,neuropathology,light microscopy,brightfield microscopy,
classification,"['IHC stained light micrograph of extracellular amyloid-beta deposition in the human brain tissue. Based on the image, what is the most likely amyloid beta morphology pattern? cored plaque', 'IHC stained light micrograph of extracellular amyloid-beta deposition in the human brain tissue. Based on the image, what is the most likely amyloid beta morphology pattern? cerebral amyloid angiopathy', 'IHC stained light micrograph of extracellular amyloid-beta deposition in the human brain tissue. Based on the image, what is the most likely amyloid beta morphology pattern? negative', 'IHC stained light micrograph of extracellular amyloid-beta deposition in the human brain tissue. Based on the image, what is the most likely amyloid beta morphology pattern? diffuse plaque', 'IHC stained light micrograph of extracellular amyloid-beta deposition in the human brain tissue. Based on the image, what is the most likely amyloid beta morphology pattern? none of the above']",ffca05eb-af7b-4e27-9133-031e3814a77c,negative,2,"{'pred': [3], 'probs': [[0.10257422178983688, 0.1273779273033142, 0.20861975848674774, 0.32675957679748535, 0.23466849327087402]], 'pred_prompt': ['IHC stained light micrograph of extracellular amyloid-beta deposition in the human brain tissue. Based on the image, what is the most likely amyloid beta morphology pattern? diffuse plaque']}",0.5026999711990356,pathology,neuropathology,light microscopy,brightfield microscopy,
classification,"['IHC stained light micrograph of extracellular amyloid-beta deposition in the human brain tissue. Based on the image, what is the most likely amyloid beta morphology pattern? Caa', 'IHC stained light micrograph of extracellular amyloid-beta deposition in the human brain tissue. Based on the image, what is the most likely amyloid beta morphology pattern? Diffuse', 'IHC stained light micrograph of extracellular amyloid-beta deposition in the human brain tissue. Based on the image, what is the most likely amyloid beta morphology pattern? Cored', 'IHC stained light micrograph of extracellular amyloid-beta deposition in the human brain tissue. Based on the image, what is the most likely amyloid beta morphology pattern? Negative', 'IHC stained light micrograph of extracellular amyloid-beta deposition in the human brain tissue. Based on the image, what is the most likely amyloid beta morphology pattern? none of the above']",657af7b7-367b-4ed0-8a41-e9bf627371df,Negative,3,"{'pred': [0], 'probs': [[0.3677223026752472, 0.0959722176194191, 0.05474531278014183, 0.30126869678497314, 0.18029147386550903]], 'pred_prompt': ['IHC stained light micrograph of extracellular amyloid-beta deposition in the human brain tissue. Based on the image, what is the most likely amyloid beta morphology pattern? Caa']}",0.5026999711990356,pathology,neuropathology,light microscopy,brightfield microscopy,
classification,"['IHC stained light micrograph of extracellular amyloid-beta deposition in the human brain tissue. Based on the image, what is the most likely amyloid beta morphology pattern? negative', 'IHC stained light micrograph of extracellular amyloid-beta deposition in the human brain tissue. Based on the image, what is the most likely amyloid beta morphology pattern? cerebral amyloid angiopathy', 'IHC stained light micrograph of extracellular amyloid-beta deposition in the human brain tissue. Based on the image, what is the most likely amyloid beta morphology pattern? cored plaque', 'IHC stained light micrograph of extracellular amyloid-beta deposition in the human brain tissue. Based on the image, what is the most likely amyloid beta morphology pattern? diffuse plaque', 'IHC stained light micrograph of extracellular amyloid-beta deposition in the human brain tissue. Based on the image, what is the most likely amyloid beta morphology pattern? none of the above']",952f9fa0-c6e8-40d9-89cb-68f9f0277bc3,diffuse plaque,3,"{'pred': [3], 'probs': [[0.15722182393074036, 0.07540363073348999, 0.28013819456100464, 0.3674250543117523, 0.11981126666069031]], 'pred_prompt': ['IHC stained light micrograph of extracellular amyloid-beta deposition in the human brain tissue. Based on the image, what is the most likely amyloid beta morphology pattern? diffuse plaque']}",0.5026999711990356,pathology,neuropathology,light microscopy,brightfield microscopy,
classification,"['IHC stained light micrograph of extracellular amyloid-beta deposition in the human brain tissue. Based on the image, what is the most likely amyloid beta morphology pattern? negative', 'IHC stained light micrograph of extracellular amyloid-beta deposition in the human brain tissue. Based on the image, what is the most likely amyloid beta morphology pattern? cored plaque', 'IHC stained light micrograph of extracellular amyloid-beta deposition in the human brain tissue. Based on the image, what is the most likely amyloid beta morphology pattern? diffuse plaque', 'IHC stained light micrograph of extracellular amyloid-beta deposition in the human brain tissue. Based on the image, what is the most likely amyloid beta morphology pattern? cerebral amyloid angiopathy', 'IHC stained light micrograph of extracellular amyloid-beta deposition in the human brain tissue. Based on the image, what is the most likely amyloid beta morphology pattern? none of the above']",6b2a9e4c-bd0b-406c-b90b-e4602f1e7ca1,negative,0,"{'pred': [4], 'probs': [[0.19437947869300842, 0.1297476887702942, 0.23837774991989136, 0.13671660423278809, 0.30077841877937317]], 'pred_prompt': ['IHC stained light micrograph of extracellular amyloid-beta deposition in the human brain tissue. Based on the image, what is the most likely amyloid beta morphology pattern? none of the above']}",0.5026999711990356,pathology,neuropathology,light microscopy,brightfield microscopy,
classification,"['IHC stained light micrograph of extracellular amyloid-beta deposition in the human brain tissue. Based on the image, what is the most likely amyloid beta morphology pattern? cored plaque', 'IHC stained light micrograph of extracellular amyloid-beta deposition in the human brain tissue. Based on the image, what is the most likely amyloid beta morphology pattern? cerebral amyloid angiopathy', 'IHC stained light micrograph of extracellular amyloid-beta deposition in the human brain tissue. Based on the image, what is the most likely amyloid beta morphology pattern? diffuse plaque', 'IHC stained light micrograph of extracellular amyloid-beta deposition in the human brain tissue. Based on the image, what is the most likely amyloid beta morphology pattern? negative', 'IHC stained light micrograph of extracellular amyloid-beta deposition in the human brain tissue. Based on the image, what is the most likely amyloid beta morphology pattern? none of the above']",f8ea01e6-53ee-44ff-ba6e-8bb88753cb0a,cored plaque,0,"{'pred': [0], 'probs': [[0.46486780047416687, 0.09675412625074387, 0.2603040337562561, 0.08311126381158829, 0.09496275335550308]], 'pred_prompt': ['IHC stained light micrograph of extracellular amyloid-beta deposition in the human brain tissue. Based on the image, what is the most likely amyloid beta morphology pattern? cored plaque']}",0.5026999711990356,pathology,neuropathology,light microscopy,brightfield microscopy,
classification,"['IHC stained light micrograph of extracellular amyloid-beta deposition in the human brain tissue. Based on the image, what is the most likely amyloid beta morphology pattern? Caa', 'IHC stained light micrograph of extracellular amyloid-beta deposition in the human brain tissue. Based on the image, what is the most likely amyloid beta morphology pattern? Negative', 'IHC stained light micrograph of extracellular amyloid-beta deposition in the human brain tissue. Based on the image, what is the most likely amyloid beta morphology pattern? Diffuse', 'IHC stained light micrograph of extracellular amyloid-beta deposition in the human brain tissue. Based on the image, what is the most likely amyloid beta morphology pattern? Cored', 'IHC stained light micrograph of extracellular amyloid-beta deposition in the human brain tissue. Based on the image, what is the most likely amyloid beta morphology pattern? none of the above']",c55039dc-3bdc-4f2d-932c-277be97f932a,Negative,1,"{'pred': [3], 'probs': [[0.12871228158473969, 0.10764205455780029, 0.12446891516447067, 0.4575517773628235, 0.18162491917610168]], 'pred_prompt': ['IHC stained light micrograph of extracellular amyloid-beta deposition in the human brain tissue. Based on the image, what is the most likely amyloid beta morphology pattern? Cored']}",0.5026999711990356,pathology,neuropathology,light microscopy,brightfield microscopy,
classification,"['IHC stained light micrograph of extracellular amyloid-beta deposition in the human brain tissue. Based on the image, what is the most likely amyloid beta morphology pattern? negative', 'IHC stained light micrograph of extracellular amyloid-beta deposition in the human brain tissue. Based on the image, what is the most likely amyloid beta morphology pattern? diffuse plaque', 'IHC stained light micrograph of extracellular amyloid-beta deposition in the human brain tissue. Based on the image, what is the most likely amyloid beta morphology pattern? cerebral amyloid angiopathy', 'IHC stained light micrograph of extracellular amyloid-beta deposition in the human brain tissue. Based on the image, what is the most likely amyloid beta morphology pattern? cored plaque', 'IHC stained light micrograph of extracellular amyloid-beta deposition in the human brain tissue. Based on the image, what is the most likely amyloid beta morphology pattern? none of the above']",bfec8276-2a0d-418c-be7a-45fb014adfe0,diffuse plaque,1,"{'pred': [3], 'probs': [[0.08327189087867737, 0.26511138677597046, 0.1215459555387497, 0.37175649404525757, 0.1583143025636673]], 'pred_prompt': ['IHC stained light micrograph of extracellular amyloid-beta deposition in the human brain tissue. Based on the image, what is the most likely amyloid beta morphology pattern? cored plaque']}",0.5026999711990356,pathology,neuropathology,light microscopy,brightfield microscopy,
classification,"['IHC stained light micrograph of extracellular amyloid-beta deposition in the human brain tissue. Based on the image, what is the most likely amyloid beta morphology pattern? Negative', 'IHC stained light micrograph of extracellular amyloid-beta deposition in the human brain tissue. Based on the image, what is the most likely amyloid beta morphology pattern? Caa', 'IHC stained light micrograph of extracellular amyloid-beta deposition in the human brain tissue. Based on the image, what is the most likely amyloid beta morphology pattern? Cored', 'IHC stained light micrograph of extracellular amyloid-beta deposition in the human brain tissue. Based on the image, what is the most likely amyloid beta morphology pattern? Diffuse', 'IHC stained light micrograph of extracellular amyloid-beta deposition in the human brain tissue. Based on the image, what is the most likely amyloid beta morphology pattern? none of the above']",6884bedf-d2cd-471b-93d8-940936ef92b3,Caa,1,"{'pred': [4], 'probs': [[0.1158805713057518, 0.15424971282482147, 0.2159852832555771, 0.15109726786613464, 0.3627871870994568]], 'pred_prompt': ['IHC stained light micrograph of extracellular amyloid-beta deposition in the human brain tissue. Based on the image, what is the most likely amyloid beta morphology pattern? none of the above']}",0.5026999711990356,pathology,neuropathology,light microscopy,brightfield microscopy,
classification,"['IHC stained light micrograph of extracellular amyloid-beta deposition in the human brain tissue. Based on the image, what is the most likely amyloid beta morphology pattern? diffuse plaque', 'IHC stained light micrograph of extracellular amyloid-beta deposition in the human brain tissue. Based on the image, what is the most likely amyloid beta morphology pattern? cored plaque', 'IHC stained light micrograph of extracellular amyloid-beta deposition in the human brain tissue. Based on the image, what is the most likely amyloid beta morphology pattern? cerebral amyloid angiopathy', 'IHC stained light micrograph of extracellular amyloid-beta deposition in the human brain tissue. Based on the image, what is the most likely amyloid beta morphology pattern? negative', 'IHC stained light micrograph of extracellular amyloid-beta deposition in the human brain tissue. Based on the image, what is the most likely amyloid beta morphology pattern? none of the above']",80fac8e6-51a7-44af-b1b4-03599ea835d1,cored plaque,1,"{'pred': [0], 'probs': [[0.22371472418308258, 0.18716254830360413, 0.15972627699375153, 0.20568253099918365, 0.22371388971805573]], 'pred_prompt': ['IHC stained light micrograph of extracellular amyloid-beta deposition in the human brain tissue. Based on the image, what is the most likely amyloid beta morphology pattern? diffuse plaque']}",0.5026999711990356,pathology,neuropathology,light microscopy,brightfield microscopy,
classification,"['IHC stained light micrograph of extracellular amyloid-beta deposition in the human brain tissue. Based on the image, what is the most likely amyloid beta morphology pattern? Caa', 'IHC stained light micrograph of extracellular amyloid-beta deposition in the human brain tissue. Based on the image, what is the most likely amyloid beta morphology pattern? Negative', 'IHC stained light micrograph of extracellular amyloid-beta deposition in the human brain tissue. Based on the image, what is the most likely amyloid beta morphology pattern? Diffuse', 'IHC stained light micrograph of extracellular amyloid-beta deposition in the human brain tissue. Based on the image, what is the most likely amyloid beta morphology pattern? Cored', 'IHC stained light micrograph of extracellular amyloid-beta deposition in the human brain tissue. Based on the image, what is the most likely amyloid beta morphology pattern? none of the above']",1829ab5a-22a1-486f-94d4-c72cc262fae5,Caa,0,"{'pred': [3], 'probs': [[0.2723461985588074, 0.10042513161897659, 0.11412610113620758, 0.32612738013267517, 0.18697510659694672]], 'pred_prompt': ['IHC stained light micrograph of extracellular amyloid-beta deposition in the human brain tissue. Based on the image, what is the most likely amyloid beta morphology pattern? Cored']}",0.5026999711990356,pathology,neuropathology,light microscopy,brightfield microscopy,
classification,"['IHC stained light micrograph of extracellular amyloid-beta deposition in the human brain tissue. Based on the image, what is the most likely amyloid beta morphology pattern? Caa', 'IHC stained light micrograph of extracellular amyloid-beta deposition in the human brain tissue. Based on the image, what is the most likely amyloid beta morphology pattern? Negative', 'IHC stained light micrograph of extracellular amyloid-beta deposition in the human brain tissue. Based on the image, what is the most likely amyloid beta morphology pattern? Cored', 'IHC stained light micrograph of extracellular amyloid-beta deposition in the human brain tissue. Based on the image, what is the most likely amyloid beta morphology pattern? Diffuse', 'IHC stained light micrograph of extracellular amyloid-beta deposition in the human brain tissue. Based on the image, what is the most likely amyloid beta morphology pattern? none of the above']",447bf81c-143f-4672-b32f-f4b6f3d0086a,Diffuse,3,"{'pred': [4], 'probs': [[0.12458925694227219, 0.2128603607416153, 0.18341732025146484, 0.16067974269390106, 0.3184533715248108]], 'pred_prompt': ['IHC stained light micrograph of extracellular amyloid-beta deposition in the human brain tissue. Based on the image, what is the most likely amyloid beta morphology pattern? none of the above']}",0.5026999711990356,pathology,neuropathology,light microscopy,brightfield microscopy,
classification,"['IHC stained light micrograph of extracellular amyloid-beta deposition in the human brain tissue. Based on the image, what is the most likely amyloid beta morphology pattern? Cored', 'IHC stained light micrograph of extracellular amyloid-beta deposition in the human brain tissue. Based on the image, what is the most likely amyloid beta morphology pattern? Negative', 'IHC stained light micrograph of extracellular amyloid-beta deposition in the human brain tissue. Based on the image, what is the most likely amyloid beta morphology pattern? Diffuse', 'IHC stained light micrograph of extracellular amyloid-beta deposition in the human brain tissue. Based on the image, what is the most likely amyloid beta morphology pattern? Caa', 'IHC stained light micrograph of extracellular amyloid-beta deposition in the human brain tissue. Based on the image, what is the most likely amyloid beta morphology pattern? none of the above']",fca62714-8ea3-4c48-a69c-cf5339854a1d,Negative,1,"{'pred': [3], 'probs': [[0.3515782952308655, 0.04903761297464371, 0.10159716010093689, 0.43472957611083984, 0.06305736303329468]], 'pred_prompt': ['IHC stained light micrograph of extracellular amyloid-beta deposition in the human brain tissue. Based on the image, what is the most likely amyloid beta morphology pattern? Caa']}",0.5026999711990356,pathology,neuropathology,light microscopy,brightfield microscopy,
classification,"['IHC stained light micrograph of extracellular amyloid-beta deposition in the human brain tissue. Based on the image, what is the most likely amyloid beta morphology pattern? Caa', 'IHC stained light micrograph of extracellular amyloid-beta deposition in the human brain tissue. Based on the image, what is the most likely amyloid beta morphology pattern? Negative', 'IHC stained light micrograph of extracellular amyloid-beta deposition in the human brain tissue. Based on the image, what is the most likely amyloid beta morphology pattern? Cored', 'IHC stained light micrograph of extracellular amyloid-beta deposition in the human brain tissue. Based on the image, what is the most likely amyloid beta morphology pattern? Diffuse', 'IHC stained light micrograph of extracellular amyloid-beta deposition in the human brain tissue. Based on the image, what is the most likely amyloid beta morphology pattern? none of the above']",1175f5fd-b661-4fe4-8ea5-8ad1ba40a480,Caa,0,"{'pred': [0], 'probs': [[0.434991717338562, 0.10243189334869385, 0.20455192029476166, 0.06313727796077728, 0.1948872059583664]], 'pred_prompt': ['IHC stained light micrograph of extracellular amyloid-beta deposition in the human brain tissue. Based on the image, what is the most likely amyloid beta morphology pattern? Caa']}",0.5026999711990356,pathology,neuropathology,light microscopy,brightfield microscopy,
classification,"['IHC stained light micrograph of extracellular amyloid-beta deposition in the human brain tissue. Based on the image, what is the most likely amyloid beta morphology pattern? Caa', 'IHC stained light micrograph of extracellular amyloid-beta deposition in the human brain tissue. Based on the image, what is the most likely amyloid beta morphology pattern? Cored', 'IHC stained light micrograph of extracellular amyloid-beta deposition in the human brain tissue. Based on the image, what is the most likely amyloid beta morphology pattern? Diffuse', 'IHC stained light micrograph of extracellular amyloid-beta deposition in the human brain tissue. Based on the image, what is the most likely amyloid beta morphology pattern? Negative', 'IHC stained light micrograph of extracellular amyloid-beta deposition in the human brain tissue. Based on the image, what is the most likely amyloid beta morphology pattern? none of the above']",ea682cfc-36f8-4592-a055-664ae1ecb9df,Negative,3,"{'pred': [4], 'probs': [[0.12016183882951736, 0.12649036943912506, 0.13136573135852814, 0.2522624731063843, 0.369719535112381]], 'pred_prompt': ['IHC stained light micrograph of extracellular amyloid-beta deposition in the human brain tissue. Based on the image, what is the most likely amyloid beta morphology pattern? none of the above']}",0.5026999711990356,pathology,neuropathology,light microscopy,brightfield microscopy,
classification,"['IHC stained light micrograph of extracellular amyloid-beta deposition in the human brain tissue. Based on the image, what is the most likely amyloid beta morphology pattern? cored plaque', 'IHC stained light micrograph of extracellular amyloid-beta deposition in the human brain tissue. Based on the image, what is the most likely amyloid beta morphology pattern? cerebral amyloid angiopathy', 'IHC stained light micrograph of extracellular amyloid-beta deposition in the human brain tissue. Based on the image, what is the most likely amyloid beta morphology pattern? negative', 'IHC stained light micrograph of extracellular amyloid-beta deposition in the human brain tissue. Based on the image, what is the most likely amyloid beta morphology pattern? diffuse plaque', 'IHC stained light micrograph of extracellular amyloid-beta deposition in the human brain tissue. Based on the image, what is the most likely amyloid beta morphology pattern? none of the above']",6b140a6e-635a-4081-aac4-8e99ce298414,diffuse plaque,3,"{'pred': [0], 'probs': [[0.3257804214954376, 0.12291207909584045, 0.12235305458307266, 0.2736186981201172, 0.15533572435379028]], 'pred_prompt': ['IHC stained light micrograph of extracellular amyloid-beta deposition in the human brain tissue. Based on the image, what is the most likely amyloid beta morphology pattern? cored plaque']}",0.5026999711990356,pathology,neuropathology,light microscopy,brightfield microscopy,
classification,"['IHC stained light micrograph of extracellular amyloid-beta deposition in the human brain tissue. Based on the image, what is the most likely amyloid beta morphology pattern? cored plaque', 'IHC stained light micrograph of extracellular amyloid-beta deposition in the human brain tissue. Based on the image, what is the most likely amyloid beta morphology pattern? diffuse plaque', 'IHC stained light micrograph of extracellular amyloid-beta deposition in the human brain tissue. Based on the image, what is the most likely amyloid beta morphology pattern? cerebral amyloid angiopathy', 'IHC stained light micrograph of extracellular amyloid-beta deposition in the human brain tissue. Based on the image, what is the most likely amyloid beta morphology pattern? negative', 'IHC stained light micrograph of extracellular amyloid-beta deposition in the human brain tissue. Based on the image, what is the most likely amyloid beta morphology pattern? none of the above']",cc432dd7-a84c-4398-aa83-89ba1ce70e33,negative,3,"{'pred': [4], 'probs': [[0.08243806660175323, 0.10770999640226364, 0.13633231818675995, 0.3023683726787567, 0.37115126848220825]], 'pred_prompt': ['IHC stained light micrograph of extracellular amyloid-beta deposition in the human brain tissue. Based on the image, what is the most likely amyloid beta morphology pattern? none of the above']}",0.5026999711990356,pathology,neuropathology,light microscopy,brightfield microscopy,
classification,"['IHC stained light micrograph of extracellular amyloid-beta deposition in the human brain tissue. Based on the image, what is the most likely amyloid beta morphology pattern? diffuse plaque', 'IHC stained light micrograph of extracellular amyloid-beta deposition in the human brain tissue. Based on the image, what is the most likely amyloid beta morphology pattern? cerebral amyloid angiopathy', 'IHC stained light micrograph of extracellular amyloid-beta deposition in the human brain tissue. Based on the image, what is the most likely amyloid beta morphology pattern? cored plaque', 'IHC stained light micrograph of extracellular amyloid-beta deposition in the human brain tissue. Based on the image, what is the most likely amyloid beta morphology pattern? negative', 'IHC stained light micrograph of extracellular amyloid-beta deposition in the human brain tissue. Based on the image, what is the most likely amyloid beta morphology pattern? none of the above']",5c4c2dc6-b251-4752-b9cc-2101ba10b16c,diffuse plaque,0,"{'pred': [2], 'probs': [[0.3417312800884247, 0.09194029122591019, 0.3507317900657654, 0.09094509482383728, 0.1246514767408371]], 'pred_prompt': ['IHC stained light micrograph of extracellular amyloid-beta deposition in the human brain tissue. Based on the image, what is the most likely amyloid beta morphology pattern? cored plaque']}",0.5026999711990356,pathology,neuropathology,light microscopy,brightfield microscopy,
classification,"['IHC stained light micrograph of extracellular amyloid-beta deposition in the human brain tissue. Based on the image, what is the most likely amyloid beta morphology pattern? Cored', 'IHC stained light micrograph of extracellular amyloid-beta deposition in the human brain tissue. Based on the image, what is the most likely amyloid beta morphology pattern? Caa', 'IHC stained light micrograph of extracellular amyloid-beta deposition in the human brain tissue. Based on the image, what is the most likely amyloid beta morphology pattern? Negative', 'IHC stained light micrograph of extracellular amyloid-beta deposition in the human brain tissue. Based on the image, what is the most likely amyloid beta morphology pattern? Diffuse', 'IHC stained light micrograph of extracellular amyloid-beta deposition in the human brain tissue. Based on the image, what is the most likely amyloid beta morphology pattern? none of the above']",9d70a871-eb59-4922-aa1a-8e66b2ad4cbb,Diffuse,3,"{'pred': [0], 'probs': [[0.5222523212432861, 0.15602870285511017, 0.04997717961668968, 0.2000943273305893, 0.07164747267961502]], 'pred_prompt': ['IHC stained light micrograph of extracellular amyloid-beta deposition in the human brain tissue. Based on the image, what is the most likely amyloid beta morphology pattern? Cored']}",0.5026999711990356,pathology,neuropathology,light microscopy,brightfield microscopy,
classification,"['IHC stained light micrograph of extracellular amyloid-beta deposition in the human brain tissue. Based on the image, what is the most likely amyloid beta morphology pattern? Diffuse', 'IHC stained light micrograph of extracellular amyloid-beta deposition in the human brain tissue. Based on the image, what is the most likely amyloid beta morphology pattern? Negative', 'IHC stained light micrograph of extracellular amyloid-beta deposition in the human brain tissue. Based on the image, what is the most likely amyloid beta morphology pattern? Cored', 'IHC stained light micrograph of extracellular amyloid-beta deposition in the human brain tissue. Based on the image, what is the most likely amyloid beta morphology pattern? Caa', 'IHC stained light micrograph of extracellular amyloid-beta deposition in the human brain tissue. Based on the image, what is the most likely amyloid beta morphology pattern? none of the above']",0c4ae80b-f367-4ef6-b659-cb0fea6ee383,Negative,1,"{'pred': [2], 'probs': [[0.15735897421836853, 0.09714003652334213, 0.38963958621025085, 0.23173436522483826, 0.12412698566913605]], 'pred_prompt': ['IHC stained light micrograph of extracellular amyloid-beta deposition in the human brain tissue. Based on the image, what is the most likely amyloid beta morphology pattern? Cored']}",0.5026999711990356,pathology,neuropathology,light microscopy,brightfield microscopy,
classification,"['IHC stained light micrograph of extracellular amyloid-beta deposition in the human brain tissue. Based on the image, what is the most likely amyloid beta morphology pattern? Caa', 'IHC stained light micrograph of extracellular amyloid-beta deposition in the human brain tissue. Based on the image, what is the most likely amyloid beta morphology pattern? Diffuse', 'IHC stained light micrograph of extracellular amyloid-beta deposition in the human brain tissue. Based on the image, what is the most likely amyloid beta morphology pattern? Negative', 'IHC stained light micrograph of extracellular amyloid-beta deposition in the human brain tissue. Based on the image, what is the most likely amyloid beta morphology pattern? Cored', 'IHC stained light micrograph of extracellular amyloid-beta deposition in the human brain tissue. Based on the image, what is the most likely amyloid beta morphology pattern? none of the above']",057ee5aa-b9c7-4287-9435-ba8c33f550d5,Diffuse,1,"{'pred': [3], 'probs': [[0.18125097453594208, 0.047161806374788284, 0.1553654819726944, 0.43430444598197937, 0.18191732466220856]], 'pred_prompt': ['IHC stained light micrograph of extracellular amyloid-beta deposition in the human brain tissue. Based on the image, what is the most likely amyloid beta morphology pattern? Cored']}",0.5026999711990356,pathology,neuropathology,light microscopy,brightfield microscopy,
classification,"['IHC stained light micrograph of extracellular amyloid-beta deposition in the human brain tissue. Based on the image, what is the most likely amyloid beta morphology pattern? negative', 'IHC stained light micrograph of extracellular amyloid-beta deposition in the human brain tissue. Based on the image, what is the most likely amyloid beta morphology pattern? cerebral amyloid angiopathy', 'IHC stained light micrograph of extracellular amyloid-beta deposition in the human brain tissue. Based on the image, what is the most likely amyloid beta morphology pattern? diffuse plaque', 'IHC stained light micrograph of extracellular amyloid-beta deposition in the human brain tissue. Based on the image, what is the most likely amyloid beta morphology pattern? cored plaque', 'IHC stained light micrograph of extracellular amyloid-beta deposition in the human brain tissue. Based on the image, what is the most likely amyloid beta morphology pattern? none of the above']",e1ce579e-bdaa-47d3-bc9a-56ffd4c29f66,diffuse plaque,2,"{'pred': [4], 'probs': [[0.18527647852897644, 0.16567197442054749, 0.20512616634368896, 0.10099547356367111, 0.342929869890213]], 'pred_prompt': ['IHC stained light micrograph of extracellular amyloid-beta deposition in the human brain tissue. Based on the image, what is the most likely amyloid beta morphology pattern? none of the above']}",0.5026999711990356,pathology,neuropathology,light microscopy,brightfield microscopy,
classification,"['IHC stained light micrograph of extracellular amyloid-beta deposition in the human brain tissue. Based on the image, what is the most likely amyloid beta morphology pattern? cerebral amyloid angiopathy', 'IHC stained light micrograph of extracellular amyloid-beta deposition in the human brain tissue. Based on the image, what is the most likely amyloid beta morphology pattern? cored plaque', 'IHC stained light micrograph of extracellular amyloid-beta deposition in the human brain tissue. Based on the image, what is the most likely amyloid beta morphology pattern? negative', 'IHC stained light micrograph of extracellular amyloid-beta deposition in the human brain tissue. Based on the image, what is the most likely amyloid beta morphology pattern? diffuse plaque', 'IHC stained light micrograph of extracellular amyloid-beta deposition in the human brain tissue. Based on the image, what is the most likely amyloid beta morphology pattern? none of the above']",0b07424d-751d-48e8-9705-33c5a388526c,diffuse plaque,3,"{'pred': [4], 'probs': [[0.08103335648775101, 0.23098526895046234, 0.12885430455207825, 0.262383371591568, 0.2967436909675598]], 'pred_prompt': ['IHC stained light micrograph of extracellular amyloid-beta deposition in the human brain tissue. Based on the image, what is the most likely amyloid beta morphology pattern? none of the above']}",0.5026999711990356,pathology,neuropathology,light microscopy,brightfield microscopy,
classification,"['IHC stained light micrograph of extracellular amyloid-beta deposition in the human brain tissue. Based on the image, what is the most likely amyloid beta morphology pattern? Diffuse', 'IHC stained light micrograph of extracellular amyloid-beta deposition in the human brain tissue. Based on the image, what is the most likely amyloid beta morphology pattern? Negative', 'IHC stained light micrograph of extracellular amyloid-beta deposition in the human brain tissue. Based on the image, what is the most likely amyloid beta morphology pattern? Caa', 'IHC stained light micrograph of extracellular amyloid-beta deposition in the human brain tissue. Based on the image, what is the most likely amyloid beta morphology pattern? Cored', 'IHC stained light micrograph of extracellular amyloid-beta deposition in the human brain tissue. Based on the image, what is the most likely amyloid beta morphology pattern? none of the above']",44ed1048-be39-4549-9c85-c73b43918c5e,Diffuse,0,"{'pred': [3], 'probs': [[0.1824030876159668, 0.11525189131498337, 0.06373780220746994, 0.3872462809085846, 0.2513609528541565]], 'pred_prompt': ['IHC stained light micrograph of extracellular amyloid-beta deposition in the human brain tissue. Based on the image, what is the most likely amyloid beta morphology pattern? Cored']}",0.5026999711990356,pathology,neuropathology,light microscopy,brightfield microscopy,
classification,"['IHC stained light micrograph of extracellular amyloid-beta deposition in the human brain tissue. Based on the image, what is the most likely amyloid beta morphology pattern? negative', 'IHC stained light micrograph of extracellular amyloid-beta deposition in the human brain tissue. Based on the image, what is the most likely amyloid beta morphology pattern? cerebral amyloid angiopathy', 'IHC stained light micrograph of extracellular amyloid-beta deposition in the human brain tissue. Based on the image, what is the most likely amyloid beta morphology pattern? cored plaque', 'IHC stained light micrograph of extracellular amyloid-beta deposition in the human brain tissue. Based on the image, what is the most likely amyloid beta morphology pattern? diffuse plaque', 'IHC stained light micrograph of extracellular amyloid-beta deposition in the human brain tissue. Based on the image, what is the most likely amyloid beta morphology pattern? none of the above']",153829f9-a6a7-4c9f-9e43-4e44c204537d,negative,0,"{'pred': [3], 'probs': [[0.14993272721767426, 0.15234145522117615, 0.22101889550685883, 0.2555505633354187, 0.22115635871887207]], 'pred_prompt': ['IHC stained light micrograph of extracellular amyloid-beta deposition in the human brain tissue. Based on the image, what is the most likely amyloid beta morphology pattern? diffuse plaque']}",0.5026999711990356,pathology,neuropathology,light microscopy,brightfield microscopy,
classification,"['IHC stained light micrograph of extracellular amyloid-beta deposition in the human brain tissue. Based on the image, what is the most likely amyloid beta morphology pattern? Cored', 'IHC stained light micrograph of extracellular amyloid-beta deposition in the human brain tissue. Based on the image, what is the most likely amyloid beta morphology pattern? Caa', 'IHC stained light micrograph of extracellular amyloid-beta deposition in the human brain tissue. Based on the image, what is the most likely amyloid beta morphology pattern? Negative', 'IHC stained light micrograph of extracellular amyloid-beta deposition in the human brain tissue. Based on the image, what is the most likely amyloid beta morphology pattern? Diffuse', 'IHC stained light micrograph of extracellular amyloid-beta deposition in the human brain tissue. Based on the image, what is the most likely amyloid beta morphology pattern? none of the above']",c7aa5692-0fe5-40c5-a041-964cc192d09d,Negative,2,"{'pred': [3], 'probs': [[0.18284553289413452, 0.09895963221788406, 0.18505309522151947, 0.2864081859588623, 0.24673359096050262]], 'pred_prompt': ['IHC stained light micrograph of extracellular amyloid-beta deposition in the human brain tissue. Based on the image, what is the most likely amyloid beta morphology pattern? Diffuse']}",0.5026999711990356,pathology,neuropathology,light microscopy,brightfield microscopy,
classification,"['IHC stained light micrograph of extracellular amyloid-beta deposition in the human brain tissue. Based on the image, what is the most likely amyloid beta morphology pattern? diffuse plaque', 'IHC stained light micrograph of extracellular amyloid-beta deposition in the human brain tissue. Based on the image, what is the most likely amyloid beta morphology pattern? negative', 'IHC stained light micrograph of extracellular amyloid-beta deposition in the human brain tissue. Based on the image, what is the most likely amyloid beta morphology pattern? cerebral amyloid angiopathy', 'IHC stained light micrograph of extracellular amyloid-beta deposition in the human brain tissue. Based on the image, what is the most likely amyloid beta morphology pattern? cored plaque', 'IHC stained light micrograph of extracellular amyloid-beta deposition in the human brain tissue. Based on the image, what is the most likely amyloid beta morphology pattern? none of the above']",a6624ca0-7392-479c-b9c2-a0e0e50eb69a,cored plaque,3,"{'pred': [3], 'probs': [[0.13698433339595795, 0.1371574103832245, 0.14758802950382233, 0.36978578567504883, 0.2084845006465912]], 'pred_prompt': ['IHC stained light micrograph of extracellular amyloid-beta deposition in the human brain tissue. Based on the image, what is the most likely amyloid beta morphology pattern? cored plaque']}",0.5026999711990356,pathology,neuropathology,light microscopy,brightfield microscopy,
classification,"['IHC stained light micrograph of extracellular amyloid-beta deposition in the human brain tissue. Based on the image, what is the most likely amyloid beta morphology pattern? Caa', 'IHC stained light micrograph of extracellular amyloid-beta deposition in the human brain tissue. Based on the image, what is the most likely amyloid beta morphology pattern? Diffuse', 'IHC stained light micrograph of extracellular amyloid-beta deposition in the human brain tissue. Based on the image, what is the most likely amyloid beta morphology pattern? Negative', 'IHC stained light micrograph of extracellular amyloid-beta deposition in the human brain tissue. Based on the image, what is the most likely amyloid beta morphology pattern? Cored', 'IHC stained light micrograph of extracellular amyloid-beta deposition in the human brain tissue. Based on the image, what is the most likely amyloid beta morphology pattern? none of the above']",95f766c1-4cc0-441e-9b63-46ba96fe690e,Cored,3,"{'pred': [3], 'probs': [[0.10115759819746017, 0.11440161615610123, 0.10482954233884811, 0.5218822360038757, 0.15772897005081177]], 'pred_prompt': ['IHC stained light micrograph of extracellular amyloid-beta deposition in the human brain tissue. Based on the image, what is the most likely amyloid beta morphology pattern? Cored']}",0.5026999711990356,pathology,neuropathology,light microscopy,brightfield microscopy,
classification,"['IHC stained light micrograph of extracellular amyloid-beta deposition in the human brain tissue. Based on the image, what is the most likely amyloid beta morphology pattern? Diffuse', 'IHC stained light micrograph of extracellular amyloid-beta deposition in the human brain tissue. Based on the image, what is the most likely amyloid beta morphology pattern? Negative', 'IHC stained light micrograph of extracellular amyloid-beta deposition in the human brain tissue. Based on the image, what is the most likely amyloid beta morphology pattern? Cored', 'IHC stained light micrograph of extracellular amyloid-beta deposition in the human brain tissue. Based on the image, what is the most likely amyloid beta morphology pattern? Caa', 'IHC stained light micrograph of extracellular amyloid-beta deposition in the human brain tissue. Based on the image, what is the most likely amyloid beta morphology pattern? none of the above']",9d852141-2c49-4102-a677-b2a92ae958f1,Caa,3,"{'pred': [2], 'probs': [[0.11808314174413681, 0.10380768030881882, 0.4042761027812958, 0.22655180096626282, 0.1472812443971634]], 'pred_prompt': ['IHC stained light micrograph of extracellular amyloid-beta deposition in the human brain tissue. Based on the image, what is the most likely amyloid beta morphology pattern? Cored']}",0.5026999711990356,pathology,neuropathology,light microscopy,brightfield microscopy,
classification,"['IHC stained light micrograph of extracellular amyloid-beta deposition in the human brain tissue. Based on the image, what is the most likely amyloid beta morphology pattern? Caa', 'IHC stained light micrograph of extracellular amyloid-beta deposition in the human brain tissue. Based on the image, what is the most likely amyloid beta morphology pattern? Cored', 'IHC stained light micrograph of extracellular amyloid-beta deposition in the human brain tissue. Based on the image, what is the most likely amyloid beta morphology pattern? Negative', 'IHC stained light micrograph of extracellular amyloid-beta deposition in the human brain tissue. Based on the image, what is the most likely amyloid beta morphology pattern? Diffuse', 'IHC stained light micrograph of extracellular amyloid-beta deposition in the human brain tissue. Based on the image, what is the most likely amyloid beta morphology pattern? none of the above']",a5fd5b1d-57c5-41a4-b128-00720b7c8699,Negative,2,"{'pred': [0], 'probs': [[0.47809550166130066, 0.17229750752449036, 0.11691455543041229, 0.10331398993730545, 0.1293785572052002]], 'pred_prompt': ['IHC stained light micrograph of extracellular amyloid-beta deposition in the human brain tissue. Based on the image, what is the most likely amyloid beta morphology pattern? Caa']}",0.5026999711990356,pathology,neuropathology,light microscopy,brightfield microscopy,
classification,"['IHC stained light micrograph of extracellular amyloid-beta deposition in the human brain tissue. Based on the image, what is the most likely amyloid beta morphology pattern? Diffuse', 'IHC stained light micrograph of extracellular amyloid-beta deposition in the human brain tissue. Based on the image, what is the most likely amyloid beta morphology pattern? Caa', 'IHC stained light micrograph of extracellular amyloid-beta deposition in the human brain tissue. Based on the image, what is the most likely amyloid beta morphology pattern? Cored', 'IHC stained light micrograph of extracellular amyloid-beta deposition in the human brain tissue. Based on the image, what is the most likely amyloid beta morphology pattern? Negative', 'IHC stained light micrograph of extracellular amyloid-beta deposition in the human brain tissue. Based on the image, what is the most likely amyloid beta morphology pattern? none of the above']",35bf037e-f30e-490d-91f0-dd83a3ea65cc,Cored,2,"{'pred': [2], 'probs': [[0.19461965560913086, 0.17377646267414093, 0.4015301764011383, 0.11501224339008331, 0.11506140232086182]], 'pred_prompt': ['IHC stained light micrograph of extracellular amyloid-beta deposition in the human brain tissue. Based on the image, what is the most likely amyloid beta morphology pattern? Cored']}",0.5026999711990356,pathology,neuropathology,light microscopy,brightfield microscopy,
classification,"['IHC stained light micrograph of extracellular amyloid-beta deposition in the human brain tissue. Based on the image, what is the most likely amyloid beta morphology pattern? Cored', 'IHC stained light micrograph of extracellular amyloid-beta deposition in the human brain tissue. Based on the image, what is the most likely amyloid beta morphology pattern? Diffuse', 'IHC stained light micrograph of extracellular amyloid-beta deposition in the human brain tissue. Based on the image, what is the most likely amyloid beta morphology pattern? Negative', 'IHC stained light micrograph of extracellular amyloid-beta deposition in the human brain tissue. Based on the image, what is the most likely amyloid beta morphology pattern? Caa', 'IHC stained light micrograph of extracellular amyloid-beta deposition in the human brain tissue. Based on the image, what is the most likely amyloid beta morphology pattern? none of the above']",933891e4-101c-4265-973e-b62290cddc75,Cored,0,"{'pred': [0], 'probs': [[0.42978671193122864, 0.16475023329257965, 0.11910867691040039, 0.11371675133705139, 0.1726376712322235]], 'pred_prompt': ['IHC stained light micrograph of extracellular amyloid-beta deposition in the human brain tissue. Based on the image, what is the most likely amyloid beta morphology pattern? Cored']}",0.5026999711990356,pathology,neuropathology,light microscopy,brightfield microscopy,
classification,"['IHC stained light micrograph of extracellular amyloid-beta deposition in the human brain tissue. Based on the image, what is the most likely amyloid beta morphology pattern? diffuse plaque', 'IHC stained light micrograph of extracellular amyloid-beta deposition in the human brain tissue. Based on the image, what is the most likely amyloid beta morphology pattern? negative', 'IHC stained light micrograph of extracellular amyloid-beta deposition in the human brain tissue. Based on the image, what is the most likely amyloid beta morphology pattern? cored plaque', 'IHC stained light micrograph of extracellular amyloid-beta deposition in the human brain tissue. Based on the image, what is the most likely amyloid beta morphology pattern? cerebral amyloid angiopathy', 'IHC stained light micrograph of extracellular amyloid-beta deposition in the human brain tissue. Based on the image, what is the most likely amyloid beta morphology pattern? none of the above']",c17570a3-2e52-44f4-9ee2-a224b30034de,diffuse plaque,0,"{'pred': [0], 'probs': [[0.39740920066833496, 0.0803716704249382, 0.34634360671043396, 0.06422838568687439, 0.11164716631174088]], 'pred_prompt': ['IHC stained light micrograph of extracellular amyloid-beta deposition in the human brain tissue. Based on the image, what is the most likely amyloid beta morphology pattern? diffuse plaque']}",0.5026999711990356,pathology,neuropathology,light microscopy,brightfield microscopy,
classification,"['IHC stained light micrograph of extracellular amyloid-beta deposition in the human brain tissue. Based on the image, what is the most likely amyloid beta morphology pattern? Cored', 'IHC stained light micrograph of extracellular amyloid-beta deposition in the human brain tissue. Based on the image, what is the most likely amyloid beta morphology pattern? Caa', 'IHC stained light micrograph of extracellular amyloid-beta deposition in the human brain tissue. Based on the image, what is the most likely amyloid beta morphology pattern? Negative', 'IHC stained light micrograph of extracellular amyloid-beta deposition in the human brain tissue. Based on the image, what is the most likely amyloid beta morphology pattern? Diffuse', 'IHC stained light micrograph of extracellular amyloid-beta deposition in the human brain tissue. Based on the image, what is the most likely amyloid beta morphology pattern? none of the above']",ca23522c-a82e-44d2-a1cb-1a8dc142377e,Diffuse,3,"{'pred': [0], 'probs': [[0.4896549582481384, 0.05776258930563927, 0.0862211138010025, 0.20157356560230255, 0.16478775441646576]], 'pred_prompt': ['IHC stained light micrograph of extracellular amyloid-beta deposition in the human brain tissue. Based on the image, what is the most likely amyloid beta morphology pattern? Cored']}",0.5026999711990356,pathology,neuropathology,light microscopy,brightfield microscopy,
classification,"['IHC stained light micrograph of extracellular amyloid-beta deposition in the human brain tissue. Based on the image, what is the most likely amyloid beta morphology pattern? Caa', 'IHC stained light micrograph of extracellular amyloid-beta deposition in the human brain tissue. Based on the image, what is the most likely amyloid beta morphology pattern? Diffuse', 'IHC stained light micrograph of extracellular amyloid-beta deposition in the human brain tissue. Based on the image, what is the most likely amyloid beta morphology pattern? Cored', 'IHC stained light micrograph of extracellular amyloid-beta deposition in the human brain tissue. Based on the image, what is the most likely amyloid beta morphology pattern? Negative', 'IHC stained light micrograph of extracellular amyloid-beta deposition in the human brain tissue. Based on the image, what is the most likely amyloid beta morphology pattern? none of the above']",93ad5c03-10a8-492c-b78a-71e555b3c7e3,Negative,3,"{'pred': [1], 'probs': [[0.024621568620204926, 0.4991524815559387, 0.19844767451286316, 0.11476992070674896, 0.16300836205482483]], 'pred_prompt': ['IHC stained light micrograph of extracellular amyloid-beta deposition in the human brain tissue. Based on the image, what is the most likely amyloid beta morphology pattern? Diffuse']}",0.5026999711990356,pathology,neuropathology,light microscopy,brightfield microscopy,
classification,"['IHC stained light micrograph of extracellular amyloid-beta deposition in the human brain tissue. Based on the image, what is the most likely amyloid beta morphology pattern? negative', 'IHC stained light micrograph of extracellular amyloid-beta deposition in the human brain tissue. Based on the image, what is the most likely amyloid beta morphology pattern? cored plaque', 'IHC stained light micrograph of extracellular amyloid-beta deposition in the human brain tissue. Based on the image, what is the most likely amyloid beta morphology pattern? diffuse plaque', 'IHC stained light micrograph of extracellular amyloid-beta deposition in the human brain tissue. Based on the image, what is the most likely amyloid beta morphology pattern? cerebral amyloid angiopathy', 'IHC stained light micrograph of extracellular amyloid-beta deposition in the human brain tissue. Based on the image, what is the most likely amyloid beta morphology pattern? none of the above']",c58f95ed-2568-46d4-82d4-e0b962d858c2,negative,0,"{'pred': [4], 'probs': [[0.2181924432516098, 0.1444299817085266, 0.22218461334705353, 0.16212397813796997, 0.2530690133571625]], 'pred_prompt': ['IHC stained light micrograph of extracellular amyloid-beta deposition in the human brain tissue. Based on the image, what is the most likely amyloid beta morphology pattern? none of the above']}",0.5026999711990356,pathology,neuropathology,light microscopy,brightfield microscopy,
classification,"['IHC stained light micrograph of extracellular amyloid-beta deposition in the human brain tissue. Based on the image, what is the most likely amyloid beta morphology pattern? Negative', 'IHC stained light micrograph of extracellular amyloid-beta deposition in the human brain tissue. Based on the image, what is the most likely amyloid beta morphology pattern? Caa', 'IHC stained light micrograph of extracellular amyloid-beta deposition in the human brain tissue. Based on the image, what is the most likely amyloid beta morphology pattern? Cored', 'IHC stained light micrograph of extracellular amyloid-beta deposition in the human brain tissue. Based on the image, what is the most likely amyloid beta morphology pattern? Diffuse', 'IHC stained light micrograph of extracellular amyloid-beta deposition in the human brain tissue. Based on the image, what is the most likely amyloid beta morphology pattern? none of the above']",623d3224-b78e-4a81-8d96-cff9b5b88fc5,Cored,2,"{'pred': [2], 'probs': [[0.074427030980587, 0.16158427298069, 0.5332655310630798, 0.09280987083911896, 0.137913316488266]], 'pred_prompt': ['IHC stained light micrograph of extracellular amyloid-beta deposition in the human brain tissue. Based on the image, what is the most likely amyloid beta morphology pattern? Cored']}",0.5026999711990356,pathology,neuropathology,light microscopy,brightfield microscopy,
classification,"['IHC stained light micrograph of extracellular amyloid-beta deposition in the human brain tissue. Based on the image, what is the most likely amyloid beta morphology pattern? cerebral amyloid angiopathy', 'IHC stained light micrograph of extracellular amyloid-beta deposition in the human brain tissue. Based on the image, what is the most likely amyloid beta morphology pattern? negative', 'IHC stained light micrograph of extracellular amyloid-beta deposition in the human brain tissue. Based on the image, what is the most likely amyloid beta morphology pattern? diffuse plaque', 'IHC stained light micrograph of extracellular amyloid-beta deposition in the human brain tissue. Based on the image, what is the most likely amyloid beta morphology pattern? cored plaque', 'IHC stained light micrograph of extracellular amyloid-beta deposition in the human brain tissue. Based on the image, what is the most likely amyloid beta morphology pattern? none of the above']",1da43743-38c8-44d3-a107-e658eb07fb04,negative,1,"{'pred': [1], 'probs': [[0.09008219093084335, 0.33752310276031494, 0.14407125115394592, 0.11459226161241531, 0.31373122334480286]], 'pred_prompt': ['IHC stained light micrograph of extracellular amyloid-beta deposition in the human brain tissue. Based on the image, what is the most likely amyloid beta morphology pattern? negative']}",0.5026999711990356,pathology,neuropathology,light microscopy,brightfield microscopy,
classification,"['IHC stained light micrograph of extracellular amyloid-beta deposition in the human brain tissue. Based on the image, what is the most likely amyloid beta morphology pattern? negative', 'IHC stained light micrograph of extracellular amyloid-beta deposition in the human brain tissue. Based on the image, what is the most likely amyloid beta morphology pattern? cerebral amyloid angiopathy', 'IHC stained light micrograph of extracellular amyloid-beta deposition in the human brain tissue. Based on the image, what is the most likely amyloid beta morphology pattern? diffuse plaque', 'IHC stained light micrograph of extracellular amyloid-beta deposition in the human brain tissue. Based on the image, what is the most likely amyloid beta morphology pattern? cored plaque', 'IHC stained light micrograph of extracellular amyloid-beta deposition in the human brain tissue. Based on the image, what is the most likely amyloid beta morphology pattern? none of the above']",afcd9abf-f755-49b3-b05f-24b4c8e95c62,diffuse plaque,2,"{'pred': [2], 'probs': [[0.16485680639743805, 0.10654234141111374, 0.2869179844856262, 0.28224462270736694, 0.15943825244903564]], 'pred_prompt': ['IHC stained light micrograph of extracellular amyloid-beta deposition in the human brain tissue. Based on the image, what is the most likely amyloid beta morphology pattern? diffuse plaque']}",0.5026999711990356,pathology,neuropathology,light microscopy,brightfield microscopy,
classification,"['IHC stained light micrograph of extracellular amyloid-beta deposition in the human brain tissue. Based on the image, what is the most likely amyloid beta morphology pattern? negative', 'IHC stained light micrograph of extracellular amyloid-beta deposition in the human brain tissue. Based on the image, what is the most likely amyloid beta morphology pattern? cored plaque', 'IHC stained light micrograph of extracellular amyloid-beta deposition in the human brain tissue. Based on the image, what is the most likely amyloid beta morphology pattern? cerebral amyloid angiopathy', 'IHC stained light micrograph of extracellular amyloid-beta deposition in the human brain tissue. Based on the image, what is the most likely amyloid beta morphology pattern? diffuse plaque', 'IHC stained light micrograph of extracellular amyloid-beta deposition in the human brain tissue. Based on the image, what is the most likely amyloid beta morphology pattern? none of the above']",f20754d1-7b7b-451d-87c8-e3dbe24a35e7,diffuse plaque,3,"{'pred': [0], 'probs': [[0.23870724439620972, 0.23826691508293152, 0.0911775678396225, 0.19390112161636353, 0.23794721066951752]], 'pred_prompt': ['IHC stained light micrograph of extracellular amyloid-beta deposition in the human brain tissue. Based on the image, what is the most likely amyloid beta morphology pattern? negative']}",0.5026999711990356,pathology,neuropathology,light microscopy,brightfield microscopy,
classification,"['IHC stained light micrograph of extracellular amyloid-beta deposition in the human brain tissue. Based on the image, what is the most likely amyloid beta morphology pattern? Caa', 'IHC stained light micrograph of extracellular amyloid-beta deposition in the human brain tissue. Based on the image, what is the most likely amyloid beta morphology pattern? Cored', 'IHC stained light micrograph of extracellular amyloid-beta deposition in the human brain tissue. Based on the image, what is the most likely amyloid beta morphology pattern? Negative', 'IHC stained light micrograph of extracellular amyloid-beta deposition in the human brain tissue. Based on the image, what is the most likely amyloid beta morphology pattern? Diffuse', 'IHC stained light micrograph of extracellular amyloid-beta deposition in the human brain tissue. Based on the image, what is the most likely amyloid beta morphology pattern? none of the above']",b2185680-06e6-4931-8390-187494ad41ea,Diffuse,3,"{'pred': [1], 'probs': [[0.0687844455242157, 0.3698505163192749, 0.1585860252380371, 0.14412622153759003, 0.2586527168750763]], 'pred_prompt': ['IHC stained light micrograph of extracellular amyloid-beta deposition in the human brain tissue. Based on the image, what is the most likely amyloid beta morphology pattern? Cored']}",0.5026999711990356,pathology,neuropathology,light microscopy,brightfield microscopy,
classification,"['IHC stained light micrograph of extracellular amyloid-beta deposition in the human brain tissue. Based on the image, what is the most likely amyloid beta morphology pattern? Diffuse', 'IHC stained light micrograph of extracellular amyloid-beta deposition in the human brain tissue. Based on the image, what is the most likely amyloid beta morphology pattern? Negative', 'IHC stained light micrograph of extracellular amyloid-beta deposition in the human brain tissue. Based on the image, what is the most likely amyloid beta morphology pattern? Cored', 'IHC stained light micrograph of extracellular amyloid-beta deposition in the human brain tissue. Based on the image, what is the most likely amyloid beta morphology pattern? Caa', 'IHC stained light micrograph of extracellular amyloid-beta deposition in the human brain tissue. Based on the image, what is the most likely amyloid beta morphology pattern? none of the above']",b4fb3ab1-7a28-4990-8e44-99033292b310,Cored,2,"{'pred': [2], 'probs': [[0.14915093779563904, 0.07358875125646591, 0.42994919419288635, 0.22528573870658875, 0.12202542275190353]], 'pred_prompt': ['IHC stained light micrograph of extracellular amyloid-beta deposition in the human brain tissue. Based on the image, what is the most likely amyloid beta morphology pattern? Cored']}",0.5026999711990356,pathology,neuropathology,light microscopy,brightfield microscopy,
classification,"['IHC stained light micrograph of extracellular amyloid-beta deposition in the human brain tissue. Based on the image, what is the most likely amyloid beta morphology pattern? cored plaque', 'IHC stained light micrograph of extracellular amyloid-beta deposition in the human brain tissue. Based on the image, what is the most likely amyloid beta morphology pattern? negative', 'IHC stained light micrograph of extracellular amyloid-beta deposition in the human brain tissue. Based on the image, what is the most likely amyloid beta morphology pattern? cerebral amyloid angiopathy', 'IHC stained light micrograph of extracellular amyloid-beta deposition in the human brain tissue. Based on the image, what is the most likely amyloid beta morphology pattern? diffuse plaque', 'IHC stained light micrograph of extracellular amyloid-beta deposition in the human brain tissue. Based on the image, what is the most likely amyloid beta morphology pattern? none of the above']",e37d9ae7-bf9e-48f5-a9af-5ea5baa92e98,diffuse plaque,3,"{'pred': [0], 'probs': [[0.4805581271648407, 0.17147120833396912, 0.06744585186243057, 0.16956984996795654, 0.11095493286848068]], 'pred_prompt': ['IHC stained light micrograph of extracellular amyloid-beta deposition in the human brain tissue. Based on the image, what is the most likely amyloid beta morphology pattern? cored plaque']}",0.5026999711990356,pathology,neuropathology,light microscopy,brightfield microscopy,
classification,"['IHC stained light micrograph of extracellular amyloid-beta deposition in the human brain tissue. Based on the image, what is the most likely amyloid beta morphology pattern? Diffuse', 'IHC stained light micrograph of extracellular amyloid-beta deposition in the human brain tissue. Based on the image, what is the most likely amyloid beta morphology pattern? Negative', 'IHC stained light micrograph of extracellular amyloid-beta deposition in the human brain tissue. Based on the image, what is the most likely amyloid beta morphology pattern? Cored', 'IHC stained light micrograph of extracellular amyloid-beta deposition in the human brain tissue. Based on the image, what is the most likely amyloid beta morphology pattern? Caa', 'IHC stained light micrograph of extracellular amyloid-beta deposition in the human brain tissue. Based on the image, what is the most likely amyloid beta morphology pattern? none of the above']",15164979-5012-4d7b-9b70-107b21869783,Negative,1,"{'pred': [0], 'probs': [[0.4086796045303345, 0.08099734783172607, 0.3260229825973511, 0.05459979176521301, 0.12970030307769775]], 'pred_prompt': ['IHC stained light micrograph of extracellular amyloid-beta deposition in the human brain tissue. Based on the image, what is the most likely amyloid beta morphology pattern? Diffuse']}",0.5026999711990356,pathology,neuropathology,light microscopy,brightfield microscopy,
classification,"['IHC stained light micrograph of extracellular amyloid-beta deposition in the human brain tissue. Based on the image, what is the most likely amyloid beta morphology pattern? diffuse plaque', 'IHC stained light micrograph of extracellular amyloid-beta deposition in the human brain tissue. Based on the image, what is the most likely amyloid beta morphology pattern? negative', 'IHC stained light micrograph of extracellular amyloid-beta deposition in the human brain tissue. Based on the image, what is the most likely amyloid beta morphology pattern? cerebral amyloid angiopathy', 'IHC stained light micrograph of extracellular amyloid-beta deposition in the human brain tissue. Based on the image, what is the most likely amyloid beta morphology pattern? cored plaque', 'IHC stained light micrograph of extracellular amyloid-beta deposition in the human brain tissue. Based on the image, what is the most likely amyloid beta morphology pattern? none of the above']",7c276d9b-92d7-4fb6-abf5-42126cce82d4,diffuse plaque,0,"{'pred': [4], 'probs': [[0.1214645579457283, 0.23100890219211578, 0.10303610563278198, 0.1979205310344696, 0.34656986594200134]], 'pred_prompt': ['IHC stained light micrograph of extracellular amyloid-beta deposition in the human brain tissue. Based on the image, what is the most likely amyloid beta morphology pattern? none of the above']}",0.5026999711990356,pathology,neuropathology,light microscopy,brightfield microscopy,
classification,"['IHC stained light micrograph of extracellular amyloid-beta deposition in the human brain tissue. Based on the image, what is the most likely amyloid beta morphology pattern? Caa', 'IHC stained light micrograph of extracellular amyloid-beta deposition in the human brain tissue. Based on the image, what is the most likely amyloid beta morphology pattern? Cored', 'IHC stained light micrograph of extracellular amyloid-beta deposition in the human brain tissue. Based on the image, what is the most likely amyloid beta morphology pattern? Diffuse', 'IHC stained light micrograph of extracellular amyloid-beta deposition in the human brain tissue. Based on the image, what is the most likely amyloid beta morphology pattern? Negative', 'IHC stained light micrograph of extracellular amyloid-beta deposition in the human brain tissue. Based on the image, what is the most likely amyloid beta morphology pattern? none of the above']",41d8d800-098f-4038-9791-c0981c0d0ab9,Diffuse,2,"{'pred': [1], 'probs': [[0.12227855622768402, 0.3130137026309967, 0.06096562743186951, 0.24009482562541962, 0.26364731788635254]], 'pred_prompt': ['IHC stained light micrograph of extracellular amyloid-beta deposition in the human brain tissue. Based on the image, what is the most likely amyloid beta morphology pattern? Cored']}",0.5026999711990356,pathology,neuropathology,light microscopy,brightfield microscopy,
classification,"['IHC stained light micrograph of extracellular amyloid-beta deposition in the human brain tissue. Based on the image, what is the most likely amyloid beta morphology pattern? negative', 'IHC stained light micrograph of extracellular amyloid-beta deposition in the human brain tissue. Based on the image, what is the most likely amyloid beta morphology pattern? diffuse plaque', 'IHC stained light micrograph of extracellular amyloid-beta deposition in the human brain tissue. Based on the image, what is the most likely amyloid beta morphology pattern? cored plaque', 'IHC stained light micrograph of extracellular amyloid-beta deposition in the human brain tissue. Based on the image, what is the most likely amyloid beta morphology pattern? cerebral amyloid angiopathy', 'IHC stained light micrograph of extracellular amyloid-beta deposition in the human brain tissue. Based on the image, what is the most likely amyloid beta morphology pattern? none of the above']",33ea463c-3efc-48c4-921e-232e6d63ca5d,diffuse plaque,1,"{'pred': [2], 'probs': [[0.08944492042064667, 0.28169384598731995, 0.3568068742752075, 0.13434189558029175, 0.1377125084400177]], 'pred_prompt': ['IHC stained light micrograph of extracellular amyloid-beta deposition in the human brain tissue. Based on the image, what is the most likely amyloid beta morphology pattern? cored plaque']}",0.5026999711990356,pathology,neuropathology,light microscopy,brightfield microscopy,
classification,"['IHC stained light micrograph of extracellular amyloid-beta deposition in the human brain tissue. Based on the image, what is the most likely amyloid beta morphology pattern? diffuse plaque', 'IHC stained light micrograph of extracellular amyloid-beta deposition in the human brain tissue. Based on the image, what is the most likely amyloid beta morphology pattern? negative', 'IHC stained light micrograph of extracellular amyloid-beta deposition in the human brain tissue. Based on the image, what is the most likely amyloid beta morphology pattern? cerebral amyloid angiopathy', 'IHC stained light micrograph of extracellular amyloid-beta deposition in the human brain tissue. Based on the image, what is the most likely amyloid beta morphology pattern? cored plaque', 'IHC stained light micrograph of extracellular amyloid-beta deposition in the human brain tissue. Based on the image, what is the most likely amyloid beta morphology pattern? none of the above']",1bcd3ad7-d8dc-4f76-92cc-152d83f48c94,negative,1,"{'pred': [3], 'probs': [[0.2576366066932678, 0.10790031403303146, 0.17712289094924927, 0.32410669326782227, 0.13323351740837097]], 'pred_prompt': ['IHC stained light micrograph of extracellular amyloid-beta deposition in the human brain tissue. Based on the image, what is the most likely amyloid beta morphology pattern? cored plaque']}",0.5026999711990356,pathology,neuropathology,light microscopy,brightfield microscopy,
classification,"['IHC stained light micrograph of extracellular amyloid-beta deposition in the human brain tissue. Based on the image, what is the most likely amyloid beta morphology pattern? cerebral amyloid angiopathy', 'IHC stained light micrograph of extracellular amyloid-beta deposition in the human brain tissue. Based on the image, what is the most likely amyloid beta morphology pattern? negative', 'IHC stained light micrograph of extracellular amyloid-beta deposition in the human brain tissue. Based on the image, what is the most likely amyloid beta morphology pattern? diffuse plaque', 'IHC stained light micrograph of extracellular amyloid-beta deposition in the human brain tissue. Based on the image, what is the most likely amyloid beta morphology pattern? cored plaque', 'IHC stained light micrograph of extracellular amyloid-beta deposition in the human brain tissue. Based on the image, what is the most likely amyloid beta morphology pattern? none of the above']",bad16a2d-5766-4596-9ff4-8376fb6ed5a8,diffuse plaque,2,"{'pred': [3], 'probs': [[0.1861269623041153, 0.10970427840948105, 0.1940803825855255, 0.2785370349884033, 0.23155131936073303]], 'pred_prompt': ['IHC stained light micrograph of extracellular amyloid-beta deposition in the human brain tissue. Based on the image, what is the most likely amyloid beta morphology pattern? cored plaque']}",0.5026999711990356,pathology,neuropathology,light microscopy,brightfield microscopy,
classification,"['IHC stained light micrograph of extracellular amyloid-beta deposition in the human brain tissue. Based on the image, what is the most likely amyloid beta morphology pattern? Caa', 'IHC stained light micrograph of extracellular amyloid-beta deposition in the human brain tissue. Based on the image, what is the most likely amyloid beta morphology pattern? Negative', 'IHC stained light micrograph of extracellular amyloid-beta deposition in the human brain tissue. Based on the image, what is the most likely amyloid beta morphology pattern? Diffuse', 'IHC stained light micrograph of extracellular amyloid-beta deposition in the human brain tissue. Based on the image, what is the most likely amyloid beta morphology pattern? Cored', 'IHC stained light micrograph of extracellular amyloid-beta deposition in the human brain tissue. Based on the image, what is the most likely amyloid beta morphology pattern? none of the above']",278bb97e-d02e-408a-a377-9b3055c01b8f,Negative,1,"{'pred': [4], 'probs': [[0.055883169174194336, 0.274997353553772, 0.09777133166790009, 0.14825943112373352, 0.4230887293815613]], 'pred_prompt': ['IHC stained light micrograph of extracellular amyloid-beta deposition in the human brain tissue. Based on the image, what is the most likely amyloid beta morphology pattern? none of the above']}",0.5026999711990356,pathology,neuropathology,light microscopy,brightfield microscopy,
classification,"['IHC stained light micrograph of extracellular amyloid-beta deposition in the human brain tissue. Based on the image, what is the most likely amyloid beta morphology pattern? Caa', 'IHC stained light micrograph of extracellular amyloid-beta deposition in the human brain tissue. Based on the image, what is the most likely amyloid beta morphology pattern? Cored', 'IHC stained light micrograph of extracellular amyloid-beta deposition in the human brain tissue. Based on the image, what is the most likely amyloid beta morphology pattern? Negative', 'IHC stained light micrograph of extracellular amyloid-beta deposition in the human brain tissue. Based on the image, what is the most likely amyloid beta morphology pattern? Diffuse', 'IHC stained light micrograph of extracellular amyloid-beta deposition in the human brain tissue. Based on the image, what is the most likely amyloid beta morphology pattern? none of the above']",c97332ab-1349-43cf-a7e4-285a5316ca84,Diffuse,3,"{'pred': [3], 'probs': [[0.1127910390496254, 0.16345646977424622, 0.11953895539045334, 0.4585736393928528, 0.14563985168933868]], 'pred_prompt': ['IHC stained light micrograph of extracellular amyloid-beta deposition in the human brain tissue. Based on the image, what is the most likely amyloid beta morphology pattern? Diffuse']}",0.5026999711990356,pathology,neuropathology,light microscopy,brightfield microscopy,
classification,"['IHC stained light micrograph of extracellular amyloid-beta deposition in the human brain tissue. Based on the image, what is the most likely amyloid beta morphology pattern? cerebral amyloid angiopathy', 'IHC stained light micrograph of extracellular amyloid-beta deposition in the human brain tissue. Based on the image, what is the most likely amyloid beta morphology pattern? negative', 'IHC stained light micrograph of extracellular amyloid-beta deposition in the human brain tissue. Based on the image, what is the most likely amyloid beta morphology pattern? cored plaque', 'IHC stained light micrograph of extracellular amyloid-beta deposition in the human brain tissue. Based on the image, what is the most likely amyloid beta morphology pattern? diffuse plaque', 'IHC stained light micrograph of extracellular amyloid-beta deposition in the human brain tissue. Based on the image, what is the most likely amyloid beta morphology pattern? none of the above']",40f0de2d-ee80-4315-be10-d652911dfe62,diffuse plaque,3,"{'pred': [4], 'probs': [[0.1696861833333969, 0.12427346408367157, 0.24907809495925903, 0.1824847310781479, 0.2744775712490082]], 'pred_prompt': ['IHC stained light micrograph of extracellular amyloid-beta deposition in the human brain tissue. Based on the image, what is the most likely amyloid beta morphology pattern? none of the above']}",0.5026999711990356,pathology,neuropathology,light microscopy,brightfield microscopy,
