question_type,questions,image_id,correct_answer,correct_idx,model_answers,microns_per_pixel,domain,subdomain,modality,submodality,normal_or_abnormal
subdomain,"['What is the most likely subfield of study this micrograph would be used for? bone and soft tissue pathology', 'What is the most likely subfield of study this micrograph would be used for? genitourinary pathology', 'What is the most likely subfield of study this micrograph would be used for? cardiovascular pathology', 'What is the most likely subfield of study this micrograph would be used for? neuropathology', 'What is the most likely subfield of study this micrograph would be used for? blood banking and transfusion medicine', 'What is the most likely subfield of study this micrograph would be used for? none of the above']",24a99976-a575-4209-b438-91c6f33da2dc,cardiovascular pathology,2,"{'pred': [0], 'probs': [[0.46314293146133423, 0.014784194529056549, 0.18329322338104248, 0.3153785467147827, 1.888559927465394e-05, 0.023382147774100304]], 'pred_prompt': ['What is the most likely subfield of study this micrograph would be used for? bone and soft tissue pathology']}",2.0,,,,,
submodality,"['What is the most likely microscopy submodality used to acquire this image? mixed', 'What is the most likely microscopy submodality used to acquire this image? brightfield microscopy', 'What is the most likely microscopy submodality used to acquire this image? synthetic', 'What is the most likely microscopy submodality used to acquire this image? darkfield microscopy', 'What is the most likely microscopy submodality used to acquire this image? polarized light microscopy', 'What is the most likely microscopy submodality used to acquire this image? none of the above']",11afdc85-dd86-4143-aa78-58686f9e36ea,brightfield microscopy,1,"{'pred': [4], 'probs': [[0.025167904794216156, 0.14640022814273834, 0.005051113665103912, 0.011834202334284782, 0.8065323829650879, 0.005014100112020969]], 'pred_prompt': ['What is the most likely microscopy submodality used to acquire this image? polarized light microscopy']}",2.0,,,,,
stain,"['What is the most likely technique used to stain this micrograph? Basic fuchsin', 'What is the most likely technique used to stain this micrograph? Papanicolaou', 'What is the most likely technique used to stain this micrograph? H&E', 'What is the most likely technique used to stain this micrograph? Toluidine Blue', 'What is the most likely technique used to stain this micrograph? Ziehl-Neelsen', 'What is the most likely technique used to stain this micrograph? none of the above']",90725353-0973-4e30-b294-44182876a34d,H&E,2,"{'pred': [4], 'probs': [[0.12628556787967682, 0.000253691483521834, 0.29355892539024353, 0.002829178934916854, 0.4094462990760803, 0.16762636601924896]], 'pred_prompt': ['What is the most likely technique used to stain this micrograph? Ziehl-Neelsen']}",2.0,,,,,
subdomain,"['What is the most likely subfield of study this micrograph would be used for? cardiovascular pathology', 'What is the most likely subfield of study this micrograph would be used for? hepatobiliary pathology', 'What is the most likely subfield of study this micrograph would be used for? pancreatic pathology', 'What is the most likely subfield of study this micrograph would be used for? hematopathology', 'What is the most likely subfield of study this micrograph would be used for? nephropathology', 'What is the most likely subfield of study this micrograph would be used for? none of the above']",110cb51b-1ad7-45dc-87dd-4e190534b69f,cardiovascular pathology,0,"{'pred': [0], 'probs': [[0.6261534094810486, 0.002403109334409237, 0.003178227227181196, 0.19568376243114471, 0.16877619922161102, 0.0038052769377827644]], 'pred_prompt': ['What is the most likely subfield of study this micrograph would be used for? cardiovascular pathology']}",2.0,,,,,
domain,"['What is the most likely field of study this micrograph would be used for? biology', 'What is the most likely field of study this micrograph would be used for? radiology', 'What is the most likely field of study this micrograph would be used for? cytology', 'What is the most likely field of study this micrograph would be used for? ophthalmology', 'What is the most likely field of study this micrograph would be used for? pathology', 'What is the most likely field of study this micrograph would be used for? none of the above']",1de96680-d832-4691-a6ff-8ae1652f21c3,pathology,4,"{'pred': [4], 'probs': [[0.1492568403482437, 0.0019900009501725435, 0.0030082727316766977, 0.00012031690130243078, 0.740108072757721, 0.10551644116640091]], 'pred_prompt': ['What is the most likely field of study this micrograph would be used for? pathology']}",2.0,,,,,
stain,"['What is the most likely technique used to stain this micrograph? Giemsa', 'What is the most likely technique used to stain this micrograph? H&E', 'What is the most likely technique used to stain this micrograph? IHC(HDab)', 'What is the most likely technique used to stain this micrograph? Masson Trichrome', 'What is the most likely technique used to stain this micrograph? Wright-Giemsa', 'What is the most likely technique used to stain this micrograph? none of the above']",c4a63162-3e0d-465c-af2a-36de33dd630d,H&E,1,"{'pred': [1], 'probs': [[0.0003620883508119732, 0.6711543202400208, 0.011585021391510963, 0.008975598961114883, 1.9491051261866232e-06, 0.30792102217674255]], 'pred_prompt': ['What is the most likely technique used to stain this micrograph? H&E']}",2.0,,,,,
modality,"['What is the most likely microscopy modality used to acquire this image? electron microscopy', 'What is the most likely microscopy modality used to acquire this image? light microscopy', 'What is the most likely microscopy modality used to acquire this image? fluorescence microscopy', 'What is the most likely microscopy modality used to acquire this image? none of the above']",e035efd0-fbad-4e2a-afc4-255033cc39b2,light microscopy,1,"{'pred': [0], 'probs': [[0.6810253858566284, 0.28998255729675293, 0.004367920570075512, 0.02462412789463997]], 'pred_prompt': ['What is the most likely microscopy modality used to acquire this image? electron microscopy']}",2.0,,,,,
submodality,"['What is the most likely microscopy submodality used to acquire this image? polarized light microscopy', 'What is the most likely microscopy submodality used to acquire this image? differential interference contrast microscopy', 'What is the most likely microscopy submodality used to acquire this image? synthetic', 'What is the most likely microscopy submodality used to acquire this image? darkfield microscopy', 'What is the most likely microscopy submodality used to acquire this image? brightfield microscopy', 'What is the most likely microscopy submodality used to acquire this image? none of the above']",f17faa97-b7e6-459b-a874-6a6ac7e9a5c1,brightfield microscopy,4,"{'pred': [0], 'probs': [[0.6617100238800049, 0.013019600883126259, 0.006007765419781208, 0.018779899924993515, 0.2982509732246399, 0.002231801161542535]], 'pred_prompt': ['What is the most likely microscopy submodality used to acquire this image? polarized light microscopy']}",2.0,,,,,
subdomain,"['What is the most likely subfield of study this micrograph would be used for? cardiovascular pathology', 'What is the most likely subfield of study this micrograph would be used for? pediatric pathology', 'What is the most likely subfield of study this micrograph would be used for? genitourinary pathology', 'What is the most likely subfield of study this micrograph would be used for? endocrine pathology', 'What is the most likely subfield of study this micrograph would be used for? ophthalmic pathology', 'What is the most likely subfield of study this micrograph would be used for? none of the above']",c4a63162-3e0d-465c-af2a-36de33dd630d,cardiovascular pathology,0,"{'pred': [3], 'probs': [[0.023441588506102562, 0.01037748996168375, 0.0024216158781200647, 0.929532527923584, 0.0019778150599449873, 0.032248880714178085]], 'pred_prompt': ['What is the most likely subfield of study this micrograph would be used for? endocrine pathology']}",2.0,,,,,
domain,"['What is the most likely field of study this micrograph would be used for? dermatology', 'What is the most likely field of study this micrograph would be used for? cytology', 'What is the most likely field of study this micrograph would be used for? ophthalmology', 'What is the most likely field of study this micrograph would be used for? pathology', 'What is the most likely field of study this micrograph would be used for? biology', 'What is the most likely field of study this micrograph would be used for? none of the above']",de0e116c-0bb0-4f86-a198-9286c7e4e355,pathology,3,"{'pred': [4], 'probs': [[0.0011055547511205077, 0.0006475673289969563, 3.883392855641432e-05, 0.3852863609790802, 0.565237283706665, 0.04768441617488861]], 'pred_prompt': ['What is the most likely field of study this micrograph would be used for? biology']}",2.0,,,,,
modality,"['What is the most likely microscopy modality used to acquire this image? fluorescence microscopy', 'What is the most likely microscopy modality used to acquire this image? electron microscopy', 'What is the most likely microscopy modality used to acquire this image? light microscopy', 'What is the most likely microscopy modality used to acquire this image? none of the above']",264dfb78-a7ce-4a07-8003-5f3196b7ac44,light microscopy,2,"{'pred': [2], 'probs': [[0.016819916665554047, 0.2898803949356079, 0.5517818927764893, 0.14151780307292938]], 'pred_prompt': ['What is the most likely microscopy modality used to acquire this image? light microscopy']}",2.0,,,,,
domain,"['What is the most likely field of study this micrograph would be used for? cytology', 'What is the most likely field of study this micrograph would be used for? pathology', 'What is the most likely field of study this micrograph would be used for? radiology', 'What is the most likely field of study this micrograph would be used for? biology', 'What is the most likely field of study this micrograph would be used for? dermatology', 'What is the most likely field of study this micrograph would be used for? none of the above']",f9be738d-abc8-4bf4-b3f7-e08ef0ffe7e0,pathology,1,"{'pred': [1], 'probs': [[0.0007643086719326675, 0.8143720626831055, 0.0005416979547590017, 0.14711642265319824, 0.0012560285395011306, 0.035949498414993286]], 'pred_prompt': ['What is the most likely field of study this micrograph would be used for? pathology']}",2.0,,,,,
submodality,"['What is the most likely microscopy submodality used to acquire this image? differential interference contrast microscopy', 'What is the most likely microscopy submodality used to acquire this image? darkfield microscopy', 'What is the most likely microscopy submodality used to acquire this image? brightfield microscopy', 'What is the most likely microscopy submodality used to acquire this image? synthetic', 'What is the most likely microscopy submodality used to acquire this image? phase contrast microscopy', 'What is the most likely microscopy submodality used to acquire this image? none of the above']",b43cd5da-1725-477a-b264-c2e78d688fce,brightfield microscopy,2,"{'pred': [4], 'probs': [[0.12170388549566269, 0.01667013205587864, 0.3159179985523224, 0.004017333034425974, 0.53476881980896, 0.006921802181750536]], 'pred_prompt': ['What is the most likely microscopy submodality used to acquire this image? phase contrast microscopy']}",2.0,,,,,
stain,"['What is the most likely technique used to stain this micrograph? Gram', 'What is the most likely technique used to stain this micrograph? Toluidine Blue', 'What is the most likely technique used to stain this micrograph? H&E', 'What is the most likely technique used to stain this micrograph? None', 'What is the most likely technique used to stain this micrograph? Ziehl-Neelsen', 'What is the most likely technique used to stain this micrograph? none of the above']",bb2cfcf9-cf17-4f7e-ade6-04755b404669,H&E,2,"{'pred': [2], 'probs': [[0.0011635894188657403, 0.000344266154570505, 0.9066292643547058, 0.010079236701130867, 0.017652062699198723, 0.06413161754608154]], 'pred_prompt': ['What is the most likely technique used to stain this micrograph? H&E']}",2.0,,,,,
stain,"['What is the most likely technique used to stain this micrograph? Wright-Giemsa', 'What is the most likely technique used to stain this micrograph? Gram', 'What is the most likely technique used to stain this micrograph? H&E', 'What is the most likely technique used to stain this micrograph? Papanicolaou', 'What is the most likely technique used to stain this micrograph? Toluidine Blue', 'What is the most likely technique used to stain this micrograph? none of the above']",eb0fa954-84c6-4cee-8cb5-a7b0f39a3720,H&E,2,"{'pred': [5], 'probs': [[1.9666613297886215e-06, 0.0011113763321191072, 0.27276143431663513, 0.001141827553510666, 0.0010507358238101006, 0.7239327430725098]], 'pred_prompt': ['What is the most likely technique used to stain this micrograph? none of the above']}",2.0,,,,,
stain,"['What is the most likely technique used to stain this micrograph? PAS', 'What is the most likely technique used to stain this micrograph? None', 'What is the most likely technique used to stain this micrograph? Giemsa', 'What is the most likely technique used to stain this micrograph? H&E', 'What is the most likely technique used to stain this micrograph? Papanicolaou', 'What is the most likely technique used to stain this micrograph? none of the above']",cd40080f-d386-44a4-835d-44309b17c126,H&E,3,"{'pred': [3], 'probs': [[0.12705284357070923, 0.007534422911703587, 0.00010136149649042636, 0.7976042628288269, 0.0004223798750899732, 0.06728474050760269]], 'pred_prompt': ['What is the most likely technique used to stain this micrograph? H&E']}",2.0,,,,,
modality,"['What is the most likely microscopy modality used to acquire this image? fluorescence microscopy', 'What is the most likely microscopy modality used to acquire this image? light microscopy', 'What is the most likely microscopy modality used to acquire this image? electron microscopy', 'What is the most likely microscopy modality used to acquire this image? none of the above']",bf99f344-733c-47d9-940b-f1e024e6db16,light microscopy,1,"{'pred': [1], 'probs': [[0.009133649989962578, 0.6817706227302551, 0.23741082847118378, 0.07168492674827576]], 'pred_prompt': ['What is the most likely microscopy modality used to acquire this image? light microscopy']}",2.0,,,,,
submodality,"['What is the most likely microscopy submodality used to acquire this image? darkfield microscopy', 'What is the most likely microscopy submodality used to acquire this image? phase contrast microscopy', 'What is the most likely microscopy submodality used to acquire this image? mixed', 'What is the most likely microscopy submodality used to acquire this image? brightfield microscopy', 'What is the most likely microscopy submodality used to acquire this image? polarized light microscopy', 'What is the most likely microscopy submodality used to acquire this image? none of the above']",dc38cd62-61a0-4390-b307-f1603cfbc77a,brightfield microscopy,3,"{'pred': [4], 'probs': [[0.011506165377795696, 0.049722157418727875, 0.009984513744711876, 0.11307729780673981, 0.8131400346755981, 0.0025699299294501543]], 'pred_prompt': ['What is the most likely microscopy submodality used to acquire this image? polarized light microscopy']}",2.0,,,,,
submodality,"['What is the most likely microscopy submodality used to acquire this image? differential interference contrast microscopy', 'What is the most likely microscopy submodality used to acquire this image? synthetic', 'What is the most likely microscopy submodality used to acquire this image? brightfield microscopy', 'What is the most likely microscopy submodality used to acquire this image? phase contrast microscopy', 'What is the most likely microscopy submodality used to acquire this image? darkfield microscopy', 'What is the most likely microscopy submodality used to acquire this image? none of the above']",db6357cf-86c0-4e0e-a09e-e7e84f271644,brightfield microscopy,2,"{'pred': [3], 'probs': [[0.17610913515090942, 0.004116990137845278, 0.3425055742263794, 0.4606068432331085, 0.014038601890206337, 0.002622859785333276]], 'pred_prompt': ['What is the most likely microscopy submodality used to acquire this image? phase contrast microscopy']}",2.0,,,,,
stain,"['What is the most likely technique used to stain this micrograph? IHC(HDab)', 'What is the most likely technique used to stain this micrograph? Masson Trichrome', 'What is the most likely technique used to stain this micrograph? H&E', 'What is the most likely technique used to stain this micrograph? None', 'What is the most likely technique used to stain this micrograph? Wright-Giemsa', 'What is the most likely technique used to stain this micrograph? none of the above']",1f2fb13d-da9d-4b9a-812a-201a1a9d667e,H&E,2,"{'pred': [2], 'probs': [[0.007947293110191822, 0.01502434816211462, 0.8194040656089783, 0.027693631127476692, 3.463826942606829e-06, 0.12992729246616364]], 'pred_prompt': ['What is the most likely technique used to stain this micrograph? H&E']}",2.0,,,,,
submodality,"['What is the most likely microscopy submodality used to acquire this image? phase contrast microscopy', 'What is the most likely microscopy submodality used to acquire this image? mixed', 'What is the most likely microscopy submodality used to acquire this image? polarized light microscopy', 'What is the most likely microscopy submodality used to acquire this image? brightfield microscopy', 'What is the most likely microscopy submodality used to acquire this image? differential interference contrast microscopy', 'What is the most likely microscopy submodality used to acquire this image? none of the above']",0be160ae-4117-461e-b0a3-9d76bd814dde,brightfield microscopy,3,"{'pred': [2], 'probs': [[0.02099331095814705, 0.0019004177302122116, 0.651799738407135, 0.18569809198379517, 0.13658739626407623, 0.0030210521072149277]], 'pred_prompt': ['What is the most likely microscopy submodality used to acquire this image? polarized light microscopy']}",2.0,,,,,
submodality,"['What is the most likely microscopy submodality used to acquire this image? mixed', 'What is the most likely microscopy submodality used to acquire this image? differential interference contrast microscopy', 'What is the most likely microscopy submodality used to acquire this image? brightfield microscopy', 'What is the most likely microscopy submodality used to acquire this image? polarized light microscopy', 'What is the most likely microscopy submodality used to acquire this image? phase contrast microscopy', 'What is the most likely microscopy submodality used to acquire this image? none of the above']",d33a1f02-688d-4b22-ae80-c314e884fec8,brightfield microscopy,2,"{'pred': [3], 'probs': [[0.05643920600414276, 0.0016433103010058403, 0.08297789841890335, 0.8326632976531982, 0.01082156877964735, 0.015454772859811783]], 'pred_prompt': ['What is the most likely microscopy submodality used to acquire this image? polarized light microscopy']}",2.0,,,,,
stain,"['What is the most likely technique used to stain this micrograph? Gram', 'What is the most likely technique used to stain this micrograph? synthetic', 'What is the most likely technique used to stain this micrograph? Congo Red', 'What is the most likely technique used to stain this micrograph? H&E', 'What is the most likely technique used to stain this micrograph? Alcian Blue', 'What is the most likely technique used to stain this micrograph? none of the above']",fdc19a50-f370-4f0a-aebc-3564cc83ae10,H&E,3,"{'pred': [1], 'probs': [[0.0014160852879285812, 0.6883159279823303, 0.0008838306530378759, 0.24279411137104034, 0.010236011818051338, 0.05635404214262962]], 'pred_prompt': ['What is the most likely technique used to stain this micrograph? synthetic']}",2.0,,,,,
submodality,"['What is the most likely microscopy submodality used to acquire this image? phase contrast microscopy', 'What is the most likely microscopy submodality used to acquire this image? synthetic', 'What is the most likely microscopy submodality used to acquire this image? mixed', 'What is the most likely microscopy submodality used to acquire this image? differential interference contrast microscopy', 'What is the most likely microscopy submodality used to acquire this image? brightfield microscopy', 'What is the most likely microscopy submodality used to acquire this image? none of the above']",d8cb6102-e157-4b31-b27c-28512371270c,brightfield microscopy,4,"{'pred': [0], 'probs': [[0.47321444749832153, 0.02479184791445732, 0.05316543951630592, 0.08498584479093552, 0.3528361916542053, 0.011006164364516735]], 'pred_prompt': ['What is the most likely microscopy submodality used to acquire this image? phase contrast microscopy']}",2.0,,,,,
stain,"['What is the most likely technique used to stain this micrograph? Toluidine Blue', 'What is the most likely technique used to stain this micrograph? H&E', 'What is the most likely technique used to stain this micrograph? Giemsa', 'What is the most likely technique used to stain this micrograph? synthetic', 'What is the most likely technique used to stain this micrograph? Alcian Blue', 'What is the most likely technique used to stain this micrograph? none of the above']",1f4a4a90-6ce7-4fcf-9837-5e4450bf8a69,H&E,1,"{'pred': [1], 'probs': [[0.0004137439245823771, 0.47102639079093933, 6.539452442666516e-05, 0.2524648904800415, 0.2060452252626419, 0.0699843242764473]], 'pred_prompt': ['What is the most likely technique used to stain this micrograph? H&E']}",2.0,,,,,
submodality,"['What is the most likely microscopy submodality used to acquire this image? mixed', 'What is the most likely microscopy submodality used to acquire this image? brightfield microscopy', 'What is the most likely microscopy submodality used to acquire this image? phase contrast microscopy', 'What is the most likely microscopy submodality used to acquire this image? differential interference contrast microscopy', 'What is the most likely microscopy submodality used to acquire this image? darkfield microscopy', 'What is the most likely microscopy submodality used to acquire this image? none of the above']",eb0fa954-84c6-4cee-8cb5-a7b0f39a3720,brightfield microscopy,1,"{'pred': [1], 'probs': [[0.03677332401275635, 0.6703981161117554, 0.191485196352005, 0.04531070962548256, 0.04286014288663864, 0.013172544538974762]], 'pred_prompt': ['What is the most likely microscopy submodality used to acquire this image? brightfield microscopy']}",2.0,,,,,
stain,"['What is the most likely technique used to stain this micrograph? None', 'What is the most likely technique used to stain this micrograph? H&E', 'What is the most likely technique used to stain this micrograph? Toluidine Blue', 'What is the most likely technique used to stain this micrograph? IHC(HDab)', 'What is the most likely technique used to stain this micrograph? IHC(Red)', 'What is the most likely technique used to stain this micrograph? none of the above']",887803d6-529b-499a-a5a3-fab0960e683e,H&E,1,"{'pred': [1], 'probs': [[0.08476930111646652, 0.4253057837486267, 0.00011860614904435351, 0.055603351444005966, 0.2737451195716858, 0.16045783460140228]], 'pred_prompt': ['What is the most likely technique used to stain this micrograph? H&E']}",2.0,,,,,
stain,"['What is the most likely technique used to stain this micrograph? H&E', 'What is the most likely technique used to stain this micrograph? Congo Red', 'What is the most likely technique used to stain this micrograph? Masson Trichrome', 'What is the most likely technique used to stain this micrograph? Papanicolaou', 'What is the most likely technique used to stain this micrograph? Ziehl-Neelsen', 'What is the most likely technique used to stain this micrograph? none of the above']",0ab7d779-18b0-4298-aba8-47c5ff248f37,H&E,0,"{'pred': [0], 'probs': [[0.896960973739624, 0.000875331403221935, 0.03697937726974487, 0.00018167486996389925, 0.0029799677431583405, 0.062022656202316284]], 'pred_prompt': ['What is the most likely technique used to stain this micrograph? H&E']}",2.0,,,,,
stain,"['What is the most likely technique used to stain this micrograph? Congo Red', 'What is the most likely technique used to stain this micrograph? H&E', 'What is the most likely technique used to stain this micrograph? IHC(HDab)', 'What is the most likely technique used to stain this micrograph? PAS', 'What is the most likely technique used to stain this micrograph? Wright-Giemsa', 'What is the most likely technique used to stain this micrograph? none of the above']",d81a2f37-414d-45cd-b0e7-806c7f00e10b,H&E,1,"{'pred': [1], 'probs': [[0.00015290858573280275, 0.9088091850280762, 0.004146772436797619, 0.06312652677297592, 1.535182434508897e-07, 0.02376432903110981]], 'pred_prompt': ['What is the most likely technique used to stain this micrograph? H&E']}",2.0,,,,,
submodality,"['What is the most likely microscopy submodality used to acquire this image? mixed', 'What is the most likely microscopy submodality used to acquire this image? brightfield microscopy', 'What is the most likely microscopy submodality used to acquire this image? differential interference contrast microscopy', 'What is the most likely microscopy submodality used to acquire this image? phase contrast microscopy', 'What is the most likely microscopy submodality used to acquire this image? darkfield microscopy', 'What is the most likely microscopy submodality used to acquire this image? none of the above']",ef7fe6b3-d736-47f9-ac70-c92095a2c095,brightfield microscopy,1,"{'pred': [1], 'probs': [[0.012288461439311504, 0.40229669213294983, 0.11227470636367798, 0.3715672194957733, 0.09907583892345428, 0.0024970665108412504]], 'pred_prompt': ['What is the most likely microscopy submodality used to acquire this image? brightfield microscopy']}",2.0,,,,,
subdomain,"['What is the most likely subfield of study this micrograph would be used for? cardiovascular pathology', 'What is the most likely subfield of study this micrograph would be used for? bone and soft tissue pathology', 'What is the most likely subfield of study this micrograph would be used for? autopsy pathology', 'What is the most likely subfield of study this micrograph would be used for? neuropathology', 'What is the most likely subfield of study this micrograph would be used for? pediatric pathology', 'What is the most likely subfield of study this micrograph would be used for? none of the above']",40713a87-6f77-4cf0-8b2f-cdba4f2e7d04,cardiovascular pathology,0,"{'pred': [0], 'probs': [[0.5273997783660889, 0.34183982014656067, 0.1180787906050682, 0.0037011324893683195, 0.005548073444515467, 0.00343242846429348]], 'pred_prompt': ['What is the most likely subfield of study this micrograph would be used for? cardiovascular pathology']}",2.0,,,,,
subdomain,"['What is the most likely subfield of study this micrograph would be used for? ophthalmic pathology', 'What is the most likely subfield of study this micrograph would be used for? clinical pathology', 'What is the most likely subfield of study this micrograph would be used for? cardiovascular pathology', 'What is the most likely subfield of study this micrograph would be used for? blood banking and transfusion medicine', 'What is the most likely subfield of study this micrograph would be used for? gynecologic pathology', 'What is the most likely subfield of study this micrograph would be used for? none of the above']",d33a1f02-688d-4b22-ae80-c314e884fec8,cardiovascular pathology,2,"{'pred': [1], 'probs': [[0.002755086636170745, 0.5513250827789307, 0.3067556321620941, 0.0001478625345043838, 0.1294635832309723, 0.009552743285894394]], 'pred_prompt': ['What is the most likely subfield of study this micrograph would be used for? clinical pathology']}",2.0,,,,,
domain,"['What is the most likely field of study this micrograph would be used for? dermatology', 'What is the most likely field of study this micrograph would be used for? ophthalmology', 'What is the most likely field of study this micrograph would be used for? pathology', 'What is the most likely field of study this micrograph would be used for? biology', 'What is the most likely field of study this micrograph would be used for? radiology', 'What is the most likely field of study this micrograph would be used for? none of the above']",feb8e438-009e-4749-b866-5d4cb65250fc,pathology,2,"{'pred': [2], 'probs': [[0.0005444397102110088, 2.192274587287102e-05, 0.8515163660049438, 0.11209481209516525, 0.0004610872420016676, 0.035361383110284805]], 'pred_prompt': ['What is the most likely field of study this micrograph would be used for? pathology']}",2.0,,,,,
stain,"['What is the most likely technique used to stain this micrograph? Masson Trichrome', 'What is the most likely technique used to stain this micrograph? Gram', 'What is the most likely technique used to stain this micrograph? IHC(HDab)', 'What is the most likely technique used to stain this micrograph? H&E', 'What is the most likely technique used to stain this micrograph? IHC(Red)', 'What is the most likely technique used to stain this micrograph? none of the above']",e103eb23-af36-4d8c-ac88-3ce02c42b711,H&E,3,"{'pred': [3], 'probs': [[0.3238934874534607, 0.00023410662834066898, 0.03851783275604248, 0.4328787326812744, 0.13258227705955505, 0.07189355790615082]], 'pred_prompt': ['What is the most likely technique used to stain this micrograph? H&E']}",2.0,,,,,
modality,"['What is the most likely microscopy modality used to acquire this image? fluorescence microscopy', 'What is the most likely microscopy modality used to acquire this image? light microscopy', 'What is the most likely microscopy modality used to acquire this image? electron microscopy', 'What is the most likely microscopy modality used to acquire this image? none of the above']",9c6880e2-378d-4748-8b04-988bb647a572,light microscopy,1,"{'pred': [2], 'probs': [[0.005562751088291407, 0.22567667067050934, 0.7313612103462219, 0.03739931434392929]], 'pred_prompt': ['What is the most likely microscopy modality used to acquire this image? electron microscopy']}",2.0,,,,,
modality,"['What is the most likely microscopy modality used to acquire this image? light microscopy', 'What is the most likely microscopy modality used to acquire this image? fluorescence microscopy', 'What is the most likely microscopy modality used to acquire this image? electron microscopy', 'What is the most likely microscopy modality used to acquire this image? none of the above']",e06ed3fb-e01b-4e4f-a3f0-d848ad36064d,light microscopy,0,"{'pred': [2], 'probs': [[0.2800585925579071, 0.004161875229328871, 0.6427445411682129, 0.07303500175476074]], 'pred_prompt': ['What is the most likely microscopy modality used to acquire this image? electron microscopy']}",2.0,,,,,
stain,"['What is the most likely technique used to stain this micrograph? PAS', 'What is the most likely technique used to stain this micrograph? Alcian Blue', 'What is the most likely technique used to stain this micrograph? Masson Trichrome', 'What is the most likely technique used to stain this micrograph? H&E', 'What is the most likely technique used to stain this micrograph? Basic fuchsin', 'What is the most likely technique used to stain this micrograph? none of the above']",6674878a-9d2f-46ac-9a2f-1e5425c288ec,H&E,3,"{'pred': [3], 'probs': [[0.010953259654343128, 0.010464440099895, 0.060664255172014236, 0.8509891033172607, 0.034009579569101334, 0.03291935846209526]], 'pred_prompt': ['What is the most likely technique used to stain this micrograph? H&E']}",2.0,,,,,
domain,"['What is the most likely field of study this micrograph would be used for? ophthalmology', 'What is the most likely field of study this micrograph would be used for? biology', 'What is the most likely field of study this micrograph would be used for? cytology', 'What is the most likely field of study this micrograph would be used for? pathology', 'What is the most likely field of study this micrograph would be used for? dermatology', 'What is the most likely field of study this micrograph would be used for? none of the above']",acaba556-ee66-4f39-87f5-770bb30dbab3,pathology,3,"{'pred': [3], 'probs': [[6.591704732272774e-05, 0.23249973356723785, 0.00375658948905766, 0.6550083756446838, 0.000619123806245625, 0.10805027186870575]], 'pred_prompt': ['What is the most likely field of study this micrograph would be used for? pathology']}",2.0,,,,,
subdomain,"['What is the most likely subfield of study this micrograph would be used for? cardiovascular pathology', 'What is the most likely subfield of study this micrograph would be used for? genitourinary pathology', 'What is the most likely subfield of study this micrograph would be used for? pancreatic pathology', 'What is the most likely subfield of study this micrograph would be used for? pulmonary and pleural pathology', 'What is the most likely subfield of study this micrograph would be used for? endocrine pathology', 'What is the most likely subfield of study this micrograph would be used for? none of the above']",fdc9c800-133c-4c31-b987-962dd38ed3d1,cardiovascular pathology,0,"{'pred': [4], 'probs': [[0.26695773005485535, 0.0017098021926358342, 0.0252512339502573, 0.028224268928170204, 0.6727208495140076, 0.005136110354214907]], 'pred_prompt': ['What is the most likely subfield of study this micrograph would be used for? endocrine pathology']}",2.0,,,,,
stain,"['What is the most likely technique used to stain this micrograph? synthetic', 'What is the most likely technique used to stain this micrograph? H&E', 'What is the most likely technique used to stain this micrograph? Papanicolaou', 'What is the most likely technique used to stain this micrograph? Basic fuchsin', 'What is the most likely technique used to stain this micrograph? Giemsa', 'What is the most likely technique used to stain this micrograph? none of the above']",5252680e-c437-4155-af47-d38659e8dd68,H&E,1,"{'pred': [0], 'probs': [[0.6243555545806885, 0.3122538626194, 0.00016334863903466612, 0.0076567926444113255, 2.1464926248881966e-05, 0.05554899945855141]], 'pred_prompt': ['What is the most likely technique used to stain this micrograph? synthetic']}",2.0,,,,,
domain,"['What is the most likely field of study this micrograph would be used for? pathology', 'What is the most likely field of study this micrograph would be used for? cytology', 'What is the most likely field of study this micrograph would be used for? ophthalmology', 'What is the most likely field of study this micrograph would be used for? biology', 'What is the most likely field of study this micrograph would be used for? dermatology', 'What is the most likely field of study this micrograph would be used for? none of the above']",c25da49a-067e-402b-9747-c306e68f4ff7,pathology,0,"{'pred': [0], 'probs': [[0.788876473903656, 0.005913389381021261, 0.00025050173280760646, 0.15001364052295685, 0.004067163448780775, 0.05087881162762642]], 'pred_prompt': ['What is the most likely field of study this micrograph would be used for? pathology']}",2.0,,,,,
stain,"['What is the most likely technique used to stain this micrograph? IHC(Red)', 'What is the most likely technique used to stain this micrograph? None', 'What is the most likely technique used to stain this micrograph? H&E', 'What is the most likely technique used to stain this micrograph? PAS', 'What is the most likely technique used to stain this micrograph? synthetic', 'What is the most likely technique used to stain this micrograph? none of the above']",b43cd5da-1725-477a-b264-c2e78d688fce,H&E,2,"{'pred': [2], 'probs': [[0.013956698589026928, 0.036797940731048584, 0.44496163725852966, 0.07891112565994263, 0.3536706566810608, 0.07170196622610092]], 'pred_prompt': ['What is the most likely technique used to stain this micrograph? H&E']}",2.0,,,,,
modality,"['What is the most likely microscopy modality used to acquire this image? light microscopy', 'What is the most likely microscopy modality used to acquire this image? electron microscopy', 'What is the most likely microscopy modality used to acquire this image? fluorescence microscopy', 'What is the most likely microscopy modality used to acquire this image? none of the above']",de5d4177-e409-4bdf-a9a8-8b42e2967051,light microscopy,0,"{'pred': [1], 'probs': [[0.34065455198287964, 0.5388367176055908, 0.009232728742063046, 0.11127597093582153]], 'pred_prompt': ['What is the most likely microscopy modality used to acquire this image? electron microscopy']}",2.0,,,,,
domain,"['What is the most likely field of study this micrograph would be used for? dermatology', 'What is the most likely field of study this micrograph would be used for? radiology', 'What is the most likely field of study this micrograph would be used for? cytology', 'What is the most likely field of study this micrograph would be used for? pathology', 'What is the most likely field of study this micrograph would be used for? biology', 'What is the most likely field of study this micrograph would be used for? none of the above']",4815e666-1be1-4a3d-b062-b0ac4150a6f3,pathology,3,"{'pred': [3], 'probs': [[0.0006001432193443179, 0.005376420449465513, 0.004718259442597628, 0.553337574005127, 0.2725643515586853, 0.1634031981229782]], 'pred_prompt': ['What is the most likely field of study this micrograph would be used for? pathology']}",2.0,,,,,
submodality,"['What is the most likely microscopy submodality used to acquire this image? polarized light microscopy', 'What is the most likely microscopy submodality used to acquire this image? differential interference contrast microscopy', 'What is the most likely microscopy submodality used to acquire this image? synthetic', 'What is the most likely microscopy submodality used to acquire this image? phase contrast microscopy', 'What is the most likely microscopy submodality used to acquire this image? brightfield microscopy', 'What is the most likely microscopy submodality used to acquire this image? none of the above']",2e492bf9-190d-4532-b546-93cc4b99fa0d,brightfield microscopy,4,"{'pred': [0], 'probs': [[0.45118656754493713, 0.06579840183258057, 0.02459227293729782, 0.2346607893705368, 0.21712099015712738, 0.006640949752181768]], 'pred_prompt': ['What is the most likely microscopy submodality used to acquire this image? polarized light microscopy']}",2.0,,,,,
subdomain,"['What is the most likely subfield of study this micrograph would be used for? blood banking and transfusion medicine', 'What is the most likely subfield of study this micrograph would be used for? autopsy pathology', 'What is the most likely subfield of study this micrograph would be used for? surgical pathology', 'What is the most likely subfield of study this micrograph would be used for? cardiovascular pathology', 'What is the most likely subfield of study this micrograph would be used for? pediatric pathology', 'What is the most likely subfield of study this micrograph would be used for? none of the above']",264dfb78-a7ce-4a07-8003-5f3196b7ac44,cardiovascular pathology,3,"{'pred': [3], 'probs': [[0.0008489294559694827, 0.27388495206832886, 0.04578561335802078, 0.6537819504737854, 0.015299824997782707, 0.010398747399449348]], 'pred_prompt': ['What is the most likely subfield of study this micrograph would be used for? cardiovascular pathology']}",2.0,,,,,
domain,"['What is the most likely field of study this micrograph would be used for? biology', 'What is the most likely field of study this micrograph would be used for? radiology', 'What is the most likely field of study this micrograph would be used for? ophthalmology', 'What is the most likely field of study this micrograph would be used for? cytology', 'What is the most likely field of study this micrograph would be used for? pathology', 'What is the most likely field of study this micrograph would be used for? none of the above']",5c620f8f-80f8-4dc3-8a30-be4b25e9aa25,pathology,4,"{'pred': [4], 'probs': [[0.08591432869434357, 0.0005106500466354191, 0.00013977366324979812, 0.000675093790050596, 0.8289850354194641, 0.08377523720264435]], 'pred_prompt': ['What is the most likely field of study this micrograph would be used for? pathology']}",2.0,,,,,
modality,"['What is the most likely microscopy modality used to acquire this image? fluorescence microscopy', 'What is the most likely microscopy modality used to acquire this image? electron microscopy', 'What is the most likely microscopy modality used to acquire this image? light microscopy', 'What is the most likely microscopy modality used to acquire this image? none of the above']",d9af0f02-0142-4ff5-9095-43a9fa0f71ce,light microscopy,2,"{'pred': [2], 'probs': [[0.006585398223251104, 0.06626767665147781, 0.8598445057868958, 0.06730238348245621]], 'pred_prompt': ['What is the most likely microscopy modality used to acquire this image? light microscopy']}",2.0,,,,,
subdomain,"['What is the most likely subfield of study this micrograph would be used for? neuropathology', 'What is the most likely subfield of study this micrograph would be used for? surgical pathology', 'What is the most likely subfield of study this micrograph would be used for? hepatobiliary pathology', 'What is the most likely subfield of study this micrograph would be used for? cardiovascular pathology', 'What is the most likely subfield of study this micrograph would be used for? oral pathology', 'What is the most likely subfield of study this micrograph would be used for? none of the above']",76639c47-6192-4a64-b4fd-3a9851a9a77e,cardiovascular pathology,3,"{'pred': [3], 'probs': [[0.033503010869026184, 0.17657314240932465, 0.003038902534171939, 0.7250269055366516, 0.0016745992470532656, 0.060183439403772354]], 'pred_prompt': ['What is the most likely subfield of study this micrograph would be used for? cardiovascular pathology']}",2.0,,,,,
modality,"['What is the most likely microscopy modality used to acquire this image? light microscopy', 'What is the most likely microscopy modality used to acquire this image? fluorescence microscopy', 'What is the most likely microscopy modality used to acquire this image? electron microscopy', 'What is the most likely microscopy modality used to acquire this image? none of the above']",43516f41-8014-4d4a-a5f9-b0c21fb2b599,light microscopy,0,"{'pred': [0], 'probs': [[0.5533286929130554, 0.01296902447938919, 0.2428099364042282, 0.19089238345623016]], 'pred_prompt': ['What is the most likely microscopy modality used to acquire this image? light microscopy']}",2.0,,,,,
stain,"['What is the most likely technique used to stain this micrograph? H&E', 'What is the most likely technique used to stain this micrograph? Toluidine Blue', 'What is the most likely technique used to stain this micrograph? Gram', 'What is the most likely technique used to stain this micrograph? Papanicolaou', 'What is the most likely technique used to stain this micrograph? Congo Red', 'What is the most likely technique used to stain this micrograph? none of the above']",8e5090f5-9e5f-4d6e-873f-97fcb7c311ca,H&E,0,"{'pred': [0], 'probs': [[0.8347747325897217, 0.00030421081464737654, 0.018401220440864563, 0.0001250580680789426, 0.02265777438879013, 0.1237369179725647]], 'pred_prompt': ['What is the most likely technique used to stain this micrograph? H&E']}",2.0,,,,,
subdomain,"['What is the most likely subfield of study this micrograph would be used for? blood banking and transfusion medicine', 'What is the most likely subfield of study this micrograph would be used for? nephropathology', 'What is the most likely subfield of study this micrograph would be used for? neuropathology', 'What is the most likely subfield of study this micrograph would be used for? cardiovascular pathology', 'What is the most likely subfield of study this micrograph would be used for? pulmonary and pleural pathology', 'What is the most likely subfield of study this micrograph would be used for? none of the above']",14b11a8e-c064-4ce1-9b01-92b33107385c,cardiovascular pathology,3,"{'pred': [3], 'probs': [[8.015669300220907e-05, 0.3375970423221588, 0.012903964146971703, 0.5601862668991089, 0.07427715510129929, 0.01495541911572218]], 'pred_prompt': ['What is the most likely subfield of study this micrograph would be used for? cardiovascular pathology']}",2.0,,,,,
stain,"['What is the most likely technique used to stain this micrograph? Masson Trichrome', 'What is the most likely technique used to stain this micrograph? Wright-Giemsa', 'What is the most likely technique used to stain this micrograph? Alcian Blue', 'What is the most likely technique used to stain this micrograph? IHC(HDab)', 'What is the most likely technique used to stain this micrograph? H&E', 'What is the most likely technique used to stain this micrograph? none of the above']",99981e41-8a53-48e6-ae92-28ff12962fe6,H&E,4,"{'pred': [0], 'probs': [[0.8470545411109924, 1.588314901823651e-08, 0.1001223474740982, 0.0005883863195776939, 0.02834019996225834, 0.0238945372402668]], 'pred_prompt': ['What is the most likely technique used to stain this micrograph? Masson Trichrome']}",2.0,,,,,
subdomain,"['What is the most likely subfield of study this micrograph would be used for? infectious disease pathology', 'What is the most likely subfield of study this micrograph would be used for? gastrointestinal pathology', 'What is the most likely subfield of study this micrograph would be used for? head and neck pathology', 'What is the most likely subfield of study this micrograph would be used for? cardiovascular pathology', 'What is the most likely subfield of study this micrograph would be used for? pancreatic pathology', 'What is the most likely subfield of study this micrograph would be used for? none of the above']",99981e41-8a53-48e6-ae92-28ff12962fe6,cardiovascular pathology,3,"{'pred': [3], 'probs': [[0.01224907860159874, 0.0008569206693209708, 0.07390648871660233, 0.8299539089202881, 0.0503893680870533, 0.03264421224594116]], 'pred_prompt': ['What is the most likely subfield of study this micrograph would be used for? cardiovascular pathology']}",2.0,,,,,
stain,"['What is the most likely technique used to stain this micrograph? Alcian Blue', 'What is the most likely technique used to stain this micrograph? H&E', 'What is the most likely technique used to stain this micrograph? PAS', 'What is the most likely technique used to stain this micrograph? None', 'What is the most likely technique used to stain this micrograph? Masson Trichrome', 'What is the most likely technique used to stain this micrograph? none of the above']",adecede6-3a64-4634-be1a-20364b632c3e,H&E,1,"{'pred': [1], 'probs': [[0.02510705031454563, 0.5992882251739502, 0.08192622661590576, 0.031038153916597366, 0.10832533240318298, 0.1543150246143341]], 'pred_prompt': ['What is the most likely technique used to stain this micrograph? H&E']}",2.0,,,,,
stain,"['What is the most likely technique used to stain this micrograph? Congo Red', 'What is the most likely technique used to stain this micrograph? PAS', 'What is the most likely technique used to stain this micrograph? synthetic', 'What is the most likely technique used to stain this micrograph? H&E', 'What is the most likely technique used to stain this micrograph? Basic fuchsin', 'What is the most likely technique used to stain this micrograph? none of the above']",b0e0807b-1c40-4b54-ac15-70dea2ba32e7,H&E,3,"{'pred': [2], 'probs': [[0.00660954974591732, 0.10317976027727127, 0.6364609599113464, 0.13975247740745544, 0.07046765089035034, 0.043529607355594635]], 'pred_prompt': ['What is the most likely technique used to stain this micrograph? synthetic']}",2.0,,,,,
stain,"['What is the most likely technique used to stain this micrograph? Congo Red', 'What is the most likely technique used to stain this micrograph? Wright-Giemsa', 'What is the most likely technique used to stain this micrograph? H&E', 'What is the most likely technique used to stain this micrograph? Papanicolaou', 'What is the most likely technique used to stain this micrograph? Masson Trichrome', 'What is the most likely technique used to stain this micrograph? none of the above']",f17faa97-b7e6-459b-a874-6a6ac7e9a5c1,H&E,2,"{'pred': [2], 'probs': [[0.0002185544726671651, 3.5564337963478465e-07, 0.6451593041419983, 4.733654350275174e-05, 0.30152884125709534, 0.053045645356178284]], 'pred_prompt': ['What is the most likely technique used to stain this micrograph? H&E']}",2.0,,,,,
stain,"['What is the most likely technique used to stain this micrograph? Alcian Blue', 'What is the most likely technique used to stain this micrograph? H&E', 'What is the most likely technique used to stain this micrograph? Congo Red', 'What is the most likely technique used to stain this micrograph? Toluidine Blue', 'What is the most likely technique used to stain this micrograph? Gram', 'What is the most likely technique used to stain this micrograph? none of the above']",cfbed959-b51e-4d8d-a079-933c9abf7bdc,H&E,1,"{'pred': [1], 'probs': [[0.10879036784172058, 0.8505718111991882, 0.0015855449018999934, 0.00048323284136131406, 0.004490494728088379, 0.034078530967235565]], 'pred_prompt': ['What is the most likely technique used to stain this micrograph? H&E']}",2.0,,,,,
domain,"['What is the most likely field of study this micrograph would be used for? radiology', 'What is the most likely field of study this micrograph would be used for? cytology', 'What is the most likely field of study this micrograph would be used for? ophthalmology', 'What is the most likely field of study this micrograph would be used for? dermatology', 'What is the most likely field of study this micrograph would be used for? pathology', 'What is the most likely field of study this micrograph would be used for? none of the above']",6b85b823-fcec-46a2-a3d5-7c9e0a791f22,pathology,4,"{'pred': [4], 'probs': [[0.007857901975512505, 0.005358572583645582, 2.1687599655706435e-05, 0.0013562607346102595, 0.950000524520874, 0.035404983907938004]], 'pred_prompt': ['What is the most likely field of study this micrograph would be used for? pathology']}",2.0,,,,,
submodality,"['What is the most likely microscopy submodality used to acquire this image? synthetic', 'What is the most likely microscopy submodality used to acquire this image? phase contrast microscopy', 'What is the most likely microscopy submodality used to acquire this image? polarized light microscopy', 'What is the most likely microscopy submodality used to acquire this image? differential interference contrast microscopy', 'What is the most likely microscopy submodality used to acquire this image? brightfield microscopy', 'What is the most likely microscopy submodality used to acquire this image? none of the above']",57be332e-571d-43f2-9e83-4f2a1c047fb5,brightfield microscopy,4,"{'pred': [2], 'probs': [[0.0025555056054145098, 0.1416538953781128, 0.7002876996994019, 0.012357977218925953, 0.14065881073474884, 0.002486100886017084]], 'pred_prompt': ['What is the most likely microscopy submodality used to acquire this image? polarized light microscopy']}",2.0,,,,,
stain,"['What is the most likely technique used to stain this micrograph? IHC(HDab)', 'What is the most likely technique used to stain this micrograph? Giemsa', 'What is the most likely technique used to stain this micrograph? Wright-Giemsa', 'What is the most likely technique used to stain this micrograph? H&E', 'What is the most likely technique used to stain this micrograph? Congo Red', 'What is the most likely technique used to stain this micrograph? none of the above']",70a9648b-313e-44fb-a557-d2b7c7307216,H&E,3,"{'pred': [3], 'probs': [[0.004142739810049534, 1.8118716980097815e-05, 1.6152155524196132e-07, 0.9466300010681152, 0.0007449627737514675, 0.048464056104421616]], 'pred_prompt': ['What is the most likely technique used to stain this micrograph? H&E']}",2.0,,,,,
subdomain,"['What is the most likely subfield of study this micrograph would be used for? cardiovascular pathology', 'What is the most likely subfield of study this micrograph would be used for? neuropathology', 'What is the most likely subfield of study this micrograph would be used for? bone and soft tissue pathology', 'What is the most likely subfield of study this micrograph would be used for? clinical pathology', 'What is the most likely subfield of study this micrograph would be used for? blood banking and transfusion medicine', 'What is the most likely subfield of study this micrograph would be used for? none of the above']",411450e0-279b-4b6b-9b61-52768bc9261f,cardiovascular pathology,0,"{'pred': [0], 'probs': [[0.7292119860649109, 0.0050400313921272755, 0.2248024195432663, 0.034490156918764114, 0.00012237649934832007, 0.0063330684788525105]], 'pred_prompt': ['What is the most likely subfield of study this micrograph would be used for? cardiovascular pathology']}",2.0,,,,,
stain,"['What is the most likely technique used to stain this micrograph? Wright-Giemsa', 'What is the most likely technique used to stain this micrograph? Ziehl-Neelsen', 'What is the most likely technique used to stain this micrograph? H&E', 'What is the most likely technique used to stain this micrograph? Toluidine Blue', 'What is the most likely technique used to stain this micrograph? Papanicolaou', 'What is the most likely technique used to stain this micrograph? none of the above']",78b3bb11-be81-4486-8036-424822e3086d,H&E,2,"{'pred': [2], 'probs': [[2.4734328007980366e-07, 0.09598919004201889, 0.8941038846969604, 0.00013447274977806956, 0.00051957240793854, 0.009252567775547504]], 'pred_prompt': ['What is the most likely technique used to stain this micrograph? H&E']}",2.0,,,,,
stain,"['What is the most likely technique used to stain this micrograph? Gram', 'What is the most likely technique used to stain this micrograph? Alcian Blue', 'What is the most likely technique used to stain this micrograph? Masson Trichrome', 'What is the most likely technique used to stain this micrograph? IHC(HDab)', 'What is the most likely technique used to stain this micrograph? H&E', 'What is the most likely technique used to stain this micrograph? none of the above']",a332330b-b9fb-4c99-a101-b8b9561526d7,H&E,4,"{'pred': [4], 'probs': [[0.0027458076365292072, 0.17304730415344238, 0.06555444002151489, 0.04862281680107117, 0.587392270565033, 0.1226373091340065]], 'pred_prompt': ['What is the most likely technique used to stain this micrograph? H&E']}",2.0,,,,,
domain,"['What is the most likely field of study this micrograph would be used for? biology', 'What is the most likely field of study this micrograph would be used for? pathology', 'What is the most likely field of study this micrograph would be used for? cytology', 'What is the most likely field of study this micrograph would be used for? radiology', 'What is the most likely field of study this micrograph would be used for? ophthalmology', 'What is the most likely field of study this micrograph would be used for? none of the above']",e97d9dcf-e647-4da0-8b3a-b955ea5dfd79,pathology,1,"{'pred': [1], 'probs': [[0.06178306043148041, 0.8603375554084778, 0.0105288689956069, 0.013945345766842365, 0.0007205056608654559, 0.0526847243309021]], 'pred_prompt': ['What is the most likely field of study this micrograph would be used for? pathology']}",2.0,,,,,
domain,"['What is the most likely field of study this micrograph would be used for? pathology', 'What is the most likely field of study this micrograph would be used for? radiology', 'What is the most likely field of study this micrograph would be used for? biology', 'What is the most likely field of study this micrograph would be used for? dermatology', 'What is the most likely field of study this micrograph would be used for? cytology', 'What is the most likely field of study this micrograph would be used for? none of the above']",0722919e-d9e9-497c-9dda-368ba4d2c4ee,pathology,0,"{'pred': [0], 'probs': [[0.5250771641731262, 0.002817397704347968, 0.3738434314727783, 0.0002700666373129934, 0.0038859436754137278, 0.09410597383975983]], 'pred_prompt': ['What is the most likely field of study this micrograph would be used for? pathology']}",2.0,,,,,
subdomain,"['What is the most likely subfield of study this micrograph would be used for? neuropathology', 'What is the most likely subfield of study this micrograph would be used for? forensic pathology', 'What is the most likely subfield of study this micrograph would be used for? gynecologic pathology', 'What is the most likely subfield of study this micrograph would be used for? cardiovascular pathology', 'What is the most likely subfield of study this micrograph would be used for? oral pathology', 'What is the most likely subfield of study this micrograph would be used for? none of the above']",af7b023e-3a59-4f2a-a2c1-f728312ea44d,cardiovascular pathology,3,"{'pred': [1], 'probs': [[0.10829665511846542, 0.2589570879936218, 0.23635360598564148, 0.1857118308544159, 0.012816584669053555, 0.19786424934864044]], 'pred_prompt': ['What is the most likely subfield of study this micrograph would be used for? forensic pathology']}",2.0,,,,,
domain,"['What is the most likely field of study this micrograph would be used for? cytology', 'What is the most likely field of study this micrograph would be used for? ophthalmology', 'What is the most likely field of study this micrograph would be used for? radiology', 'What is the most likely field of study this micrograph would be used for? pathology', 'What is the most likely field of study this micrograph would be used for? dermatology', 'What is the most likely field of study this micrograph would be used for? none of the above']",4ab0f7f2-4029-49a6-ba23-16362de9f986,pathology,3,"{'pred': [3], 'probs': [[0.0026994897052645683, 5.52380588487722e-05, 0.0007566355634480715, 0.9757041931152344, 0.001211214461363852, 0.019573304802179337]], 'pred_prompt': ['What is the most likely field of study this micrograph would be used for? pathology']}",2.0,,,,,
modality,"['What is the most likely microscopy modality used to acquire this image? electron microscopy', 'What is the most likely microscopy modality used to acquire this image? fluorescence microscopy', 'What is the most likely microscopy modality used to acquire this image? light microscopy', 'What is the most likely microscopy modality used to acquire this image? none of the above']",9e06eb11-b8ff-4bb4-813b-6d59a279b19d,light microscopy,2,"{'pred': [0], 'probs': [[0.5997403860092163, 0.006843948271125555, 0.33229902386665344, 0.06111660227179527]], 'pred_prompt': ['What is the most likely microscopy modality used to acquire this image? electron microscopy']}",2.0,,,,,
subdomain,"['What is the most likely subfield of study this micrograph would be used for? infectious disease pathology', 'What is the most likely subfield of study this micrograph would be used for? forensic pathology', 'What is the most likely subfield of study this micrograph would be used for? pulmonary and pleural pathology', 'What is the most likely subfield of study this micrograph would be used for? blood banking and transfusion medicine', 'What is the most likely subfield of study this micrograph would be used for? cardiovascular pathology', 'What is the most likely subfield of study this micrograph would be used for? none of the above']",90725353-0973-4e30-b294-44182876a34d,cardiovascular pathology,4,"{'pred': [4], 'probs': [[0.04576802998781204, 0.3510785698890686, 0.05873146280646324, 0.00188360339961946, 0.4892125725746155, 0.05332577973604202]], 'pred_prompt': ['What is the most likely subfield of study this micrograph would be used for? cardiovascular pathology']}",2.0,,,,,
stain,"['What is the most likely technique used to stain this micrograph? Ziehl-Neelsen', 'What is the most likely technique used to stain this micrograph? Alcian Blue', 'What is the most likely technique used to stain this micrograph? Wright-Giemsa', 'What is the most likely technique used to stain this micrograph? Gram', 'What is the most likely technique used to stain this micrograph? H&E', 'What is the most likely technique used to stain this micrograph? none of the above']",66f962c0-a314-4947-b307-49132d030f75,H&E,4,"{'pred': [4], 'probs': [[0.014949139207601547, 0.04872272163629532, 9.625915481592529e-06, 0.003054308705031872, 0.6827024221420288, 0.25056177377700806]], 'pred_prompt': ['What is the most likely technique used to stain this micrograph? H&E']}",2.0,,,,,
subdomain,"['What is the most likely subfield of study this micrograph would be used for? cardiovascular pathology', 'What is the most likely subfield of study this micrograph would be used for? breast pathology', 'What is the most likely subfield of study this micrograph would be used for? genitourinary pathology', 'What is the most likely subfield of study this micrograph would be used for? neuropathology', 'What is the most likely subfield of study this micrograph would be used for? infectious disease pathology', 'What is the most likely subfield of study this micrograph would be used for? none of the above']",d3390dbf-0827-44ee-8a0b-034099f63a01,cardiovascular pathology,0,"{'pred': [0], 'probs': [[0.801141619682312, 0.007321679033339024, 0.003811892820522189, 0.12929880619049072, 0.04724547639489174, 0.011180530302226543]], 'pred_prompt': ['What is the most likely subfield of study this micrograph would be used for? cardiovascular pathology']}",2.0,,,,,
domain,"['What is the most likely field of study this micrograph would be used for? cytology', 'What is the most likely field of study this micrograph would be used for? ophthalmology', 'What is the most likely field of study this micrograph would be used for? radiology', 'What is the most likely field of study this micrograph would be used for? pathology', 'What is the most likely field of study this micrograph would be used for? dermatology', 'What is the most likely field of study this micrograph would be used for? none of the above']",efa11bea-f61f-4d54-b529-ba5fa2ee7318,pathology,3,"{'pred': [3], 'probs': [[0.0017550871707499027, 0.0002795130421873182, 0.003870484186336398, 0.9038703441619873, 0.07622113078832626, 0.014003435149788857]], 'pred_prompt': ['What is the most likely field of study this micrograph would be used for? pathology']}",2.0,,,,,
submodality,"['What is the most likely microscopy submodality used to acquire this image? polarized light microscopy', 'What is the most likely microscopy submodality used to acquire this image? differential interference contrast microscopy', 'What is the most likely microscopy submodality used to acquire this image? phase contrast microscopy', 'What is the most likely microscopy submodality used to acquire this image? brightfield microscopy', 'What is the most likely microscopy submodality used to acquire this image? mixed', 'What is the most likely microscopy submodality used to acquire this image? none of the above']",a424a798-b619-4b9a-8bea-1b029bcf6287,brightfield microscopy,3,"{'pred': [2], 'probs': [[0.361432820558548, 0.041105788201093674, 0.37928080558776855, 0.19285830855369568, 0.017383920028805733, 0.00793834961950779]], 'pred_prompt': ['What is the most likely microscopy submodality used to acquire this image? phase contrast microscopy']}",2.0,,,,,
modality,"['What is the most likely microscopy modality used to acquire this image? electron microscopy', 'What is the most likely microscopy modality used to acquire this image? light microscopy', 'What is the most likely microscopy modality used to acquire this image? fluorescence microscopy', 'What is the most likely microscopy modality used to acquire this image? none of the above']",f49602f4-8ee1-4274-8715-d697c9ad7bb4,light microscopy,1,"{'pred': [1], 'probs': [[0.1911626160144806, 0.6619725823402405, 0.008004057221114635, 0.1388607770204544]], 'pred_prompt': ['What is the most likely microscopy modality used to acquire this image? light microscopy']}",2.0,,,,,
modality,"['What is the most likely microscopy modality used to acquire this image? electron microscopy', 'What is the most likely microscopy modality used to acquire this image? light microscopy', 'What is the most likely microscopy modality used to acquire this image? fluorescence microscopy', 'What is the most likely microscopy modality used to acquire this image? none of the above']",8bfb8d65-4be5-4797-b2db-815e9380821a,light microscopy,1,"{'pred': [1], 'probs': [[0.3973701000213623, 0.4688124358654022, 0.004516619723290205, 0.1293008178472519]], 'pred_prompt': ['What is the most likely microscopy modality used to acquire this image? light microscopy']}",2.0,,,,,
domain,"['What is the most likely field of study this micrograph would be used for? radiology', 'What is the most likely field of study this micrograph would be used for? ophthalmology', 'What is the most likely field of study this micrograph would be used for? pathology', 'What is the most likely field of study this micrograph would be used for? cytology', 'What is the most likely field of study this micrograph would be used for? biology', 'What is the most likely field of study this micrograph would be used for? none of the above']",868ccb4a-eeec-4388-9b73-fc711b2d22d3,pathology,2,"{'pred': [2], 'probs': [[0.0005777020123787224, 0.000978904776275158, 0.910467803478241, 0.002949911169707775, 0.05124666914343834, 0.033778946846723557]], 'pred_prompt': ['What is the most likely field of study this micrograph would be used for? pathology']}",2.0,,,,,
submodality,"['What is the most likely microscopy submodality used to acquire this image? polarized light microscopy', 'What is the most likely microscopy submodality used to acquire this image? synthetic', 'What is the most likely microscopy submodality used to acquire this image? mixed', 'What is the most likely microscopy submodality used to acquire this image? brightfield microscopy', 'What is the most likely microscopy submodality used to acquire this image? darkfield microscopy', 'What is the most likely microscopy submodality used to acquire this image? none of the above']",a6e4ff86-6abf-4b9b-956e-c68e713d8b31,brightfield microscopy,3,"{'pred': [0], 'probs': [[0.7872390151023865, 0.04101478308439255, 0.0513797365128994, 0.07963892072439194, 0.02234639786183834, 0.018381189554929733]], 'pred_prompt': ['What is the most likely microscopy submodality used to acquire this image? polarized light microscopy']}",2.0,,,,,
subdomain,"['What is the most likely subfield of study this micrograph would be used for? dermatopathology', 'What is the most likely subfield of study this micrograph would be used for? cardiovascular pathology', 'What is the most likely subfield of study this micrograph would be used for? endocrine pathology', 'What is the most likely subfield of study this micrograph would be used for? nephropathology', 'What is the most likely subfield of study this micrograph would be used for? forensic pathology', 'What is the most likely subfield of study this micrograph would be used for? none of the above']",0e71b0b8-7955-4c00-bed7-37a1314cf4ee,cardiovascular pathology,1,"{'pred': [0], 'probs': [[0.72955322265625, 0.001897818990983069, 0.01256715040653944, 0.20104946196079254, 0.054616495966911316, 0.00031580522772856057]], 'pred_prompt': ['What is the most likely subfield of study this micrograph would be used for? dermatopathology']}",2.0,,,,,
modality,"['What is the most likely microscopy modality used to acquire this image? electron microscopy', 'What is the most likely microscopy modality used to acquire this image? light microscopy', 'What is the most likely microscopy modality used to acquire this image? fluorescence microscopy', 'What is the most likely microscopy modality used to acquire this image? none of the above']",057bfcf7-803e-4fba-a4e5-af029b1c0f60,light microscopy,1,"{'pred': [1], 'probs': [[0.30393967032432556, 0.6296352744102478, 0.0030384548008441925, 0.06338667869567871]], 'pred_prompt': ['What is the most likely microscopy modality used to acquire this image? light microscopy']}",2.0,,,,,
submodality,"['What is the most likely microscopy submodality used to acquire this image? mixed', 'What is the most likely microscopy submodality used to acquire this image? brightfield microscopy', 'What is the most likely microscopy submodality used to acquire this image? synthetic', 'What is the most likely microscopy submodality used to acquire this image? phase contrast microscopy', 'What is the most likely microscopy submodality used to acquire this image? darkfield microscopy', 'What is the most likely microscopy submodality used to acquire this image? none of the above']",f97bba7e-3582-44da-a899-034710651dea,brightfield microscopy,1,"{'pred': [1], 'probs': [[0.018276788294315338, 0.655261754989624, 0.02118770033121109, 0.24692262709140778, 0.043517231941223145, 0.01483389176428318]], 'pred_prompt': ['What is the most likely microscopy submodality used to acquire this image? brightfield microscopy']}",2.0,,,,,
modality,"['What is the most likely microscopy modality used to acquire this image? fluorescence microscopy', 'What is the most likely microscopy modality used to acquire this image? electron microscopy', 'What is the most likely microscopy modality used to acquire this image? light microscopy', 'What is the most likely microscopy modality used to acquire this image? none of the above']",b0e0807b-1c40-4b54-ac15-70dea2ba32e7,light microscopy,2,"{'pred': [1], 'probs': [[0.006981985177844763, 0.5082051157951355, 0.4336176812648773, 0.05119524523615837]], 'pred_prompt': ['What is the most likely microscopy modality used to acquire this image? electron microscopy']}",2.0,,,,,
modality,"['What is the most likely microscopy modality used to acquire this image? fluorescence microscopy', 'What is the most likely microscopy modality used to acquire this image? electron microscopy', 'What is the most likely microscopy modality used to acquire this image? light microscopy', 'What is the most likely microscopy modality used to acquire this image? none of the above']",c8b0f100-42f5-4703-94c6-a2b88d8a0f76,light microscopy,2,"{'pred': [1], 'probs': [[0.001779612503014505, 0.770229160785675, 0.18559177219867706, 0.04239950701594353]], 'pred_prompt': ['What is the most likely microscopy modality used to acquire this image? electron microscopy']}",2.0,,,,,
stain,"['What is the most likely technique used to stain this micrograph? synthetic', 'What is the most likely technique used to stain this micrograph? H&E', 'What is the most likely technique used to stain this micrograph? Toluidine Blue', 'What is the most likely technique used to stain this micrograph? Ziehl-Neelsen', 'What is the most likely technique used to stain this micrograph? Masson Trichrome', 'What is the most likely technique used to stain this micrograph? none of the above']",9e06eb11-b8ff-4bb4-813b-6d59a279b19d,H&E,1,"{'pred': [0], 'probs': [[0.6462570428848267, 0.08882446587085724, 0.00021351745817810297, 0.004965398460626602, 0.19944341480731964, 0.06029614433646202]], 'pred_prompt': ['What is the most likely technique used to stain this micrograph? synthetic']}",2.0,,,,,
domain,"['What is the most likely field of study this micrograph would be used for? pathology', 'What is the most likely field of study this micrograph would be used for? ophthalmology', 'What is the most likely field of study this micrograph would be used for? dermatology', 'What is the most likely field of study this micrograph would be used for? radiology', 'What is the most likely field of study this micrograph would be used for? cytology', 'What is the most likely field of study this micrograph would be used for? none of the above']",b31d2d49-6f1e-4b56-8c1c-36bc7769cc1b,pathology,0,"{'pred': [0], 'probs': [[0.9447935223579407, 0.00043334101792424917, 0.0042113251984119415, 0.006964072119444609, 0.008152593858540058, 0.03544521704316139]], 'pred_prompt': ['What is the most likely field of study this micrograph would be used for? pathology']}",2.0,,,,,
subdomain,"['What is the most likely subfield of study this micrograph would be used for? endocrine pathology', 'What is the most likely subfield of study this micrograph would be used for? gynecologic pathology', 'What is the most likely subfield of study this micrograph would be used for? genitourinary pathology', 'What is the most likely subfield of study this micrograph would be used for? cardiovascular pathology', 'What is the most likely subfield of study this micrograph would be used for? renal and medical kidney pathology', 'What is the most likely subfield of study this micrograph would be used for? none of the above']",d02fe1cc-44d0-4757-baac-32716f5ab57e,cardiovascular pathology,3,"{'pred': [3], 'probs': [[0.06738351285457611, 0.021680785343050957, 0.000285173679003492, 0.9040663242340088, 0.00011112000356661156, 0.006473152432590723]], 'pred_prompt': ['What is the most likely subfield of study this micrograph would be used for? cardiovascular pathology']}",2.0,,,,,
domain,"['What is the most likely field of study this micrograph would be used for? dermatology', 'What is the most likely field of study this micrograph would be used for? radiology', 'What is the most likely field of study this micrograph would be used for? ophthalmology', 'What is the most likely field of study this micrograph would be used for? pathology', 'What is the most likely field of study this micrograph would be used for? cytology', 'What is the most likely field of study this micrograph would be used for? none of the above']",1f6baeae-9910-48f4-8e72-014983a877b9,pathology,3,"{'pred': [3], 'probs': [[0.0010620621033012867, 0.005449280142784119, 0.0002027305745286867, 0.9061987996101379, 0.005512305069714785, 0.08157484978437424]], 'pred_prompt': ['What is the most likely field of study this micrograph would be used for? pathology']}",2.0,,,,,
submodality,"['What is the most likely microscopy submodality used to acquire this image? brightfield microscopy', 'What is the most likely microscopy submodality used to acquire this image? differential interference contrast microscopy', 'What is the most likely microscopy submodality used to acquire this image? phase contrast microscopy', 'What is the most likely microscopy submodality used to acquire this image? polarized light microscopy', 'What is the most likely microscopy submodality used to acquire this image? mixed', 'What is the most likely microscopy submodality used to acquire this image? none of the above']",e97d9dcf-e647-4da0-8b3a-b955ea5dfd79,brightfield microscopy,0,"{'pred': [3], 'probs': [[0.19704517722129822, 0.013217856176197529, 0.027878746390342712, 0.7549335956573486, 0.005360949318856001, 0.0015636583557352424]], 'pred_prompt': ['What is the most likely microscopy submodality used to acquire this image? polarized light microscopy']}",2.0,,,,,
domain,"['What is the most likely field of study this micrograph would be used for? dermatology', 'What is the most likely field of study this micrograph would be used for? ophthalmology', 'What is the most likely field of study this micrograph would be used for? radiology', 'What is the most likely field of study this micrograph would be used for? cytology', 'What is the most likely field of study this micrograph would be used for? pathology', 'What is the most likely field of study this micrograph would be used for? none of the above']",df4f9fd1-5dec-42e0-aaad-c8748a39ab09,pathology,4,"{'pred': [4], 'probs': [[0.0013692764332517982, 9.508804942015558e-05, 5.5459498980781063e-05, 0.0004595547216013074, 0.8052030205726624, 0.1928175687789917]], 'pred_prompt': ['What is the most likely field of study this micrograph would be used for? pathology']}",2.0,,,,,
domain,"['What is the most likely field of study this micrograph would be used for? dermatology', 'What is the most likely field of study this micrograph would be used for? pathology', 'What is the most likely field of study this micrograph would be used for? cytology', 'What is the most likely field of study this micrograph would be used for? radiology', 'What is the most likely field of study this micrograph would be used for? biology', 'What is the most likely field of study this micrograph would be used for? none of the above']",1723dde8-ec23-4b4d-913d-931f43a459dd,pathology,1,"{'pred': [1], 'probs': [[0.000734147906769067, 0.8013145923614502, 0.0031783725135028362, 0.0014853010652586818, 0.09216421842575073, 0.10112340748310089]], 'pred_prompt': ['What is the most likely field of study this micrograph would be used for? pathology']}",2.0,,,,,
submodality,"['What is the most likely microscopy submodality used to acquire this image? polarized light microscopy', 'What is the most likely microscopy submodality used to acquire this image? phase contrast microscopy', 'What is the most likely microscopy submodality used to acquire this image? differential interference contrast microscopy', 'What is the most likely microscopy submodality used to acquire this image? brightfield microscopy', 'What is the most likely microscopy submodality used to acquire this image? darkfield microscopy', 'What is the most likely microscopy submodality used to acquire this image? none of the above']",380ebb6f-70d5-45e0-bb3f-9dabf5ca46f8,brightfield microscopy,3,"{'pred': [0], 'probs': [[0.7396268844604492, 0.12769684195518494, 0.011208620853722095, 0.09849068522453308, 0.0179496631026268, 0.005027292296290398]], 'pred_prompt': ['What is the most likely microscopy submodality used to acquire this image? polarized light microscopy']}",2.0,,,,,
stain,"['What is the most likely technique used to stain this micrograph? Ziehl-Neelsen', 'What is the most likely technique used to stain this micrograph? Gram', 'What is the most likely technique used to stain this micrograph? Masson Trichrome', 'What is the most likely technique used to stain this micrograph? H&E', 'What is the most likely technique used to stain this micrograph? Papanicolaou', 'What is the most likely technique used to stain this micrograph? none of the above']",88e93f0b-d4eb-4163-8284-e889b5fef439,H&E,3,"{'pred': [3], 'probs': [[0.008802537806332111, 0.0017705258214846253, 0.04445376247167587, 0.8816173672676086, 0.00016954573220573366, 0.06318623572587967]], 'pred_prompt': ['What is the most likely technique used to stain this micrograph? H&E']}",2.0,,,,,
submodality,"['What is the most likely microscopy submodality used to acquire this image? darkfield microscopy', 'What is the most likely microscopy submodality used to acquire this image? brightfield microscopy', 'What is the most likely microscopy submodality used to acquire this image? mixed', 'What is the most likely microscopy submodality used to acquire this image? polarized light microscopy', 'What is the most likely microscopy submodality used to acquire this image? phase contrast microscopy', 'What is the most likely microscopy submodality used to acquire this image? none of the above']",1723dde8-ec23-4b4d-913d-931f43a459dd,brightfield microscopy,1,"{'pred': [3], 'probs': [[0.008561342023313046, 0.12159033119678497, 0.017774855718016624, 0.7750381827354431, 0.06986701488494873, 0.007168252486735582]], 'pred_prompt': ['What is the most likely microscopy submodality used to acquire this image? polarized light microscopy']}",2.0,,,,,
modality,"['What is the most likely microscopy modality used to acquire this image? fluorescence microscopy', 'What is the most likely microscopy modality used to acquire this image? electron microscopy', 'What is the most likely microscopy modality used to acquire this image? light microscopy', 'What is the most likely microscopy modality used to acquire this image? none of the above']",f6bb207f-157b-476a-8298-675af8b71742,light microscopy,2,"{'pred': [1], 'probs': [[0.0013914803275838494, 0.8913533091545105, 0.09416250884532928, 0.013092764653265476]], 'pred_prompt': ['What is the most likely microscopy modality used to acquire this image? electron microscopy']}",2.0,,,,,
stain,"['What is the most likely technique used to stain this micrograph? H&E', 'What is the most likely technique used to stain this micrograph? IHC(Red)', 'What is the most likely technique used to stain this micrograph? Gram', 'What is the most likely technique used to stain this micrograph? Ziehl-Neelsen', 'What is the most likely technique used to stain this micrograph? None', 'What is the most likely technique used to stain this micrograph? none of the above']",5b683f6f-e2d8-4c81-b1d7-4beab203094a,H&E,0,"{'pred': [3], 'probs': [[0.12470684200525284, 0.15252585709095, 0.0003412219521123916, 0.3835581839084625, 0.15842583775520325, 0.18044205009937286]], 'pred_prompt': ['What is the most likely technique used to stain this micrograph? Ziehl-Neelsen']}",2.0,,,,,
modality,"['What is the most likely microscopy modality used to acquire this image? electron microscopy', 'What is the most likely microscopy modality used to acquire this image? light microscopy', 'What is the most likely microscopy modality used to acquire this image? fluorescence microscopy', 'What is the most likely microscopy modality used to acquire this image? none of the above']",4741be1b-9ec4-4e28-a36f-885338f343c1,light microscopy,1,"{'pred': [1], 'probs': [[0.3952236771583557, 0.5224301218986511, 0.0055971224792301655, 0.07674909383058548]], 'pred_prompt': ['What is the most likely microscopy modality used to acquire this image? light microscopy']}",2.0,,,,,
modality,"['What is the most likely microscopy modality used to acquire this image? electron microscopy', 'What is the most likely microscopy modality used to acquire this image? fluorescence microscopy', 'What is the most likely microscopy modality used to acquire this image? light microscopy', 'What is the most likely microscopy modality used to acquire this image? none of the above']",d92f212d-babc-44d2-bfdf-1343074ec869,light microscopy,2,"{'pred': [2], 'probs': [[0.3726350665092468, 0.012655624188482761, 0.4809923768043518, 0.1337168961763382]], 'pred_prompt': ['What is the most likely microscopy modality used to acquire this image? light microscopy']}",2.0,,,,,
domain,"['What is the most likely field of study this micrograph would be used for? dermatology', 'What is the most likely field of study this micrograph would be used for? biology', 'What is the most likely field of study this micrograph would be used for? radiology', 'What is the most likely field of study this micrograph would be used for? cytology', 'What is the most likely field of study this micrograph would be used for? pathology', 'What is the most likely field of study this micrograph would be used for? none of the above']",d59a7f80-764a-4e42-a947-c82062f63f1f,pathology,4,"{'pred': [4], 'probs': [[0.01350204274058342, 0.0654066875576973, 0.002778587630018592, 0.0005571864312514663, 0.8723404407501221, 0.04541516676545143]], 'pred_prompt': ['What is the most likely field of study this micrograph would be used for? pathology']}",2.0,,,,,
modality,"['What is the most likely microscopy modality used to acquire this image? electron microscopy', 'What is the most likely microscopy modality used to acquire this image? fluorescence microscopy', 'What is the most likely microscopy modality used to acquire this image? light microscopy', 'What is the most likely microscopy modality used to acquire this image? none of the above']",8f97f91c-b9ce-4dce-abe9-f322dbf21f2f,light microscopy,2,"{'pred': [2], 'probs': [[0.19008193910121918, 0.01928812451660633, 0.6650976538658142, 0.12553229928016663]], 'pred_prompt': ['What is the most likely microscopy modality used to acquire this image? light microscopy']}",2.0,,,,,
subdomain,"['What is the most likely subfield of study this micrograph would be used for? head and neck pathology', 'What is the most likely subfield of study this micrograph would be used for? cardiovascular pathology', 'What is the most likely subfield of study this micrograph would be used for? renal and medical kidney pathology', 'What is the most likely subfield of study this micrograph would be used for? molecular pathology', 'What is the most likely subfield of study this micrograph would be used for? pulmonary and pleural pathology', 'What is the most likely subfield of study this micrograph would be used for? none of the above']",61aa3a78-4dab-4c5c-b445-95503b4e3366,cardiovascular pathology,1,"{'pred': [1], 'probs': [[0.006942989304661751, 0.576877236366272, 0.00011144694872200489, 0.3435537815093994, 0.062297273427248, 0.01021728664636612]], 'pred_prompt': ['What is the most likely subfield of study this micrograph would be used for? cardiovascular pathology']}",2.0,,,,,
submodality,"['What is the most likely microscopy submodality used to acquire this image? phase contrast microscopy', 'What is the most likely microscopy submodality used to acquire this image? synthetic', 'What is the most likely microscopy submodality used to acquire this image? brightfield microscopy', 'What is the most likely microscopy submodality used to acquire this image? darkfield microscopy', 'What is the most likely microscopy submodality used to acquire this image? polarized light microscopy', 'What is the most likely microscopy submodality used to acquire this image? none of the above']",f89bff5f-ad2d-4b33-90f4-9211c3a78a4c,brightfield microscopy,2,"{'pred': [4], 'probs': [[0.028553292155265808, 0.009230746887624264, 0.23825125396251678, 0.02442162111401558, 0.6966849565505981, 0.0028581449296325445]], 'pred_prompt': ['What is the most likely microscopy submodality used to acquire this image? polarized light microscopy']}",2.0,,,,,
modality,"['What is the most likely microscopy modality used to acquire this image? light microscopy', 'What is the most likely microscopy modality used to acquire this image? electron microscopy', 'What is the most likely microscopy modality used to acquire this image? fluorescence microscopy', 'What is the most likely microscopy modality used to acquire this image? none of the above']",6d34b623-cf41-4b64-ac23-794b1bfca08f,light microscopy,0,"{'pred': [1], 'probs': [[0.3178528845310211, 0.6318034529685974, 0.010608755052089691, 0.03973492607474327]], 'pred_prompt': ['What is the most likely microscopy modality used to acquire this image? electron microscopy']}",2.0,,,,,
submodality,"['What is the most likely microscopy submodality used to acquire this image? phase contrast microscopy', 'What is the most likely microscopy submodality used to acquire this image? polarized light microscopy', 'What is the most likely microscopy submodality used to acquire this image? differential interference contrast microscopy', 'What is the most likely microscopy submodality used to acquire this image? brightfield microscopy', 'What is the most likely microscopy submodality used to acquire this image? mixed', 'What is the most likely microscopy submodality used to acquire this image? none of the above']",f1613597-7edb-4206-b240-514e80084e3e,brightfield microscopy,3,"{'pred': [1], 'probs': [[0.018662136048078537, 0.8357812762260437, 0.004106374457478523, 0.08610573410987854, 0.04761345311999321, 0.007730988785624504]], 'pred_prompt': ['What is the most likely microscopy submodality used to acquire this image? polarized light microscopy']}",2.0,,,,,
modality,"['What is the most likely microscopy modality used to acquire this image? electron microscopy', 'What is the most likely microscopy modality used to acquire this image? fluorescence microscopy', 'What is the most likely microscopy modality used to acquire this image? light microscopy', 'What is the most likely microscopy modality used to acquire this image? none of the above']",90725353-0973-4e30-b294-44182876a34d,light microscopy,2,"{'pred': [2], 'probs': [[0.18137362599372864, 0.011701134033501148, 0.7546157836914062, 0.05230947956442833]], 'pred_prompt': ['What is the most likely microscopy modality used to acquire this image? light microscopy']}",2.0,,,,,
subdomain,"['What is the most likely subfield of study this micrograph would be used for? molecular pathology', 'What is the most likely subfield of study this micrograph would be used for? dermatopathology', 'What is the most likely subfield of study this micrograph would be used for? cardiovascular pathology', 'What is the most likely subfield of study this micrograph would be used for? renal and medical kidney pathology', 'What is the most likely subfield of study this micrograph would be used for? endocrine pathology', 'What is the most likely subfield of study this micrograph would be used for? none of the above']",b86e271a-9e25-4a94-9f2e-c1f8f7cb6a92,cardiovascular pathology,2,"{'pred': [0], 'probs': [[0.7982752919197083, 0.015243888832628727, 0.05996069684624672, 0.0010493014706298709, 0.11002030223608017, 0.0154504906386137]], 'pred_prompt': ['What is the most likely subfield of study this micrograph would be used for? molecular pathology']}",2.0,,,,,
subdomain,"['What is the most likely subfield of study this micrograph would be used for? neuropathology', 'What is the most likely subfield of study this micrograph would be used for? cardiovascular pathology', 'What is the most likely subfield of study this micrograph would be used for? bone and soft tissue pathology', 'What is the most likely subfield of study this micrograph would be used for? renal and medical kidney pathology', 'What is the most likely subfield of study this micrograph would be used for? head and neck pathology', 'What is the most likely subfield of study this micrograph would be used for? none of the above']",e035efd0-fbad-4e2a-afc4-255033cc39b2,cardiovascular pathology,1,"{'pred': [2], 'probs': [[0.07243969291448593, 0.28388211131095886, 0.5954378247261047, 0.002299901098012924, 0.03201599419116974, 0.01392446644604206]], 'pred_prompt': ['What is the most likely subfield of study this micrograph would be used for? bone and soft tissue pathology']}",2.0,,,,,
submodality,"['What is the most likely microscopy submodality used to acquire this image? differential interference contrast microscopy', 'What is the most likely microscopy submodality used to acquire this image? darkfield microscopy', 'What is the most likely microscopy submodality used to acquire this image? brightfield microscopy', 'What is the most likely microscopy submodality used to acquire this image? phase contrast microscopy', 'What is the most likely microscopy submodality used to acquire this image? polarized light microscopy', 'What is the most likely microscopy submodality used to acquire this image? none of the above']",0809836f-af3b-4ce8-932f-8e0792c1b944,brightfield microscopy,2,"{'pred': [4], 'probs': [[0.0363599956035614, 0.030836790800094604, 0.19700391590595245, 0.10143852978944778, 0.616228461265564, 0.018132302910089493]], 'pred_prompt': ['What is the most likely microscopy submodality used to acquire this image? polarized light microscopy']}",2.0,,,,,
stain,"['What is the most likely technique used to stain this micrograph? Congo Red', 'What is the most likely technique used to stain this micrograph? IHC(HDab)', 'What is the most likely technique used to stain this micrograph? PAS', 'What is the most likely technique used to stain this micrograph? Wright-Giemsa', 'What is the most likely technique used to stain this micrograph? H&E', 'What is the most likely technique used to stain this micrograph? none of the above']",f89bff5f-ad2d-4b33-90f4-9211c3a78a4c,H&E,4,"{'pred': [4], 'probs': [[0.0011277742451056838, 0.07724189013242722, 0.29032817482948303, 4.358663773018634e-06, 0.4770788550376892, 0.1542188972234726]], 'pred_prompt': ['What is the most likely technique used to stain this micrograph? H&E']}",2.0,,,,,
domain,"['What is the most likely field of study this micrograph would be used for? pathology', 'What is the most likely field of study this micrograph would be used for? radiology', 'What is the most likely field of study this micrograph would be used for? biology', 'What is the most likely field of study this micrograph would be used for? cytology', 'What is the most likely field of study this micrograph would be used for? dermatology', 'What is the most likely field of study this micrograph would be used for? none of the above']",eb0fa954-84c6-4cee-8cb5-a7b0f39a3720,pathology,0,"{'pred': [0], 'probs': [[0.7940159440040588, 0.0007822595653124154, 0.16294285655021667, 0.001984123606234789, 0.0012025003088638186, 0.03907236084342003]], 'pred_prompt': ['What is the most likely field of study this micrograph would be used for? pathology']}",2.0,,,,,
modality,"['What is the most likely microscopy modality used to acquire this image? fluorescence microscopy', 'What is the most likely microscopy modality used to acquire this image? electron microscopy', 'What is the most likely microscopy modality used to acquire this image? light microscopy', 'What is the most likely microscopy modality used to acquire this image? none of the above']",fc6c3d25-da59-4525-8bca-ecffdf98fb1c,light microscopy,2,"{'pred': [2], 'probs': [[0.003713415702804923, 0.3473685085773468, 0.5639686584472656, 0.08494944125413895]], 'pred_prompt': ['What is the most likely microscopy modality used to acquire this image? light microscopy']}",2.0,,,,,
modality,"['What is the most likely microscopy modality used to acquire this image? light microscopy', 'What is the most likely microscopy modality used to acquire this image? fluorescence microscopy', 'What is the most likely microscopy modality used to acquire this image? electron microscopy', 'What is the most likely microscopy modality used to acquire this image? none of the above']",7864fee6-9902-49d4-9c8b-dd6000bfbad1,light microscopy,0,"{'pred': [0], 'probs': [[0.5887852907180786, 0.007695344276726246, 0.3152198791503906, 0.08829948306083679]], 'pred_prompt': ['What is the most likely microscopy modality used to acquire this image? light microscopy']}",2.0,,,,,
subdomain,"['What is the most likely subfield of study this micrograph would be used for? renal and medical kidney pathology', 'What is the most likely subfield of study this micrograph would be used for? cardiovascular pathology', 'What is the most likely subfield of study this micrograph would be used for? dermatopathology', 'What is the most likely subfield of study this micrograph would be used for? blood banking and transfusion medicine', 'What is the most likely subfield of study this micrograph would be used for? autopsy pathology', 'What is the most likely subfield of study this micrograph would be used for? none of the above']",7e9d37e5-5156-406d-a5a3-9e0f14a4b642,cardiovascular pathology,1,"{'pred': [1], 'probs': [[0.00032139610266312957, 0.7146152853965759, 0.05757490172982216, 0.0002594774414319545, 0.22187334299087524, 0.0053555346094071865]], 'pred_prompt': ['What is the most likely subfield of study this micrograph would be used for? cardiovascular pathology']}",2.0,,,,,
modality,"['What is the most likely microscopy modality used to acquire this image? fluorescence microscopy', 'What is the most likely microscopy modality used to acquire this image? light microscopy', 'What is the most likely microscopy modality used to acquire this image? electron microscopy', 'What is the most likely microscopy modality used to acquire this image? none of the above']",61020bbb-0e0c-4a77-b96d-152f85a34eec,light microscopy,1,"{'pred': [2], 'probs': [[0.0016557498602196574, 0.1780201643705368, 0.7663108706474304, 0.054013222455978394]], 'pred_prompt': ['What is the most likely microscopy modality used to acquire this image? electron microscopy']}",2.0,,,,,
subdomain,"['What is the most likely subfield of study this micrograph would be used for? gastrointestinal pathology', 'What is the most likely subfield of study this micrograph would be used for? pulmonary and pleural pathology', 'What is the most likely subfield of study this micrograph would be used for? pancreatic pathology', 'What is the most likely subfield of study this micrograph would be used for? cardiovascular pathology', 'What is the most likely subfield of study this micrograph would be used for? blood banking and transfusion medicine', 'What is the most likely subfield of study this micrograph would be used for? none of the above']",e6123ea9-6844-46ef-b471-4f4167475740,cardiovascular pathology,3,"{'pred': [3], 'probs': [[0.0005025392165407538, 0.07089284807443619, 0.0029118165839463472, 0.9155429005622864, 0.00046074623242020607, 0.009689177386462688]], 'pred_prompt': ['What is the most likely subfield of study this micrograph would be used for? cardiovascular pathology']}",2.0,,,,,
subdomain,"['What is the most likely subfield of study this micrograph would be used for? renal and medical kidney pathology', 'What is the most likely subfield of study this micrograph would be used for? head and neck pathology', 'What is the most likely subfield of study this micrograph would be used for? bone and soft tissue pathology', 'What is the most likely subfield of study this micrograph would be used for? cardiovascular pathology', 'What is the most likely subfield of study this micrograph would be used for? hepatobiliary pathology', 'What is the most likely subfield of study this micrograph would be used for? none of the above']",b2369518-c2ce-46b0-8516-5bccb13053e8,cardiovascular pathology,3,"{'pred': [3], 'probs': [[0.0003119574976153672, 0.00270927045494318, 0.06600017100572586, 0.9174010753631592, 0.010102610103785992, 0.003474952420219779]], 'pred_prompt': ['What is the most likely subfield of study this micrograph would be used for? cardiovascular pathology']}",2.0,,,,,
subdomain,"['What is the most likely subfield of study this micrograph would be used for? cardiovascular pathology', 'What is the most likely subfield of study this micrograph would be used for? gynecologic pathology', 'What is the most likely subfield of study this micrograph would be used for? genitourinary pathology', 'What is the most likely subfield of study this micrograph would be used for? hepatobiliary pathology', 'What is the most likely subfield of study this micrograph would be used for? pediatric pathology', 'What is the most likely subfield of study this micrograph would be used for? none of the above']",fec1d32a-fefb-4950-9191-cb4e7ab7e4ad,cardiovascular pathology,0,"{'pred': [0], 'probs': [[0.7972202301025391, 0.08907618373632431, 0.004267208278179169, 0.011203550733625889, 0.04991196468472481, 0.04832082241773605]], 'pred_prompt': ['What is the most likely subfield of study this micrograph would be used for? cardiovascular pathology']}",2.0,,,,,
submodality,"['What is the most likely microscopy submodality used to acquire this image? polarized light microscopy', 'What is the most likely microscopy submodality used to acquire this image? differential interference contrast microscopy', 'What is the most likely microscopy submodality used to acquire this image? brightfield microscopy', 'What is the most likely microscopy submodality used to acquire this image? mixed', 'What is the most likely microscopy submodality used to acquire this image? darkfield microscopy', 'What is the most likely microscopy submodality used to acquire this image? none of the above']",b65fb050-c340-419e-bde9-485f6f6c7920,brightfield microscopy,2,"{'pred': [0], 'probs': [[0.7628955245018005, 0.022883426398038864, 0.1576836258172989, 0.021389424800872803, 0.02937466651201248, 0.005773302633315325]], 'pred_prompt': ['What is the most likely microscopy submodality used to acquire this image? polarized light microscopy']}",2.0,,,,,
modality,"['What is the most likely microscopy modality used to acquire this image? electron microscopy', 'What is the most likely microscopy modality used to acquire this image? light microscopy', 'What is the most likely microscopy modality used to acquire this image? fluorescence microscopy', 'What is the most likely microscopy modality used to acquire this image? none of the above']",5c620f8f-80f8-4dc3-8a30-be4b25e9aa25,light microscopy,1,"{'pred': [1], 'probs': [[0.2550855875015259, 0.6634474992752075, 0.005304072517901659, 0.07616286724805832]], 'pred_prompt': ['What is the most likely microscopy modality used to acquire this image? light microscopy']}",2.0,,,,,
stain,"['What is the most likely technique used to stain this micrograph? Toluidine Blue', 'What is the most likely technique used to stain this micrograph? H&E', 'What is the most likely technique used to stain this micrograph? IHC(HDab)', 'What is the most likely technique used to stain this micrograph? synthetic', 'What is the most likely technique used to stain this micrograph? Wright-Giemsa', 'What is the most likely technique used to stain this micrograph? none of the above']",80e08b18-1103-4d99-affb-040ce33a43c2,H&E,1,"{'pred': [3], 'probs': [[0.00019634726049844176, 0.14554204046726227, 0.0018157464219257236, 0.7804630398750305, 8.71582301442686e-07, 0.07198192179203033]], 'pred_prompt': ['What is the most likely technique used to stain this micrograph? synthetic']}",2.0,,,,,
subdomain,"['What is the most likely subfield of study this micrograph would be used for? gastrointestinal pathology', 'What is the most likely subfield of study this micrograph would be used for? breast pathology', 'What is the most likely subfield of study this micrograph would be used for? cardiovascular pathology', 'What is the most likely subfield of study this micrograph would be used for? forensic pathology', 'What is the most likely subfield of study this micrograph would be used for? molecular pathology', 'What is the most likely subfield of study this micrograph would be used for? none of the above']",b392a2a2-e1dd-4093-9d64-96fe61344a62,cardiovascular pathology,2,"{'pred': [4], 'probs': [[0.0002856532228179276, 0.0006756993243470788, 0.4013805389404297, 0.09763766825199127, 0.49397969245910645, 0.006040665321052074]], 'pred_prompt': ['What is the most likely subfield of study this micrograph would be used for? molecular pathology']}",2.0,,,,,
stain,"['What is the most likely technique used to stain this micrograph? Alcian Blue', 'What is the most likely technique used to stain this micrograph? Masson Trichrome', 'What is the most likely technique used to stain this micrograph? synthetic', 'What is the most likely technique used to stain this micrograph? H&E', 'What is the most likely technique used to stain this micrograph? Basic fuchsin', 'What is the most likely technique used to stain this micrograph? none of the above']",d52e9484-2488-44c0-b948-f859c2c4a5ec,H&E,3,"{'pred': [3], 'probs': [[0.028706081211566925, 0.19047649204730988, 0.35241076350212097, 0.3860764801502228, 0.02129567414522171, 0.02103452943265438]], 'pred_prompt': ['What is the most likely technique used to stain this micrograph? H&E']}",2.0,,,,,
submodality,"['What is the most likely microscopy submodality used to acquire this image? mixed', 'What is the most likely microscopy submodality used to acquire this image? phase contrast microscopy', 'What is the most likely microscopy submodality used to acquire this image? darkfield microscopy', 'What is the most likely microscopy submodality used to acquire this image? differential interference contrast microscopy', 'What is the most likely microscopy submodality used to acquire this image? brightfield microscopy', 'What is the most likely microscopy submodality used to acquire this image? none of the above']",03dcd74e-341a-4572-9d29-a414814226c6,brightfield microscopy,4,"{'pred': [4], 'probs': [[0.0908680334687233, 0.2732270658016205, 0.04922998324036598, 0.08156116306781769, 0.48003727197647095, 0.02507649175822735]], 'pred_prompt': ['What is the most likely microscopy submodality used to acquire this image? brightfield microscopy']}",2.0,,,,,
modality,"['What is the most likely microscopy modality used to acquire this image? fluorescence microscopy', 'What is the most likely microscopy modality used to acquire this image? electron microscopy', 'What is the most likely microscopy modality used to acquire this image? light microscopy', 'What is the most likely microscopy modality used to acquire this image? none of the above']",d3390dbf-0827-44ee-8a0b-034099f63a01,light microscopy,2,"{'pred': [1], 'probs': [[0.008252785541117191, 0.6205474138259888, 0.3243459165096283, 0.04685394838452339]], 'pred_prompt': ['What is the most likely microscopy modality used to acquire this image? electron microscopy']}",2.0,,,,,
submodality,"['What is the most likely microscopy submodality used to acquire this image? brightfield microscopy', 'What is the most likely microscopy submodality used to acquire this image? differential interference contrast microscopy', 'What is the most likely microscopy submodality used to acquire this image? darkfield microscopy', 'What is the most likely microscopy submodality used to acquire this image? phase contrast microscopy', 'What is the most likely microscopy submodality used to acquire this image? synthetic', 'What is the most likely microscopy submodality used to acquire this image? none of the above']",4bade762-1265-4d10-889f-e33231410da6,brightfield microscopy,0,"{'pred': [0], 'probs': [[0.417729914188385, 0.14721007645130157, 0.0146346315741539, 0.4051596522331238, 0.013026668690145016, 0.0022390687372535467]], 'pred_prompt': ['What is the most likely microscopy submodality used to acquire this image? brightfield microscopy']}",2.0,,,,,
stain,"['What is the most likely technique used to stain this micrograph? H&E', 'What is the most likely technique used to stain this micrograph? IHC(Red)', 'What is the most likely technique used to stain this micrograph? Papanicolaou', 'What is the most likely technique used to stain this micrograph? None', 'What is the most likely technique used to stain this micrograph? PAS', 'What is the most likely technique used to stain this micrograph? none of the above']",47b98d16-892e-4b58-a79a-2916ba8ea981,H&E,0,"{'pred': [0], 'probs': [[0.6939072608947754, 0.0017146096797659993, 8.805586548987776e-05, 0.015083321370184422, 0.23104941844940186, 0.0581572949886322]], 'pred_prompt': ['What is the most likely technique used to stain this micrograph? H&E']}",2.0,,,,,
submodality,"['What is the most likely microscopy submodality used to acquire this image? mixed', 'What is the most likely microscopy submodality used to acquire this image? polarized light microscopy', 'What is the most likely microscopy submodality used to acquire this image? brightfield microscopy', 'What is the most likely microscopy submodality used to acquire this image? darkfield microscopy', 'What is the most likely microscopy submodality used to acquire this image? synthetic', 'What is the most likely microscopy submodality used to acquire this image? none of the above']",ac4273f8-0ea3-486b-946e-ad153db55c13,brightfield microscopy,2,"{'pred': [1], 'probs': [[0.007301137316972017, 0.8829718828201294, 0.08677250891923904, 0.014137474820017815, 0.0062231384217739105, 0.0025938809849321842]], 'pred_prompt': ['What is the most likely microscopy submodality used to acquire this image? polarized light microscopy']}",2.0,,,,,
modality,"['What is the most likely microscopy modality used to acquire this image? electron microscopy', 'What is the most likely microscopy modality used to acquire this image? fluorescence microscopy', 'What is the most likely microscopy modality used to acquire this image? light microscopy', 'What is the most likely microscopy modality used to acquire this image? none of the above']",789e0321-0542-416f-a916-c5fcacd42a93,light microscopy,2,"{'pred': [0], 'probs': [[0.9066300392150879, 0.0009929243242368102, 0.08718355745077133, 0.005193469114601612]], 'pred_prompt': ['What is the most likely microscopy modality used to acquire this image? electron microscopy']}",2.0,,,,,
domain,"['What is the most likely field of study this micrograph would be used for? cytology', 'What is the most likely field of study this micrograph would be used for? dermatology', 'What is the most likely field of study this micrograph would be used for? ophthalmology', 'What is the most likely field of study this micrograph would be used for? biology', 'What is the most likely field of study this micrograph would be used for? pathology', 'What is the most likely field of study this micrograph would be used for? none of the above']",4b72d91d-4673-4d03-80c8-6183b04a1553,pathology,4,"{'pred': [4], 'probs': [[0.0027770886663347483, 0.005005624610930681, 0.001709632808342576, 0.24917250871658325, 0.5778458714485168, 0.16348925232887268]], 'pred_prompt': ['What is the most likely field of study this micrograph would be used for? pathology']}",2.0,,,,,
domain,"['What is the most likely field of study this micrograph would be used for? ophthalmology', 'What is the most likely field of study this micrograph would be used for? cytology', 'What is the most likely field of study this micrograph would be used for? dermatology', 'What is the most likely field of study this micrograph would be used for? biology', 'What is the most likely field of study this micrograph would be used for? pathology', 'What is the most likely field of study this micrograph would be used for? none of the above']",b935c5c8-b441-49f5-9869-421bf6b36929,pathology,4,"{'pred': [4], 'probs': [[0.0003375210508238524, 0.004876229912042618, 0.002376203890889883, 0.25886380672454834, 0.6452757716178894, 0.0882703959941864]], 'pred_prompt': ['What is the most likely field of study this micrograph would be used for? pathology']}",2.0,,,,,
modality,"['What is the most likely microscopy modality used to acquire this image? light microscopy', 'What is the most likely microscopy modality used to acquire this image? fluorescence microscopy', 'What is the most likely microscopy modality used to acquire this image? electron microscopy', 'What is the most likely microscopy modality used to acquire this image? none of the above']",ffa56ab6-9398-4afa-8abc-c1b243a46601,light microscopy,0,"{'pred': [0], 'probs': [[0.6741685271263123, 0.006659393198788166, 0.2005157321691513, 0.11865636706352234]], 'pred_prompt': ['What is the most likely microscopy modality used to acquire this image? light microscopy']}",2.0,,,,,
modality,"['What is the most likely microscopy modality used to acquire this image? light microscopy', 'What is the most likely microscopy modality used to acquire this image? electron microscopy', 'What is the most likely microscopy modality used to acquire this image? fluorescence microscopy', 'What is the most likely microscopy modality used to acquire this image? none of the above']",f90d42d2-4d86-403f-8912-a172227804a2,light microscopy,0,"{'pred': [0], 'probs': [[0.7753993272781372, 0.1566251814365387, 0.0049935984425246716, 0.06298191845417023]], 'pred_prompt': ['What is the most likely microscopy modality used to acquire this image? light microscopy']}",2.0,,,,,
modality,"['What is the most likely microscopy modality used to acquire this image? electron microscopy', 'What is the most likely microscopy modality used to acquire this image? light microscopy', 'What is the most likely microscopy modality used to acquire this image? fluorescence microscopy', 'What is the most likely microscopy modality used to acquire this image? none of the above']",ef222bfd-4b00-4a75-a83f-720f9357f43e,light microscopy,1,"{'pred': [1], 'probs': [[0.02122882567346096, 0.8991329073905945, 0.00975729525089264, 0.06988100707530975]], 'pred_prompt': ['What is the most likely microscopy modality used to acquire this image? light microscopy']}",2.0,,,,,
subdomain,"['What is the most likely subfield of study this micrograph would be used for? blood banking and transfusion medicine', 'What is the most likely subfield of study this micrograph would be used for? nephropathology', 'What is the most likely subfield of study this micrograph would be used for? ophthalmic pathology', 'What is the most likely subfield of study this micrograph would be used for? autopsy pathology', 'What is the most likely subfield of study this micrograph would be used for? cardiovascular pathology', 'What is the most likely subfield of study this micrograph would be used for? none of the above']",9679ddf5-f986-4c58-a00b-049a98b5293a,cardiovascular pathology,4,"{'pred': [1], 'probs': [[1.54060689965263e-05, 0.7600611448287964, 0.00031888752710074186, 0.07921309769153595, 0.15788722038269043, 0.0025042674969881773]], 'pred_prompt': ['What is the most likely subfield of study this micrograph would be used for? nephropathology']}",2.0,,,,,
modality,"['What is the most likely microscopy modality used to acquire this image? fluorescence microscopy', 'What is the most likely microscopy modality used to acquire this image? light microscopy', 'What is the most likely microscopy modality used to acquire this image? electron microscopy', 'What is the most likely microscopy modality used to acquire this image? none of the above']",0daa520a-606e-475e-8c00-1f7f4884e951,light microscopy,1,"{'pred': [1], 'probs': [[0.0015386834274977446, 0.6269084215164185, 0.3238578736782074, 0.04769492894411087]], 'pred_prompt': ['What is the most likely microscopy modality used to acquire this image? light microscopy']}",2.0,,,,,
domain,"['What is the most likely field of study this micrograph would be used for? radiology', 'What is the most likely field of study this micrograph would be used for? ophthalmology', 'What is the most likely field of study this micrograph would be used for? biology', 'What is the most likely field of study this micrograph would be used for? cytology', 'What is the most likely field of study this micrograph would be used for? pathology', 'What is the most likely field of study this micrograph would be used for? none of the above']",c8b0f100-42f5-4703-94c6-a2b88d8a0f76,pathology,4,"{'pred': [4], 'probs': [[0.00256207212805748, 1.716316728561651e-05, 0.10547272861003876, 0.0014567706966772676, 0.8513893485069275, 0.039101842790842056]], 'pred_prompt': ['What is the most likely field of study this micrograph would be used for? pathology']}",2.0,,,,,
modality,"['What is the most likely microscopy modality used to acquire this image? light microscopy', 'What is the most likely microscopy modality used to acquire this image? electron microscopy', 'What is the most likely microscopy modality used to acquire this image? fluorescence microscopy', 'What is the most likely microscopy modality used to acquire this image? none of the above']",c9e5e017-09c6-40a5-a0b1-bcafecfd854b,light microscopy,0,"{'pred': [0], 'probs': [[0.7478829622268677, 0.12434107065200806, 0.00738184992223978, 0.12039419263601303]], 'pred_prompt': ['What is the most likely microscopy modality used to acquire this image? light microscopy']}",2.0,,,,,
subdomain,"['What is the most likely subfield of study this micrograph would be used for? gastrointestinal pathology', 'What is the most likely subfield of study this micrograph would be used for? clinical pathology', 'What is the most likely subfield of study this micrograph would be used for? molecular pathology', 'What is the most likely subfield of study this micrograph would be used for? bone and soft tissue pathology', 'What is the most likely subfield of study this micrograph would be used for? cardiovascular pathology', 'What is the most likely subfield of study this micrograph would be used for? none of the above']",0a304668-bc79-4428-83e0-bcb09ae55e76,cardiovascular pathology,4,"{'pred': [2], 'probs': [[0.0005415460909716785, 0.12818951904773712, 0.5772526860237122, 0.2116045355796814, 0.0796957015991211, 0.002716042334213853]], 'pred_prompt': ['What is the most likely subfield of study this micrograph would be used for? molecular pathology']}",2.0,,,,,
subdomain,"['What is the most likely subfield of study this micrograph would be used for? blood banking and transfusion medicine', 'What is the most likely subfield of study this micrograph would be used for? endocrine pathology', 'What is the most likely subfield of study this micrograph would be used for? hematopathology', 'What is the most likely subfield of study this micrograph would be used for? cardiovascular pathology', 'What is the most likely subfield of study this micrograph would be used for? genitourinary pathology', 'What is the most likely subfield of study this micrograph would be used for? none of the above']",068e51cb-ef31-41f2-8999-2fbca1024497,cardiovascular pathology,3,"{'pred': [2], 'probs': [[8.28149713925086e-05, 0.3478250205516815, 0.3857996165752411, 0.2629600465297699, 0.0007529714494012296, 0.0025794990360736847]], 'pred_prompt': ['What is the most likely subfield of study this micrograph would be used for? hematopathology']}",2.0,,,,,
modality,"['What is the most likely microscopy modality used to acquire this image? electron microscopy', 'What is the most likely microscopy modality used to acquire this image? light microscopy', 'What is the most likely microscopy modality used to acquire this image? fluorescence microscopy', 'What is the most likely microscopy modality used to acquire this image? none of the above']",a6e4ff86-6abf-4b9b-956e-c68e713d8b31,light microscopy,1,"{'pred': [0], 'probs': [[0.4897547662258148, 0.45424166321754456, 0.005542571656405926, 0.050460945814847946]], 'pred_prompt': ['What is the most likely microscopy modality used to acquire this image? electron microscopy']}",2.0,,,,,
stain,"['What is the most likely technique used to stain this micrograph? H&E', 'What is the most likely technique used to stain this micrograph? IHC(Red)', 'What is the most likely technique used to stain this micrograph? Gram', 'What is the most likely technique used to stain this micrograph? Toluidine Blue', 'What is the most likely technique used to stain this micrograph? Wright-Giemsa', 'What is the most likely technique used to stain this micrograph? none of the above']",0de6fa40-138e-4ad2-99da-8149f964eeaf,H&E,0,"{'pred': [0], 'probs': [[0.7814245820045471, 0.01461098063737154, 0.006215300410985947, 0.00035298248985782266, 1.2771377441822551e-05, 0.19738337397575378]], 'pred_prompt': ['What is the most likely technique used to stain this micrograph? H&E']}",2.0,,,,,
subdomain,"['What is the most likely subfield of study this micrograph would be used for? cardiovascular pathology', 'What is the most likely subfield of study this micrograph would be used for? gastrointestinal pathology', 'What is the most likely subfield of study this micrograph would be used for? autopsy pathology', 'What is the most likely subfield of study this micrograph would be used for? neuropathology', 'What is the most likely subfield of study this micrograph would be used for? nephropathology', 'What is the most likely subfield of study this micrograph would be used for? none of the above']",a080c11f-78c5-47e3-a845-52854dcf4a2d,cardiovascular pathology,0,"{'pred': [4], 'probs': [[0.03714807704091072, 0.0007945673423819244, 0.20487558841705322, 0.11678224802017212, 0.6360798478126526, 0.004319668281823397]], 'pred_prompt': ['What is the most likely subfield of study this micrograph would be used for? nephropathology']}",2.0,,,,,
domain,"['What is the most likely field of study this micrograph would be used for? biology', 'What is the most likely field of study this micrograph would be used for? dermatology', 'What is the most likely field of study this micrograph would be used for? radiology', 'What is the most likely field of study this micrograph would be used for? pathology', 'What is the most likely field of study this micrograph would be used for? ophthalmology', 'What is the most likely field of study this micrograph would be used for? none of the above']",46e432c0-b285-45e7-ad92-67e7afe0e675,pathology,3,"{'pred': [0], 'probs': [[0.474561870098114, 0.0009141597547568381, 0.0011184059549123049, 0.3551904857158661, 4.471371721592732e-05, 0.16817034780979156]], 'pred_prompt': ['What is the most likely field of study this micrograph would be used for? biology']}",2.0,,,,,
modality,"['What is the most likely microscopy modality used to acquire this image? light microscopy', 'What is the most likely microscopy modality used to acquire this image? fluorescence microscopy', 'What is the most likely microscopy modality used to acquire this image? electron microscopy', 'What is the most likely microscopy modality used to acquire this image? none of the above']",d81a2f37-414d-45cd-b0e7-806c7f00e10b,light microscopy,0,"{'pred': [0], 'probs': [[0.7398273348808289, 0.0031433424446731806, 0.18558692932128906, 0.07144240289926529]], 'pred_prompt': ['What is the most likely microscopy modality used to acquire this image? light microscopy']}",2.0,,,,,
subdomain,"['What is the most likely subfield of study this micrograph would be used for? neuropathology', 'What is the most likely subfield of study this micrograph would be used for? cardiovascular pathology', 'What is the most likely subfield of study this micrograph would be used for? blood banking and transfusion medicine', 'What is the most likely subfield of study this micrograph would be used for? bone and soft tissue pathology', 'What is the most likely subfield of study this micrograph would be used for? forensic pathology', 'What is the most likely subfield of study this micrograph would be used for? none of the above']",62d987f2-80fc-4e5d-b993-bc20979248d6,cardiovascular pathology,1,"{'pred': [1], 'probs': [[0.09407724440097809, 0.46724051237106323, 0.00018109606753569096, 0.29024961590766907, 0.13670651614665985, 0.011545062065124512]], 'pred_prompt': ['What is the most likely subfield of study this micrograph would be used for? cardiovascular pathology']}",2.0,,,,,
modality,"['What is the most likely microscopy modality used to acquire this image? light microscopy', 'What is the most likely microscopy modality used to acquire this image? fluorescence microscopy', 'What is the most likely microscopy modality used to acquire this image? electron microscopy', 'What is the most likely microscopy modality used to acquire this image? none of the above']",0438d11d-9ee2-439f-a54d-1b39dad089ed,light microscopy,0,"{'pred': [0], 'probs': [[0.7378844022750854, 0.0041064126417040825, 0.18978218734264374, 0.06822697818279266]], 'pred_prompt': ['What is the most likely microscopy modality used to acquire this image? light microscopy']}",2.0,,,,,
submodality,"['What is the most likely microscopy submodality used to acquire this image? darkfield microscopy', 'What is the most likely microscopy submodality used to acquire this image? polarized light microscopy', 'What is the most likely microscopy submodality used to acquire this image? brightfield microscopy', 'What is the most likely microscopy submodality used to acquire this image? differential interference contrast microscopy', 'What is the most likely microscopy submodality used to acquire this image? synthetic', 'What is the most likely microscopy submodality used to acquire this image? none of the above']",e175692e-991a-4f1f-ad2f-ba0d56173cb7,brightfield microscopy,2,"{'pred': [1], 'probs': [[0.034879498183727264, 0.6686232089996338, 0.16638237237930298, 0.02584042213857174, 0.07494579255580902, 0.029328711330890656]], 'pred_prompt': ['What is the most likely microscopy submodality used to acquire this image? polarized light microscopy']}",2.0,,,,,
modality,"['What is the most likely microscopy modality used to acquire this image? fluorescence microscopy', 'What is the most likely microscopy modality used to acquire this image? electron microscopy', 'What is the most likely microscopy modality used to acquire this image? light microscopy', 'What is the most likely microscopy modality used to acquire this image? none of the above']",a537c7a1-275a-440f-92d1-40269b9eb68e,light microscopy,2,"{'pred': [1], 'probs': [[0.004157762508839369, 0.5515820980072021, 0.3435269594192505, 0.10073326528072357]], 'pred_prompt': ['What is the most likely microscopy modality used to acquire this image? electron microscopy']}",2.0,,,,,
domain,"['What is the most likely field of study this micrograph would be used for? dermatology', 'What is the most likely field of study this micrograph would be used for? cytology', 'What is the most likely field of study this micrograph would be used for? pathology', 'What is the most likely field of study this micrograph would be used for? biology', 'What is the most likely field of study this micrograph would be used for? radiology', 'What is the most likely field of study this micrograph would be used for? none of the above']",4a769b31-2f6e-45be-b409-c1a34bdec227,pathology,2,"{'pred': [2], 'probs': [[0.0015137966256588697, 0.0010411685798317194, 0.47322192788124084, 0.47064122557640076, 0.0015410648193210363, 0.05204078182578087]], 'pred_prompt': ['What is the most likely field of study this micrograph would be used for? pathology']}",2.0,,,,,
domain,"['What is the most likely field of study this micrograph would be used for? pathology', 'What is the most likely field of study this micrograph would be used for? ophthalmology', 'What is the most likely field of study this micrograph would be used for? cytology', 'What is the most likely field of study this micrograph would be used for? biology', 'What is the most likely field of study this micrograph would be used for? dermatology', 'What is the most likely field of study this micrograph would be used for? none of the above']",43516f41-8014-4d4a-a5f9-b0c21fb2b599,pathology,0,"{'pred': [0], 'probs': [[0.5918533205986023, 0.00015288943541236222, 0.006364359986037016, 0.24243834614753723, 0.001130512566305697, 0.15806064009666443]], 'pred_prompt': ['What is the most likely field of study this micrograph would be used for? pathology']}",2.0,,,,,
stain,"['What is the most likely technique used to stain this micrograph? H&E', 'What is the most likely technique used to stain this micrograph? PAS', 'What is the most likely technique used to stain this micrograph? Gram', 'What is the most likely technique used to stain this micrograph? IHC(Red)', 'What is the most likely technique used to stain this micrograph? IHC(HDab)', 'What is the most likely technique used to stain this micrograph? none of the above']",acf48d46-ffc3-4e73-b126-c8758e6d309b,H&E,0,"{'pred': [0], 'probs': [[0.4186970889568329, 0.11140361428260803, 0.000923312094528228, 0.2594364881515503, 0.04496719315648079, 0.16457229852676392]], 'pred_prompt': ['What is the most likely technique used to stain this micrograph? H&E']}",2.0,,,,,
subdomain,"['What is the most likely subfield of study this micrograph would be used for? bone and soft tissue pathology', 'What is the most likely subfield of study this micrograph would be used for? infectious disease pathology', 'What is the most likely subfield of study this micrograph would be used for? oral pathology', 'What is the most likely subfield of study this micrograph would be used for? cardiovascular pathology', 'What is the most likely subfield of study this micrograph would be used for? clinical pathology', 'What is the most likely subfield of study this micrograph would be used for? none of the above']",01d8ba9d-2341-4a3e-b098-99e8658936ba,cardiovascular pathology,3,"{'pred': [0], 'probs': [[0.5739380717277527, 0.001890660496428609, 0.004293463658541441, 0.3747873604297638, 0.038146622478961945, 0.006943850312381983]], 'pred_prompt': ['What is the most likely subfield of study this micrograph would be used for? bone and soft tissue pathology']}",2.0,,,,,
modality,"['What is the most likely microscopy modality used to acquire this image? light microscopy', 'What is the most likely microscopy modality used to acquire this image? fluorescence microscopy', 'What is the most likely microscopy modality used to acquire this image? electron microscopy', 'What is the most likely microscopy modality used to acquire this image? none of the above']",a6558996-053a-4604-a34e-e8fb01c57ab3,light microscopy,0,"{'pred': [2], 'probs': [[0.411336213350296, 0.006621346343308687, 0.44056010246276855, 0.14148235321044922]], 'pred_prompt': ['What is the most likely microscopy modality used to acquire this image? electron microscopy']}",2.0,,,,,
modality,"['What is the most likely microscopy modality used to acquire this image? electron microscopy', 'What is the most likely microscopy modality used to acquire this image? light microscopy', 'What is the most likely microscopy modality used to acquire this image? fluorescence microscopy', 'What is the most likely microscopy modality used to acquire this image? none of the above']",d9e4091c-16f9-431b-94dd-1957f7bfce2c,light microscopy,1,"{'pred': [0], 'probs': [[0.8524759411811829, 0.12113220244646072, 0.0046624550595879555, 0.02172940969467163]], 'pred_prompt': ['What is the most likely microscopy modality used to acquire this image? electron microscopy']}",2.0,,,,,
modality,"['What is the most likely microscopy modality used to acquire this image? electron microscopy', 'What is the most likely microscopy modality used to acquire this image? light microscopy', 'What is the most likely microscopy modality used to acquire this image? fluorescence microscopy', 'What is the most likely microscopy modality used to acquire this image? none of the above']",3a4107e3-62f7-471f-be3f-dfe4a86cb21f,light microscopy,1,"{'pred': [0], 'probs': [[0.6950178146362305, 0.2861458361148834, 0.000558788247872144, 0.018277538940310478]], 'pred_prompt': ['What is the most likely microscopy modality used to acquire this image? electron microscopy']}",2.0,,,,,
domain,"['What is the most likely field of study this micrograph would be used for? ophthalmology', 'What is the most likely field of study this micrograph would be used for? radiology', 'What is the most likely field of study this micrograph would be used for? dermatology', 'What is the most likely field of study this micrograph would be used for? biology', 'What is the most likely field of study this micrograph would be used for? pathology', 'What is the most likely field of study this micrograph would be used for? none of the above']",057bfcf7-803e-4fba-a4e5-af029b1c0f60,pathology,4,"{'pred': [4], 'probs': [[0.0006280919769778848, 0.0008752987487241626, 0.007691981270909309, 0.053521402180194855, 0.8995779752731323, 0.03770523890852928]], 'pred_prompt': ['What is the most likely field of study this micrograph would be used for? pathology']}",2.0,,,,,
submodality,"['What is the most likely microscopy submodality used to acquire this image? differential interference contrast microscopy', 'What is the most likely microscopy submodality used to acquire this image? polarized light microscopy', 'What is the most likely microscopy submodality used to acquire this image? phase contrast microscopy', 'What is the most likely microscopy submodality used to acquire this image? mixed', 'What is the most likely microscopy submodality used to acquire this image? brightfield microscopy', 'What is the most likely microscopy submodality used to acquire this image? none of the above']",931b515f-ae42-463a-9bb5-0952fbe1b5a5,brightfield microscopy,4,"{'pred': [1], 'probs': [[0.003684023628011346, 0.794594943523407, 0.008173082955181599, 0.009981433860957623, 0.17755089700222015, 0.0060156239196658134]], 'pred_prompt': ['What is the most likely microscopy submodality used to acquire this image? polarized light microscopy']}",2.0,,,,,
submodality,"['What is the most likely microscopy submodality used to acquire this image? darkfield microscopy', 'What is the most likely microscopy submodality used to acquire this image? synthetic', 'What is the most likely microscopy submodality used to acquire this image? brightfield microscopy', 'What is the most likely microscopy submodality used to acquire this image? mixed', 'What is the most likely microscopy submodality used to acquire this image? phase contrast microscopy', 'What is the most likely microscopy submodality used to acquire this image? none of the above']",b86e271a-9e25-4a94-9f2e-c1f8f7cb6a92,brightfield microscopy,2,"{'pred': [2], 'probs': [[0.008054183796048164, 0.0002524985175114125, 0.8218672275543213, 0.0003909788792952895, 0.16902640461921692, 0.00040880637243390083]], 'pred_prompt': ['What is the most likely microscopy submodality used to acquire this image? brightfield microscopy']}",2.0,,,,,
submodality,"['What is the most likely microscopy submodality used to acquire this image? polarized light microscopy', 'What is the most likely microscopy submodality used to acquire this image? darkfield microscopy', 'What is the most likely microscopy submodality used to acquire this image? differential interference contrast microscopy', 'What is the most likely microscopy submodality used to acquire this image? brightfield microscopy', 'What is the most likely microscopy submodality used to acquire this image? phase contrast microscopy', 'What is the most likely microscopy submodality used to acquire this image? none of the above']",852f8f3d-a540-4604-89f2-d2dee7cec3f3,brightfield microscopy,3,"{'pred': [0], 'probs': [[0.7849107384681702, 0.0161083173006773, 0.03043952025473118, 0.1112811267375946, 0.055930912494659424, 0.0013293697265908122]], 'pred_prompt': ['What is the most likely microscopy submodality used to acquire this image? polarized light microscopy']}",2.0,,,,,
stain,"['What is the most likely technique used to stain this micrograph? Gram', 'What is the most likely technique used to stain this micrograph? H&E', 'What is the most likely technique used to stain this micrograph? Papanicolaou', 'What is the most likely technique used to stain this micrograph? Giemsa', 'What is the most likely technique used to stain this micrograph? Wright-Giemsa', 'What is the most likely technique used to stain this micrograph? none of the above']",4b998088-a5b9-4948-b5af-c251f795d461,H&E,1,"{'pred': [1], 'probs': [[0.0023837867192924023, 0.8947486877441406, 0.00012048266944475472, 9.427816257812083e-05, 4.7433322833967395e-06, 0.10264797508716583]], 'pred_prompt': ['What is the most likely technique used to stain this micrograph? H&E']}",2.0,,,,,
modality,"['What is the most likely microscopy modality used to acquire this image? light microscopy', 'What is the most likely microscopy modality used to acquire this image? electron microscopy', 'What is the most likely microscopy modality used to acquire this image? fluorescence microscopy', 'What is the most likely microscopy modality used to acquire this image? none of the above']",82892825-d2aa-4aec-9bbd-09047428b0b7,light microscopy,0,"{'pred': [1], 'probs': [[0.2677743434906006, 0.6520909070968628, 0.009317727759480476, 0.07081704586744308]], 'pred_prompt': ['What is the most likely microscopy modality used to acquire this image? electron microscopy']}",2.0,,,,,
domain,"['What is the most likely field of study this micrograph would be used for? biology', 'What is the most likely field of study this micrograph would be used for? radiology', 'What is the most likely field of study this micrograph would be used for? cytology', 'What is the most likely field of study this micrograph would be used for? dermatology', 'What is the most likely field of study this micrograph would be used for? pathology', 'What is the most likely field of study this micrograph would be used for? none of the above']",75a3ace3-da1f-47e2-a0b3-a9307651db44,pathology,4,"{'pred': [4], 'probs': [[0.04639185220003128, 0.0028256219811737537, 0.005842269863933325, 0.006805961485952139, 0.9265539646148682, 0.011580399237573147]], 'pred_prompt': ['What is the most likely field of study this micrograph would be used for? pathology']}",2.0,,,,,
stain,"['What is the most likely technique used to stain this micrograph? PAS', 'What is the most likely technique used to stain this micrograph? Alcian Blue', 'What is the most likely technique used to stain this micrograph? IHC(HDab)', 'What is the most likely technique used to stain this micrograph? H&E', 'What is the most likely technique used to stain this micrograph? synthetic', 'What is the most likely technique used to stain this micrograph? none of the above']",4741be1b-9ec4-4e28-a36f-885338f343c1,H&E,3,"{'pred': [4], 'probs': [[0.0969366729259491, 0.05485709011554718, 0.019139619544148445, 0.167899027466774, 0.5954411029815674, 0.06572651118040085]], 'pred_prompt': ['What is the most likely technique used to stain this micrograph? synthetic']}",2.0,,,,,
stain,"['What is the most likely technique used to stain this micrograph? H&E', 'What is the most likely technique used to stain this micrograph? PAS', 'What is the most likely technique used to stain this micrograph? Basic fuchsin', 'What is the most likely technique used to stain this micrograph? IHC(HDab)', 'What is the most likely technique used to stain this micrograph? synthetic', 'What is the most likely technique used to stain this micrograph? none of the above']",633dce75-0ad4-4eaf-bf8c-39f62da3d2ec,H&E,0,"{'pred': [4], 'probs': [[0.044226691126823425, 0.013979303650557995, 0.01984621398150921, 0.010901513509452343, 0.7696808576583862, 0.1413654237985611]], 'pred_prompt': ['What is the most likely technique used to stain this micrograph? synthetic']}",2.0,,,,,
submodality,"['What is the most likely microscopy submodality used to acquire this image? brightfield microscopy', 'What is the most likely microscopy submodality used to acquire this image? darkfield microscopy', 'What is the most likely microscopy submodality used to acquire this image? mixed', 'What is the most likely microscopy submodality used to acquire this image? polarized light microscopy', 'What is the most likely microscopy submodality used to acquire this image? differential interference contrast microscopy', 'What is the most likely microscopy submodality used to acquire this image? none of the above']",868ccb4a-eeec-4388-9b73-fc711b2d22d3,brightfield microscopy,0,"{'pred': [3], 'probs': [[0.16694799065589905, 0.007558779325336218, 0.009472898207604885, 0.8016905188560486, 0.012379473075270653, 0.0019503142684698105]], 'pred_prompt': ['What is the most likely microscopy submodality used to acquire this image? polarized light microscopy']}",2.0,,,,,
modality,"['What is the most likely microscopy modality used to acquire this image? light microscopy', 'What is the most likely microscopy modality used to acquire this image? fluorescence microscopy', 'What is the most likely microscopy modality used to acquire this image? electron microscopy', 'What is the most likely microscopy modality used to acquire this image? none of the above']",068e51cb-ef31-41f2-8999-2fbca1024497,light microscopy,0,"{'pred': [2], 'probs': [[0.3049679398536682, 0.004602765664458275, 0.6289250254631042, 0.06150433048605919]], 'pred_prompt': ['What is the most likely microscopy modality used to acquire this image? electron microscopy']}",2.0,,,,,
stain,"['What is the most likely technique used to stain this micrograph? Basic fuchsin', 'What is the most likely technique used to stain this micrograph? Ziehl-Neelsen', 'What is the most likely technique used to stain this micrograph? None', 'What is the most likely technique used to stain this micrograph? H&E', 'What is the most likely technique used to stain this micrograph? IHC(HDab)', 'What is the most likely technique used to stain this micrograph? none of the above']",b86e271a-9e25-4a94-9f2e-c1f8f7cb6a92,H&E,3,"{'pred': [5], 'probs': [[0.0197155624628067, 0.008982475847005844, 0.3166504204273224, 0.12102243304252625, 0.013169518671929836, 0.5204596519470215]], 'pred_prompt': ['What is the most likely technique used to stain this micrograph? none of the above']}",2.0,,,,,
modality,"['What is the most likely microscopy modality used to acquire this image? light microscopy', 'What is the most likely microscopy modality used to acquire this image? electron microscopy', 'What is the most likely microscopy modality used to acquire this image? fluorescence microscopy', 'What is the most likely microscopy modality used to acquire this image? none of the above']",0ab7d779-18b0-4298-aba8-47c5ff248f37,light microscopy,0,"{'pred': [1], 'probs': [[0.4034445583820343, 0.5194469094276428, 0.0018477961421012878, 0.0752607062458992]], 'pred_prompt': ['What is the most likely microscopy modality used to acquire this image? electron microscopy']}",2.0,,,,,
domain,"['What is the most likely field of study this micrograph would be used for? biology', 'What is the most likely field of study this micrograph would be used for? pathology', 'What is the most likely field of study this micrograph would be used for? ophthalmology', 'What is the most likely field of study this micrograph would be used for? cytology', 'What is the most likely field of study this micrograph would be used for? radiology', 'What is the most likely field of study this micrograph would be used for? none of the above']",8981c3a4-753f-4704-ac2f-e41b2876a77b,pathology,1,"{'pred': [1], 'probs': [[0.2143275886774063, 0.6791377663612366, 0.0006443184101954103, 0.011028424836695194, 0.0035110937897115946, 0.09135080873966217]], 'pred_prompt': ['What is the most likely field of study this micrograph would be used for? pathology']}",2.0,,,,,
modality,"['What is the most likely microscopy modality used to acquire this image? fluorescence microscopy', 'What is the most likely microscopy modality used to acquire this image? light microscopy', 'What is the most likely microscopy modality used to acquire this image? electron microscopy', 'What is the most likely microscopy modality used to acquire this image? none of the above']",a424a798-b619-4b9a-8bea-1b029bcf6287,light microscopy,1,"{'pred': [2], 'probs': [[0.005605531856417656, 0.2816022038459778, 0.6437828540802002, 0.0690094530582428]], 'pred_prompt': ['What is the most likely microscopy modality used to acquire this image? electron microscopy']}",2.0,,,,,
subdomain,"['What is the most likely subfield of study this micrograph would be used for? gynecologic pathology', 'What is the most likely subfield of study this micrograph would be used for? autopsy pathology', 'What is the most likely subfield of study this micrograph would be used for? cardiovascular pathology', 'What is the most likely subfield of study this micrograph would be used for? infectious disease pathology', 'What is the most likely subfield of study this micrograph would be used for? nephropathology', 'What is the most likely subfield of study this micrograph would be used for? none of the above']",48ec6101-9f07-4b5f-92a4-4aa51b24f452,cardiovascular pathology,2,"{'pred': [4], 'probs': [[0.14209848642349243, 0.1540365219116211, 0.3369321823120117, 0.0005611344240605831, 0.3626411557197571, 0.003730463096871972]], 'pred_prompt': ['What is the most likely subfield of study this micrograph would be used for? nephropathology']}",2.0,,,,,
stain,"['What is the most likely technique used to stain this micrograph? Congo Red', 'What is the most likely technique used to stain this micrograph? H&E', 'What is the most likely technique used to stain this micrograph? synthetic', 'What is the most likely technique used to stain this micrograph? PAS', 'What is the most likely technique used to stain this micrograph? Alcian Blue', 'What is the most likely technique used to stain this micrograph? none of the above']",5d2c6052-8450-486b-828b-c01f0a9315af,H&E,1,"{'pred': [2], 'probs': [[0.0015660495264455676, 0.18204839527606964, 0.716964840888977, 0.05670628324151039, 0.003055533627048135, 0.03965885937213898]], 'pred_prompt': ['What is the most likely technique used to stain this micrograph? synthetic']}",2.0,,,,,
domain,"['What is the most likely field of study this micrograph would be used for? pathology', 'What is the most likely field of study this micrograph would be used for? dermatology', 'What is the most likely field of study this micrograph would be used for? radiology', 'What is the most likely field of study this micrograph would be used for? cytology', 'What is the most likely field of study this micrograph would be used for? biology', 'What is the most likely field of study this micrograph would be used for? none of the above']",cacbbf37-b264-4162-bf3b-e2cf678ffa80,pathology,0,"{'pred': [0], 'probs': [[0.8255735039710999, 0.0005062297568656504, 0.0007061318610794842, 0.014410867355763912, 0.11297383159399033, 0.04582945257425308]], 'pred_prompt': ['What is the most likely field of study this micrograph would be used for? pathology']}",2.0,,,,,
submodality,"['What is the most likely microscopy submodality used to acquire this image? synthetic', 'What is the most likely microscopy submodality used to acquire this image? polarized light microscopy', 'What is the most likely microscopy submodality used to acquire this image? darkfield microscopy', 'What is the most likely microscopy submodality used to acquire this image? brightfield microscopy', 'What is the most likely microscopy submodality used to acquire this image? phase contrast microscopy', 'What is the most likely microscopy submodality used to acquire this image? none of the above']",c0125e6c-a740-4814-9612-b0e646daf0cf,brightfield microscopy,3,"{'pred': [1], 'probs': [[0.005922603886574507, 0.5606451630592346, 0.007802627980709076, 0.2239978313446045, 0.2003515660762787, 0.0012801517732441425]], 'pred_prompt': ['What is the most likely microscopy submodality used to acquire this image? polarized light microscopy']}",2.0,,,,,
submodality,"['What is the most likely microscopy submodality used to acquire this image? darkfield microscopy', 'What is the most likely microscopy submodality used to acquire this image? brightfield microscopy', 'What is the most likely microscopy submodality used to acquire this image? phase contrast microscopy', 'What is the most likely microscopy submodality used to acquire this image? differential interference contrast microscopy', 'What is the most likely microscopy submodality used to acquire this image? mixed', 'What is the most likely microscopy submodality used to acquire this image? none of the above']",c25da49a-067e-402b-9747-c306e68f4ff7,brightfield microscopy,1,"{'pred': [1], 'probs': [[0.07384070008993149, 0.5063411593437195, 0.23448139429092407, 0.10225500166416168, 0.060989998281002045, 0.02209172397851944]], 'pred_prompt': ['What is the most likely microscopy submodality used to acquire this image? brightfield microscopy']}",2.0,,,,,
domain,"['What is the most likely field of study this micrograph would be used for? ophthalmology', 'What is the most likely field of study this micrograph would be used for? dermatology', 'What is the most likely field of study this micrograph would be used for? radiology', 'What is the most likely field of study this micrograph would be used for? biology', 'What is the most likely field of study this micrograph would be used for? pathology', 'What is the most likely field of study this micrograph would be used for? none of the above']",0ab7d779-18b0-4298-aba8-47c5ff248f37,pathology,4,"{'pred': [4], 'probs': [[3.56654854840599e-05, 0.0009777507511898875, 0.001100065652281046, 0.2321714162826538, 0.7073919773101807, 0.058323122560977936]], 'pred_prompt': ['What is the most likely field of study this micrograph would be used for? pathology']}",2.0,,,,,
submodality,"['What is the most likely microscopy submodality used to acquire this image? polarized light microscopy', 'What is the most likely microscopy submodality used to acquire this image? phase contrast microscopy', 'What is the most likely microscopy submodality used to acquire this image? differential interference contrast microscopy', 'What is the most likely microscopy submodality used to acquire this image? mixed', 'What is the most likely microscopy submodality used to acquire this image? brightfield microscopy', 'What is the most likely microscopy submodality used to acquire this image? none of the above']",6d34b623-cf41-4b64-ac23-794b1bfca08f,brightfield microscopy,4,"{'pred': [0], 'probs': [[0.6891704797744751, 0.07011253386735916, 0.009482567198574543, 0.0906464010477066, 0.12088992446660995, 0.019698111340403557]], 'pred_prompt': ['What is the most likely microscopy submodality used to acquire this image? polarized light microscopy']}",2.0,,,,,
submodality,"['What is the most likely microscopy submodality used to acquire this image? polarized light microscopy', 'What is the most likely microscopy submodality used to acquire this image? differential interference contrast microscopy', 'What is the most likely microscopy submodality used to acquire this image? mixed', 'What is the most likely microscopy submodality used to acquire this image? synthetic', 'What is the most likely microscopy submodality used to acquire this image? brightfield microscopy', 'What is the most likely microscopy submodality used to acquire this image? none of the above']",34398b84-ac25-4160-9629-2ef7d0916120,brightfield microscopy,4,"{'pred': [0], 'probs': [[0.7758057117462158, 0.022600315511226654, 0.05469154193997383, 0.029991591349244118, 0.10078807175159454, 0.016122784465551376]], 'pred_prompt': ['What is the most likely microscopy submodality used to acquire this image? polarized light microscopy']}",2.0,,,,,
submodality,"['What is the most likely microscopy submodality used to acquire this image? synthetic', 'What is the most likely microscopy submodality used to acquire this image? darkfield microscopy', 'What is the most likely microscopy submodality used to acquire this image? brightfield microscopy', 'What is the most likely microscopy submodality used to acquire this image? phase contrast microscopy', 'What is the most likely microscopy submodality used to acquire this image? polarized light microscopy', 'What is the most likely microscopy submodality used to acquire this image? none of the above']",affdf935-6dff-4ba9-9e16-68caa02fd1d8,brightfield microscopy,2,"{'pred': [4], 'probs': [[0.004916128236800432, 0.006643545348197222, 0.15050405263900757, 0.11514987796545029, 0.7192002534866333, 0.0035861467476934195]], 'pred_prompt': ['What is the most likely microscopy submodality used to acquire this image? polarized light microscopy']}",2.0,,,,,
subdomain,"['What is the most likely subfield of study this micrograph would be used for? forensic pathology', 'What is the most likely subfield of study this micrograph would be used for? cardiovascular pathology', 'What is the most likely subfield of study this micrograph would be used for? renal and medical kidney pathology', 'What is the most likely subfield of study this micrograph would be used for? ophthalmic pathology', 'What is the most likely subfield of study this micrograph would be used for? gynecologic pathology', 'What is the most likely subfield of study this micrograph would be used for? none of the above']",e06ed3fb-e01b-4e4f-a3f0-d848ad36064d,cardiovascular pathology,1,"{'pred': [1], 'probs': [[0.07521482557058334, 0.8964157104492188, 0.00013569786096923053, 0.000196377863176167, 0.023937426507472992, 0.004099962767213583]], 'pred_prompt': ['What is the most likely subfield of study this micrograph would be used for? cardiovascular pathology']}",2.0,,,,,
modality,"['What is the most likely microscopy modality used to acquire this image? electron microscopy', 'What is the most likely microscopy modality used to acquire this image? fluorescence microscopy', 'What is the most likely microscopy modality used to acquire this image? light microscopy', 'What is the most likely microscopy modality used to acquire this image? none of the above']",921b9d37-6fb0-4e20-a3c9-18ecacfb8e4a,light microscopy,2,"{'pred': [0], 'probs': [[0.4704650938510895, 0.008444959297776222, 0.41796016693115234, 0.1031297817826271]], 'pred_prompt': ['What is the most likely microscopy modality used to acquire this image? electron microscopy']}",2.0,,,,,
modality,"['What is the most likely microscopy modality used to acquire this image? electron microscopy', 'What is the most likely microscopy modality used to acquire this image? light microscopy', 'What is the most likely microscopy modality used to acquire this image? fluorescence microscopy', 'What is the most likely microscopy modality used to acquire this image? none of the above']",110cb51b-1ad7-45dc-87dd-4e190534b69f,light microscopy,1,"{'pred': [0], 'probs': [[0.6297147870063782, 0.30165964365005493, 0.0032339226454496384, 0.0653916448354721]], 'pred_prompt': ['What is the most likely microscopy modality used to acquire this image? electron microscopy']}",2.0,,,,,
subdomain,"['What is the most likely subfield of study this micrograph would be used for? pediatric pathology', 'What is the most likely subfield of study this micrograph would be used for? cardiovascular pathology', 'What is the most likely subfield of study this micrograph would be used for? pulmonary and pleural pathology', 'What is the most likely subfield of study this micrograph would be used for? clinical pathology', 'What is the most likely subfield of study this micrograph would be used for? autopsy pathology', 'What is the most likely subfield of study this micrograph would be used for? none of the above']",35ddb0d5-c286-4e80-bd7b-25ac8052d333,cardiovascular pathology,1,"{'pred': [1], 'probs': [[0.007163230329751968, 0.769885241985321, 0.008086067624390125, 0.0658416897058487, 0.1434323489665985, 0.005591406021267176]], 'pred_prompt': ['What is the most likely subfield of study this micrograph would be used for? cardiovascular pathology']}",2.0,,,,,
submodality,"['What is the most likely microscopy submodality used to acquire this image? brightfield microscopy', 'What is the most likely microscopy submodality used to acquire this image? darkfield microscopy', 'What is the most likely microscopy submodality used to acquire this image? mixed', 'What is the most likely microscopy submodality used to acquire this image? synthetic', 'What is the most likely microscopy submodality used to acquire this image? phase contrast microscopy', 'What is the most likely microscopy submodality used to acquire this image? none of the above']",feb8e438-009e-4749-b866-5d4cb65250fc,brightfield microscopy,0,"{'pred': [0], 'probs': [[0.5669499039649963, 0.017041627317667007, 0.025793781504034996, 0.013160738162696362, 0.3623202443122864, 0.014733648858964443]], 'pred_prompt': ['What is the most likely microscopy submodality used to acquire this image? brightfield microscopy']}",2.0,,,,,
domain,"['What is the most likely field of study this micrograph would be used for? cytology', 'What is the most likely field of study this micrograph would be used for? pathology', 'What is the most likely field of study this micrograph would be used for? ophthalmology', 'What is the most likely field of study this micrograph would be used for? radiology', 'What is the most likely field of study this micrograph would be used for? dermatology', 'What is the most likely field of study this micrograph would be used for? none of the above']",af1095f0-c050-487f-bd04-6a4f87121b19,pathology,1,"{'pred': [1], 'probs': [[0.005990094039589167, 0.9050847887992859, 0.00020859464711975306, 0.0034069716930389404, 0.006272860802710056, 0.07903671264648438]], 'pred_prompt': ['What is the most likely field of study this micrograph would be used for? pathology']}",2.0,,,,,
modality,"['What is the most likely microscopy modality used to acquire this image? light microscopy', 'What is the most likely microscopy modality used to acquire this image? fluorescence microscopy', 'What is the most likely microscopy modality used to acquire this image? electron microscopy', 'What is the most likely microscopy modality used to acquire this image? none of the above']",887803d6-529b-499a-a5a3-fab0960e683e,light microscopy,0,"{'pred': [2], 'probs': [[0.07962241023778915, 0.0038145016878843307, 0.8737570643424988, 0.04280605539679527]], 'pred_prompt': ['What is the most likely microscopy modality used to acquire this image? electron microscopy']}",2.0,,,,,
submodality,"['What is the most likely microscopy submodality used to acquire this image? polarized light microscopy', 'What is the most likely microscopy submodality used to acquire this image? brightfield microscopy', 'What is the most likely microscopy submodality used to acquire this image? darkfield microscopy', 'What is the most likely microscopy submodality used to acquire this image? synthetic', 'What is the most likely microscopy submodality used to acquire this image? differential interference contrast microscopy', 'What is the most likely microscopy submodality used to acquire this image? none of the above']",910fa64c-1302-4d88-8f97-e5e22062f3fb,brightfield microscopy,1,"{'pred': [0], 'probs': [[0.7318692803382874, 0.22390128672122955, 0.007207377348095179, 0.0029444261454045773, 0.032863322645425797, 0.0012142794439569116]], 'pred_prompt': ['What is the most likely microscopy submodality used to acquire this image? polarized light microscopy']}",2.0,,,,,
submodality,"['What is the most likely microscopy submodality used to acquire this image? polarized light microscopy', 'What is the most likely microscopy submodality used to acquire this image? synthetic', 'What is the most likely microscopy submodality used to acquire this image? brightfield microscopy', 'What is the most likely microscopy submodality used to acquire this image? mixed', 'What is the most likely microscopy submodality used to acquire this image? phase contrast microscopy', 'What is the most likely microscopy submodality used to acquire this image? none of the above']",809e5ba6-502d-4649-b0b4-39753cdb2571,brightfield microscopy,2,"{'pred': [2], 'probs': [[0.42248794436454773, 0.005281280726194382, 0.4534086585044861, 0.00518206600099802, 0.10993543267250061, 0.0037046002689749002]], 'pred_prompt': ['What is the most likely microscopy submodality used to acquire this image? brightfield microscopy']}",2.0,,,,,
domain,"['What is the most likely field of study this micrograph would be used for? biology', 'What is the most likely field of study this micrograph would be used for? pathology', 'What is the most likely field of study this micrograph would be used for? dermatology', 'What is the most likely field of study this micrograph would be used for? radiology', 'What is the most likely field of study this micrograph would be used for? cytology', 'What is the most likely field of study this micrograph would be used for? none of the above']",9b38e86e-f26f-437a-82fd-ada18ae1cd46,pathology,1,"{'pred': [1], 'probs': [[0.0446554571390152, 0.8176667094230652, 0.12132246047258377, 0.0011495619546622038, 0.0018008286133408546, 0.01340493094176054]], 'pred_prompt': ['What is the most likely field of study this micrograph would be used for? pathology']}",2.0,,,,,
domain,"['What is the most likely field of study this micrograph would be used for? cytology', 'What is the most likely field of study this micrograph would be used for? biology', 'What is the most likely field of study this micrograph would be used for? dermatology', 'What is the most likely field of study this micrograph would be used for? ophthalmology', 'What is the most likely field of study this micrograph would be used for? pathology', 'What is the most likely field of study this micrograph would be used for? none of the above']",f383e79e-2e84-4cb9-883f-7265bcf0d82e,pathology,4,"{'pred': [4], 'probs': [[0.00043255032505840063, 0.24100862443447113, 0.0006602868088521063, 6.90921806381084e-05, 0.6233571171760559, 0.13447222113609314]], 'pred_prompt': ['What is the most likely field of study this micrograph would be used for? pathology']}",2.0,,,,,
subdomain,"['What is the most likely subfield of study this micrograph would be used for? cardiovascular pathology', 'What is the most likely subfield of study this micrograph would be used for? hematopathology', 'What is the most likely subfield of study this micrograph would be used for? pulmonary and pleural pathology', 'What is the most likely subfield of study this micrograph would be used for? neuropathology', 'What is the most likely subfield of study this micrograph would be used for? gastrointestinal pathology', 'What is the most likely subfield of study this micrograph would be used for? none of the above']",dbe05db0-aab3-47d5-85be-e266b5132f3b,cardiovascular pathology,0,"{'pred': [0], 'probs': [[0.792727530002594, 0.1659468114376068, 0.02445918694138527, 0.008018417283892632, 0.00023907017020974308, 0.008608972653746605]], 'pred_prompt': ['What is the most likely subfield of study this micrograph would be used for? cardiovascular pathology']}",2.0,,,,,
modality,"['What is the most likely microscopy modality used to acquire this image? fluorescence microscopy', 'What is the most likely microscopy modality used to acquire this image? electron microscopy', 'What is the most likely microscopy modality used to acquire this image? light microscopy', 'What is the most likely microscopy modality used to acquire this image? none of the above']",4019cf41-70eb-49eb-a392-9c9b9fecaaa9,light microscopy,2,"{'pred': [2], 'probs': [[0.002977789146825671, 0.42895013093948364, 0.5049151182174683, 0.06315693259239197]], 'pred_prompt': ['What is the most likely microscopy modality used to acquire this image? light microscopy']}",2.0,,,,,
subdomain,"['What is the most likely subfield of study this micrograph would be used for? molecular pathology', 'What is the most likely subfield of study this micrograph would be used for? oral pathology', 'What is the most likely subfield of study this micrograph would be used for? pediatric pathology', 'What is the most likely subfield of study this micrograph would be used for? cardiovascular pathology', 'What is the most likely subfield of study this micrograph would be used for? breast pathology', 'What is the most likely subfield of study this micrograph would be used for? none of the above']",246aec5a-d23b-4dcd-98a4-590162f1e14a,cardiovascular pathology,3,"{'pred': [0], 'probs': [[0.7937138676643372, 0.08681761473417282, 0.009301915764808655, 0.10273433476686478, 0.0013592978939414024, 0.0060729472897946835]], 'pred_prompt': ['What is the most likely subfield of study this micrograph would be used for? molecular pathology']}",2.0,,,,,
subdomain,"['What is the most likely subfield of study this micrograph would be used for? molecular pathology', 'What is the most likely subfield of study this micrograph would be used for? genitourinary pathology', 'What is the most likely subfield of study this micrograph would be used for? cardiovascular pathology', 'What is the most likely subfield of study this micrograph would be used for? ophthalmic pathology', 'What is the most likely subfield of study this micrograph would be used for? dermatopathology', 'What is the most likely subfield of study this micrograph would be used for? none of the above']",59334940-e23b-4f01-b317-0fcdd37c28e5,cardiovascular pathology,2,"{'pred': [2], 'probs': [[0.34796568751335144, 0.0009673195891082287, 0.39859095215797424, 0.00013136019697412848, 0.2515608072280884, 0.0007839048048481345]], 'pred_prompt': ['What is the most likely subfield of study this micrograph would be used for? cardiovascular pathology']}",2.0,,,,,
submodality,"['What is the most likely microscopy submodality used to acquire this image? differential interference contrast microscopy', 'What is the most likely microscopy submodality used to acquire this image? brightfield microscopy', 'What is the most likely microscopy submodality used to acquire this image? darkfield microscopy', 'What is the most likely microscopy submodality used to acquire this image? mixed', 'What is the most likely microscopy submodality used to acquire this image? phase contrast microscopy', 'What is the most likely microscopy submodality used to acquire this image? none of the above']",4ab0f7f2-4029-49a6-ba23-16362de9f986,brightfield microscopy,1,"{'pred': [4], 'probs': [[0.04952927306294441, 0.3849276006221771, 0.02319858968257904, 0.06253818422555923, 0.444997638463974, 0.03480873629450798]], 'pred_prompt': ['What is the most likely microscopy submodality used to acquire this image? phase contrast microscopy']}",2.0,,,,,
domain,"['What is the most likely field of study this micrograph would be used for? dermatology', 'What is the most likely field of study this micrograph would be used for? pathology', 'What is the most likely field of study this micrograph would be used for? biology', 'What is the most likely field of study this micrograph would be used for? cytology', 'What is the most likely field of study this micrograph would be used for? radiology', 'What is the most likely field of study this micrograph would be used for? none of the above']",2d788b8c-2be7-45fe-9726-d17af5d5ac9d,pathology,1,"{'pred': [2], 'probs': [[0.000884397653862834, 0.4300280511379242, 0.4717640280723572, 0.00392361031845212, 0.004972429946064949, 0.08842753618955612]], 'pred_prompt': ['What is the most likely field of study this micrograph would be used for? biology']}",2.0,,,,,
domain,"['What is the most likely field of study this micrograph would be used for? biology', 'What is the most likely field of study this micrograph would be used for? radiology', 'What is the most likely field of study this micrograph would be used for? ophthalmology', 'What is the most likely field of study this micrograph would be used for? cytology', 'What is the most likely field of study this micrograph would be used for? pathology', 'What is the most likely field of study this micrograph would be used for? none of the above']",e175692e-991a-4f1f-ad2f-ba0d56173cb7,pathology,4,"{'pred': [4], 'probs': [[0.20608815550804138, 0.0005560956196859479, 7.947046833578497e-05, 0.0021200908813625574, 0.7520498037338257, 0.03910647705197334]], 'pred_prompt': ['What is the most likely field of study this micrograph would be used for? pathology']}",2.0,,,,,
domain,"['What is the most likely field of study this micrograph would be used for? biology', 'What is the most likely field of study this micrograph would be used for? radiology', 'What is the most likely field of study this micrograph would be used for? pathology', 'What is the most likely field of study this micrograph would be used for? ophthalmology', 'What is the most likely field of study this micrograph would be used for? cytology', 'What is the most likely field of study this micrograph would be used for? none of the above']",c0c96002-09fb-472a-a883-87304e98dc6c,pathology,2,"{'pred': [2], 'probs': [[0.1312224566936493, 0.00037020654417574406, 0.837384819984436, 3.676323831314221e-05, 0.003167040878906846, 0.027818698436021805]], 'pred_prompt': ['What is the most likely field of study this micrograph would be used for? pathology']}",2.0,,,,,
stain,"['What is the most likely technique used to stain this micrograph? synthetic', 'What is the most likely technique used to stain this micrograph? H&E', 'What is the most likely technique used to stain this micrograph? Ziehl-Neelsen', 'What is the most likely technique used to stain this micrograph? Congo Red', 'What is the most likely technique used to stain this micrograph? Basic fuchsin', 'What is the most likely technique used to stain this micrograph? none of the above']",a872b7ee-869d-457c-85dd-2ef7140aedf7,H&E,1,"{'pred': [0], 'probs': [[0.6162060499191284, 0.282044380903244, 0.0026560304686427116, 0.0002987302141264081, 0.0489111952483654, 0.04988358914852142]], 'pred_prompt': ['What is the most likely technique used to stain this micrograph? synthetic']}",2.0,,,,,
submodality,"['What is the most likely microscopy submodality used to acquire this image? darkfield microscopy', 'What is the most likely microscopy submodality used to acquire this image? polarized light microscopy', 'What is the most likely microscopy submodality used to acquire this image? brightfield microscopy', 'What is the most likely microscopy submodality used to acquire this image? mixed', 'What is the most likely microscopy submodality used to acquire this image? synthetic', 'What is the most likely microscopy submodality used to acquire this image? none of the above']",77a5ff28-c0cb-4ba8-9388-62fb4dc03228,brightfield microscopy,2,"{'pred': [1], 'probs': [[0.031182801350951195, 0.860934317111969, 0.10398124158382416, 0.00255065830424428, 0.0007785956258885562, 0.0005723390495404601]], 'pred_prompt': ['What is the most likely microscopy submodality used to acquire this image? polarized light microscopy']}",2.0,,,,,
stain,"['What is the most likely technique used to stain this micrograph? Alcian Blue', 'What is the most likely technique used to stain this micrograph? Giemsa', 'What is the most likely technique used to stain this micrograph? Basic fuchsin', 'What is the most likely technique used to stain this micrograph? Toluidine Blue', 'What is the most likely technique used to stain this micrograph? H&E', 'What is the most likely technique used to stain this micrograph? none of the above']",f622bb86-9879-4ba1-af93-81f15571e1fc,H&E,4,"{'pred': [4], 'probs': [[0.07836353778839111, 1.4318998182716314e-05, 0.03335367143154144, 2.9399903723970056e-05, 0.6877204775810242, 0.2005186229944229]], 'pred_prompt': ['What is the most likely technique used to stain this micrograph? H&E']}",2.0,,,,,
modality,"['What is the most likely microscopy modality used to acquire this image? fluorescence microscopy', 'What is the most likely microscopy modality used to acquire this image? light microscopy', 'What is the most likely microscopy modality used to acquire this image? electron microscopy', 'What is the most likely microscopy modality used to acquire this image? none of the above']",f17faa97-b7e6-459b-a874-6a6ac7e9a5c1,light microscopy,1,"{'pred': [1], 'probs': [[0.00479151913896203, 0.7344855666160583, 0.22153425216674805, 0.03918875753879547]], 'pred_prompt': ['What is the most likely microscopy modality used to acquire this image? light microscopy']}",2.0,,,,,
domain,"['What is the most likely field of study this micrograph would be used for? biology', 'What is the most likely field of study this micrograph would be used for? dermatology', 'What is the most likely field of study this micrograph would be used for? pathology', 'What is the most likely field of study this micrograph would be used for? cytology', 'What is the most likely field of study this micrograph would be used for? ophthalmology', 'What is the most likely field of study this micrograph would be used for? none of the above']",f655d1e9-7ec2-42ff-b98b-d295d5165215,pathology,2,"{'pred': [2], 'probs': [[0.1425592005252838, 0.019895590841770172, 0.7637200355529785, 0.004899367690086365, 0.0009252339950762689, 0.06800052523612976]], 'pred_prompt': ['What is the most likely field of study this micrograph would be used for? pathology']}",2.0,,,,,
stain,"['What is the most likely technique used to stain this micrograph? Gram', 'What is the most likely technique used to stain this micrograph? Toluidine Blue', 'What is the most likely technique used to stain this micrograph? Papanicolaou', 'What is the most likely technique used to stain this micrograph? Giemsa', 'What is the most likely technique used to stain this micrograph? H&E', 'What is the most likely technique used to stain this micrograph? none of the above']",d3390dbf-0827-44ee-8a0b-034099f63a01,H&E,4,"{'pred': [5], 'probs': [[0.0007151428726501763, 0.0006794835207983851, 0.00033753199386410415, 3.852470399579033e-05, 0.39953139424324036, 0.5986979007720947]], 'pred_prompt': ['What is the most likely technique used to stain this micrograph? none of the above']}",2.0,,,,,
submodality,"['What is the most likely microscopy submodality used to acquire this image? phase contrast microscopy', 'What is the most likely microscopy submodality used to acquire this image? mixed', 'What is the most likely microscopy submodality used to acquire this image? differential interference contrast microscopy', 'What is the most likely microscopy submodality used to acquire this image? synthetic', 'What is the most likely microscopy submodality used to acquire this image? brightfield microscopy', 'What is the most likely microscopy submodality used to acquire this image? none of the above']",88e93f0b-d4eb-4163-8284-e889b5fef439,brightfield microscopy,4,"{'pred': [4], 'probs': [[0.12510119378566742, 0.07129424065351486, 0.035599272698163986, 0.02732079289853573, 0.7167016863822937, 0.023982828482985497]], 'pred_prompt': ['What is the most likely microscopy submodality used to acquire this image? brightfield microscopy']}",2.0,,,,,
stain,"['What is the most likely technique used to stain this micrograph? H&E', 'What is the most likely technique used to stain this micrograph? Toluidine Blue', 'What is the most likely technique used to stain this micrograph? Ziehl-Neelsen', 'What is the most likely technique used to stain this micrograph? IHC(Red)', 'What is the most likely technique used to stain this micrograph? None', 'What is the most likely technique used to stain this micrograph? none of the above']",fec1d32a-fefb-4950-9191-cb4e7ab7e4ad,H&E,0,"{'pred': [0], 'probs': [[0.40949854254722595, 0.0002978368429467082, 0.0029946896247565746, 0.005938217509537935, 0.24434930086135864, 0.33692142367362976]], 'pred_prompt': ['What is the most likely technique used to stain this micrograph? H&E']}",2.0,,,,,
subdomain,"['What is the most likely subfield of study this micrograph would be used for? renal and medical kidney pathology', 'What is the most likely subfield of study this micrograph would be used for? infectious disease pathology', 'What is the most likely subfield of study this micrograph would be used for? gastrointestinal pathology', 'What is the most likely subfield of study this micrograph would be used for? molecular pathology', 'What is the most likely subfield of study this micrograph would be used for? cardiovascular pathology', 'What is the most likely subfield of study this micrograph would be used for? none of the above']",a0b4f3b2-b5d4-4b09-ad99-848ecb262ec5,cardiovascular pathology,4,"{'pred': [3], 'probs': [[0.0006941366591490805, 0.010569476522505283, 0.00017917407967615873, 0.5789028406143188, 0.4038233458995819, 0.005831054877489805]], 'pred_prompt': ['What is the most likely subfield of study this micrograph would be used for? molecular pathology']}",2.0,,,,,
modality,"['What is the most likely microscopy modality used to acquire this image? fluorescence microscopy', 'What is the most likely microscopy modality used to acquire this image? light microscopy', 'What is the most likely microscopy modality used to acquire this image? electron microscopy', 'What is the most likely microscopy modality used to acquire this image? none of the above']",062b1dd5-4a7e-41d0-94cd-ac7b8a2dd02c,light microscopy,1,"{'pred': [2], 'probs': [[0.0056871287524700165, 0.32938095927238464, 0.5861164331436157, 0.0788155049085617]], 'pred_prompt': ['What is the most likely microscopy modality used to acquire this image? electron microscopy']}",2.0,,,,,
domain,"['What is the most likely field of study this micrograph would be used for? dermatology', 'What is the most likely field of study this micrograph would be used for? radiology', 'What is the most likely field of study this micrograph would be used for? biology', 'What is the most likely field of study this micrograph would be used for? pathology', 'What is the most likely field of study this micrograph would be used for? cytology', 'What is the most likely field of study this micrograph would be used for? none of the above']",90725353-0973-4e30-b294-44182876a34d,pathology,3,"{'pred': [3], 'probs': [[0.0016324834432452917, 0.0018140184693038464, 0.20429100096225739, 0.6741664409637451, 0.001881914446130395, 0.11621405929327011]], 'pred_prompt': ['What is the most likely field of study this micrograph would be used for? pathology']}",2.0,,,,,
stain,"['What is the most likely technique used to stain this micrograph? PAS', 'What is the most likely technique used to stain this micrograph? IHC(Red)', 'What is the most likely technique used to stain this micrograph? Masson Trichrome', 'What is the most likely technique used to stain this micrograph? H&E', 'What is the most likely technique used to stain this micrograph? Papanicolaou', 'What is the most likely technique used to stain this micrograph? none of the above']",f2cf31dd-814d-463f-8daa-7470de74f696,H&E,3,"{'pred': [2], 'probs': [[0.1880604326725006, 0.057590216398239136, 0.4196517765522003, 0.23071417212486267, 0.00011781596549553797, 0.10386554896831512]], 'pred_prompt': ['What is the most likely technique used to stain this micrograph? Masson Trichrome']}",2.0,,,,,
stain,"['What is the most likely technique used to stain this micrograph? IHC(HDab)', 'What is the most likely technique used to stain this micrograph? Gram', 'What is the most likely technique used to stain this micrograph? Ziehl-Neelsen', 'What is the most likely technique used to stain this micrograph? H&E', 'What is the most likely technique used to stain this micrograph? None', 'What is the most likely technique used to stain this micrograph? none of the above']",e06ffaed-2e77-474a-83cd-da4ccf497f48,H&E,3,"{'pred': [3], 'probs': [[0.008343770168721676, 0.0006945980712771416, 0.000584412831813097, 0.837240993976593, 0.054277203977108, 0.09885899722576141]], 'pred_prompt': ['What is the most likely technique used to stain this micrograph? H&E']}",2.0,,,,,
modality,"['What is the most likely microscopy modality used to acquire this image? fluorescence microscopy', 'What is the most likely microscopy modality used to acquire this image? electron microscopy', 'What is the most likely microscopy modality used to acquire this image? light microscopy', 'What is the most likely microscopy modality used to acquire this image? none of the above']",37d20061-2cf0-483e-bf74-a1dadb38eebd,light microscopy,2,"{'pred': [1], 'probs': [[0.0026583299040794373, 0.5136889219284058, 0.42515861988067627, 0.05849407985806465]], 'pred_prompt': ['What is the most likely microscopy modality used to acquire this image? electron microscopy']}",2.0,,,,,
submodality,"['What is the most likely microscopy submodality used to acquire this image? differential interference contrast microscopy', 'What is the most likely microscopy submodality used to acquire this image? synthetic', 'What is the most likely microscopy submodality used to acquire this image? polarized light microscopy', 'What is the most likely microscopy submodality used to acquire this image? darkfield microscopy', 'What is the most likely microscopy submodality used to acquire this image? brightfield microscopy', 'What is the most likely microscopy submodality used to acquire this image? none of the above']",c0b25100-ff26-4d54-a937-75040132e94b,brightfield microscopy,4,"{'pred': [2], 'probs': [[0.007177217397838831, 0.0156323853880167, 0.8614739775657654, 0.014894035644829273, 0.09583725035190582, 0.004985158331692219]], 'pred_prompt': ['What is the most likely microscopy submodality used to acquire this image? polarized light microscopy']}",2.0,,,,,
submodality,"['What is the most likely microscopy submodality used to acquire this image? mixed', 'What is the most likely microscopy submodality used to acquire this image? brightfield microscopy', 'What is the most likely microscopy submodality used to acquire this image? phase contrast microscopy', 'What is the most likely microscopy submodality used to acquire this image? differential interference contrast microscopy', 'What is the most likely microscopy submodality used to acquire this image? polarized light microscopy', 'What is the most likely microscopy submodality used to acquire this image? none of the above']",a3057ce8-0f6e-4fda-a467-97bc151af42a,brightfield microscopy,1,"{'pred': [4], 'probs': [[0.009479704312980175, 0.21644501388072968, 0.015581022016704082, 0.00350966933183372, 0.7500358819961548, 0.004948804154992104]], 'pred_prompt': ['What is the most likely microscopy submodality used to acquire this image? polarized light microscopy']}",2.0,,,,,
modality,"['What is the most likely microscopy modality used to acquire this image? electron microscopy', 'What is the most likely microscopy modality used to acquire this image? fluorescence microscopy', 'What is the most likely microscopy modality used to acquire this image? light microscopy', 'What is the most likely microscopy modality used to acquire this image? none of the above']",909560e3-c5c3-4255-baa0-5f56039691fc,light microscopy,2,"{'pred': [2], 'probs': [[0.3112070560455322, 0.009130995720624924, 0.5309494137763977, 0.14871251583099365]], 'pred_prompt': ['What is the most likely microscopy modality used to acquire this image? light microscopy']}",2.0,,,,,
subdomain,"['What is the most likely subfield of study this micrograph would be used for? infectious disease pathology', 'What is the most likely subfield of study this micrograph would be used for? pulmonary and pleural pathology', 'What is the most likely subfield of study this micrograph would be used for? surgical pathology', 'What is the most likely subfield of study this micrograph would be used for? cardiovascular pathology', 'What is the most likely subfield of study this micrograph would be used for? neuropathology', 'What is the most likely subfield of study this micrograph would be used for? none of the above']",4b72d91d-4673-4d03-80c8-6183b04a1553,cardiovascular pathology,3,"{'pred': [2], 'probs': [[0.005627764388918877, 0.031108420342206955, 0.3571174144744873, 0.29048672318458557, 0.23312166333198547, 0.08253802359104156]], 'pred_prompt': ['What is the most likely subfield of study this micrograph would be used for? surgical pathology']}",2.0,,,,,
stain,"['What is the most likely technique used to stain this micrograph? Giemsa', 'What is the most likely technique used to stain this micrograph? H&E', 'What is the most likely technique used to stain this micrograph? Papanicolaou', 'What is the most likely technique used to stain this micrograph? synthetic', 'What is the most likely technique used to stain this micrograph? IHC(HDab)', 'What is the most likely technique used to stain this micrograph? none of the above']",4815e666-1be1-4a3d-b062-b0ac4150a6f3,H&E,1,"{'pred': [3], 'probs': [[2.1864139853278175e-05, 0.2254476249217987, 2.795692671497818e-05, 0.745400071144104, 0.00488354591652751, 0.024218978360295296]], 'pred_prompt': ['What is the most likely technique used to stain this micrograph? synthetic']}",2.0,,,,,
subdomain,"['What is the most likely subfield of study this micrograph would be used for? molecular pathology', 'What is the most likely subfield of study this micrograph would be used for? renal and medical kidney pathology', 'What is the most likely subfield of study this micrograph would be used for? hepatobiliary pathology', 'What is the most likely subfield of study this micrograph would be used for? cardiovascular pathology', 'What is the most likely subfield of study this micrograph would be used for? pancreatic pathology', 'What is the most likely subfield of study this micrograph would be used for? none of the above']",7864fee6-9902-49d4-9c8b-dd6000bfbad1,cardiovascular pathology,3,"{'pred': [3], 'probs': [[0.4604298770427704, 0.00010672469215933233, 0.0003684258845169097, 0.5357322692871094, 0.0013428219826892018, 0.0020198982674628496]], 'pred_prompt': ['What is the most likely subfield of study this micrograph would be used for? cardiovascular pathology']}",2.0,,,,,
submodality,"['What is the most likely microscopy submodality used to acquire this image? polarized light microscopy', 'What is the most likely microscopy submodality used to acquire this image? phase contrast microscopy', 'What is the most likely microscopy submodality used to acquire this image? differential interference contrast microscopy', 'What is the most likely microscopy submodality used to acquire this image? synthetic', 'What is the most likely microscopy submodality used to acquire this image? brightfield microscopy', 'What is the most likely microscopy submodality used to acquire this image? none of the above']",26145654-3185-406b-bb0b-74c26875b557,brightfield microscopy,4,"{'pred': [0], 'probs': [[0.5124655365943909, 0.05444645136594772, 0.012628159485757351, 0.0056389435194432735, 0.4099431037902832, 0.004877809900790453]], 'pred_prompt': ['What is the most likely microscopy submodality used to acquire this image? polarized light microscopy']}",2.0,,,,,
stain,"['What is the most likely technique used to stain this micrograph? H&E', 'What is the most likely technique used to stain this micrograph? Wright-Giemsa', 'What is the most likely technique used to stain this micrograph? Masson Trichrome', 'What is the most likely technique used to stain this micrograph? Basic fuchsin', 'What is the most likely technique used to stain this micrograph? IHC(Red)', 'What is the most likely technique used to stain this micrograph? none of the above']",f5272fa8-39a8-4663-9601-f35cc0f9503b,H&E,0,"{'pred': [2], 'probs': [[0.2892845571041107, 1.8634973457665183e-06, 0.6103339195251465, 0.04492932930588722, 0.01966046914458275, 0.0357898510992527]], 'pred_prompt': ['What is the most likely technique used to stain this micrograph? Masson Trichrome']}",2.0,,,,,
domain,"['What is the most likely field of study this micrograph would be used for? ophthalmology', 'What is the most likely field of study this micrograph would be used for? dermatology', 'What is the most likely field of study this micrograph would be used for? biology', 'What is the most likely field of study this micrograph would be used for? pathology', 'What is the most likely field of study this micrograph would be used for? cytology', 'What is the most likely field of study this micrograph would be used for? none of the above']",e06ed3fb-e01b-4e4f-a3f0-d848ad36064d,pathology,3,"{'pred': [3], 'probs': [[4.1082766983890906e-05, 0.001360373105853796, 0.2687980830669403, 0.6960492730140686, 0.003071003360673785, 0.030680188909173012]], 'pred_prompt': ['What is the most likely field of study this micrograph would be used for? pathology']}",2.0,,,,,
subdomain,"['What is the most likely subfield of study this micrograph would be used for? cardiovascular pathology', 'What is the most likely subfield of study this micrograph would be used for? neuropathology', 'What is the most likely subfield of study this micrograph would be used for? autopsy pathology', 'What is the most likely subfield of study this micrograph would be used for? pediatric pathology', 'What is the most likely subfield of study this micrograph would be used for? bone and soft tissue pathology', 'What is the most likely subfield of study this micrograph would be used for? none of the above']",aefe4bfa-0dd1-4dbc-af30-b355ddd2edab,cardiovascular pathology,0,"{'pred': [4], 'probs': [[0.37569767236709595, 0.0056451791897416115, 0.08315522223711014, 0.005455967504531145, 0.5257065892219543, 0.004339385777711868]], 'pred_prompt': ['What is the most likely subfield of study this micrograph would be used for? bone and soft tissue pathology']}",2.0,,,,,
domain,"['What is the most likely field of study this micrograph would be used for? radiology', 'What is the most likely field of study this micrograph would be used for? cytology', 'What is the most likely field of study this micrograph would be used for? ophthalmology', 'What is the most likely field of study this micrograph would be used for? pathology', 'What is the most likely field of study this micrograph would be used for? dermatology', 'What is the most likely field of study this micrograph would be used for? none of the above']",d8294d93-e710-4d3f-8a98-7ec0e2525282,pathology,3,"{'pred': [3], 'probs': [[0.000304866349324584, 0.002328224014490843, 0.00020559508993756026, 0.9540403485298157, 0.0005373152671381831, 0.0425836481153965]], 'pred_prompt': ['What is the most likely field of study this micrograph would be used for? pathology']}",2.0,,,,,
subdomain,"['What is the most likely subfield of study this micrograph would be used for? dermatopathology', 'What is the most likely subfield of study this micrograph would be used for? cardiovascular pathology', 'What is the most likely subfield of study this micrograph would be used for? endocrine pathology', 'What is the most likely subfield of study this micrograph would be used for? forensic pathology', 'What is the most likely subfield of study this micrograph would be used for? pulmonary and pleural pathology', 'What is the most likely subfield of study this micrograph would be used for? none of the above']",4815e666-1be1-4a3d-b062-b0ac4150a6f3,cardiovascular pathology,1,"{'pred': [1], 'probs': [[0.25709477066993713, 0.6295012831687927, 0.04102683812379837, 0.05130903422832489, 0.011560567654669285, 0.009507506154477596]], 'pred_prompt': ['What is the most likely subfield of study this micrograph would be used for? cardiovascular pathology']}",2.0,,,,,
subdomain,"['What is the most likely subfield of study this micrograph would be used for? breast pathology', 'What is the most likely subfield of study this micrograph would be used for? surgical pathology', 'What is the most likely subfield of study this micrograph would be used for? cardiovascular pathology', 'What is the most likely subfield of study this micrograph would be used for? neuropathology', 'What is the most likely subfield of study this micrograph would be used for? oral pathology', 'What is the most likely subfield of study this micrograph would be used for? none of the above']",7625b27e-fa7b-455c-ac0b-b404f6ccc7c6,cardiovascular pathology,2,"{'pred': [2], 'probs': [[0.0009118200396187603, 0.12950274348258972, 0.7090877890586853, 0.1250254362821579, 0.014180234633386135, 0.02129196748137474]], 'pred_prompt': ['What is the most likely subfield of study this micrograph would be used for? cardiovascular pathology']}",2.0,,,,,
subdomain,"['What is the most likely subfield of study this micrograph would be used for? dermatopathology', 'What is the most likely subfield of study this micrograph would be used for? nephropathology', 'What is the most likely subfield of study this micrograph would be used for? pulmonary and pleural pathology', 'What is the most likely subfield of study this micrograph would be used for? cardiovascular pathology', 'What is the most likely subfield of study this micrograph would be used for? breast pathology', 'What is the most likely subfield of study this micrograph would be used for? none of the above']",7767a5db-c308-427c-a8c3-89eb3afd473e,cardiovascular pathology,3,"{'pred': [0], 'probs': [[0.4968176484107971, 0.1893065869808197, 0.020669350400567055, 0.2902303636074066, 0.001460178755223751, 0.0015158974565565586]], 'pred_prompt': ['What is the most likely subfield of study this micrograph would be used for? dermatopathology']}",2.0,,,,,
subdomain,"['What is the most likely subfield of study this micrograph would be used for? hematopathology', 'What is the most likely subfield of study this micrograph would be used for? cardiovascular pathology', 'What is the most likely subfield of study this micrograph would be used for? bone and soft tissue pathology', 'What is the most likely subfield of study this micrograph would be used for? oral pathology', 'What is the most likely subfield of study this micrograph would be used for? pancreatic pathology', 'What is the most likely subfield of study this micrograph would be used for? none of the above']",43516f41-8014-4d4a-a5f9-b0c21fb2b599,cardiovascular pathology,1,"{'pred': [1], 'probs': [[0.28671348094940186, 0.35337263345718384, 0.3428992033004761, 0.005701342131942511, 0.0043891663663089275, 0.006924264598637819]], 'pred_prompt': ['What is the most likely subfield of study this micrograph would be used for? cardiovascular pathology']}",2.0,,,,,
domain,"['What is the most likely field of study this micrograph would be used for? dermatology', 'What is the most likely field of study this micrograph would be used for? cytology', 'What is the most likely field of study this micrograph would be used for? radiology', 'What is the most likely field of study this micrograph would be used for? biology', 'What is the most likely field of study this micrograph would be used for? pathology', 'What is the most likely field of study this micrograph would be used for? none of the above']",f3fbbdfb-9cb5-44df-80f6-392379ad1efa,pathology,4,"{'pred': [4], 'probs': [[0.00013979726645629853, 0.0006822761497460306, 2.7268881240161136e-05, 0.4331246316432953, 0.46034523844718933, 0.10568077117204666]], 'pred_prompt': ['What is the most likely field of study this micrograph would be used for? pathology']}",2.0,,,,,
modality,"['What is the most likely microscopy modality used to acquire this image? electron microscopy', 'What is the most likely microscopy modality used to acquire this image? light microscopy', 'What is the most likely microscopy modality used to acquire this image? fluorescence microscopy', 'What is the most likely microscopy modality used to acquire this image? none of the above']",8054a89f-1652-4de1-948d-28be5c121e29,light microscopy,1,"{'pred': [1], 'probs': [[0.3165888488292694, 0.6125271916389465, 0.0021959668956696987, 0.06868793815374374]], 'pred_prompt': ['What is the most likely microscopy modality used to acquire this image? light microscopy']}",2.0,,,,,
stain,"['What is the most likely technique used to stain this micrograph? Alcian Blue', 'What is the most likely technique used to stain this micrograph? Giemsa', 'What is the most likely technique used to stain this micrograph? Ziehl-Neelsen', 'What is the most likely technique used to stain this micrograph? H&E', 'What is the most likely technique used to stain this micrograph? Congo Red', 'What is the most likely technique used to stain this micrograph? none of the above']",eca7c998-7145-47b0-aa83-9c5b644bfebe,H&E,3,"{'pred': [5], 'probs': [[0.1423005610704422, 4.248244295013137e-05, 0.025309467688202858, 0.302437424659729, 0.005033578723669052, 0.5248764753341675]], 'pred_prompt': ['What is the most likely technique used to stain this micrograph? none of the above']}",2.0,,,,,
subdomain,"['What is the most likely subfield of study this micrograph would be used for? hematopathology', 'What is the most likely subfield of study this micrograph would be used for? cardiovascular pathology', 'What is the most likely subfield of study this micrograph would be used for? endocrine pathology', 'What is the most likely subfield of study this micrograph would be used for? bone and soft tissue pathology', 'What is the most likely subfield of study this micrograph would be used for? genitourinary pathology', 'What is the most likely subfield of study this micrograph would be used for? none of the above']",422596b6-9d63-47ef-b922-4aa59268ac80,cardiovascular pathology,1,"{'pred': [2], 'probs': [[0.13327760994434357, 0.14948777854442596, 0.4921093285083771, 0.2131403684616089, 0.0037544642109423876, 0.008230464532971382]], 'pred_prompt': ['What is the most likely subfield of study this micrograph would be used for? endocrine pathology']}",2.0,,,,,
domain,"['What is the most likely field of study this micrograph would be used for? biology', 'What is the most likely field of study this micrograph would be used for? radiology', 'What is the most likely field of study this micrograph would be used for? dermatology', 'What is the most likely field of study this micrograph would be used for? cytology', 'What is the most likely field of study this micrograph would be used for? pathology', 'What is the most likely field of study this micrograph would be used for? none of the above']",8dbebaee-cab0-4dcb-91a5-7ba1d4c3d81e,pathology,4,"{'pred': [4], 'probs': [[0.13620403409004211, 0.002494026441127062, 0.010334021411836147, 0.0013752348022535443, 0.8208938837051392, 0.028698856011033058]], 'pred_prompt': ['What is the most likely field of study this micrograph would be used for? pathology']}",2.0,,,,,
submodality,"['What is the most likely microscopy submodality used to acquire this image? mixed', 'What is the most likely microscopy submodality used to acquire this image? polarized light microscopy', 'What is the most likely microscopy submodality used to acquire this image? brightfield microscopy', 'What is the most likely microscopy submodality used to acquire this image? phase contrast microscopy', 'What is the most likely microscopy submodality used to acquire this image? differential interference contrast microscopy', 'What is the most likely microscopy submodality used to acquire this image? none of the above']",f6cdce6f-bda8-4682-87bf-ef784f4f9173,brightfield microscopy,2,"{'pred': [1], 'probs': [[0.03689004108309746, 0.7266151905059814, 0.20736078917980194, 0.02061067707836628, 0.0021095050033181906, 0.006413744296878576]], 'pred_prompt': ['What is the most likely microscopy submodality used to acquire this image? polarized light microscopy']}",2.0,,,,,
subdomain,"['What is the most likely subfield of study this micrograph would be used for? autopsy pathology', 'What is the most likely subfield of study this micrograph would be used for? cardiovascular pathology', 'What is the most likely subfield of study this micrograph would be used for? dermatopathology', 'What is the most likely subfield of study this micrograph would be used for? head and neck pathology', 'What is the most likely subfield of study this micrograph would be used for? hepatobiliary pathology', 'What is the most likely subfield of study this micrograph would be used for? none of the above']",e103eb23-af36-4d8c-ac88-3ce02c42b711,cardiovascular pathology,1,"{'pred': [2], 'probs': [[0.07786016166210175, 0.021398380398750305, 0.8924332857131958, 0.0065206498838961124, 3.54366420651786e-05, 0.0017520558321848512]], 'pred_prompt': ['What is the most likely subfield of study this micrograph would be used for? dermatopathology']}",2.0,,,,,
submodality,"['What is the most likely microscopy submodality used to acquire this image? synthetic', 'What is the most likely microscopy submodality used to acquire this image? differential interference contrast microscopy', 'What is the most likely microscopy submodality used to acquire this image? mixed', 'What is the most likely microscopy submodality used to acquire this image? phase contrast microscopy', 'What is the most likely microscopy submodality used to acquire this image? brightfield microscopy', 'What is the most likely microscopy submodality used to acquire this image? none of the above']",1de96680-d832-4691-a6ff-8ae1652f21c3,brightfield microscopy,4,"{'pred': [4], 'probs': [[0.050452593713998795, 0.08725243806838989, 0.030918145552277565, 0.3005483150482178, 0.4967164993286133, 0.034112025052309036]], 'pred_prompt': ['What is the most likely microscopy submodality used to acquire this image? brightfield microscopy']}",2.0,,,,,
subdomain,"['What is the most likely subfield of study this micrograph would be used for? cardiovascular pathology', 'What is the most likely subfield of study this micrograph would be used for? dermatopathology', 'What is the most likely subfield of study this micrograph would be used for? hepatobiliary pathology', 'What is the most likely subfield of study this micrograph would be used for? gastrointestinal pathology', 'What is the most likely subfield of study this micrograph would be used for? pediatric pathology', 'What is the most likely subfield of study this micrograph would be used for? none of the above']",f5b67947-a097-4877-a927-445d2a27bd8d,cardiovascular pathology,0,"{'pred': [1], 'probs': [[0.36691173911094666, 0.580491304397583, 0.0012210526037961245, 0.00047131828614510596, 0.025273002684116364, 0.025631558150053024]], 'pred_prompt': ['What is the most likely subfield of study this micrograph would be used for? dermatopathology']}",2.0,,,,,
submodality,"['What is the most likely microscopy submodality used to acquire this image? differential interference contrast microscopy', 'What is the most likely microscopy submodality used to acquire this image? mixed', 'What is the most likely microscopy submodality used to acquire this image? synthetic', 'What is the most likely microscopy submodality used to acquire this image? brightfield microscopy', 'What is the most likely microscopy submodality used to acquire this image? darkfield microscopy', 'What is the most likely microscopy submodality used to acquire this image? none of the above']",fdc19a50-f370-4f0a-aebc-3564cc83ae10,brightfield microscopy,3,"{'pred': [3], 'probs': [[0.05551651865243912, 0.05510340631008148, 0.0410497821867466, 0.7646764516830444, 0.06395924091339111, 0.019694548100233078]], 'pred_prompt': ['What is the most likely microscopy submodality used to acquire this image? brightfield microscopy']}",2.0,,,,,
modality,"['What is the most likely microscopy modality used to acquire this image? electron microscopy', 'What is the most likely microscopy modality used to acquire this image? light microscopy', 'What is the most likely microscopy modality used to acquire this image? fluorescence microscopy', 'What is the most likely microscopy modality used to acquire this image? none of the above']",e4541dc3-f755-45c4-b042-df93fc9791ba,light microscopy,1,"{'pred': [1], 'probs': [[0.37933608889579773, 0.5775387287139893, 0.0023433060850948095, 0.04078184813261032]], 'pred_prompt': ['What is the most likely microscopy modality used to acquire this image? light microscopy']}",2.0,,,,,
domain,"['What is the most likely field of study this micrograph would be used for? pathology', 'What is the most likely field of study this micrograph would be used for? cytology', 'What is the most likely field of study this micrograph would be used for? ophthalmology', 'What is the most likely field of study this micrograph would be used for? dermatology', 'What is the most likely field of study this micrograph would be used for? radiology', 'What is the most likely field of study this micrograph would be used for? none of the above']",4c5694a4-ef9f-4a14-b0da-0cb7c627a38d,pathology,0,"{'pred': [0], 'probs': [[0.8936912417411804, 0.0009285676060244441, 3.3446751331212e-05, 0.0012553171254694462, 0.0008981174323707819, 0.10319332033395767]], 'pred_prompt': ['What is the most likely field of study this micrograph would be used for? pathology']}",2.0,,,,,
subdomain,"['What is the most likely subfield of study this micrograph would be used for? bone and soft tissue pathology', 'What is the most likely subfield of study this micrograph would be used for? gynecologic pathology', 'What is the most likely subfield of study this micrograph would be used for? pulmonary and pleural pathology', 'What is the most likely subfield of study this micrograph would be used for? cardiovascular pathology', 'What is the most likely subfield of study this micrograph would be used for? hematopathology', 'What is the most likely subfield of study this micrograph would be used for? none of the above']",0c05be7a-43d7-4df2-8980-bb93239f3225,cardiovascular pathology,3,"{'pred': [4], 'probs': [[0.04065559804439545, 0.01653779111802578, 0.013877004384994507, 0.09259451925754547, 0.8350093960762024, 0.0013257469981908798]], 'pred_prompt': ['What is the most likely subfield of study this micrograph would be used for? hematopathology']}",2.0,,,,,
domain,"['What is the most likely field of study this micrograph would be used for? pathology', 'What is the most likely field of study this micrograph would be used for? dermatology', 'What is the most likely field of study this micrograph would be used for? cytology', 'What is the most likely field of study this micrograph would be used for? biology', 'What is the most likely field of study this micrograph would be used for? ophthalmology', 'What is the most likely field of study this micrograph would be used for? none of the above']",015d4e70-b58c-45b3-81d5-92e9c1d838b2,pathology,0,"{'pred': [0], 'probs': [[0.9162746667861938, 0.020135169848799706, 0.00028567694243974984, 0.02936990186572075, 0.00016018882161006331, 0.03377445414662361]], 'pred_prompt': ['What is the most likely field of study this micrograph would be used for? pathology']}",2.0,,,,,
domain,"['What is the most likely field of study this micrograph would be used for? pathology', 'What is the most likely field of study this micrograph would be used for? radiology', 'What is the most likely field of study this micrograph would be used for? cytology', 'What is the most likely field of study this micrograph would be used for? dermatology', 'What is the most likely field of study this micrograph would be used for? ophthalmology', 'What is the most likely field of study this micrograph would be used for? none of the above']",ef222bfd-4b00-4a75-a83f-720f9357f43e,pathology,0,"{'pred': [0], 'probs': [[0.9343546628952026, 0.005693566519767046, 0.0068468255922198296, 0.007925312034785748, 0.0015132561093196273, 0.043666355311870575]], 'pred_prompt': ['What is the most likely field of study this micrograph would be used for? pathology']}",2.0,,,,,
stain,"['What is the most likely technique used to stain this micrograph? IHC(Red)', 'What is the most likely technique used to stain this micrograph? Basic fuchsin', 'What is the most likely technique used to stain this micrograph? IHC(HDab)', 'What is the most likely technique used to stain this micrograph? H&E', 'What is the most likely technique used to stain this micrograph? Giemsa', 'What is the most likely technique used to stain this micrograph? none of the above']",a04cdbda-15cb-4606-b44f-c0a641f90ba0,H&E,3,"{'pred': [0], 'probs': [[0.8926818370819092, 0.005119776353240013, 0.031697824597358704, 0.06140583008527756, 2.362668965361081e-06, 0.009092394262552261]], 'pred_prompt': ['What is the most likely technique used to stain this micrograph? IHC(Red)']}",2.0,,,,,
domain,"['What is the most likely field of study this micrograph would be used for? radiology', 'What is the most likely field of study this micrograph would be used for? cytology', 'What is the most likely field of study this micrograph would be used for? pathology', 'What is the most likely field of study this micrograph would be used for? dermatology', 'What is the most likely field of study this micrograph would be used for? biology', 'What is the most likely field of study this micrograph would be used for? none of the above']",1f2fb13d-da9d-4b9a-812a-201a1a9d667e,pathology,2,"{'pred': [2], 'probs': [[0.0003145525115542114, 0.0013867567759007215, 0.795616865158081, 0.00014315490261651576, 0.11070717871189117, 0.09183148294687271]], 'pred_prompt': ['What is the most likely field of study this micrograph would be used for? pathology']}",2.0,,,,,
domain,"['What is the most likely field of study this micrograph would be used for? ophthalmology', 'What is the most likely field of study this micrograph would be used for? biology', 'What is the most likely field of study this micrograph would be used for? dermatology', 'What is the most likely field of study this micrograph would be used for? radiology', 'What is the most likely field of study this micrograph would be used for? pathology', 'What is the most likely field of study this micrograph would be used for? none of the above']",80e08b18-1103-4d99-affb-040ce33a43c2,pathology,4,"{'pred': [4], 'probs': [[0.0003439028805587441, 0.23018935322761536, 0.0024287228006869555, 0.00036510161589831114, 0.5661083459854126, 0.20056459307670593]], 'pred_prompt': ['What is the most likely field of study this micrograph would be used for? pathology']}",2.0,,,,,
submodality,"['What is the most likely microscopy submodality used to acquire this image? synthetic', 'What is the most likely microscopy submodality used to acquire this image? polarized light microscopy', 'What is the most likely microscopy submodality used to acquire this image? differential interference contrast microscopy', 'What is the most likely microscopy submodality used to acquire this image? mixed', 'What is the most likely microscopy submodality used to acquire this image? brightfield microscopy', 'What is the most likely microscopy submodality used to acquire this image? none of the above']",ae72b4d4-ace3-419f-ba0b-a94e6fce34f2,brightfield microscopy,4,"{'pred': [4], 'probs': [[0.0008671505493111908, 0.023598961532115936, 0.02012590318918228, 0.001550298067741096, 0.9529433846473694, 0.0009143261704593897]], 'pred_prompt': ['What is the most likely microscopy submodality used to acquire this image? brightfield microscopy']}",2.0,,,,,
domain,"['What is the most likely field of study this micrograph would be used for? biology', 'What is the most likely field of study this micrograph would be used for? pathology', 'What is the most likely field of study this micrograph would be used for? dermatology', 'What is the most likely field of study this micrograph would be used for? ophthalmology', 'What is the most likely field of study this micrograph would be used for? radiology', 'What is the most likely field of study this micrograph would be used for? none of the above']",de5d4177-e409-4bdf-a9a8-8b42e2967051,pathology,1,"{'pred': [1], 'probs': [[0.1085950955748558, 0.8045822381973267, 0.006625720299780369, 9.285710984840989e-05, 0.006944185122847557, 0.07315998524427414]], 'pred_prompt': ['What is the most likely field of study this micrograph would be used for? pathology']}",2.0,,,,,
domain,"['What is the most likely field of study this micrograph would be used for? dermatology', 'What is the most likely field of study this micrograph would be used for? cytology', 'What is the most likely field of study this micrograph would be used for? ophthalmology', 'What is the most likely field of study this micrograph would be used for? radiology', 'What is the most likely field of study this micrograph would be used for? pathology', 'What is the most likely field of study this micrograph would be used for? none of the above']",6a6276c8-6a4a-45ab-a3b1-e8c2ac25c12b,pathology,4,"{'pred': [4], 'probs': [[0.0013415057910606265, 0.009964116849005222, 8.568503835704178e-05, 0.006086076144129038, 0.9503538608551025, 0.03216879442334175]], 'pred_prompt': ['What is the most likely field of study this micrograph would be used for? pathology']}",2.0,,,,,
stain,"['What is the most likely technique used to stain this micrograph? None', 'What is the most likely technique used to stain this micrograph? Papanicolaou', 'What is the most likely technique used to stain this micrograph? H&E', 'What is the most likely technique used to stain this micrograph? Toluidine Blue', 'What is the most likely technique used to stain this micrograph? synthetic', 'What is the most likely technique used to stain this micrograph? none of the above']",e175692e-991a-4f1f-ad2f-ba0d56173cb7,H&E,2,"{'pred': [4], 'probs': [[0.03363840654492378, 0.0001800961617846042, 0.06780411303043365, 9.22666658880189e-05, 0.8499113321304321, 0.04837384447455406]], 'pred_prompt': ['What is the most likely technique used to stain this micrograph? synthetic']}",2.0,,,,,
submodality,"['What is the most likely microscopy submodality used to acquire this image? darkfield microscopy', 'What is the most likely microscopy submodality used to acquire this image? brightfield microscopy', 'What is the most likely microscopy submodality used to acquire this image? synthetic', 'What is the most likely microscopy submodality used to acquire this image? differential interference contrast microscopy', 'What is the most likely microscopy submodality used to acquire this image? phase contrast microscopy', 'What is the most likely microscopy submodality used to acquire this image? none of the above']",057bfcf7-803e-4fba-a4e5-af029b1c0f60,brightfield microscopy,1,"{'pred': [1], 'probs': [[0.11013735085725784, 0.7657759189605713, 0.01044676173478365, 0.030290864408016205, 0.07388139516115189, 0.00946770142763853]], 'pred_prompt': ['What is the most likely microscopy submodality used to acquire this image? brightfield microscopy']}",2.0,,,,,
submodality,"['What is the most likely microscopy submodality used to acquire this image? polarized light microscopy', 'What is the most likely microscopy submodality used to acquire this image? phase contrast microscopy', 'What is the most likely microscopy submodality used to acquire this image? darkfield microscopy', 'What is the most likely microscopy submodality used to acquire this image? brightfield microscopy', 'What is the most likely microscopy submodality used to acquire this image? differential interference contrast microscopy', 'What is the most likely microscopy submodality used to acquire this image? none of the above']",985a6583-b549-4168-9084-b13abd6296aa,brightfield microscopy,3,"{'pred': [0], 'probs': [[0.6341754794120789, 0.1278671771287918, 0.01547183282673359, 0.16338029503822327, 0.05708591639995575, 0.002019277075305581]], 'pred_prompt': ['What is the most likely microscopy submodality used to acquire this image? polarized light microscopy']}",2.0,,,,,
subdomain,"['What is the most likely subfield of study this micrograph would be used for? pulmonary and pleural pathology', 'What is the most likely subfield of study this micrograph would be used for? pediatric pathology', 'What is the most likely subfield of study this micrograph would be used for? endocrine pathology', 'What is the most likely subfield of study this micrograph would be used for? cardiovascular pathology', 'What is the most likely subfield of study this micrograph would be used for? gynecologic pathology', 'What is the most likely subfield of study this micrograph would be used for? none of the above']",2d788b8c-2be7-45fe-9726-d17af5d5ac9d,cardiovascular pathology,3,"{'pred': [3], 'probs': [[0.004257138818502426, 0.0016571554588153958, 0.05226783826947212, 0.92792147397995, 0.007474333979189396, 0.006422114092856646]], 'pred_prompt': ['What is the most likely subfield of study this micrograph would be used for? cardiovascular pathology']}",2.0,,,,,
stain,"['What is the most likely technique used to stain this micrograph? Congo Red', 'What is the most likely technique used to stain this micrograph? synthetic', 'What is the most likely technique used to stain this micrograph? H&E', 'What is the most likely technique used to stain this micrograph? IHC(Red)', 'What is the most likely technique used to stain this micrograph? Basic fuchsin', 'What is the most likely technique used to stain this micrograph? none of the above']",1b506d99-9a52-4965-86fb-112eccc8e38b,H&E,2,"{'pred': [2], 'probs': [[0.00017609451606404036, 0.20717360079288483, 0.7422980070114136, 0.021736707538366318, 0.011122371070086956, 0.017493274062871933]], 'pred_prompt': ['What is the most likely technique used to stain this micrograph? H&E']}",2.0,,,,,
stain,"['What is the most likely technique used to stain this micrograph? IHC(Red)', 'What is the most likely technique used to stain this micrograph? Giemsa', 'What is the most likely technique used to stain this micrograph? Ziehl-Neelsen', 'What is the most likely technique used to stain this micrograph? H&E', 'What is the most likely technique used to stain this micrograph? Papanicolaou', 'What is the most likely technique used to stain this micrograph? none of the above']",0d4c456b-1dc3-4472-8798-c30d790d1c1f,H&E,3,"{'pred': [0], 'probs': [[0.5188838839530945, 0.00014868375728838146, 0.15437911450862885, 0.21013687551021576, 0.00022606365382671356, 0.11622536182403564]], 'pred_prompt': ['What is the most likely technique used to stain this micrograph? IHC(Red)']}",2.0,,,,,
submodality,"['What is the most likely microscopy submodality used to acquire this image? synthetic', 'What is the most likely microscopy submodality used to acquire this image? differential interference contrast microscopy', 'What is the most likely microscopy submodality used to acquire this image? brightfield microscopy', 'What is the most likely microscopy submodality used to acquire this image? darkfield microscopy', 'What is the most likely microscopy submodality used to acquire this image? mixed', 'What is the most likely microscopy submodality used to acquire this image? none of the above']",9a98d308-b93f-4f67-bf71-6d070ec9506a,brightfield microscopy,2,"{'pred': [2], 'probs': [[0.004962672013789415, 0.07907388359308243, 0.8416524529457092, 0.0691308006644249, 0.004064375534653664, 0.0011158054694533348]], 'pred_prompt': ['What is the most likely microscopy submodality used to acquire this image? brightfield microscopy']}",2.0,,,,,
stain,"['What is the most likely technique used to stain this micrograph? Congo Red', 'What is the most likely technique used to stain this micrograph? Toluidine Blue', 'What is the most likely technique used to stain this micrograph? Alcian Blue', 'What is the most likely technique used to stain this micrograph? Giemsa', 'What is the most likely technique used to stain this micrograph? H&E', 'What is the most likely technique used to stain this micrograph? none of the above']",4bade762-1265-4d10-889f-e33231410da6,H&E,4,"{'pred': [4], 'probs': [[0.00011501376138767228, 0.00012123939086450264, 0.0053084054961800575, 5.480867548612878e-05, 0.9609650373458862, 0.03343542292714119]], 'pred_prompt': ['What is the most likely technique used to stain this micrograph? H&E']}",2.0,,,,,
subdomain,"['What is the most likely subfield of study this micrograph would be used for? cardiovascular pathology', 'What is the most likely subfield of study this micrograph would be used for? forensic pathology', 'What is the most likely subfield of study this micrograph would be used for? blood banking and transfusion medicine', 'What is the most likely subfield of study this micrograph would be used for? head and neck pathology', 'What is the most likely subfield of study this micrograph would be used for? pulmonary and pleural pathology', 'What is the most likely subfield of study this micrograph would be used for? none of the above']",1830c410-e622-405e-86a9-ea1a5f3dea48,cardiovascular pathology,0,"{'pred': [0], 'probs': [[0.9163587093353271, 0.046918656677007675, 0.00039485172601416707, 0.009388117119669914, 0.018466290086507797, 0.008473291993141174]], 'pred_prompt': ['What is the most likely subfield of study this micrograph would be used for? cardiovascular pathology']}",2.0,,,,,
subdomain,"['What is the most likely subfield of study this micrograph would be used for? cardiovascular pathology', 'What is the most likely subfield of study this micrograph would be used for? hematopathology', 'What is the most likely subfield of study this micrograph would be used for? neuropathology', 'What is the most likely subfield of study this micrograph would be used for? infectious disease pathology', 'What is the most likely subfield of study this micrograph would be used for? pediatric pathology', 'What is the most likely subfield of study this micrograph would be used for? none of the above']",feefac4b-d2ff-4f47-a8ad-565192f68b90,cardiovascular pathology,0,"{'pred': [0], 'probs': [[0.5344648957252502, 0.39453795552253723, 0.04961976408958435, 0.003252987749874592, 0.015224951319396496, 0.0028994379099458456]], 'pred_prompt': ['What is the most likely subfield of study this micrograph would be used for? cardiovascular pathology']}",2.0,,,,,
submodality,"['What is the most likely microscopy submodality used to acquire this image? differential interference contrast microscopy', 'What is the most likely microscopy submodality used to acquire this image? polarized light microscopy', 'What is the most likely microscopy submodality used to acquire this image? mixed', 'What is the most likely microscopy submodality used to acquire this image? brightfield microscopy', 'What is the most likely microscopy submodality used to acquire this image? synthetic', 'What is the most likely microscopy submodality used to acquire this image? none of the above']",5252680e-c437-4155-af47-d38659e8dd68,brightfield microscopy,3,"{'pred': [1], 'probs': [[0.06830514222383499, 0.4561280310153961, 0.00961246807128191, 0.44991716742515564, 0.009351171553134918, 0.006686015985906124]], 'pred_prompt': ['What is the most likely microscopy submodality used to acquire this image? polarized light microscopy']}",2.0,,,,,
subdomain,"['What is the most likely subfield of study this micrograph would be used for? neuropathology', 'What is the most likely subfield of study this micrograph would be used for? breast pathology', 'What is the most likely subfield of study this micrograph would be used for? ophthalmic pathology', 'What is the most likely subfield of study this micrograph would be used for? cardiovascular pathology', 'What is the most likely subfield of study this micrograph would be used for? surgical pathology', 'What is the most likely subfield of study this micrograph would be used for? none of the above']",26145654-3185-406b-bb0b-74c26875b557,cardiovascular pathology,3,"{'pred': [3], 'probs': [[0.01237188559025526, 0.005136694293469191, 8.424228872172534e-05, 0.8951738476753235, 0.08460795134305954, 0.002625423716381192]], 'pred_prompt': ['What is the most likely subfield of study this micrograph would be used for? cardiovascular pathology']}",2.0,,,,,
stain,"['What is the most likely technique used to stain this micrograph? Basic fuchsin', 'What is the most likely technique used to stain this micrograph? Wright-Giemsa', 'What is the most likely technique used to stain this micrograph? Ziehl-Neelsen', 'What is the most likely technique used to stain this micrograph? H&E', 'What is the most likely technique used to stain this micrograph? Papanicolaou', 'What is the most likely technique used to stain this micrograph? none of the above']",76639c47-6192-4a64-b4fd-3a9851a9a77e,H&E,3,"{'pred': [3], 'probs': [[0.014408336952328682, 2.0817271888518007e-06, 0.02548803575336933, 0.862792432308197, 9.780559776118025e-05, 0.09721135348081589]], 'pred_prompt': ['What is the most likely technique used to stain this micrograph? H&E']}",2.0,,,,,
subdomain,"['What is the most likely subfield of study this micrograph would be used for? cardiovascular pathology', 'What is the most likely subfield of study this micrograph would be used for? nephropathology', 'What is the most likely subfield of study this micrograph would be used for? bone and soft tissue pathology', 'What is the most likely subfield of study this micrograph would be used for? ophthalmic pathology', 'What is the most likely subfield of study this micrograph would be used for? gynecologic pathology', 'What is the most likely subfield of study this micrograph would be used for? none of the above']",981e8b71-ba1e-4fac-85c7-6c0ea5c39ef6,cardiovascular pathology,0,"{'pred': [1], 'probs': [[0.3305852711200714, 0.37395399808883667, 0.26953810453414917, 0.00042876508086919785, 0.01768539845943451, 0.007808385416865349]], 'pred_prompt': ['What is the most likely subfield of study this micrograph would be used for? nephropathology']}",2.0,,,,,
subdomain,"['What is the most likely subfield of study this micrograph would be used for? cardiovascular pathology', 'What is the most likely subfield of study this micrograph would be used for? endocrine pathology', 'What is the most likely subfield of study this micrograph would be used for? neuropathology', 'What is the most likely subfield of study this micrograph would be used for? head and neck pathology', 'What is the most likely subfield of study this micrograph would be used for? oral pathology', 'What is the most likely subfield of study this micrograph would be used for? none of the above']",61020bbb-0e0c-4a77-b96d-152f85a34eec,cardiovascular pathology,0,"{'pred': [0], 'probs': [[0.8936547040939331, 0.07750634104013443, 0.011957313865423203, 0.007585744373500347, 0.004419353324919939, 0.0048764534294605255]], 'pred_prompt': ['What is the most likely subfield of study this micrograph would be used for? cardiovascular pathology']}",2.0,,,,,
modality,"['What is the most likely microscopy modality used to acquire this image? light microscopy', 'What is the most likely microscopy modality used to acquire this image? fluorescence microscopy', 'What is the most likely microscopy modality used to acquire this image? electron microscopy', 'What is the most likely microscopy modality used to acquire this image? none of the above']",80e08b18-1103-4d99-affb-040ce33a43c2,light microscopy,0,"{'pred': [0], 'probs': [[0.7652122378349304, 0.0034843578469008207, 0.128929004073143, 0.10237439721822739]], 'pred_prompt': ['What is the most likely microscopy modality used to acquire this image? light microscopy']}",2.0,,,,,
modality,"['What is the most likely microscopy modality used to acquire this image? light microscopy', 'What is the most likely microscopy modality used to acquire this image? fluorescence microscopy', 'What is the most likely microscopy modality used to acquire this image? electron microscopy', 'What is the most likely microscopy modality used to acquire this image? none of the above']",a0b63063-56f1-40e3-b8f9-4ab98a47b0d4,light microscopy,0,"{'pred': [0], 'probs': [[0.7958426475524902, 0.007364490535110235, 0.11362533271312714, 0.08316757529973984]], 'pred_prompt': ['What is the most likely microscopy modality used to acquire this image? light microscopy']}",2.0,,,,,
stain,"['What is the most likely technique used to stain this micrograph? Toluidine Blue', 'What is the most likely technique used to stain this micrograph? H&E', 'What is the most likely technique used to stain this micrograph? Alcian Blue', 'What is the most likely technique used to stain this micrograph? PAS', 'What is the most likely technique used to stain this micrograph? synthetic', 'What is the most likely technique used to stain this micrograph? none of the above']",981e8b71-ba1e-4fac-85c7-6c0ea5c39ef6,H&E,1,"{'pred': [4], 'probs': [[5.6031858548521996e-05, 0.4436418116092682, 0.00515622366219759, 0.04059329628944397, 0.480791300535202, 0.029761293902993202]], 'pred_prompt': ['What is the most likely technique used to stain this micrograph? synthetic']}",2.0,,,,,
stain,"['What is the most likely technique used to stain this micrograph? Giemsa', 'What is the most likely technique used to stain this micrograph? H&E', 'What is the most likely technique used to stain this micrograph? Ziehl-Neelsen', 'What is the most likely technique used to stain this micrograph? Toluidine Blue', 'What is the most likely technique used to stain this micrograph? IHC(HDab)', 'What is the most likely technique used to stain this micrograph? none of the above']",df4f9fd1-5dec-42e0-aaad-c8748a39ab09,H&E,1,"{'pred': [1], 'probs': [[1.9010674805031158e-05, 0.5057249069213867, 0.010352257639169693, 5.0006470701191574e-05, 0.01649412140250206, 0.467359721660614]], 'pred_prompt': ['What is the most likely technique used to stain this micrograph? H&E']}",2.0,,,,,
modality,"['What is the most likely microscopy modality used to acquire this image? fluorescence microscopy', 'What is the most likely microscopy modality used to acquire this image? light microscopy', 'What is the most likely microscopy modality used to acquire this image? electron microscopy', 'What is the most likely microscopy modality used to acquire this image? none of the above']",4a769b31-2f6e-45be-b409-c1a34bdec227,light microscopy,1,"{'pred': [1], 'probs': [[0.006358734332025051, 0.5911620855331421, 0.3413568437099457, 0.061122290790081024]], 'pred_prompt': ['What is the most likely microscopy modality used to acquire this image? light microscopy']}",2.0,,,,,
subdomain,"['What is the most likely subfield of study this micrograph would be used for? oral pathology', 'What is the most likely subfield of study this micrograph would be used for? pulmonary and pleural pathology', 'What is the most likely subfield of study this micrograph would be used for? cardiovascular pathology', 'What is the most likely subfield of study this micrograph would be used for? infectious disease pathology', 'What is the most likely subfield of study this micrograph would be used for? gastrointestinal pathology', 'What is the most likely subfield of study this micrograph would be used for? none of the above']",f4f87320-5b91-4077-a2b6-c64ecd9ef0ec,cardiovascular pathology,2,"{'pred': [2], 'probs': [[0.0028393638785928488, 0.011092869564890862, 0.975407600402832, 0.0024502864107489586, 0.00017747039964888245, 0.008032357320189476]], 'pred_prompt': ['What is the most likely subfield of study this micrograph would be used for? cardiovascular pathology']}",2.0,,,,,
subdomain,"['What is the most likely subfield of study this micrograph would be used for? endocrine pathology', 'What is the most likely subfield of study this micrograph would be used for? oral pathology', 'What is the most likely subfield of study this micrograph would be used for? gastrointestinal pathology', 'What is the most likely subfield of study this micrograph would be used for? cardiovascular pathology', 'What is the most likely subfield of study this micrograph would be used for? breast pathology', 'What is the most likely subfield of study this micrograph would be used for? none of the above']",2895b12b-e3b4-4b4d-9e58-0554f75068f7,cardiovascular pathology,3,"{'pred': [3], 'probs': [[0.13537119328975677, 0.00791050773113966, 0.0004961515660397708, 0.8073340058326721, 0.005221888422966003, 0.04366625100374222]], 'pred_prompt': ['What is the most likely subfield of study this micrograph would be used for? cardiovascular pathology']}",2.0,,,,,
subdomain,"['What is the most likely subfield of study this micrograph would be used for? cardiovascular pathology', 'What is the most likely subfield of study this micrograph would be used for? renal and medical kidney pathology', 'What is the most likely subfield of study this micrograph would be used for? pulmonary and pleural pathology', 'What is the most likely subfield of study this micrograph would be used for? pediatric pathology', 'What is the most likely subfield of study this micrograph would be used for? endocrine pathology', 'What is the most likely subfield of study this micrograph would be used for? none of the above']",f17faa97-b7e6-459b-a874-6a6ac7e9a5c1,cardiovascular pathology,0,"{'pred': [4], 'probs': [[0.3127303719520569, 0.0006550840917043388, 0.267414927482605, 0.021393653005361557, 0.384205162525177, 0.01360081136226654]], 'pred_prompt': ['What is the most likely subfield of study this micrograph would be used for? endocrine pathology']}",2.0,,,,,
stain,"['What is the most likely technique used to stain this micrograph? Gram', 'What is the most likely technique used to stain this micrograph? Ziehl-Neelsen', 'What is the most likely technique used to stain this micrograph? Masson Trichrome', 'What is the most likely technique used to stain this micrograph? H&E', 'What is the most likely technique used to stain this micrograph? Toluidine Blue', 'What is the most likely technique used to stain this micrograph? none of the above']",c0125e6c-a740-4814-9612-b0e646daf0cf,H&E,3,"{'pred': [3], 'probs': [[0.002066713524982333, 0.004350011702626944, 0.17825448513031006, 0.7938034534454346, 8.706460357643664e-05, 0.021438192576169968]], 'pred_prompt': ['What is the most likely technique used to stain this micrograph? H&E']}",2.0,,,,,
domain,"['What is the most likely field of study this micrograph would be used for? radiology', 'What is the most likely field of study this micrograph would be used for? dermatology', 'What is the most likely field of study this micrograph would be used for? cytology', 'What is the most likely field of study this micrograph would be used for? pathology', 'What is the most likely field of study this micrograph would be used for? biology', 'What is the most likely field of study this micrograph would be used for? none of the above']",cb6aea5f-bc56-4e38-8896-3c40f0b85275,pathology,3,"{'pred': [3], 'probs': [[0.0005632939864881337, 0.00023921804677229375, 0.00038567924639210105, 0.8803514242172241, 0.09568977355957031, 0.02277066558599472]], 'pred_prompt': ['What is the most likely field of study this micrograph would be used for? pathology']}",2.0,,,,,
domain,"['What is the most likely field of study this micrograph would be used for? cytology', 'What is the most likely field of study this micrograph would be used for? pathology', 'What is the most likely field of study this micrograph would be used for? dermatology', 'What is the most likely field of study this micrograph would be used for? biology', 'What is the most likely field of study this micrograph would be used for? radiology', 'What is the most likely field of study this micrograph would be used for? none of the above']",0e71b0b8-7955-4c00-bed7-37a1314cf4ee,pathology,1,"{'pred': [1], 'probs': [[0.00642599118873477, 0.9107248187065125, 0.003061168361455202, 0.06687242537736893, 0.0007712921942584217, 0.012144275940954685]], 'pred_prompt': ['What is the most likely field of study this micrograph would be used for? pathology']}",2.0,,,,,
subdomain,"['What is the most likely subfield of study this micrograph would be used for? pediatric pathology', 'What is the most likely subfield of study this micrograph would be used for? surgical pathology', 'What is the most likely subfield of study this micrograph would be used for? molecular pathology', 'What is the most likely subfield of study this micrograph would be used for? cardiovascular pathology', 'What is the most likely subfield of study this micrograph would be used for? gastrointestinal pathology', 'What is the most likely subfield of study this micrograph would be used for? none of the above']",1f6baeae-9910-48f4-8e72-014983a877b9,cardiovascular pathology,3,"{'pred': [2], 'probs': [[0.011720441281795502, 0.09001937508583069, 0.5152724981307983, 0.376816064119339, 0.00022222258849069476, 0.005949370563030243]], 'pred_prompt': ['What is the most likely subfield of study this micrograph would be used for? molecular pathology']}",2.0,,,,,
submodality,"['What is the most likely microscopy submodality used to acquire this image? differential interference contrast microscopy', 'What is the most likely microscopy submodality used to acquire this image? synthetic', 'What is the most likely microscopy submodality used to acquire this image? brightfield microscopy', 'What is the most likely microscopy submodality used to acquire this image? phase contrast microscopy', 'What is the most likely microscopy submodality used to acquire this image? mixed', 'What is the most likely microscopy submodality used to acquire this image? none of the above']",c4a63162-3e0d-465c-af2a-36de33dd630d,brightfield microscopy,2,"{'pred': [2], 'probs': [[0.007242645137012005, 0.002880815416574478, 0.932641327381134, 0.04982307180762291, 0.0053144400008022785, 0.0020976795349270105]], 'pred_prompt': ['What is the most likely microscopy submodality used to acquire this image? brightfield microscopy']}",2.0,,,,,
domain,"['What is the most likely field of study this micrograph would be used for? cytology', 'What is the most likely field of study this micrograph would be used for? pathology', 'What is the most likely field of study this micrograph would be used for? ophthalmology', 'What is the most likely field of study this micrograph would be used for? dermatology', 'What is the most likely field of study this micrograph would be used for? radiology', 'What is the most likely field of study this micrograph would be used for? none of the above']",e0eb2133-c847-48ec-91a4-02e07599a8fc,pathology,1,"{'pred': [1], 'probs': [[0.0021667664404958487, 0.9488548040390015, 3.0567818612325937e-05, 0.00034132765722461045, 0.00012790196342393756, 0.048478543758392334]], 'pred_prompt': ['What is the most likely field of study this micrograph would be used for? pathology']}",2.0,,,,,
submodality,"['What is the most likely microscopy submodality used to acquire this image? synthetic', 'What is the most likely microscopy submodality used to acquire this image? brightfield microscopy', 'What is the most likely microscopy submodality used to acquire this image? mixed', 'What is the most likely microscopy submodality used to acquire this image? darkfield microscopy', 'What is the most likely microscopy submodality used to acquire this image? phase contrast microscopy', 'What is the most likely microscopy submodality used to acquire this image? none of the above']",eca7c998-7145-47b0-aa83-9c5b644bfebe,brightfield microscopy,1,"{'pred': [1], 'probs': [[0.014450526796281338, 0.6521188616752625, 0.02022613398730755, 0.01936030387878418, 0.28120291233062744, 0.01264119427651167]], 'pred_prompt': ['What is the most likely microscopy submodality used to acquire this image? brightfield microscopy']}",2.0,,,,,
modality,"['What is the most likely microscopy modality used to acquire this image? fluorescence microscopy', 'What is the most likely microscopy modality used to acquire this image? light microscopy', 'What is the most likely microscopy modality used to acquire this image? electron microscopy', 'What is the most likely microscopy modality used to acquire this image? none of the above']",77a5ff28-c0cb-4ba8-9388-62fb4dc03228,light microscopy,1,"{'pred': [1], 'probs': [[0.0038592081982642412, 0.972005307674408, 0.008755320683121681, 0.015380126424133778]], 'pred_prompt': ['What is the most likely microscopy modality used to acquire this image? light microscopy']}",2.0,,,,,
stain,"['What is the most likely technique used to stain this micrograph? H&E', 'What is the most likely technique used to stain this micrograph? Papanicolaou', 'What is the most likely technique used to stain this micrograph? IHC(HDab)', 'What is the most likely technique used to stain this micrograph? Masson Trichrome', 'What is the most likely technique used to stain this micrograph? Alcian Blue', 'What is the most likely technique used to stain this micrograph? none of the above']",01d8ba9d-2341-4a3e-b098-99e8658936ba,H&E,0,"{'pred': [4], 'probs': [[0.16467291116714478, 0.0010777751449495554, 0.03242317587137222, 0.17397205531597137, 0.44120901823043823, 0.18664512038230896]], 'pred_prompt': ['What is the most likely technique used to stain this micrograph? Alcian Blue']}",2.0,,,,,
submodality,"['What is the most likely microscopy submodality used to acquire this image? mixed', 'What is the most likely microscopy submodality used to acquire this image? brightfield microscopy', 'What is the most likely microscopy submodality used to acquire this image? polarized light microscopy', 'What is the most likely microscopy submodality used to acquire this image? synthetic', 'What is the most likely microscopy submodality used to acquire this image? phase contrast microscopy', 'What is the most likely microscopy submodality used to acquire this image? none of the above']",dbe05db0-aab3-47d5-85be-e266b5132f3b,brightfield microscopy,1,"{'pred': [4], 'probs': [[0.006212233100086451, 0.26790615916252136, 0.32584327459335327, 0.01185352448374033, 0.3858054578304291, 0.002379298210144043]], 'pred_prompt': ['What is the most likely microscopy submodality used to acquire this image? phase contrast microscopy']}",2.0,,,,,
submodality,"['What is the most likely microscopy submodality used to acquire this image? synthetic', 'What is the most likely microscopy submodality used to acquire this image? darkfield microscopy', 'What is the most likely microscopy submodality used to acquire this image? differential interference contrast microscopy', 'What is the most likely microscopy submodality used to acquire this image? phase contrast microscopy', 'What is the most likely microscopy submodality used to acquire this image? brightfield microscopy', 'What is the most likely microscopy submodality used to acquire this image? none of the above']",4eb8add3-1775-4601-94f8-45d5262cb31f,brightfield microscopy,4,"{'pred': [4], 'probs': [[0.02267025224864483, 0.01778957061469555, 0.05457545071840286, 0.28872087597846985, 0.6065835952758789, 0.009660203941166401]], 'pred_prompt': ['What is the most likely microscopy submodality used to acquire this image? brightfield microscopy']}",2.0,,,,,
submodality,"['What is the most likely microscopy submodality used to acquire this image? synthetic', 'What is the most likely microscopy submodality used to acquire this image? darkfield microscopy', 'What is the most likely microscopy submodality used to acquire this image? polarized light microscopy', 'What is the most likely microscopy submodality used to acquire this image? differential interference contrast microscopy', 'What is the most likely microscopy submodality used to acquire this image? brightfield microscopy', 'What is the most likely microscopy submodality used to acquire this image? none of the above']",fb7f5101-7ba2-415d-b2be-4591469250bf,brightfield microscopy,4,"{'pred': [2], 'probs': [[0.016224045306444168, 0.0180942602455616, 0.5722686648368835, 0.04659657925367355, 0.3424310088157654, 0.0043854303658008575]], 'pred_prompt': ['What is the most likely microscopy submodality used to acquire this image? polarized light microscopy']}",2.0,,,,,
modality,"['What is the most likely microscopy modality used to acquire this image? electron microscopy', 'What is the most likely microscopy modality used to acquire this image? light microscopy', 'What is the most likely microscopy modality used to acquire this image? fluorescence microscopy', 'What is the most likely microscopy modality used to acquire this image? none of the above']",358c19ea-bc9f-4d03-807b-53194159206e,light microscopy,1,"{'pred': [1], 'probs': [[0.453033983707428, 0.47773775458335876, 0.0030830069445073605, 0.06614523380994797]], 'pred_prompt': ['What is the most likely microscopy modality used to acquire this image? light microscopy']}",2.0,,,,,
stain,"['What is the most likely technique used to stain this micrograph? Alcian Blue', 'What is the most likely technique used to stain this micrograph? Congo Red', 'What is the most likely technique used to stain this micrograph? H&E', 'What is the most likely technique used to stain this micrograph? Giemsa', 'What is the most likely technique used to stain this micrograph? Ziehl-Neelsen', 'What is the most likely technique used to stain this micrograph? none of the above']",5c314ec0-e7c0-4f60-a769-a8d3aac8813d,H&E,2,"{'pred': [2], 'probs': [[0.01136731542646885, 0.0005680964677594602, 0.9547760486602783, 4.9844071327243e-05, 0.004229691345244646, 0.029009081423282623]], 'pred_prompt': ['What is the most likely technique used to stain this micrograph? H&E']}",2.0,,,,,
submodality,"['What is the most likely microscopy submodality used to acquire this image? phase contrast microscopy', 'What is the most likely microscopy submodality used to acquire this image? synthetic', 'What is the most likely microscopy submodality used to acquire this image? brightfield microscopy', 'What is the most likely microscopy submodality used to acquire this image? differential interference contrast microscopy', 'What is the most likely microscopy submodality used to acquire this image? darkfield microscopy', 'What is the most likely microscopy submodality used to acquire this image? none of the above']",aa46b59a-9ae2-407e-b694-9c64d4370a55,brightfield microscopy,2,"{'pred': [2], 'probs': [[0.29089194536209106, 0.12633498013019562, 0.41653725504875183, 0.05305078625679016, 0.07538369297981262, 0.037801336497068405]], 'pred_prompt': ['What is the most likely microscopy submodality used to acquire this image? brightfield microscopy']}",2.0,,,,,
domain,"['What is the most likely field of study this micrograph would be used for? biology', 'What is the most likely field of study this micrograph would be used for? pathology', 'What is the most likely field of study this micrograph would be used for? ophthalmology', 'What is the most likely field of study this micrograph would be used for? cytology', 'What is the most likely field of study this micrograph would be used for? dermatology', 'What is the most likely field of study this micrograph would be used for? none of the above']",5252680e-c437-4155-af47-d38659e8dd68,pathology,1,"{'pred': [1], 'probs': [[0.15608328580856323, 0.7986584305763245, 0.00015731382882222533, 0.0010364667978137732, 0.002492508152499795, 0.04157204180955887]], 'pred_prompt': ['What is the most likely field of study this micrograph would be used for? pathology']}",2.0,,,,,
modality,"['What is the most likely microscopy modality used to acquire this image? fluorescence microscopy', 'What is the most likely microscopy modality used to acquire this image? light microscopy', 'What is the most likely microscopy modality used to acquire this image? electron microscopy', 'What is the most likely microscopy modality used to acquire this image? none of the above']",874379f1-79c6-41c0-a634-77d68a437696,light microscopy,1,"{'pred': [2], 'probs': [[0.0032009410206228495, 0.37747395038604736, 0.5718311667442322, 0.047493960708379745]], 'pred_prompt': ['What is the most likely microscopy modality used to acquire this image? electron microscopy']}",2.0,,,,,
submodality,"['What is the most likely microscopy submodality used to acquire this image? phase contrast microscopy', 'What is the most likely microscopy submodality used to acquire this image? mixed', 'What is the most likely microscopy submodality used to acquire this image? synthetic', 'What is the most likely microscopy submodality used to acquire this image? darkfield microscopy', 'What is the most likely microscopy submodality used to acquire this image? brightfield microscopy', 'What is the most likely microscopy submodality used to acquire this image? none of the above']",d52e9484-2488-44c0-b948-f859c2c4a5ec,brightfield microscopy,4,"{'pred': [4], 'probs': [[0.37538859248161316, 0.006819375324994326, 0.010111289098858833, 0.018631378188729286, 0.5844608545303345, 0.004588492214679718]], 'pred_prompt': ['What is the most likely microscopy submodality used to acquire this image? brightfield microscopy']}",2.0,,,,,
domain,"['What is the most likely field of study this micrograph would be used for? radiology', 'What is the most likely field of study this micrograph would be used for? dermatology', 'What is the most likely field of study this micrograph would be used for? pathology', 'What is the most likely field of study this micrograph would be used for? cytology', 'What is the most likely field of study this micrograph would be used for? ophthalmology', 'What is the most likely field of study this micrograph would be used for? none of the above']",feefac4b-d2ff-4f47-a8ad-565192f68b90,pathology,2,"{'pred': [2], 'probs': [[0.0011861642124131322, 0.00030592133407481015, 0.9539878368377686, 0.008121345192193985, 0.00018829731561709195, 0.03621038421988487]], 'pred_prompt': ['What is the most likely field of study this micrograph would be used for? pathology']}",2.0,,,,,
domain,"['What is the most likely field of study this micrograph would be used for? cytology', 'What is the most likely field of study this micrograph would be used for? dermatology', 'What is the most likely field of study this micrograph would be used for? biology', 'What is the most likely field of study this micrograph would be used for? radiology', 'What is the most likely field of study this micrograph would be used for? pathology', 'What is the most likely field of study this micrograph would be used for? none of the above']",809e5ba6-502d-4649-b0b4-39753cdb2571,pathology,4,"{'pred': [4], 'probs': [[0.0028609863948076963, 0.018745753914117813, 0.05594239756464958, 0.002108955755829811, 0.8698460459709167, 0.050495900213718414]], 'pred_prompt': ['What is the most likely field of study this micrograph would be used for? pathology']}",2.0,,,,,
stain,"['What is the most likely technique used to stain this micrograph? Wright-Giemsa', 'What is the most likely technique used to stain this micrograph? Masson Trichrome', 'What is the most likely technique used to stain this micrograph? None', 'What is the most likely technique used to stain this micrograph? Toluidine Blue', 'What is the most likely technique used to stain this micrograph? H&E', 'What is the most likely technique used to stain this micrograph? none of the above']",20f72fa4-bf31-4a9e-a551-a54698044a87,H&E,4,"{'pred': [4], 'probs': [[7.884797241786146e-07, 0.2184542417526245, 0.008273416198790073, 0.00011516147787915543, 0.6773779392242432, 0.09577841311693192]], 'pred_prompt': ['What is the most likely technique used to stain this micrograph? H&E']}",2.0,,,,,
domain,"['What is the most likely field of study this micrograph would be used for? radiology', 'What is the most likely field of study this micrograph would be used for? dermatology', 'What is the most likely field of study this micrograph would be used for? biology', 'What is the most likely field of study this micrograph would be used for? pathology', 'What is the most likely field of study this micrograph would be used for? ophthalmology', 'What is the most likely field of study this micrograph would be used for? none of the above']",b16265be-e8ee-47e9-a83e-83618adbf3d3,pathology,3,"{'pred': [3], 'probs': [[0.0038307462818920612, 0.001946206553839147, 0.09011935442686081, 0.8902684450149536, 0.0002050684270216152, 0.013630169443786144]], 'pred_prompt': ['What is the most likely field of study this micrograph would be used for? pathology']}",2.0,,,,,
modality,"['What is the most likely microscopy modality used to acquire this image? electron microscopy', 'What is the most likely microscopy modality used to acquire this image? fluorescence microscopy', 'What is the most likely microscopy modality used to acquire this image? light microscopy', 'What is the most likely microscopy modality used to acquire this image? none of the above']",db6357cf-86c0-4e0e-a09e-e7e84f271644,light microscopy,2,"{'pred': [0], 'probs': [[0.539993941783905, 0.004557289183139801, 0.3379456698894501, 0.11750312149524689]], 'pred_prompt': ['What is the most likely microscopy modality used to acquire this image? electron microscopy']}",2.0,,,,,
domain,"['What is the most likely field of study this micrograph would be used for? radiology', 'What is the most likely field of study this micrograph would be used for? pathology', 'What is the most likely field of study this micrograph would be used for? biology', 'What is the most likely field of study this micrograph would be used for? ophthalmology', 'What is the most likely field of study this micrograph would be used for? cytology', 'What is the most likely field of study this micrograph would be used for? none of the above']",e6123ea9-6844-46ef-b471-4f4167475740,pathology,1,"{'pred': [1], 'probs': [[0.0017231537494808435, 0.8478498458862305, 0.07693298906087875, 0.00044063309906050563, 0.003922124858945608, 0.06913112103939056]], 'pred_prompt': ['What is the most likely field of study this micrograph would be used for? pathology']}",2.0,,,,,
domain,"['What is the most likely field of study this micrograph would be used for? biology', 'What is the most likely field of study this micrograph would be used for? radiology', 'What is the most likely field of study this micrograph would be used for? dermatology', 'What is the most likely field of study this micrograph would be used for? pathology', 'What is the most likely field of study this micrograph would be used for? cytology', 'What is the most likely field of study this micrograph would be used for? none of the above']",8a85ed6a-564c-4ecd-bdbe-20ee1a2ec774,pathology,3,"{'pred': [3], 'probs': [[0.11670321971178055, 0.0007972391904331744, 0.0005433339974842966, 0.8564633727073669, 0.0008872293983586133, 0.024605609476566315]], 'pred_prompt': ['What is the most likely field of study this micrograph would be used for? pathology']}",2.0,,,,,
subdomain,"['What is the most likely subfield of study this micrograph would be used for? oral pathology', 'What is the most likely subfield of study this micrograph would be used for? gynecologic pathology', 'What is the most likely subfield of study this micrograph would be used for? head and neck pathology', 'What is the most likely subfield of study this micrograph would be used for? cardiovascular pathology', 'What is the most likely subfield of study this micrograph would be used for? molecular pathology', 'What is the most likely subfield of study this micrograph would be used for? none of the above']",d6355808-715e-4b36-a5e5-d2b844c774db,cardiovascular pathology,3,"{'pred': [4], 'probs': [[0.0018602227792143822, 0.017276998609304428, 0.0031148295383900404, 0.2174752652645111, 0.7580171823501587, 0.002255554310977459]], 'pred_prompt': ['What is the most likely subfield of study this micrograph would be used for? molecular pathology']}",2.0,,,,,
subdomain,"['What is the most likely subfield of study this micrograph would be used for? autopsy pathology', 'What is the most likely subfield of study this micrograph would be used for? molecular pathology', 'What is the most likely subfield of study this micrograph would be used for? dermatopathology', 'What is the most likely subfield of study this micrograph would be used for? oral pathology', 'What is the most likely subfield of study this micrograph would be used for? cardiovascular pathology', 'What is the most likely subfield of study this micrograph would be used for? none of the above']",f622bb86-9879-4ba1-af93-81f15571e1fc,cardiovascular pathology,4,"{'pred': [1], 'probs': [[0.07742063701152802, 0.3497339189052582, 0.22955453395843506, 0.001440061372704804, 0.33924540877342224, 0.0026054615154862404]], 'pred_prompt': ['What is the most likely subfield of study this micrograph would be used for? molecular pathology']}",2.0,,,,,
submodality,"['What is the most likely microscopy submodality used to acquire this image? polarized light microscopy', 'What is the most likely microscopy submodality used to acquire this image? brightfield microscopy', 'What is the most likely microscopy submodality used to acquire this image? differential interference contrast microscopy', 'What is the most likely microscopy submodality used to acquire this image? synthetic', 'What is the most likely microscopy submodality used to acquire this image? mixed', 'What is the most likely microscopy submodality used to acquire this image? none of the above']",f4f87320-5b91-4077-a2b6-c64ecd9ef0ec,brightfield microscopy,1,"{'pred': [1], 'probs': [[0.33201417326927185, 0.4920037090778351, 0.1318579465150833, 0.02235495299100876, 0.01599707081913948, 0.005772179923951626]], 'pred_prompt': ['What is the most likely microscopy submodality used to acquire this image? brightfield microscopy']}",2.0,,,,,
domain,"['What is the most likely field of study this micrograph would be used for? ophthalmology', 'What is the most likely field of study this micrograph would be used for? dermatology', 'What is the most likely field of study this micrograph would be used for? pathology', 'What is the most likely field of study this micrograph would be used for? radiology', 'What is the most likely field of study this micrograph would be used for? cytology', 'What is the most likely field of study this micrograph would be used for? none of the above']",bdb70584-318d-4002-acbf-33880d0a5ea0,pathology,2,"{'pred': [2], 'probs': [[0.00032401608768850565, 0.0008180640288628638, 0.9129294157028198, 0.0005273182177916169, 0.0029297955334186554, 0.08247137814760208]], 'pred_prompt': ['What is the most likely field of study this micrograph would be used for? pathology']}",2.0,,,,,
modality,"['What is the most likely microscopy modality used to acquire this image? fluorescence microscopy', 'What is the most likely microscopy modality used to acquire this image? electron microscopy', 'What is the most likely microscopy modality used to acquire this image? light microscopy', 'What is the most likely microscopy modality used to acquire this image? none of the above']",01d8ba9d-2341-4a3e-b098-99e8658936ba,light microscopy,2,"{'pred': [2], 'probs': [[0.009321878664195538, 0.1600635051727295, 0.6866211295127869, 0.14399348199367523]], 'pred_prompt': ['What is the most likely microscopy modality used to acquire this image? light microscopy']}",2.0,,,,,
classification,"['H&E stained light micrograph of human cardiac tissue. Based on the image, what is the most likely clinical chronic heart diagnosis? chronic heart failure', 'H&E stained light micrograph of human cardiac tissue. Based on the image, what is the most likely clinical chronic heart diagnosis? not chronic heart failure', 'H&E stained light micrograph of human cardiac tissue. Based on the image, what is the most likely clinical chronic heart diagnosis? none of the above']",9b06ab63-3f62-4242-900c-72c4804e418d,not chronic heart failure,1,"{'pred': [1], 'probs': [[0.3790161609649658, 0.6174704432487488, 0.0035133822821080685]], 'pred_prompt': ['H&E stained light micrograph of human cardiac tissue. Based on the image, what is the most likely clinical chronic heart diagnosis? not chronic heart failure']}",2.0,,,,,
classification,"['H&E stained light micrograph of human cardiac tissue. Based on the image, what is the most likely clinical chronic heart diagnosis? not chronic heart failure', 'H&E stained light micrograph of human cardiac tissue. Based on the image, what is the most likely clinical chronic heart diagnosis? chronic heart failure', 'H&E stained light micrograph of human cardiac tissue. Based on the image, what is the most likely clinical chronic heart diagnosis? none of the above']",adecede6-3a64-4634-be1a-20364b632c3e,chronic heart failure,1,"{'pred': [1], 'probs': [[0.3633652925491333, 0.6343751549720764, 0.002259586239233613]], 'pred_prompt': ['H&E stained light micrograph of human cardiac tissue. Based on the image, what is the most likely clinical chronic heart diagnosis? chronic heart failure']}",2.0,,,,,
classification,"['H&E stained light micrograph of human cardiac tissue. Based on the image, what is the most likely clinical chronic heart diagnosis? not chronic heart failure', 'H&E stained light micrograph of human cardiac tissue. Based on the image, what is the most likely clinical chronic heart diagnosis? chronic heart failure', 'H&E stained light micrograph of human cardiac tissue. Based on the image, what is the most likely clinical chronic heart diagnosis? none of the above']",a872b7ee-869d-457c-85dd-2ef7140aedf7,chronic heart failure,1,"{'pred': [0], 'probs': [[0.5559951066970825, 0.4389416575431824, 0.00506331492215395]], 'pred_prompt': ['H&E stained light micrograph of human cardiac tissue. Based on the image, what is the most likely clinical chronic heart diagnosis? not chronic heart failure']}",2.0,,,,,
classification,"['H&E stained light micrograph of human cardiac tissue. Based on the image, what is the most likely clinical chronic heart diagnosis? not chronic heart failure', 'H&E stained light micrograph of human cardiac tissue. Based on the image, what is the most likely clinical chronic heart diagnosis? chronic heart failure', 'H&E stained light micrograph of human cardiac tissue. Based on the image, what is the most likely clinical chronic heart diagnosis? none of the above']",7f2fe92e-c613-40b5-9b63-e62cb043eb75,not chronic heart failure,0,"{'pred': [0], 'probs': [[0.5350231528282166, 0.462766170501709, 0.0022106757387518883]], 'pred_prompt': ['H&E stained light micrograph of human cardiac tissue. Based on the image, what is the most likely clinical chronic heart diagnosis? not chronic heart failure']}",2.0,,,,,
classification,"['H&E stained light micrograph of human cardiac tissue. Based on the image, what is the most likely clinical chronic heart diagnosis? not chronic heart failure', 'H&E stained light micrograph of human cardiac tissue. Based on the image, what is the most likely clinical chronic heart diagnosis? chronic heart failure', 'H&E stained light micrograph of human cardiac tissue. Based on the image, what is the most likely clinical chronic heart diagnosis? none of the above']",cd89bd58-5c04-4fbd-a525-46323dc83fad,chronic heart failure,1,"{'pred': [1], 'probs': [[0.39688587188720703, 0.6017487049102783, 0.0013654706999659538]], 'pred_prompt': ['H&E stained light micrograph of human cardiac tissue. Based on the image, what is the most likely clinical chronic heart diagnosis? chronic heart failure']}",2.0,,,,,
classification,"['H&E stained light micrograph of human cardiac tissue. Based on the image, what is the most likely clinical chronic heart diagnosis? chronic heart failure', 'H&E stained light micrograph of human cardiac tissue. Based on the image, what is the most likely clinical chronic heart diagnosis? not chronic heart failure', 'H&E stained light micrograph of human cardiac tissue. Based on the image, what is the most likely clinical chronic heart diagnosis? none of the above']",593e3c11-705e-405d-baa4-df5a4d035eaa,not chronic heart failure,1,"{'pred': [1], 'probs': [[0.416228711605072, 0.5806782245635986, 0.0030930277425795794]], 'pred_prompt': ['H&E stained light micrograph of human cardiac tissue. Based on the image, what is the most likely clinical chronic heart diagnosis? not chronic heart failure']}",2.0,,,,,
classification,"['H&E stained light micrograph of human cardiac tissue. Based on the image, what is the most likely clinical chronic heart diagnosis? not chronic heart failure', 'H&E stained light micrograph of human cardiac tissue. Based on the image, what is the most likely clinical chronic heart diagnosis? chronic heart failure', 'H&E stained light micrograph of human cardiac tissue. Based on the image, what is the most likely clinical chronic heart diagnosis? none of the above']",a080c11f-78c5-47e3-a845-52854dcf4a2d,not chronic heart failure,0,"{'pred': [1], 'probs': [[0.37430539727211, 0.6239592432975769, 0.0017353561706840992]], 'pred_prompt': ['H&E stained light micrograph of human cardiac tissue. Based on the image, what is the most likely clinical chronic heart diagnosis? chronic heart failure']}",2.0,,,,,
classification,"['H&E stained light micrograph of human cardiac tissue. Based on the image, what is the most likely clinical chronic heart diagnosis? not chronic heart failure', 'H&E stained light micrograph of human cardiac tissue. Based on the image, what is the most likely clinical chronic heart diagnosis? chronic heart failure', 'H&E stained light micrograph of human cardiac tissue. Based on the image, what is the most likely clinical chronic heart diagnosis? none of the above']",f2cf31dd-814d-463f-8daa-7470de74f696,not chronic heart failure,0,"{'pred': [1], 'probs': [[0.46119803190231323, 0.5373020172119141, 0.001500027603469789]], 'pred_prompt': ['H&E stained light micrograph of human cardiac tissue. Based on the image, what is the most likely clinical chronic heart diagnosis? chronic heart failure']}",2.0,,,,,
classification,"['H&E stained light micrograph of human cardiac tissue. Based on the image, what is the most likely clinical chronic heart diagnosis? not chronic heart failure', 'H&E stained light micrograph of human cardiac tissue. Based on the image, what is the most likely clinical chronic heart diagnosis? chronic heart failure', 'H&E stained light micrograph of human cardiac tissue. Based on the image, what is the most likely clinical chronic heart diagnosis? none of the above']",3fe77790-d999-42b7-968d-000bbc35ef0a,chronic heart failure,1,"{'pred': [1], 'probs': [[0.4816949665546417, 0.5169055461883545, 0.0013995079789310694]], 'pred_prompt': ['H&E stained light micrograph of human cardiac tissue. Based on the image, what is the most likely clinical chronic heart diagnosis? chronic heart failure']}",2.0,,,,,
classification,"['H&E stained light micrograph of human cardiac tissue. Based on the image, what is the most likely clinical chronic heart diagnosis? not chronic heart failure', 'H&E stained light micrograph of human cardiac tissue. Based on the image, what is the most likely clinical chronic heart diagnosis? chronic heart failure', 'H&E stained light micrograph of human cardiac tissue. Based on the image, what is the most likely clinical chronic heart diagnosis? none of the above']",789e0321-0542-416f-a916-c5fcacd42a93,chronic heart failure,1,"{'pred': [1], 'probs': [[0.4694709777832031, 0.5207444429397583, 0.009784605354070663]], 'pred_prompt': ['H&E stained light micrograph of human cardiac tissue. Based on the image, what is the most likely clinical chronic heart diagnosis? chronic heart failure']}",2.0,,,,,
classification,"['H&E stained light micrograph of human cardiac tissue. Based on the image, what is the most likely clinical chronic heart diagnosis? chronic heart failure', 'H&E stained light micrograph of human cardiac tissue. Based on the image, what is the most likely clinical chronic heart diagnosis? not chronic heart failure', 'H&E stained light micrograph of human cardiac tissue. Based on the image, what is the most likely clinical chronic heart diagnosis? none of the above']",109ef31c-7144-4046-b861-0bd10b7dedaf,not chronic heart failure,1,"{'pred': [0], 'probs': [[0.5028237700462341, 0.4937174916267395, 0.0034587120171636343]], 'pred_prompt': ['H&E stained light micrograph of human cardiac tissue. Based on the image, what is the most likely clinical chronic heart diagnosis? chronic heart failure']}",2.0,,,,,
classification,"['H&E stained light micrograph of human cardiac tissue. Based on the image, what is the most likely clinical chronic heart diagnosis? not chronic heart failure', 'H&E stained light micrograph of human cardiac tissue. Based on the image, what is the most likely clinical chronic heart diagnosis? chronic heart failure', 'H&E stained light micrograph of human cardiac tissue. Based on the image, what is the most likely clinical chronic heart diagnosis? none of the above']",b6fca0bb-f16e-46ff-88e0-3330ea3bcb06,not chronic heart failure,0,"{'pred': [0], 'probs': [[0.5466992259025574, 0.45072269439697266, 0.002578027080744505]], 'pred_prompt': ['H&E stained light micrograph of human cardiac tissue. Based on the image, what is the most likely clinical chronic heart diagnosis? not chronic heart failure']}",2.0,,,,,
classification,"['H&E stained light micrograph of human cardiac tissue. Based on the image, what is the most likely clinical chronic heart diagnosis? not chronic heart failure', 'H&E stained light micrograph of human cardiac tissue. Based on the image, what is the most likely clinical chronic heart diagnosis? chronic heart failure', 'H&E stained light micrograph of human cardiac tissue. Based on the image, what is the most likely clinical chronic heart diagnosis? none of the above']",6c8e61e3-8d48-4754-9673-d17a2b244192,not chronic heart failure,0,"{'pred': [1], 'probs': [[0.46074390411376953, 0.536067008972168, 0.0031891032122075558]], 'pred_prompt': ['H&E stained light micrograph of human cardiac tissue. Based on the image, what is the most likely clinical chronic heart diagnosis? chronic heart failure']}",2.0,,,,,
classification,"['H&E stained light micrograph of human cardiac tissue. Based on the image, what is the most likely clinical chronic heart diagnosis? chronic heart failure', 'H&E stained light micrograph of human cardiac tissue. Based on the image, what is the most likely clinical chronic heart diagnosis? not chronic heart failure', 'H&E stained light micrograph of human cardiac tissue. Based on the image, what is the most likely clinical chronic heart diagnosis? none of the above']",70a9648b-313e-44fb-a557-d2b7c7307216,not chronic heart failure,1,"{'pred': [0], 'probs': [[0.585872232913971, 0.4120318293571472, 0.0020958383101969957]], 'pred_prompt': ['H&E stained light micrograph of human cardiac tissue. Based on the image, what is the most likely clinical chronic heart diagnosis? chronic heart failure']}",2.0,,,,,
classification,"['H&E stained light micrograph of human cardiac tissue. Based on the image, what is the most likely clinical chronic heart diagnosis? not chronic heart failure', 'H&E stained light micrograph of human cardiac tissue. Based on the image, what is the most likely clinical chronic heart diagnosis? chronic heart failure', 'H&E stained light micrograph of human cardiac tissue. Based on the image, what is the most likely clinical chronic heart diagnosis? none of the above']",d52e9484-2488-44c0-b948-f859c2c4a5ec,not chronic heart failure,0,"{'pred': [0], 'probs': [[0.5610794425010681, 0.43571901321411133, 0.0032015317119657993]], 'pred_prompt': ['H&E stained light micrograph of human cardiac tissue. Based on the image, what is the most likely clinical chronic heart diagnosis? not chronic heart failure']}",2.0,,,,,
classification,"['H&E stained light micrograph of human cardiac tissue. Based on the image, what is the most likely clinical chronic heart diagnosis? chronic heart failure', 'H&E stained light micrograph of human cardiac tissue. Based on the image, what is the most likely clinical chronic heart diagnosis? not chronic heart failure', 'H&E stained light micrograph of human cardiac tissue. Based on the image, what is the most likely clinical chronic heart diagnosis? none of the above']",0de6fa40-138e-4ad2-99da-8149f964eeaf,chronic heart failure,0,"{'pred': [1], 'probs': [[0.4877948462963104, 0.510185718536377, 0.002019499195739627]], 'pred_prompt': ['H&E stained light micrograph of human cardiac tissue. Based on the image, what is the most likely clinical chronic heart diagnosis? not chronic heart failure']}",2.0,,,,,
classification,"['H&E stained light micrograph of human cardiac tissue. Based on the image, what is the most likely clinical chronic heart diagnosis? chronic heart failure', 'H&E stained light micrograph of human cardiac tissue. Based on the image, what is the most likely clinical chronic heart diagnosis? not chronic heart failure', 'H&E stained light micrograph of human cardiac tissue. Based on the image, what is the most likely clinical chronic heart diagnosis? none of the above']",f6bb207f-157b-476a-8298-675af8b71742,not chronic heart failure,1,"{'pred': [0], 'probs': [[0.5835374593734741, 0.41473817825317383, 0.0017244250047951937]], 'pred_prompt': ['H&E stained light micrograph of human cardiac tissue. Based on the image, what is the most likely clinical chronic heart diagnosis? chronic heart failure']}",2.0,,,,,
classification,"['H&E stained light micrograph of human cardiac tissue. Based on the image, what is the most likely clinical chronic heart diagnosis? chronic heart failure', 'H&E stained light micrograph of human cardiac tissue. Based on the image, what is the most likely clinical chronic heart diagnosis? not chronic heart failure', 'H&E stained light micrograph of human cardiac tissue. Based on the image, what is the most likely clinical chronic heart diagnosis? none of the above']",ce413b9a-9f8c-4ea7-87d2-f9b01b881b27,not chronic heart failure,1,"{'pred': [1], 'probs': [[0.4042753577232361, 0.5932287573814392, 0.0024958776775747538]], 'pred_prompt': ['H&E stained light micrograph of human cardiac tissue. Based on the image, what is the most likely clinical chronic heart diagnosis? not chronic heart failure']}",2.0,,,,,
classification,"['H&E stained light micrograph of human cardiac tissue. Based on the image, what is the most likely clinical chronic heart diagnosis? chronic heart failure', 'H&E stained light micrograph of human cardiac tissue. Based on the image, what is the most likely clinical chronic heart diagnosis? not chronic heart failure', 'H&E stained light micrograph of human cardiac tissue. Based on the image, what is the most likely clinical chronic heart diagnosis? none of the above']",33e54791-5a2d-47ea-8742-69810d307fb6,chronic heart failure,0,"{'pred': [0], 'probs': [[0.5331325531005859, 0.4575144052505493, 0.009353118017315865]], 'pred_prompt': ['H&E stained light micrograph of human cardiac tissue. Based on the image, what is the most likely clinical chronic heart diagnosis? chronic heart failure']}",2.0,,,,,
classification,"['H&E stained light micrograph of human cardiac tissue. Based on the image, what is the most likely clinical chronic heart diagnosis? chronic heart failure', 'H&E stained light micrograph of human cardiac tissue. Based on the image, what is the most likely clinical chronic heart diagnosis? not chronic heart failure', 'H&E stained light micrograph of human cardiac tissue. Based on the image, what is the most likely clinical chronic heart diagnosis? none of the above']",af7b023e-3a59-4f2a-a2c1-f728312ea44d,not chronic heart failure,1,"{'pred': [0], 'probs': [[0.5014271140098572, 0.49032196402549744, 0.008250933140516281]], 'pred_prompt': ['H&E stained light micrograph of human cardiac tissue. Based on the image, what is the most likely clinical chronic heart diagnosis? chronic heart failure']}",2.0,,,,,
classification,"['H&E stained light micrograph of human cardiac tissue. Based on the image, what is the most likely clinical chronic heart diagnosis? chronic heart failure', 'H&E stained light micrograph of human cardiac tissue. Based on the image, what is the most likely clinical chronic heart diagnosis? not chronic heart failure', 'H&E stained light micrograph of human cardiac tissue. Based on the image, what is the most likely clinical chronic heart diagnosis? none of the above']",e103eb23-af36-4d8c-ac88-3ce02c42b711,chronic heart failure,0,"{'pred': [0], 'probs': [[0.5644939541816711, 0.4345777928829193, 0.0009282134706154466]], 'pred_prompt': ['H&E stained light micrograph of human cardiac tissue. Based on the image, what is the most likely clinical chronic heart diagnosis? chronic heart failure']}",2.0,,,,,
classification,"['H&E stained light micrograph of human cardiac tissue. Based on the image, what is the most likely clinical chronic heart diagnosis? not chronic heart failure', 'H&E stained light micrograph of human cardiac tissue. Based on the image, what is the most likely clinical chronic heart diagnosis? chronic heart failure', 'H&E stained light micrograph of human cardiac tissue. Based on the image, what is the most likely clinical chronic heart diagnosis? none of the above']",b906ac56-69e9-4ebb-9a84-15277235c764,chronic heart failure,1,"{'pred': [1], 'probs': [[0.422351598739624, 0.575937807559967, 0.0017106372397392988]], 'pred_prompt': ['H&E stained light micrograph of human cardiac tissue. Based on the image, what is the most likely clinical chronic heart diagnosis? chronic heart failure']}",2.0,,,,,
classification,"['H&E stained light micrograph of human cardiac tissue. Based on the image, what is the most likely clinical chronic heart diagnosis? chronic heart failure', 'H&E stained light micrograph of human cardiac tissue. Based on the image, what is the most likely clinical chronic heart diagnosis? not chronic heart failure', 'H&E stained light micrograph of human cardiac tissue. Based on the image, what is the most likely clinical chronic heart diagnosis? none of the above']",ae72b4d4-ace3-419f-ba0b-a94e6fce34f2,not chronic heart failure,1,"{'pred': [0], 'probs': [[0.6585554480552673, 0.33778834342956543, 0.003656241111457348]], 'pred_prompt': ['H&E stained light micrograph of human cardiac tissue. Based on the image, what is the most likely clinical chronic heart diagnosis? chronic heart failure']}",2.0,,,,,
classification,"['H&E stained light micrograph of human cardiac tissue. Based on the image, what is the most likely clinical chronic heart diagnosis? chronic heart failure', 'H&E stained light micrograph of human cardiac tissue. Based on the image, what is the most likely clinical chronic heart diagnosis? not chronic heart failure', 'H&E stained light micrograph of human cardiac tissue. Based on the image, what is the most likely clinical chronic heart diagnosis? none of the above']",874379f1-79c6-41c0-a634-77d68a437696,chronic heart failure,0,"{'pred': [1], 'probs': [[0.4615016579627991, 0.5366905927658081, 0.001807726570405066]], 'pred_prompt': ['H&E stained light micrograph of human cardiac tissue. Based on the image, what is the most likely clinical chronic heart diagnosis? not chronic heart failure']}",2.0,,,,,
classification,"['H&E stained light micrograph of human cardiac tissue. Based on the image, what is the most likely clinical chronic heart diagnosis? not chronic heart failure', 'H&E stained light micrograph of human cardiac tissue. Based on the image, what is the most likely clinical chronic heart diagnosis? chronic heart failure', 'H&E stained light micrograph of human cardiac tissue. Based on the image, what is the most likely clinical chronic heart diagnosis? none of the above']",887803d6-529b-499a-a5a3-fab0960e683e,chronic heart failure,1,"{'pred': [1], 'probs': [[0.3840847313404083, 0.6145552396774292, 0.001360066351480782]], 'pred_prompt': ['H&E stained light micrograph of human cardiac tissue. Based on the image, what is the most likely clinical chronic heart diagnosis? chronic heart failure']}",2.0,,,,,
classification,"['H&E stained light micrograph of human cardiac tissue. Based on the image, what is the most likely clinical chronic heart diagnosis? chronic heart failure', 'H&E stained light micrograph of human cardiac tissue. Based on the image, what is the most likely clinical chronic heart diagnosis? not chronic heart failure', 'H&E stained light micrograph of human cardiac tissue. Based on the image, what is the most likely clinical chronic heart diagnosis? none of the above']",aab8b32f-b8dc-48f6-9bc7-1a2c11cf5e5d,chronic heart failure,0,"{'pred': [1], 'probs': [[0.48724502325057983, 0.511271595954895, 0.0014834292232990265]], 'pred_prompt': ['H&E stained light micrograph of human cardiac tissue. Based on the image, what is the most likely clinical chronic heart diagnosis? not chronic heart failure']}",2.0,,,,,
classification,"['H&E stained light micrograph of human cardiac tissue. Based on the image, what is the most likely clinical chronic heart diagnosis? chronic heart failure', 'H&E stained light micrograph of human cardiac tissue. Based on the image, what is the most likely clinical chronic heart diagnosis? not chronic heart failure', 'H&E stained light micrograph of human cardiac tissue. Based on the image, what is the most likely clinical chronic heart diagnosis? none of the above']",21f3a67d-608d-4d64-8cbc-b03d56bf0207,chronic heart failure,0,"{'pred': [1], 'probs': [[0.48949381709098816, 0.5089386701583862, 0.0015674656024202704]], 'pred_prompt': ['H&E stained light micrograph of human cardiac tissue. Based on the image, what is the most likely clinical chronic heart diagnosis? not chronic heart failure']}",2.0,,,,,
classification,"['H&E stained light micrograph of human cardiac tissue. Based on the image, what is the most likely clinical chronic heart diagnosis? not chronic heart failure', 'H&E stained light micrograph of human cardiac tissue. Based on the image, what is the most likely clinical chronic heart diagnosis? chronic heart failure', 'H&E stained light micrograph of human cardiac tissue. Based on the image, what is the most likely clinical chronic heart diagnosis? none of the above']",7882ac1a-736d-4cd7-a90b-a00c59ac5afc,chronic heart failure,1,"{'pred': [1], 'probs': [[0.4224322736263275, 0.5761774778366089, 0.001390218734741211]], 'pred_prompt': ['H&E stained light micrograph of human cardiac tissue. Based on the image, what is the most likely clinical chronic heart diagnosis? chronic heart failure']}",2.0,,,,,
classification,"['H&E stained light micrograph of human cardiac tissue. Based on the image, what is the most likely clinical chronic heart diagnosis? chronic heart failure', 'H&E stained light micrograph of human cardiac tissue. Based on the image, what is the most likely clinical chronic heart diagnosis? not chronic heart failure', 'H&E stained light micrograph of human cardiac tissue. Based on the image, what is the most likely clinical chronic heart diagnosis? none of the above']",0a304668-bc79-4428-83e0-bcb09ae55e76,chronic heart failure,0,"{'pred': [0], 'probs': [[0.49881571531295776, 0.4973868429660797, 0.0037974214646965265]], 'pred_prompt': ['H&E stained light micrograph of human cardiac tissue. Based on the image, what is the most likely clinical chronic heart diagnosis? chronic heart failure']}",2.0,,,,,
classification,"['H&E stained light micrograph of human cardiac tissue. Based on the image, what is the most likely clinical chronic heart diagnosis? not chronic heart failure', 'H&E stained light micrograph of human cardiac tissue. Based on the image, what is the most likely clinical chronic heart diagnosis? chronic heart failure', 'H&E stained light micrograph of human cardiac tissue. Based on the image, what is the most likely clinical chronic heart diagnosis? none of the above']",fcd8dc7c-5367-44af-91ab-2d449351ad2b,not chronic heart failure,0,"{'pred': [0], 'probs': [[0.5635567903518677, 0.4335237741470337, 0.00291941175237298]], 'pred_prompt': ['H&E stained light micrograph of human cardiac tissue. Based on the image, what is the most likely clinical chronic heart diagnosis? not chronic heart failure']}",2.0,,,,,
classification,"['H&E stained light micrograph of human cardiac tissue. Based on the image, what is the most likely clinical chronic heart diagnosis? chronic heart failure', 'H&E stained light micrograph of human cardiac tissue. Based on the image, what is the most likely clinical chronic heart diagnosis? not chronic heart failure', 'H&E stained light micrograph of human cardiac tissue. Based on the image, what is the most likely clinical chronic heart diagnosis? none of the above']",fec1d32a-fefb-4950-9191-cb4e7ab7e4ad,chronic heart failure,0,"{'pred': [0], 'probs': [[0.6064334511756897, 0.3918476998806, 0.0017188491765409708]], 'pred_prompt': ['H&E stained light micrograph of human cardiac tissue. Based on the image, what is the most likely clinical chronic heart diagnosis? chronic heart failure']}",2.0,,,,,
classification,"['H&E stained light micrograph of human cardiac tissue. Based on the image, what is the most likely clinical chronic heart diagnosis? not chronic heart failure', 'H&E stained light micrograph of human cardiac tissue. Based on the image, what is the most likely clinical chronic heart diagnosis? chronic heart failure', 'H&E stained light micrograph of human cardiac tissue. Based on the image, what is the most likely clinical chronic heart diagnosis? none of the above']",1830c410-e622-405e-86a9-ea1a5f3dea48,not chronic heart failure,0,"{'pred': [0], 'probs': [[0.5870842933654785, 0.4097258150577545, 0.0031898857560008764]], 'pred_prompt': ['H&E stained light micrograph of human cardiac tissue. Based on the image, what is the most likely clinical chronic heart diagnosis? not chronic heart failure']}",2.0,,,,,
classification,"['H&E stained light micrograph of human cardiac tissue. Based on the image, what is the most likely clinical chronic heart diagnosis? chronic heart failure', 'H&E stained light micrograph of human cardiac tissue. Based on the image, what is the most likely clinical chronic heart diagnosis? not chronic heart failure', 'H&E stained light micrograph of human cardiac tissue. Based on the image, what is the most likely clinical chronic heart diagnosis? none of the above']",f49602f4-8ee1-4274-8715-d697c9ad7bb4,not chronic heart failure,1,"{'pred': [1], 'probs': [[0.36817365884780884, 0.6266047358512878, 0.00522166071459651]], 'pred_prompt': ['H&E stained light micrograph of human cardiac tissue. Based on the image, what is the most likely clinical chronic heart diagnosis? not chronic heart failure']}",2.0,,,,,
classification,"['H&E stained light micrograph of human cardiac tissue. Based on the image, what is the most likely clinical chronic heart diagnosis? not chronic heart failure', 'H&E stained light micrograph of human cardiac tissue. Based on the image, what is the most likely clinical chronic heart diagnosis? chronic heart failure', 'H&E stained light micrograph of human cardiac tissue. Based on the image, what is the most likely clinical chronic heart diagnosis? none of the above']",a537c7a1-275a-440f-92d1-40269b9eb68e,not chronic heart failure,0,"{'pred': [0], 'probs': [[0.5903432965278625, 0.4033493101596832, 0.0063073416240513325]], 'pred_prompt': ['H&E stained light micrograph of human cardiac tissue. Based on the image, what is the most likely clinical chronic heart diagnosis? not chronic heart failure']}",2.0,,,,,
classification,"['H&E stained light micrograph of human cardiac tissue. Based on the image, what is the most likely clinical chronic heart diagnosis? not chronic heart failure', 'H&E stained light micrograph of human cardiac tissue. Based on the image, what is the most likely clinical chronic heart diagnosis? chronic heart failure', 'H&E stained light micrograph of human cardiac tissue. Based on the image, what is the most likely clinical chronic heart diagnosis? none of the above']",88e93f0b-d4eb-4163-8284-e889b5fef439,chronic heart failure,1,"{'pred': [1], 'probs': [[0.355123907327652, 0.6421197652816772, 0.002756257774308324]], 'pred_prompt': ['H&E stained light micrograph of human cardiac tissue. Based on the image, what is the most likely clinical chronic heart diagnosis? chronic heart failure']}",2.0,,,,,
classification,"['H&E stained light micrograph of human cardiac tissue. Based on the image, what is the most likely clinical chronic heart diagnosis? chronic heart failure', 'H&E stained light micrograph of human cardiac tissue. Based on the image, what is the most likely clinical chronic heart diagnosis? not chronic heart failure', 'H&E stained light micrograph of human cardiac tissue. Based on the image, what is the most likely clinical chronic heart diagnosis? none of the above']",062b1dd5-4a7e-41d0-94cd-ac7b8a2dd02c,chronic heart failure,0,"{'pred': [1], 'probs': [[0.4893970489501953, 0.5071985125541687, 0.003404477844014764]], 'pred_prompt': ['H&E stained light micrograph of human cardiac tissue. Based on the image, what is the most likely clinical chronic heart diagnosis? not chronic heart failure']}",2.0,,,,,
classification,"['H&E stained light micrograph of human cardiac tissue. Based on the image, what is the most likely clinical chronic heart diagnosis? not chronic heart failure', 'H&E stained light micrograph of human cardiac tissue. Based on the image, what is the most likely clinical chronic heart diagnosis? chronic heart failure', 'H&E stained light micrograph of human cardiac tissue. Based on the image, what is the most likely clinical chronic heart diagnosis? none of the above']",24a99976-a575-4209-b438-91c6f33da2dc,not chronic heart failure,0,"{'pred': [1], 'probs': [[0.2840299904346466, 0.7147053480148315, 0.001264689490199089]], 'pred_prompt': ['H&E stained light micrograph of human cardiac tissue. Based on the image, what is the most likely clinical chronic heart diagnosis? chronic heart failure']}",2.0,,,,,
classification,"['H&E stained light micrograph of human cardiac tissue. Based on the image, what is the most likely clinical chronic heart diagnosis? chronic heart failure', 'H&E stained light micrograph of human cardiac tissue. Based on the image, what is the most likely clinical chronic heart diagnosis? not chronic heart failure', 'H&E stained light micrograph of human cardiac tissue. Based on the image, what is the most likely clinical chronic heart diagnosis? none of the above']",f57c67d4-8ac4-413a-871c-4053c1b7b772,not chronic heart failure,1,"{'pred': [1], 'probs': [[0.38524413108825684, 0.6107227802276611, 0.0040330709889531136]], 'pred_prompt': ['H&E stained light micrograph of human cardiac tissue. Based on the image, what is the most likely clinical chronic heart diagnosis? not chronic heart failure']}",2.0,,,,,
classification,"['H&E stained light micrograph of human cardiac tissue. Based on the image, what is the most likely clinical chronic heart diagnosis? chronic heart failure', 'H&E stained light micrograph of human cardiac tissue. Based on the image, what is the most likely clinical chronic heart diagnosis? not chronic heart failure', 'H&E stained light micrograph of human cardiac tissue. Based on the image, what is the most likely clinical chronic heart diagnosis? none of the above']",e4f35610-9f54-4265-9f5e-9c4daebce308,not chronic heart failure,1,"{'pred': [1], 'probs': [[0.4196610152721405, 0.5752454996109009, 0.005093520041555166]], 'pred_prompt': ['H&E stained light micrograph of human cardiac tissue. Based on the image, what is the most likely clinical chronic heart diagnosis? not chronic heart failure']}",2.0,,,,,
classification,"['H&E stained light micrograph of human cardiac tissue. Based on the image, what is the most likely clinical chronic heart diagnosis? not chronic heart failure', 'H&E stained light micrograph of human cardiac tissue. Based on the image, what is the most likely clinical chronic heart diagnosis? chronic heart failure', 'H&E stained light micrograph of human cardiac tissue. Based on the image, what is the most likely clinical chronic heart diagnosis? none of the above']",fd888486-565e-4fa0-b4fd-71767489c2a8,chronic heart failure,1,"{'pred': [0], 'probs': [[0.521027147769928, 0.4745038151741028, 0.00446902122348547]], 'pred_prompt': ['H&E stained light micrograph of human cardiac tissue. Based on the image, what is the most likely clinical chronic heart diagnosis? not chronic heart failure']}",2.0,,,,,
classification,"['H&E stained light micrograph of human cardiac tissue. Based on the image, what is the most likely clinical chronic heart diagnosis? not chronic heart failure', 'H&E stained light micrograph of human cardiac tissue. Based on the image, what is the most likely clinical chronic heart diagnosis? chronic heart failure', 'H&E stained light micrograph of human cardiac tissue. Based on the image, what is the most likely clinical chronic heart diagnosis? none of the above']",b69b9639-3947-453b-9684-db8d839f1ebc,chronic heart failure,1,"{'pred': [1], 'probs': [[0.42538368701934814, 0.5730302333831787, 0.0015861188294366002]], 'pred_prompt': ['H&E stained light micrograph of human cardiac tissue. Based on the image, what is the most likely clinical chronic heart diagnosis? chronic heart failure']}",2.0,,,,,
classification,"['H&E stained light micrograph of human cardiac tissue. Based on the image, what is the most likely clinical chronic heart diagnosis? not chronic heart failure', 'H&E stained light micrograph of human cardiac tissue. Based on the image, what is the most likely clinical chronic heart diagnosis? chronic heart failure', 'H&E stained light micrograph of human cardiac tissue. Based on the image, what is the most likely clinical chronic heart diagnosis? none of the above']",f5272fa8-39a8-4663-9601-f35cc0f9503b,not chronic heart failure,0,"{'pred': [0], 'probs': [[0.6261351108551025, 0.3703209459781647, 0.003543977625668049]], 'pred_prompt': ['H&E stained light micrograph of human cardiac tissue. Based on the image, what is the most likely clinical chronic heart diagnosis? not chronic heart failure']}",2.0,,,,,
classification,"['H&E stained light micrograph of human cardiac tissue. Based on the image, what is the most likely clinical chronic heart diagnosis? chronic heart failure', 'H&E stained light micrograph of human cardiac tissue. Based on the image, what is the most likely clinical chronic heart diagnosis? not chronic heart failure', 'H&E stained light micrograph of human cardiac tissue. Based on the image, what is the most likely clinical chronic heart diagnosis? none of the above']",f1613597-7edb-4206-b240-514e80084e3e,chronic heart failure,0,"{'pred': [0], 'probs': [[0.5965234637260437, 0.4012193977832794, 0.002257164567708969]], 'pred_prompt': ['H&E stained light micrograph of human cardiac tissue. Based on the image, what is the most likely clinical chronic heart diagnosis? chronic heart failure']}",2.0,,,,,
classification,"['H&E stained light micrograph of human cardiac tissue. Based on the image, what is the most likely clinical chronic heart diagnosis? not chronic heart failure', 'H&E stained light micrograph of human cardiac tissue. Based on the image, what is the most likely clinical chronic heart diagnosis? chronic heart failure', 'H&E stained light micrograph of human cardiac tissue. Based on the image, what is the most likely clinical chronic heart diagnosis? none of the above']",a332330b-b9fb-4c99-a101-b8b9561526d7,chronic heart failure,1,"{'pred': [1], 'probs': [[0.4865056276321411, 0.5123080611228943, 0.00118628004565835]], 'pred_prompt': ['H&E stained light micrograph of human cardiac tissue. Based on the image, what is the most likely clinical chronic heart diagnosis? chronic heart failure']}",2.0,,,,,
classification,"['H&E stained light micrograph of human cardiac tissue. Based on the image, what is the most likely clinical chronic heart diagnosis? not chronic heart failure', 'H&E stained light micrograph of human cardiac tissue. Based on the image, what is the most likely clinical chronic heart diagnosis? chronic heart failure', 'H&E stained light micrograph of human cardiac tissue. Based on the image, what is the most likely clinical chronic heart diagnosis? none of the above']",71b36826-4dbd-418b-a844-c6a74424be89,chronic heart failure,1,"{'pred': [0], 'probs': [[0.5433168411254883, 0.4531208574771881, 0.003562353318557143]], 'pred_prompt': ['H&E stained light micrograph of human cardiac tissue. Based on the image, what is the most likely clinical chronic heart diagnosis? not chronic heart failure']}",2.0,,,,,
classification,"['H&E stained light micrograph of human cardiac tissue. Based on the image, what is the most likely clinical chronic heart diagnosis? not chronic heart failure', 'H&E stained light micrograph of human cardiac tissue. Based on the image, what is the most likely clinical chronic heart diagnosis? chronic heart failure', 'H&E stained light micrograph of human cardiac tissue. Based on the image, what is the most likely clinical chronic heart diagnosis? none of the above']",b6444e6e-454a-45d7-8d32-458c1ec61ea1,chronic heart failure,1,"{'pred': [1], 'probs': [[0.4089288115501404, 0.5890799164772034, 0.0019912177231162786]], 'pred_prompt': ['H&E stained light micrograph of human cardiac tissue. Based on the image, what is the most likely clinical chronic heart diagnosis? chronic heart failure']}",2.0,,,,,
classification,"['H&E stained light micrograph of human cardiac tissue. Based on the image, what is the most likely clinical chronic heart diagnosis? not chronic heart failure', 'H&E stained light micrograph of human cardiac tissue. Based on the image, what is the most likely clinical chronic heart diagnosis? chronic heart failure', 'H&E stained light micrograph of human cardiac tissue. Based on the image, what is the most likely clinical chronic heart diagnosis? none of the above']",4d331cb7-7ae5-4825-9a54-dca7e561d1f1,not chronic heart failure,0,"{'pred': [1], 'probs': [[0.47309181094169617, 0.5239126682281494, 0.0029955303762108088]], 'pred_prompt': ['H&E stained light micrograph of human cardiac tissue. Based on the image, what is the most likely clinical chronic heart diagnosis? chronic heart failure']}",2.0,,,,,
classification,"['H&E stained light micrograph of human cardiac tissue. Based on the image, what is the most likely clinical chronic heart diagnosis? not chronic heart failure', 'H&E stained light micrograph of human cardiac tissue. Based on the image, what is the most likely clinical chronic heart diagnosis? chronic heart failure', 'H&E stained light micrograph of human cardiac tissue. Based on the image, what is the most likely clinical chronic heart diagnosis? none of the above']",2895b12b-e3b4-4b4d-9e58-0554f75068f7,not chronic heart failure,0,"{'pred': [1], 'probs': [[0.4782642722129822, 0.5196304321289062, 0.002105293096974492]], 'pred_prompt': ['H&E stained light micrograph of human cardiac tissue. Based on the image, what is the most likely clinical chronic heart diagnosis? chronic heart failure']}",2.0,,,,,
classification,"['H&E stained light micrograph of human cardiac tissue. Based on the image, what is the most likely clinical chronic heart diagnosis? chronic heart failure', 'H&E stained light micrograph of human cardiac tissue. Based on the image, what is the most likely clinical chronic heart diagnosis? not chronic heart failure', 'H&E stained light micrograph of human cardiac tissue. Based on the image, what is the most likely clinical chronic heart diagnosis? none of the above']",9a98d308-b93f-4f67-bf71-6d070ec9506a,chronic heart failure,0,"{'pred': [1], 'probs': [[0.4929347336292267, 0.5046166777610779, 0.002448603045195341]], 'pred_prompt': ['H&E stained light micrograph of human cardiac tissue. Based on the image, what is the most likely clinical chronic heart diagnosis? not chronic heart failure']}",2.0,,,,,
classification,"['H&E stained light micrograph of human cardiac tissue. Based on the image, what is the most likely clinical chronic heart diagnosis? not chronic heart failure', 'H&E stained light micrograph of human cardiac tissue. Based on the image, what is the most likely clinical chronic heart diagnosis? chronic heart failure', 'H&E stained light micrograph of human cardiac tissue. Based on the image, what is the most likely clinical chronic heart diagnosis? none of the above']",b6ec4531-29b7-4721-9478-12776fe4039f,chronic heart failure,1,"{'pred': [1], 'probs': [[0.38274237513542175, 0.6158323287963867, 0.0014253222616389394]], 'pred_prompt': ['H&E stained light micrograph of human cardiac tissue. Based on the image, what is the most likely clinical chronic heart diagnosis? chronic heart failure']}",2.0,,,,,
classification,"['H&E stained light micrograph of human cardiac tissue. Based on the image, what is the most likely clinical chronic heart diagnosis? not chronic heart failure', 'H&E stained light micrograph of human cardiac tissue. Based on the image, what is the most likely clinical chronic heart diagnosis? chronic heart failure', 'H&E stained light micrograph of human cardiac tissue. Based on the image, what is the most likely clinical chronic heart diagnosis? none of the above']",9e06eb11-b8ff-4bb4-813b-6d59a279b19d,chronic heart failure,1,"{'pred': [1], 'probs': [[0.45178496837615967, 0.5468079447746277, 0.001407046802341938]], 'pred_prompt': ['H&E stained light micrograph of human cardiac tissue. Based on the image, what is the most likely clinical chronic heart diagnosis? chronic heart failure']}",2.0,,,,,
classification,"['H&E stained light micrograph of human cardiac tissue. Based on the image, what is the most likely clinical chronic heart diagnosis? not chronic heart failure', 'H&E stained light micrograph of human cardiac tissue. Based on the image, what is the most likely clinical chronic heart diagnosis? chronic heart failure', 'H&E stained light micrograph of human cardiac tissue. Based on the image, what is the most likely clinical chronic heart diagnosis? none of the above']",51aeb816-0f1f-49a9-8c45-832fc5742914,chronic heart failure,1,"{'pred': [1], 'probs': [[0.34871453046798706, 0.6493086218833923, 0.0019768583588302135]], 'pred_prompt': ['H&E stained light micrograph of human cardiac tissue. Based on the image, what is the most likely clinical chronic heart diagnosis? chronic heart failure']}",2.0,,,,,
classification,"['H&E stained light micrograph of human cardiac tissue. Based on the image, what is the most likely clinical chronic heart diagnosis? not chronic heart failure', 'H&E stained light micrograph of human cardiac tissue. Based on the image, what is the most likely clinical chronic heart diagnosis? chronic heart failure', 'H&E stained light micrograph of human cardiac tissue. Based on the image, what is the most likely clinical chronic heart diagnosis? none of the above']",6279768b-b73e-4722-b494-76da7276c273,chronic heart failure,1,"{'pred': [1], 'probs': [[0.458787739276886, 0.538794994354248, 0.0024172700941562653]], 'pred_prompt': ['H&E stained light micrograph of human cardiac tissue. Based on the image, what is the most likely clinical chronic heart diagnosis? chronic heart failure']}",2.0,,,,,
classification,"['H&E stained light micrograph of human cardiac tissue. Based on the image, what is the most likely clinical chronic heart diagnosis? chronic heart failure', 'H&E stained light micrograph of human cardiac tissue. Based on the image, what is the most likely clinical chronic heart diagnosis? not chronic heart failure', 'H&E stained light micrograph of human cardiac tissue. Based on the image, what is the most likely clinical chronic heart diagnosis? none of the above']",9623a6cc-8d4b-4d2f-9032-7b053131139d,not chronic heart failure,1,"{'pred': [1], 'probs': [[0.36947765946388245, 0.6236662864685059, 0.00685605825856328]], 'pred_prompt': ['H&E stained light micrograph of human cardiac tissue. Based on the image, what is the most likely clinical chronic heart diagnosis? not chronic heart failure']}",2.0,,,,,
classification,"['H&E stained light micrograph of human cardiac tissue. Based on the image, what is the most likely clinical chronic heart diagnosis? not chronic heart failure', 'H&E stained light micrograph of human cardiac tissue. Based on the image, what is the most likely clinical chronic heart diagnosis? chronic heart failure', 'H&E stained light micrograph of human cardiac tissue. Based on the image, what is the most likely clinical chronic heart diagnosis? none of the above']",9679ddf5-f986-4c58-a00b-049a98b5293a,chronic heart failure,1,"{'pred': [1], 'probs': [[0.33371487259864807, 0.6649382710456848, 0.0013468583347275853]], 'pred_prompt': ['H&E stained light micrograph of human cardiac tissue. Based on the image, what is the most likely clinical chronic heart diagnosis? chronic heart failure']}",2.0,,,,,
classification,"['H&E stained light micrograph of human cardiac tissue. Based on the image, what is the most likely clinical chronic heart diagnosis? not chronic heart failure', 'H&E stained light micrograph of human cardiac tissue. Based on the image, what is the most likely clinical chronic heart diagnosis? chronic heart failure', 'H&E stained light micrograph of human cardiac tissue. Based on the image, what is the most likely clinical chronic heart diagnosis? none of the above']",f9469031-bdae-4011-ab7a-3f30e43b9331,not chronic heart failure,0,"{'pred': [0], 'probs': [[0.5682609677314758, 0.42982712388038635, 0.0019119336502626538]], 'pred_prompt': ['H&E stained light micrograph of human cardiac tissue. Based on the image, what is the most likely clinical chronic heart diagnosis? not chronic heart failure']}",2.0,,,,,
classification,"['H&E stained light micrograph of human cardiac tissue. Based on the image, what is the most likely clinical chronic heart diagnosis? not chronic heart failure', 'H&E stained light micrograph of human cardiac tissue. Based on the image, what is the most likely clinical chronic heart diagnosis? chronic heart failure', 'H&E stained light micrograph of human cardiac tissue. Based on the image, what is the most likely clinical chronic heart diagnosis? none of the above']",b65fb050-c340-419e-bde9-485f6f6c7920,not chronic heart failure,0,"{'pred': [0], 'probs': [[0.5425170063972473, 0.4557484984397888, 0.001734502729959786]], 'pred_prompt': ['H&E stained light micrograph of human cardiac tissue. Based on the image, what is the most likely clinical chronic heart diagnosis? not chronic heart failure']}",2.0,,,,,
classification,"['H&E stained light micrograph of human cardiac tissue. Based on the image, what is the most likely clinical chronic heart diagnosis? not chronic heart failure', 'H&E stained light micrograph of human cardiac tissue. Based on the image, what is the most likely clinical chronic heart diagnosis? chronic heart failure', 'H&E stained light micrograph of human cardiac tissue. Based on the image, what is the most likely clinical chronic heart diagnosis? none of the above']",1e959b68-5ae0-45fa-8593-0ecd17c3c572,not chronic heart failure,0,"{'pred': [0], 'probs': [[0.5782663822174072, 0.41654619574546814, 0.005187418311834335]], 'pred_prompt': ['H&E stained light micrograph of human cardiac tissue. Based on the image, what is the most likely clinical chronic heart diagnosis? not chronic heart failure']}",2.0,,,,,
classification,"['H&E stained light micrograph of human cardiac tissue. Based on the image, what is the most likely clinical chronic heart diagnosis? not chronic heart failure', 'H&E stained light micrograph of human cardiac tissue. Based on the image, what is the most likely clinical chronic heart diagnosis? chronic heart failure', 'H&E stained light micrograph of human cardiac tissue. Based on the image, what is the most likely clinical chronic heart diagnosis? none of the above']",0809836f-af3b-4ce8-932f-8e0792c1b944,chronic heart failure,1,"{'pred': [1], 'probs': [[0.48515585064888, 0.5126711130142212, 0.0021730540320277214]], 'pred_prompt': ['H&E stained light micrograph of human cardiac tissue. Based on the image, what is the most likely clinical chronic heart diagnosis? chronic heart failure']}",2.0,,,,,
classification,"['H&E stained light micrograph of human cardiac tissue. Based on the image, what is the most likely clinical chronic heart diagnosis? not chronic heart failure', 'H&E stained light micrograph of human cardiac tissue. Based on the image, what is the most likely clinical chronic heart diagnosis? chronic heart failure', 'H&E stained light micrograph of human cardiac tissue. Based on the image, what is the most likely clinical chronic heart diagnosis? none of the above']",85f0e425-8bb8-4417-b8c5-e313a918f0c8,chronic heart failure,1,"{'pred': [1], 'probs': [[0.4610709249973297, 0.5364086031913757, 0.00252047972753644]], 'pred_prompt': ['H&E stained light micrograph of human cardiac tissue. Based on the image, what is the most likely clinical chronic heart diagnosis? chronic heart failure']}",2.0,,,,,
