question_class,questions,image_id,correct_answer,correct_idx,model_answers,microns_per_pixel,domain,subdomain,modality,submodality,normal_or_abnormal
stain,"['What is the most likely technique used to stain this micrograph? Papanicolaou', 'What is the most likely technique used to stain this micrograph? IHC(HDab)', 'What is the most likely technique used to stain this micrograph? Ziehl-Neelsen', 'What is the most likely technique used to stain this micrograph? IHC(Red)', 'What is the most likely technique used to stain this micrograph? Giemsa', 'What is the most likely technique used to stain this micrograph? none of the above']",b4123130-8cc4-44ed-b80b-751963c94255,IHC(HDab),1,"{'pred': [1], 'probs': [[1.4130565432424191e-05, 0.9785630106925964, 2.5408834858353657e-07, 0.021356847137212753, 4.546531999949366e-05, 2.0305446014390327e-05]], 'pred_prompt': ['What is the most likely technique used to stain this micrograph? IHC(HDab)']}",2.0,,,,,
modality,"['What is the most likely microscopy modality used to acquire this image? light microscopy', 'What is the most likely microscopy modality used to acquire this image? electron microscopy', 'What is the most likely microscopy modality used to acquire this image? fluorescence microscopy', 'What is the most likely microscopy modality used to acquire this image? none of the above']",3185daeb-0c3b-4216-bea6-2744061308ee,light microscopy,0,"{'pred': [0], 'probs': [[0.9993977546691895, 0.0006017489940859377, 8.820161667699722e-08, 4.1974504938480095e-07]], 'pred_prompt': ['What is the most likely microscopy modality used to acquire this image? light microscopy']}",2.0,,,,,
modality,"['What is the most likely microscopy modality used to acquire this image? electron microscopy', 'What is the most likely microscopy modality used to acquire this image? light microscopy', 'What is the most likely microscopy modality used to acquire this image? fluorescence microscopy', 'What is the most likely microscopy modality used to acquire this image? none of the above']",c4a09947-99c6-460f-8e83-96d0f87ae629,light microscopy,1,"{'pred': [1], 'probs': [[1.916132987389574e-06, 0.9999977350234985, 2.0007541934319306e-07, 8.779118587654011e-08]], 'pred_prompt': ['What is the most likely microscopy modality used to acquire this image? light microscopy']}",2.0,,,,,
domain,"['What is the most likely field of study this micrograph would be used for? cytology', 'What is the most likely field of study this micrograph would be used for? radiology', 'What is the most likely field of study this micrograph would be used for? ophthalmology', 'What is the most likely field of study this micrograph would be used for? biology', 'What is the most likely field of study this micrograph would be used for? pathology', 'What is the most likely field of study this micrograph would be used for? none of the above']",6d8dface-dc20-47fa-91a5-43811a84780d,pathology,4,"{'pred': [4], 'probs': [[8.236618054269229e-10, 9.265059275342935e-10, 1.5674000986010128e-09, 3.6381748724778618e-09, 1.0, 1.0579012110767394e-09]], 'pred_prompt': ['What is the most likely field of study this micrograph would be used for? pathology']}",2.0,,,,,
submodality,"['What is the most likely microscopy submodality used to acquire this image? synthetic', 'What is the most likely microscopy submodality used to acquire this image? brightfield microscopy', 'What is the most likely microscopy submodality used to acquire this image? phase contrast microscopy', 'What is the most likely microscopy submodality used to acquire this image? polarized light microscopy', 'What is the most likely microscopy submodality used to acquire this image? darkfield microscopy', 'What is the most likely microscopy submodality used to acquire this image? none of the above']",6da359ff-1c25-4d61-bd99-9249196d523c,brightfield microscopy,1,"{'pred': [1], 'probs': [[5.826023663502156e-09, 0.9999948740005493, 3.9995288716454525e-06, 1.1926377396775933e-07, 9.750140179676237e-07, 2.203243631981877e-08]], 'pred_prompt': ['What is the most likely microscopy submodality used to acquire this image? brightfield microscopy']}",2.0,,,,,
domain,"['What is the most likely field of study this micrograph would be used for? radiology', 'What is the most likely field of study this micrograph would be used for? pathology', 'What is the most likely field of study this micrograph would be used for? ophthalmology', 'What is the most likely field of study this micrograph would be used for? biology', 'What is the most likely field of study this micrograph would be used for? cytology', 'What is the most likely field of study this micrograph would be used for? none of the above']",1a3f2dd9-482f-4e1b-8787-440608fa185a,pathology,1,"{'pred': [1], 'probs': [[6.9733512297887046e-09, 1.0, 1.8338714991017468e-09, 1.55875810037287e-08, 1.0436834729787847e-09, 2.8675841701186755e-09]], 'pred_prompt': ['What is the most likely field of study this micrograph would be used for? pathology']}",2.0,,,,,
stain,"['What is the most likely technique used to stain this micrograph? Papanicolaou', 'What is the most likely technique used to stain this micrograph? Alcian Blue', 'What is the most likely technique used to stain this micrograph? H&E', 'What is the most likely technique used to stain this micrograph? Basic fuchsin', 'What is the most likely technique used to stain this micrograph? IHC(HDab)', 'What is the most likely technique used to stain this micrograph? none of the above']",dfa8385e-7b49-4e43-bcf3-bc3aca9727c5,IHC(HDab),4,"{'pred': [4], 'probs': [[9.934639820130542e-05, 1.0082727612825693e-06, 9.601465080777416e-07, 1.0043841029983014e-06, 0.9998894929885864, 8.27510575618362e-06]], 'pred_prompt': ['What is the most likely technique used to stain this micrograph? IHC(HDab)']}",2.0,,,,,
domain,"['What is the most likely field of study this micrograph would be used for? ophthalmology', 'What is the most likely field of study this micrograph would be used for? pathology', 'What is the most likely field of study this micrograph would be used for? biology', 'What is the most likely field of study this micrograph would be used for? dermatology', 'What is the most likely field of study this micrograph would be used for? cytology', 'What is the most likely field of study this micrograph would be used for? none of the above']",3ba7ff32-4da8-46dd-bab1-cf11ee4560f9,pathology,1,"{'pred': [1], 'probs': [[7.082219610765605e-08, 0.9999994039535522, 8.604142465173936e-08, 9.832726277636539e-08, 4.244809659326165e-08, 1.806179454888479e-07]], 'pred_prompt': ['What is the most likely field of study this micrograph would be used for? pathology']}",2.0,,,,,
stain,"['What is the most likely technique used to stain this micrograph? IHC(Red)', 'What is the most likely technique used to stain this micrograph? PAS', 'What is the most likely technique used to stain this micrograph? Congo Red', 'What is the most likely technique used to stain this micrograph? Toluidine Blue', 'What is the most likely technique used to stain this micrograph? IHC(HDab)', 'What is the most likely technique used to stain this micrograph? none of the above']",103a5bce-4b44-4597-b233-2fee4ff83ba3,IHC(HDab),4,"{'pred': [4], 'probs': [[0.0005619691801257432, 0.0006535663269460201, 5.363509990274906e-05, 3.3059195381213158e-09, 0.9987271428108215, 3.688799324663705e-06]], 'pred_prompt': ['What is the most likely technique used to stain this micrograph? IHC(HDab)']}",2.0,,,,,
submodality,"['What is the most likely microscopy submodality used to acquire this image? phase contrast microscopy', 'What is the most likely microscopy submodality used to acquire this image? differential interference contrast microscopy', 'What is the most likely microscopy submodality used to acquire this image? darkfield microscopy', 'What is the most likely microscopy submodality used to acquire this image? polarized light microscopy', 'What is the most likely microscopy submodality used to acquire this image? brightfield microscopy', 'What is the most likely microscopy submodality used to acquire this image? none of the above']",b62e1320-4b74-456b-8773-f73a75e9ccd3,brightfield microscopy,4,"{'pred': [4], 'probs': [[2.1680962163372897e-05, 1.193409730149142e-06, 1.3689616025658324e-05, 8.521211384504568e-06, 0.9999548196792603, 6.90081165544143e-08]], 'pred_prompt': ['What is the most likely microscopy submodality used to acquire this image? brightfield microscopy']}",2.0,,,,,
modality,"['What is the most likely microscopy modality used to acquire this image? electron microscopy', 'What is the most likely microscopy modality used to acquire this image? fluorescence microscopy', 'What is the most likely microscopy modality used to acquire this image? light microscopy', 'What is the most likely microscopy modality used to acquire this image? none of the above']",6b0e6971-4c99-47f2-8bc4-7fd05f21323b,light microscopy,2,"{'pred': [2], 'probs': [[7.517769972764654e-06, 3.2496731705577986e-07, 0.9999920129776001, 1.1240386044164552e-07]], 'pred_prompt': ['What is the most likely microscopy modality used to acquire this image? light microscopy']}",2.0,,,,,
submodality,"['What is the most likely microscopy submodality used to acquire this image? mixed', 'What is the most likely microscopy submodality used to acquire this image? differential interference contrast microscopy', 'What is the most likely microscopy submodality used to acquire this image? brightfield microscopy', 'What is the most likely microscopy submodality used to acquire this image? darkfield microscopy', 'What is the most likely microscopy submodality used to acquire this image? phase contrast microscopy', 'What is the most likely microscopy submodality used to acquire this image? none of the above']",b99a2234-ab35-4fa4-bc6d-02a8d2209796,brightfield microscopy,2,"{'pred': [2], 'probs': [[1.618279021897706e-08, 4.0849872107173724e-07, 0.9999945163726807, 7.42235272355174e-07, 4.249775429343572e-06, 5.147074988443023e-10]], 'pred_prompt': ['What is the most likely microscopy submodality used to acquire this image? brightfield microscopy']}",2.0,,,,,
modality,"['What is the most likely microscopy modality used to acquire this image? light microscopy', 'What is the most likely microscopy modality used to acquire this image? electron microscopy', 'What is the most likely microscopy modality used to acquire this image? fluorescence microscopy', 'What is the most likely microscopy modality used to acquire this image? none of the above']",794c0dfe-f128-4f34-b786-3da4bd65e1c8,light microscopy,0,"{'pred': [0], 'probs': [[0.9999353885650635, 6.441602454287931e-05, 1.333160497551944e-07, 1.192616849721162e-07]], 'pred_prompt': ['What is the most likely microscopy modality used to acquire this image? light microscopy']}",2.0,,,,,
submodality,"['What is the most likely microscopy submodality used to acquire this image? phase contrast microscopy', 'What is the most likely microscopy submodality used to acquire this image? synthetic', 'What is the most likely microscopy submodality used to acquire this image? differential interference contrast microscopy', 'What is the most likely microscopy submodality used to acquire this image? polarized light microscopy', 'What is the most likely microscopy submodality used to acquire this image? brightfield microscopy', 'What is the most likely microscopy submodality used to acquire this image? none of the above']",3d5d160a-fba7-4ff9-982b-58d4d55b1ad5,brightfield microscopy,4,"{'pred': [4], 'probs': [[4.2836079956032336e-05, 1.0097096492245328e-08, 3.19733157994051e-06, 1.0437871651447495e-06, 0.9999527931213379, 1.3872465842723614e-07]], 'pred_prompt': ['What is the most likely microscopy submodality used to acquire this image? brightfield microscopy']}",2.0,,,,,
domain,"['What is the most likely field of study this micrograph would be used for? pathology', 'What is the most likely field of study this micrograph would be used for? radiology', 'What is the most likely field of study this micrograph would be used for? biology', 'What is the most likely field of study this micrograph would be used for? ophthalmology', 'What is the most likely field of study this micrograph would be used for? cytology', 'What is the most likely field of study this micrograph would be used for? none of the above']",a7a81157-09d8-4f27-a201-5bdf050faac5,pathology,0,"{'pred': [0], 'probs': [[0.9999997615814209, 5.529762869826982e-09, 8.86594531124274e-09, 6.243200090239043e-08, 8.286180985805913e-08, 6.091970039534544e-09]], 'pred_prompt': ['What is the most likely field of study this micrograph would be used for? pathology']}",2.0,,,,,
stain,"['What is the most likely technique used to stain this micrograph? Ziehl-Neelsen', 'What is the most likely technique used to stain this micrograph? synthetic', 'What is the most likely technique used to stain this micrograph? Wright-Giemsa', 'What is the most likely technique used to stain this micrograph? IHC(HDab)', 'What is the most likely technique used to stain this micrograph? Giemsa', 'What is the most likely technique used to stain this micrograph? none of the above']",30940c42-6eb5-421f-abcb-73f69f1791b0,IHC(HDab),3,"{'pred': [3], 'probs': [[6.846349709377364e-09, 6.225803761417126e-10, 1.1257911269879628e-10, 0.999998927116394, 1.4047536467387545e-07, 9.571666623742203e-07]], 'pred_prompt': ['What is the most likely technique used to stain this micrograph? IHC(HDab)']}",2.0,,,,,
stain,"['What is the most likely technique used to stain this micrograph? Giemsa', 'What is the most likely technique used to stain this micrograph? H&E', 'What is the most likely technique used to stain this micrograph? Ziehl-Neelsen', 'What is the most likely technique used to stain this micrograph? synthetic', 'What is the most likely technique used to stain this micrograph? IHC(HDab)', 'What is the most likely technique used to stain this micrograph? none of the above']",7be85be7-a935-475f-aac3-f7991ac05692,IHC(HDab),4,"{'pred': [4], 'probs': [[0.0022967986296862364, 1.0879691672016634e-06, 8.30414592201123e-06, 2.18575397781251e-08, 0.9976848363876343, 8.93119977263268e-06]], 'pred_prompt': ['What is the most likely technique used to stain this micrograph? IHC(HDab)']}",2.0,,,,,
stain,"['What is the most likely technique used to stain this micrograph? IHC(HDab)', 'What is the most likely technique used to stain this micrograph? Papanicolaou', 'What is the most likely technique used to stain this micrograph? PAS', 'What is the most likely technique used to stain this micrograph? IHC(Red)', 'What is the most likely technique used to stain this micrograph? None', 'What is the most likely technique used to stain this micrograph? none of the above']",ae68da46-8c0c-425a-9660-2fa90669af1e,IHC(HDab),0,"{'pred': [0], 'probs': [[0.9999662637710571, 2.3406839133599533e-08, 1.1065264970966382e-07, 3.3527525374665856e-05, 2.7544933445255992e-08, 3.881665833205261e-08]], 'pred_prompt': ['What is the most likely technique used to stain this micrograph? IHC(HDab)']}",2.0,,,,,
domain,"['What is the most likely field of study this micrograph would be used for? dermatology', 'What is the most likely field of study this micrograph would be used for? ophthalmology', 'What is the most likely field of study this micrograph would be used for? cytology', 'What is the most likely field of study this micrograph would be used for? pathology', 'What is the most likely field of study this micrograph would be used for? biology', 'What is the most likely field of study this micrograph would be used for? none of the above']",d2294f5f-f273-45f7-a1c0-a84051e418ee,pathology,3,"{'pred': [3], 'probs': [[5.7864952829334015e-09, 4.909267659058969e-09, 7.659776146695663e-10, 1.0, 2.418504285728318e-09, 8.944192053661482e-10]], 'pred_prompt': ['What is the most likely field of study this micrograph would be used for? pathology']}",2.0,,,,,
stain,"['What is the most likely technique used to stain this micrograph? Papanicolaou', 'What is the most likely technique used to stain this micrograph? Congo Red', 'What is the most likely technique used to stain this micrograph? None', 'What is the most likely technique used to stain this micrograph? PAS', 'What is the most likely technique used to stain this micrograph? IHC(Red)', 'What is the most likely technique used to stain this micrograph? none of the above']",f4ffef1e-fb31-44ce-8052-25f9ce3472b4,IHC(Red),4,"{'pred': [4], 'probs': [[1.4880512935633305e-05, 0.0001142904584412463, 2.2469944269687403e-06, 3.0223700377973728e-06, 0.9998621940612793, 3.295068609077134e-06]], 'pred_prompt': ['What is the most likely technique used to stain this micrograph? IHC(Red)']}",2.0,,,,,
domain,"['What is the most likely field of study this micrograph would be used for? cytology', 'What is the most likely field of study this micrograph would be used for? pathology', 'What is the most likely field of study this micrograph would be used for? ophthalmology', 'What is the most likely field of study this micrograph would be used for? radiology', 'What is the most likely field of study this micrograph would be used for? dermatology', 'What is the most likely field of study this micrograph would be used for? none of the above']",ee8789d1-db96-4b64-abfc-a73f868ab360,pathology,1,"{'pred': [1], 'probs': [[1.2265252813392635e-08, 1.0, 3.816419624769196e-09, 7.855648576082785e-09, 2.4241804119640165e-09, 5.301003014324124e-08]], 'pred_prompt': ['What is the most likely field of study this micrograph would be used for? pathology']}",2.0,,,,,
modality,"['What is the most likely microscopy modality used to acquire this image? fluorescence microscopy', 'What is the most likely microscopy modality used to acquire this image? electron microscopy', 'What is the most likely microscopy modality used to acquire this image? light microscopy', 'What is the most likely microscopy modality used to acquire this image? none of the above']",05d8d9cb-38fa-4d31-94c1-5456db400134,light microscopy,2,"{'pred': [2], 'probs': [[1.2631250712047404e-08, 5.403432368211725e-08, 1.0, 2.5380588741796828e-09]], 'pred_prompt': ['What is the most likely microscopy modality used to acquire this image? light microscopy']}",2.0,,,,,
domain,"['What is the most likely field of study this micrograph would be used for? radiology', 'What is the most likely field of study this micrograph would be used for? pathology', 'What is the most likely field of study this micrograph would be used for? biology', 'What is the most likely field of study this micrograph would be used for? dermatology', 'What is the most likely field of study this micrograph would be used for? cytology', 'What is the most likely field of study this micrograph would be used for? none of the above']",106db987-7413-4142-9556-92c332ab538b,pathology,1,"{'pred': [1], 'probs': [[2.600197834823348e-11, 1.0, 2.3631965273551714e-09, 4.909452289147964e-10, 1.9321511501857458e-08, 1.6493112431348322e-09]], 'pred_prompt': ['What is the most likely field of study this micrograph would be used for? pathology']}",2.0,,,,,
submodality,"['What is the most likely microscopy submodality used to acquire this image? brightfield microscopy', 'What is the most likely microscopy submodality used to acquire this image? phase contrast microscopy', 'What is the most likely microscopy submodality used to acquire this image? polarized light microscopy', 'What is the most likely microscopy submodality used to acquire this image? mixed', 'What is the most likely microscopy submodality used to acquire this image? synthetic', 'What is the most likely microscopy submodality used to acquire this image? none of the above']",7be9451b-50de-4e3e-bee8-4e97569874fc,brightfield microscopy,0,"{'pred': [0], 'probs': [[0.9998675584793091, 0.00010260199633194134, 2.9474902476067655e-05, 3.0799216688137676e-07, 1.452330788964673e-08, 7.540334223676837e-08]], 'pred_prompt': ['What is the most likely microscopy submodality used to acquire this image? brightfield microscopy']}",2.0,,,,,
stain,"['What is the most likely technique used to stain this micrograph? Masson Trichrome', 'What is the most likely technique used to stain this micrograph? IHC(HDab)', 'What is the most likely technique used to stain this micrograph? Gram', 'What is the most likely technique used to stain this micrograph? Congo Red', 'What is the most likely technique used to stain this micrograph? H&E', 'What is the most likely technique used to stain this micrograph? none of the above']",89f094e4-ea4e-4581-83fa-a0b9894bdf92,IHC(HDab),1,"{'pred': [1], 'probs': [[4.033009037840429e-09, 0.9999861717224121, 7.307027772185393e-06, 5.1561805776145775e-06, 7.705646254407839e-08, 1.3568302392741316e-06]], 'pred_prompt': ['What is the most likely technique used to stain this micrograph? IHC(HDab)']}",2.0,,,,,
domain,"['What is the most likely field of study this micrograph would be used for? biology', 'What is the most likely field of study this micrograph would be used for? dermatology', 'What is the most likely field of study this micrograph would be used for? ophthalmology', 'What is the most likely field of study this micrograph would be used for? radiology', 'What is the most likely field of study this micrograph would be used for? pathology', 'What is the most likely field of study this micrograph would be used for? none of the above']",f73c5da6-de67-4dba-b955-d2ea44eff2e3,pathology,4,"{'pred': [4], 'probs': [[9.484706353646288e-09, 3.7932186280897895e-09, 2.197998894004627e-09, 2.575481383715328e-09, 1.0, 4.300625633391064e-09]], 'pred_prompt': ['What is the most likely field of study this micrograph would be used for? pathology']}",2.0,,,,,
stain,"['What is the most likely technique used to stain this micrograph? Gram', 'What is the most likely technique used to stain this micrograph? IHC(HDab)', 'What is the most likely technique used to stain this micrograph? Giemsa', 'What is the most likely technique used to stain this micrograph? Alcian Blue', 'What is the most likely technique used to stain this micrograph? Wright-Giemsa', 'What is the most likely technique used to stain this micrograph? none of the above']",06eef9cd-7a1a-4afd-9f98-15dc5ec7edde,IHC(HDab),1,"{'pred': [1], 'probs': [[3.0967862585384864e-06, 0.9999643564224243, 4.620415438694181e-06, 5.36350569291244e-07, 8.34232150026537e-09, 2.7434341973275878e-05]], 'pred_prompt': ['What is the most likely technique used to stain this micrograph? IHC(HDab)']}",2.0,,,,,
domain,"['What is the most likely field of study this micrograph would be used for? pathology', 'What is the most likely field of study this micrograph would be used for? dermatology', 'What is the most likely field of study this micrograph would be used for? ophthalmology', 'What is the most likely field of study this micrograph would be used for? radiology', 'What is the most likely field of study this micrograph would be used for? biology', 'What is the most likely field of study this micrograph would be used for? none of the above']",40117f50-db77-4bbd-a992-039a2a1dd107,pathology,0,"{'pred': [0], 'probs': [[1.0, 4.812810416865432e-08, 1.7313868116985986e-09, 6.735208224473155e-11, 3.5896370320642745e-08, 7.865738282930579e-09]], 'pred_prompt': ['What is the most likely field of study this micrograph would be used for? pathology']}",2.0,,,,,
submodality,"['What is the most likely microscopy submodality used to acquire this image? mixed', 'What is the most likely microscopy submodality used to acquire this image? synthetic', 'What is the most likely microscopy submodality used to acquire this image? brightfield microscopy', 'What is the most likely microscopy submodality used to acquire this image? polarized light microscopy', 'What is the most likely microscopy submodality used to acquire this image? phase contrast microscopy', 'What is the most likely microscopy submodality used to acquire this image? none of the above']",b43cd9e3-baa2-4bef-b2c3-d40e1a5188cf,brightfield microscopy,2,"{'pred': [2], 'probs': [[4.776027822117612e-07, 8.138751006470102e-09, 0.9996908903121948, 0.000287528004264459, 2.1101088350405917e-05, 4.0190904826431506e-08]], 'pred_prompt': ['What is the most likely microscopy submodality used to acquire this image? brightfield microscopy']}",2.0,,,,,
domain,"['What is the most likely field of study this micrograph would be used for? ophthalmology', 'What is the most likely field of study this micrograph would be used for? cytology', 'What is the most likely field of study this micrograph would be used for? radiology', 'What is the most likely field of study this micrograph would be used for? pathology', 'What is the most likely field of study this micrograph would be used for? dermatology', 'What is the most likely field of study this micrograph would be used for? none of the above']",b1518201-4ae5-4588-ab61-b216b04a789d,pathology,3,"{'pred': [3], 'probs': [[1.575257186914314e-07, 2.628275694860349e-07, 2.3360477996448026e-07, 0.9999982118606567, 4.504160244778177e-07, 7.500188985432032e-07]], 'pred_prompt': ['What is the most likely field of study this micrograph would be used for? pathology']}",2.0,,,,,
submodality,"['What is the most likely microscopy submodality used to acquire this image? mixed', 'What is the most likely microscopy submodality used to acquire this image? polarized light microscopy', 'What is the most likely microscopy submodality used to acquire this image? brightfield microscopy', 'What is the most likely microscopy submodality used to acquire this image? darkfield microscopy', 'What is the most likely microscopy submodality used to acquire this image? phase contrast microscopy', 'What is the most likely microscopy submodality used to acquire this image? none of the above']",7e29a212-6f0b-4755-8143-e0a8bc12eea5,brightfield microscopy,2,"{'pred': [2], 'probs': [[5.055371943285536e-08, 7.501946583943209e-07, 0.9999682903289795, 2.031744588748552e-05, 1.0581079550320283e-05, 1.2746558475384973e-08]], 'pred_prompt': ['What is the most likely microscopy submodality used to acquire this image? brightfield microscopy']}",2.0,,,,,
submodality,"['What is the most likely microscopy submodality used to acquire this image? mixed', 'What is the most likely microscopy submodality used to acquire this image? brightfield microscopy', 'What is the most likely microscopy submodality used to acquire this image? darkfield microscopy', 'What is the most likely microscopy submodality used to acquire this image? phase contrast microscopy', 'What is the most likely microscopy submodality used to acquire this image? polarized light microscopy', 'What is the most likely microscopy submodality used to acquire this image? none of the above']",62244bc2-8a27-40b8-a272-ce990d4a4412,brightfield microscopy,1,"{'pred': [1], 'probs': [[1.386119041768552e-08, 0.9998745918273926, 1.7523618225823157e-05, 0.00010635593207553029, 1.4789296756134718e-06, 2.0177406412358323e-09]], 'pred_prompt': ['What is the most likely microscopy submodality used to acquire this image? brightfield microscopy']}",2.0,,,,,
modality,"['What is the most likely microscopy modality used to acquire this image? fluorescence microscopy', 'What is the most likely microscopy modality used to acquire this image? light microscopy', 'What is the most likely microscopy modality used to acquire this image? electron microscopy', 'What is the most likely microscopy modality used to acquire this image? none of the above']",d4a3a642-9fe5-445c-bcdb-582b4e703256,light microscopy,1,"{'pred': [1], 'probs': [[2.304554840293349e-07, 0.9999988079071045, 6.197306561261939e-07, 4.1551078311385936e-07]], 'pred_prompt': ['What is the most likely microscopy modality used to acquire this image? light microscopy']}",2.0,,,,,
domain,"['What is the most likely field of study this micrograph would be used for? pathology', 'What is the most likely field of study this micrograph would be used for? radiology', 'What is the most likely field of study this micrograph would be used for? ophthalmology', 'What is the most likely field of study this micrograph would be used for? biology', 'What is the most likely field of study this micrograph would be used for? dermatology', 'What is the most likely field of study this micrograph would be used for? none of the above']",8e13fcac-6c2e-4d32-848b-55642aa7df70,pathology,0,"{'pred': [0], 'probs': [[1.0, 2.000310160565899e-11, 7.174674632182132e-09, 2.7752364850641698e-09, 4.245959583926151e-09, 7.413595848326793e-10]], 'pred_prompt': ['What is the most likely field of study this micrograph would be used for? pathology']}",2.0,,,,,
modality,"['What is the most likely microscopy modality used to acquire this image? fluorescence microscopy', 'What is the most likely microscopy modality used to acquire this image? light microscopy', 'What is the most likely microscopy modality used to acquire this image? electron microscopy', 'What is the most likely microscopy modality used to acquire this image? none of the above']",540fa97f-a695-4ff6-96ea-fb1c2564bea5,light microscopy,1,"{'pred': [1], 'probs': [[1.505444373606224e-07, 0.9999997615814209, 1.1743749439574458e-07, 2.0449347104545268e-08]], 'pred_prompt': ['What is the most likely microscopy modality used to acquire this image? light microscopy']}",2.0,,,,,
modality,"['What is the most likely microscopy modality used to acquire this image? electron microscopy', 'What is the most likely microscopy modality used to acquire this image? light microscopy', 'What is the most likely microscopy modality used to acquire this image? fluorescence microscopy', 'What is the most likely microscopy modality used to acquire this image? none of the above']",8474f401-52c8-4ff5-999d-10bc9ece8522,light microscopy,1,"{'pred': [1], 'probs': [[5.132138767294236e-07, 0.9999994039535522, 5.391610358174148e-08, 6.48469278274888e-09]], 'pred_prompt': ['What is the most likely microscopy modality used to acquire this image? light microscopy']}",2.0,,,,,
domain,"['What is the most likely field of study this micrograph would be used for? pathology', 'What is the most likely field of study this micrograph would be used for? biology', 'What is the most likely field of study this micrograph would be used for? ophthalmology', 'What is the most likely field of study this micrograph would be used for? dermatology', 'What is the most likely field of study this micrograph would be used for? cytology', 'What is the most likely field of study this micrograph would be used for? none of the above']",a469627a-4a73-4395-b242-29c15d8ec1f5,pathology,0,"{'pred': [0], 'probs': [[0.9999998807907104, 8.204029455782802e-08, 4.453539315107946e-09, 1.0548827367173885e-09, 2.744960481138037e-09, 7.506330490514301e-08]], 'pred_prompt': ['What is the most likely field of study this micrograph would be used for? pathology']}",2.0,,,,,
submodality,"['What is the most likely microscopy submodality used to acquire this image? polarized light microscopy', 'What is the most likely microscopy submodality used to acquire this image? differential interference contrast microscopy', 'What is the most likely microscopy submodality used to acquire this image? synthetic', 'What is the most likely microscopy submodality used to acquire this image? brightfield microscopy', 'What is the most likely microscopy submodality used to acquire this image? darkfield microscopy', 'What is the most likely microscopy submodality used to acquire this image? none of the above']",b2d7bafe-e4aa-4037-bd42-c52258874046,brightfield microscopy,3,"{'pred': [3], 'probs': [[9.857550367087242e-07, 7.031046607153257e-07, 2.1632612368094328e-11, 0.9999779462814331, 2.033683267654851e-05, 3.848261431738109e-10]], 'pred_prompt': ['What is the most likely microscopy submodality used to acquire this image? brightfield microscopy']}",2.0,,,,,
stain,"['What is the most likely technique used to stain this micrograph? Papanicolaou', 'What is the most likely technique used to stain this micrograph? IHC(HDab)', 'What is the most likely technique used to stain this micrograph? Congo Red', 'What is the most likely technique used to stain this micrograph? synthetic', 'What is the most likely technique used to stain this micrograph? None', 'What is the most likely technique used to stain this micrograph? none of the above']",ab4c332f-4fa7-40d3-b57e-7c06d531d595,IHC(HDab),1,"{'pred': [1], 'probs': [[9.09027022544251e-08, 0.9999943971633911, 2.8825979825342074e-06, 5.273348868684025e-09, 5.440686550173268e-07, 2.006199792958796e-06]], 'pred_prompt': ['What is the most likely technique used to stain this micrograph? IHC(HDab)']}",2.0,,,,,
stain,"['What is the most likely technique used to stain this micrograph? IHC(HDab)', 'What is the most likely technique used to stain this micrograph? Wright-Giemsa', 'What is the most likely technique used to stain this micrograph? H&E', 'What is the most likely technique used to stain this micrograph? Toluidine Blue', 'What is the most likely technique used to stain this micrograph? None', 'What is the most likely technique used to stain this micrograph? none of the above']",7926000d-80c9-4695-8654-d7b4921174df,IHC(HDab),0,"{'pred': [0], 'probs': [[0.9999442100524902, 1.8361729416938033e-06, 4.161447861861234e-07, 7.083206554625576e-08, 1.0979864782711957e-05, 4.259317211108282e-05]], 'pred_prompt': ['What is the most likely technique used to stain this micrograph? IHC(HDab)']}",2.0,,,,,
stain,"['What is the most likely technique used to stain this micrograph? Papanicolaou', 'What is the most likely technique used to stain this micrograph? IHC(Red)', 'What is the most likely technique used to stain this micrograph? PAS', 'What is the most likely technique used to stain this micrograph? synthetic', 'What is the most likely technique used to stain this micrograph? IHC(HDab)', 'What is the most likely technique used to stain this micrograph? none of the above']",c36f4b36-9082-410f-9549-f544e10332c8,IHC(HDab),4,"{'pred': [4], 'probs': [[0.0006139036850072443, 0.0001440570194972679, 1.8740956875262782e-06, 1.1189770532382681e-07, 0.9992309808731079, 8.959622391557787e-06]], 'pred_prompt': ['What is the most likely technique used to stain this micrograph? IHC(HDab)']}",2.0,,,,,
modality,"['What is the most likely microscopy modality used to acquire this image? electron microscopy', 'What is the most likely microscopy modality used to acquire this image? fluorescence microscopy', 'What is the most likely microscopy modality used to acquire this image? light microscopy', 'What is the most likely microscopy modality used to acquire this image? none of the above']",c8366e95-b85f-4654-81dc-16bda0e3b695,light microscopy,2,"{'pred': [2], 'probs': [[1.0865619515243452e-07, 8.793596180112218e-07, 0.999998927116394, 1.1739216887463044e-07]], 'pred_prompt': ['What is the most likely microscopy modality used to acquire this image? light microscopy']}",2.0,,,,,
stain,"['What is the most likely technique used to stain this micrograph? IHC(HDab)', 'What is the most likely technique used to stain this micrograph? IHC(Red)', 'What is the most likely technique used to stain this micrograph? PAS', 'What is the most likely technique used to stain this micrograph? None', 'What is the most likely technique used to stain this micrograph? Gram', 'What is the most likely technique used to stain this micrograph? none of the above']",8264421e-4344-473a-8fd0-de48bca62c17,IHC(HDab),0,"{'pred': [0], 'probs': [[0.9947879314422607, 0.0038439305499196053, 8.300953595608007e-06, 8.175938091881108e-06, 0.0013364399783313274, 1.5187280951067805e-05]], 'pred_prompt': ['What is the most likely technique used to stain this micrograph? IHC(HDab)']}",2.0,,,,,
domain,"['What is the most likely field of study this micrograph would be used for? dermatology', 'What is the most likely field of study this micrograph would be used for? pathology', 'What is the most likely field of study this micrograph would be used for? cytology', 'What is the most likely field of study this micrograph would be used for? ophthalmology', 'What is the most likely field of study this micrograph would be used for? radiology', 'What is the most likely field of study this micrograph would be used for? none of the above']",126b6f5e-74ee-4068-9dad-10828905e9a6,pathology,1,"{'pred': [1], 'probs': [[5.779631351288117e-08, 0.9999990463256836, 2.516332919810793e-08, 3.2275799810577155e-08, 6.045586786740387e-08, 8.873238357409718e-07]], 'pred_prompt': ['What is the most likely field of study this micrograph would be used for? pathology']}",2.0,,,,,
modality,"['What is the most likely microscopy modality used to acquire this image? fluorescence microscopy', 'What is the most likely microscopy modality used to acquire this image? light microscopy', 'What is the most likely microscopy modality used to acquire this image? electron microscopy', 'What is the most likely microscopy modality used to acquire this image? none of the above']",ad12266f-c4b2-4461-bbf3-469ae8423779,light microscopy,1,"{'pred': [1], 'probs': [[8.416813216172159e-06, 0.9999767541885376, 2.2602382614422822e-06, 1.2492992937040981e-05]], 'pred_prompt': ['What is the most likely microscopy modality used to acquire this image? light microscopy']}",2.0,,,,,
modality,"['What is the most likely microscopy modality used to acquire this image? fluorescence microscopy', 'What is the most likely microscopy modality used to acquire this image? light microscopy', 'What is the most likely microscopy modality used to acquire this image? electron microscopy', 'What is the most likely microscopy modality used to acquire this image? none of the above']",42420e5d-ae1d-4c52-91d5-ad73344ff82e,light microscopy,1,"{'pred': [1], 'probs': [[5.529472673515556e-06, 0.9999896287918091, 2.412620233371854e-06, 2.396138370386325e-06]], 'pred_prompt': ['What is the most likely microscopy modality used to acquire this image? light microscopy']}",2.0,,,,,
domain,"['What is the most likely field of study this micrograph would be used for? biology', 'What is the most likely field of study this micrograph would be used for? dermatology', 'What is the most likely field of study this micrograph would be used for? ophthalmology', 'What is the most likely field of study this micrograph would be used for? pathology', 'What is the most likely field of study this micrograph would be used for? cytology', 'What is the most likely field of study this micrograph would be used for? none of the above']",aba9f33b-4b87-4c74-9629-fb713e635ab4,pathology,3,"{'pred': [3], 'probs': [[8.304555194627028e-07, 6.261293261644596e-09, 6.731958102079716e-09, 0.9999988079071045, 5.80794257132311e-08, 2.8070363100596296e-07]], 'pred_prompt': ['What is the most likely field of study this micrograph would be used for? pathology']}",2.0,,,,,
domain,"['What is the most likely field of study this micrograph would be used for? dermatology', 'What is the most likely field of study this micrograph would be used for? biology', 'What is the most likely field of study this micrograph would be used for? radiology', 'What is the most likely field of study this micrograph would be used for? cytology', 'What is the most likely field of study this micrograph would be used for? pathology', 'What is the most likely field of study this micrograph would be used for? none of the above']",c25ddada-9dac-45c6-802c-9fd4a8cfa75a,pathology,4,"{'pred': [4], 'probs': [[1.345928368756688e-09, 1.5873355962980895e-08, 3.758210131987738e-10, 8.347234903283152e-09, 1.0, 1.3818103994367448e-08]], 'pred_prompt': ['What is the most likely field of study this micrograph would be used for? pathology']}",2.0,,,,,
stain,"['What is the most likely technique used to stain this micrograph? IHC(HDab)', 'What is the most likely technique used to stain this micrograph? H&E', 'What is the most likely technique used to stain this micrograph? IHC(Red)', 'What is the most likely technique used to stain this micrograph? Ziehl-Neelsen', 'What is the most likely technique used to stain this micrograph? Gram', 'What is the most likely technique used to stain this micrograph? none of the above']",3c8c3c50-be38-499a-b8f3-b160f539d52a,IHC(HDab),0,"{'pred': [0], 'probs': [[0.9997833371162415, 1.7895727921768412e-07, 0.00013171412865631282, 1.81045118097245e-06, 7.128493598429486e-05, 1.1754642400774173e-05]], 'pred_prompt': ['What is the most likely technique used to stain this micrograph? IHC(HDab)']}",2.0,,,,,
stain,"['What is the most likely technique used to stain this micrograph? IHC(Red)', 'What is the most likely technique used to stain this micrograph? Masson Trichrome', 'What is the most likely technique used to stain this micrograph? IHC(HDab)', 'What is the most likely technique used to stain this micrograph? Papanicolaou', 'What is the most likely technique used to stain this micrograph? Gram', 'What is the most likely technique used to stain this micrograph? none of the above']",f1e4495d-7533-4bf6-ac3d-8d0441dad262,IHC(Red),0,"{'pred': [0], 'probs': [[0.9803363680839539, 1.9823298202936712e-07, 0.019201358780264854, 4.582112524076365e-06, 0.0004439556796569377, 1.3565103472501505e-05]], 'pred_prompt': ['What is the most likely technique used to stain this micrograph? IHC(Red)']}",2.0,,,,,
submodality,"['What is the most likely microscopy submodality used to acquire this image? brightfield microscopy', 'What is the most likely microscopy submodality used to acquire this image? differential interference contrast microscopy', 'What is the most likely microscopy submodality used to acquire this image? mixed', 'What is the most likely microscopy submodality used to acquire this image? polarized light microscopy', 'What is the most likely microscopy submodality used to acquire this image? phase contrast microscopy', 'What is the most likely microscopy submodality used to acquire this image? none of the above']",8474f401-52c8-4ff5-999d-10bc9ece8522,brightfield microscopy,0,"{'pred': [0], 'probs': [[0.9999896287918091, 1.5436484090969316e-06, 6.474211389217999e-09, 7.1774443313188385e-06, 1.6297149159072433e-06, 3.1427541125061964e-10]], 'pred_prompt': ['What is the most likely microscopy submodality used to acquire this image? brightfield microscopy']}",2.0,,,,,
stain,"['What is the most likely technique used to stain this micrograph? PAS', 'What is the most likely technique used to stain this micrograph? Ziehl-Neelsen', 'What is the most likely technique used to stain this micrograph? IHC(HDab)', 'What is the most likely technique used to stain this micrograph? Giemsa', 'What is the most likely technique used to stain this micrograph? Alcian Blue', 'What is the most likely technique used to stain this micrograph? none of the above']",5f9d5a2c-3f7a-4bab-9dc2-02cb8cf3c88d,IHC(HDab),2,"{'pred': [2], 'probs': [[1.6437743397546e-05, 1.4123693290457595e-06, 0.9996716976165771, 0.00029840186471119523, 9.092374966712669e-06, 2.9571194772870513e-06]], 'pred_prompt': ['What is the most likely technique used to stain this micrograph? IHC(HDab)']}",2.0,,,,,
submodality,"['What is the most likely microscopy submodality used to acquire this image? darkfield microscopy', 'What is the most likely microscopy submodality used to acquire this image? brightfield microscopy', 'What is the most likely microscopy submodality used to acquire this image? differential interference contrast microscopy', 'What is the most likely microscopy submodality used to acquire this image? mixed', 'What is the most likely microscopy submodality used to acquire this image? phase contrast microscopy', 'What is the most likely microscopy submodality used to acquire this image? none of the above']",b544532b-c3ba-43a2-ad59-142d96a3465d,brightfield microscopy,1,"{'pred': [1], 'probs': [[2.7638548090180848e-06, 0.9999896287918091, 7.233361429825891e-07, 7.3753581020241654e-09, 6.855757874291157e-06, 3.8080019693076395e-10]], 'pred_prompt': ['What is the most likely microscopy submodality used to acquire this image? brightfield microscopy']}",2.0,,,,,
submodality,"['What is the most likely microscopy submodality used to acquire this image? differential interference contrast microscopy', 'What is the most likely microscopy submodality used to acquire this image? polarized light microscopy', 'What is the most likely microscopy submodality used to acquire this image? brightfield microscopy', 'What is the most likely microscopy submodality used to acquire this image? synthetic', 'What is the most likely microscopy submodality used to acquire this image? darkfield microscopy', 'What is the most likely microscopy submodality used to acquire this image? none of the above']",e1ffa36c-a68a-4aa3-aea4-1fb3b06eaa17,brightfield microscopy,2,"{'pred': [2], 'probs': [[4.5608967980115267e-07, 7.81585143272423e-08, 0.9999980926513672, 2.199527365798204e-11, 1.3024346117163077e-06, 1.6675906489016512e-10]], 'pred_prompt': ['What is the most likely microscopy submodality used to acquire this image? brightfield microscopy']}",2.0,,,,,
modality,"['What is the most likely microscopy modality used to acquire this image? electron microscopy', 'What is the most likely microscopy modality used to acquire this image? light microscopy', 'What is the most likely microscopy modality used to acquire this image? fluorescence microscopy', 'What is the most likely microscopy modality used to acquire this image? none of the above']",25256ca5-d89f-4437-87e9-1a58b80dec82,light microscopy,1,"{'pred': [1], 'probs': [[3.7936679291306064e-05, 0.9999619722366333, 3.362986689126046e-08, 3.110200808009722e-08]], 'pred_prompt': ['What is the most likely microscopy modality used to acquire this image? light microscopy']}",2.0,,,,,
stain,"['What is the most likely technique used to stain this micrograph? IHC(HDab)', 'What is the most likely technique used to stain this micrograph? PAS', 'What is the most likely technique used to stain this micrograph? Wright-Giemsa', 'What is the most likely technique used to stain this micrograph? Masson Trichrome', 'What is the most likely technique used to stain this micrograph? Congo Red', 'What is the most likely technique used to stain this micrograph? none of the above']",855bf027-2a7d-41ef-9fad-a8af6b37845a,IHC(HDab),0,"{'pred': [0], 'probs': [[0.9999954700469971, 9.83747554528236e-07, 2.3268464488523932e-08, 1.0119985960344025e-09, 9.499066209173179e-07, 2.5606373128539417e-06]], 'pred_prompt': ['What is the most likely technique used to stain this micrograph? IHC(HDab)']}",2.0,,,,,
stain,"['What is the most likely technique used to stain this micrograph? PAS', 'What is the most likely technique used to stain this micrograph? Gram', 'What is the most likely technique used to stain this micrograph? Ziehl-Neelsen', 'What is the most likely technique used to stain this micrograph? IHC(Red)', 'What is the most likely technique used to stain this micrograph? Masson Trichrome', 'What is the most likely technique used to stain this micrograph? none of the above']",03d07668-ec22-4ce4-8eb7-e2d92dbcf1f6,IHC(Red),3,"{'pred': [3], 'probs': [[3.801966840910609e-06, 6.500151357613504e-05, 4.262963955170562e-07, 0.9999293088912964, 6.360034721097918e-09, 1.4387709370566881e-06]], 'pred_prompt': ['What is the most likely technique used to stain this micrograph? IHC(Red)']}",2.0,,,,,
stain,"['What is the most likely technique used to stain this micrograph? Alcian Blue', 'What is the most likely technique used to stain this micrograph? Masson Trichrome', 'What is the most likely technique used to stain this micrograph? Basic fuchsin', 'What is the most likely technique used to stain this micrograph? PAS', 'What is the most likely technique used to stain this micrograph? IHC(HDab)', 'What is the most likely technique used to stain this micrograph? none of the above']",7365d147-97e0-459e-95e2-3a8b43a2dbc9,IHC(HDab),4,"{'pred': [4], 'probs': [[4.288396482365897e-08, 1.5311577561405443e-09, 3.93896915085179e-09, 2.470104334406642e-07, 0.9999995231628418, 2.8075174896002864e-07]], 'pred_prompt': ['What is the most likely technique used to stain this micrograph? IHC(HDab)']}",2.0,,,,,
submodality,"['What is the most likely microscopy submodality used to acquire this image? darkfield microscopy', 'What is the most likely microscopy submodality used to acquire this image? brightfield microscopy', 'What is the most likely microscopy submodality used to acquire this image? mixed', 'What is the most likely microscopy submodality used to acquire this image? differential interference contrast microscopy', 'What is the most likely microscopy submodality used to acquire this image? phase contrast microscopy', 'What is the most likely microscopy submodality used to acquire this image? none of the above']",e0f58cde-bc03-4cc7-b166-132196a09c0b,brightfield microscopy,1,"{'pred': [1], 'probs': [[3.2944906706688926e-05, 0.9999303817749023, 2.239423366745541e-07, 4.5351373501034686e-07, 3.5991550248581916e-05, 1.682340844411101e-08]], 'pred_prompt': ['What is the most likely microscopy submodality used to acquire this image? brightfield microscopy']}",2.0,,,,,
stain,"['What is the most likely technique used to stain this micrograph? Toluidine Blue', 'What is the most likely technique used to stain this micrograph? Congo Red', 'What is the most likely technique used to stain this micrograph? H&E', 'What is the most likely technique used to stain this micrograph? Masson Trichrome', 'What is the most likely technique used to stain this micrograph? IHC(HDab)', 'What is the most likely technique used to stain this micrograph? none of the above']",de35dbd5-2245-4bec-8390-35519aa08d80,IHC(HDab),4,"{'pred': [4], 'probs': [[5.121347790293385e-10, 1.5300037148335832e-07, 2.587067271520027e-08, 3.075721621836891e-10, 0.9999998807907104, 6.2759943908474725e-09]], 'pred_prompt': ['What is the most likely technique used to stain this micrograph? IHC(HDab)']}",2.0,,,,,
domain,"['What is the most likely field of study this micrograph would be used for? dermatology', 'What is the most likely field of study this micrograph would be used for? pathology', 'What is the most likely field of study this micrograph would be used for? biology', 'What is the most likely field of study this micrograph would be used for? cytology', 'What is the most likely field of study this micrograph would be used for? radiology', 'What is the most likely field of study this micrograph would be used for? none of the above']",df0930f3-bb8d-48d3-bbe6-16b446a56b71,pathology,1,"{'pred': [1], 'probs': [[2.7899460519620334e-07, 0.9999982118606567, 1.5540862818852474e-07, 1.1592029522944358e-06, 9.43609723691452e-09, 1.0714143883205907e-07]], 'pred_prompt': ['What is the most likely field of study this micrograph would be used for? pathology']}",2.0,,,,,
submodality,"['What is the most likely microscopy submodality used to acquire this image? phase contrast microscopy', 'What is the most likely microscopy submodality used to acquire this image? polarized light microscopy', 'What is the most likely microscopy submodality used to acquire this image? synthetic', 'What is the most likely microscopy submodality used to acquire this image? differential interference contrast microscopy', 'What is the most likely microscopy submodality used to acquire this image? brightfield microscopy', 'What is the most likely microscopy submodality used to acquire this image? none of the above']",1bec6f9f-b455-48d0-9c14-4a5f6d4c5ef0,brightfield microscopy,4,"{'pred': [4], 'probs': [[5.865313141839579e-06, 2.570893229858484e-06, 3.744485610468473e-08, 1.8105706089954765e-07, 0.9999910593032837, 3.307386293727177e-07]], 'pred_prompt': ['What is the most likely microscopy submodality used to acquire this image? brightfield microscopy']}",2.0,,,,,
domain,"['What is the most likely field of study this micrograph would be used for? ophthalmology', 'What is the most likely field of study this micrograph would be used for? cytology', 'What is the most likely field of study this micrograph would be used for? radiology', 'What is the most likely field of study this micrograph would be used for? pathology', 'What is the most likely field of study this micrograph would be used for? biology', 'What is the most likely field of study this micrograph would be used for? none of the above']",1175f5fd-b661-4fe4-8ea5-8ad1ba40a480,pathology,3,"{'pred': [3], 'probs': [[1.1129439037027566e-10, 4.259514074789195e-09, 1.7421054876454178e-10, 1.0, 4.4539052446168625e-09, 5.988516793564713e-09]], 'pred_prompt': ['What is the most likely field of study this micrograph would be used for? pathology']}",2.0,,,,,
stain,"['What is the most likely technique used to stain this micrograph? Congo Red', 'What is the most likely technique used to stain this micrograph? IHC(HDab)', 'What is the most likely technique used to stain this micrograph? Giemsa', 'What is the most likely technique used to stain this micrograph? Toluidine Blue', 'What is the most likely technique used to stain this micrograph? Papanicolaou', 'What is the most likely technique used to stain this micrograph? none of the above']",4757b6fb-06d5-4cc6-8eb6-35d2f6c772e0,IHC(HDab),1,"{'pred': [1], 'probs': [[2.2646624984190566e-06, 0.99996018409729, 1.2166691703896504e-05, 1.8458921502428893e-08, 4.672070190281374e-06, 2.0682309695985168e-05]], 'pred_prompt': ['What is the most likely technique used to stain this micrograph? IHC(HDab)']}",2.0,,,,,
stain,"['What is the most likely technique used to stain this micrograph? IHC(HDab)', 'What is the most likely technique used to stain this micrograph? H&E', 'What is the most likely technique used to stain this micrograph? Congo Red', 'What is the most likely technique used to stain this micrograph? Toluidine Blue', 'What is the most likely technique used to stain this micrograph? synthetic', 'What is the most likely technique used to stain this micrograph? none of the above']",6ea8fd45-076e-49e7-8083-613c87019f00,IHC(HDab),0,"{'pred': [0], 'probs': [[0.9999942779541016, 6.474170533010692e-08, 3.0031153528398136e-06, 1.8976516358293338e-08, 1.7540794372550295e-09, 2.6785562567965826e-06]], 'pred_prompt': ['What is the most likely technique used to stain this micrograph? IHC(HDab)']}",2.0,,,,,
submodality,"['What is the most likely microscopy submodality used to acquire this image? phase contrast microscopy', 'What is the most likely microscopy submodality used to acquire this image? darkfield microscopy', 'What is the most likely microscopy submodality used to acquire this image? brightfield microscopy', 'What is the most likely microscopy submodality used to acquire this image? synthetic', 'What is the most likely microscopy submodality used to acquire this image? differential interference contrast microscopy', 'What is the most likely microscopy submodality used to acquire this image? none of the above']",94f09357-2ad2-49fe-9eaa-09f7d4bcede6,brightfield microscopy,2,"{'pred': [2], 'probs': [[0.00018923537572845817, 8.426095519098453e-06, 0.9982775449752808, 1.0476438205841987e-07, 0.0015240657376125455, 6.819545319558529e-07]], 'pred_prompt': ['What is the most likely microscopy submodality used to acquire this image? brightfield microscopy']}",2.0,,,,,
modality,"['What is the most likely microscopy modality used to acquire this image? light microscopy', 'What is the most likely microscopy modality used to acquire this image? fluorescence microscopy', 'What is the most likely microscopy modality used to acquire this image? electron microscopy', 'What is the most likely microscopy modality used to acquire this image? none of the above']",885f8ef4-6de1-4ebc-a3c2-ccec04bd41dc,light microscopy,0,"{'pred': [0], 'probs': [[0.9999977350234985, 1.4594725143979304e-06, 6.725579169142293e-07, 4.756529392579978e-08]], 'pred_prompt': ['What is the most likely microscopy modality used to acquire this image? light microscopy']}",2.0,,,,,
submodality,"['What is the most likely microscopy submodality used to acquire this image? mixed', 'What is the most likely microscopy submodality used to acquire this image? differential interference contrast microscopy', 'What is the most likely microscopy submodality used to acquire this image? synthetic', 'What is the most likely microscopy submodality used to acquire this image? brightfield microscopy', 'What is the most likely microscopy submodality used to acquire this image? phase contrast microscopy', 'What is the most likely microscopy submodality used to acquire this image? none of the above']",7490a797-d702-45e0-90df-5a76d1caf117,brightfield microscopy,3,"{'pred': [3], 'probs': [[5.077777842643627e-08, 1.5636659611573123e-07, 1.8693850911688514e-09, 0.9999960660934448, 3.7849492855457356e-06, 4.2314716175440026e-09]], 'pred_prompt': ['What is the most likely microscopy submodality used to acquire this image? brightfield microscopy']}",2.0,,,,,
submodality,"['What is the most likely microscopy submodality used to acquire this image? polarized light microscopy', 'What is the most likely microscopy submodality used to acquire this image? darkfield microscopy', 'What is the most likely microscopy submodality used to acquire this image? brightfield microscopy', 'What is the most likely microscopy submodality used to acquire this image? synthetic', 'What is the most likely microscopy submodality used to acquire this image? differential interference contrast microscopy', 'What is the most likely microscopy submodality used to acquire this image? none of the above']",d5aa29a2-2a58-414e-b5f0-3e27d9780fe4,brightfield microscopy,2,"{'pred': [2], 'probs': [[2.9212872121320288e-08, 1.8665328980205231e-06, 0.9999973773956299, 1.012427554986095e-12, 6.405189765246178e-07, 3.98244701105277e-11]], 'pred_prompt': ['What is the most likely microscopy submodality used to acquire this image? brightfield microscopy']}",2.0,,,,,
modality,"['What is the most likely microscopy modality used to acquire this image? electron microscopy', 'What is the most likely microscopy modality used to acquire this image? fluorescence microscopy', 'What is the most likely microscopy modality used to acquire this image? light microscopy', 'What is the most likely microscopy modality used to acquire this image? none of the above']",cd93d1f3-c78e-4e9b-8f96-d4006d63968e,light microscopy,2,"{'pred': [2], 'probs': [[1.2888482388007105e-06, 1.7603913704533625e-07, 0.9999984502792358, 1.7736137891688486e-08]], 'pred_prompt': ['What is the most likely microscopy modality used to acquire this image? light microscopy']}",2.0,,,,,
modality,"['What is the most likely microscopy modality used to acquire this image? electron microscopy', 'What is the most likely microscopy modality used to acquire this image? light microscopy', 'What is the most likely microscopy modality used to acquire this image? fluorescence microscopy', 'What is the most likely microscopy modality used to acquire this image? none of the above']",9911fe12-63d3-4710-b679-91c5cfe08cf2,light microscopy,1,"{'pred': [1], 'probs': [[3.2066102448879974e-06, 0.9996424913406372, 0.00017787612159736454, 0.00017634818505030125]], 'pred_prompt': ['What is the most likely microscopy modality used to acquire this image? light microscopy']}",2.0,,,,,
stain,"['What is the most likely technique used to stain this micrograph? Wright-Giemsa', 'What is the most likely technique used to stain this micrograph? H&E', 'What is the most likely technique used to stain this micrograph? IHC(HDab)', 'What is the most likely technique used to stain this micrograph? synthetic', 'What is the most likely technique used to stain this micrograph? None', 'What is the most likely technique used to stain this micrograph? none of the above']",9bce9bb1-ec87-42a8-95a7-06827f042735,IHC(HDab),2,"{'pred': [2], 'probs': [[3.2983198394731517e-08, 2.0031372116591228e-07, 0.9999434947967529, 5.820459225702734e-09, 1.766581044648774e-05, 3.8712547393515706e-05]], 'pred_prompt': ['What is the most likely technique used to stain this micrograph? IHC(HDab)']}",2.0,,,,,
submodality,"['What is the most likely microscopy submodality used to acquire this image? brightfield microscopy', 'What is the most likely microscopy submodality used to acquire this image? differential interference contrast microscopy', 'What is the most likely microscopy submodality used to acquire this image? polarized light microscopy', 'What is the most likely microscopy submodality used to acquire this image? synthetic', 'What is the most likely microscopy submodality used to acquire this image? darkfield microscopy', 'What is the most likely microscopy submodality used to acquire this image? none of the above']",1f70312c-b013-4809-9777-6c9434cf8751,brightfield microscopy,0,"{'pred': [0], 'probs': [[0.9999984502792358, 5.624043808438728e-08, 8.963553455032525e-08, 4.737131867327271e-11, 1.489966052758973e-06, 7.13562875453988e-10]], 'pred_prompt': ['What is the most likely microscopy submodality used to acquire this image? brightfield microscopy']}",2.0,,,,,
submodality,"['What is the most likely microscopy submodality used to acquire this image? synthetic', 'What is the most likely microscopy submodality used to acquire this image? phase contrast microscopy', 'What is the most likely microscopy submodality used to acquire this image? differential interference contrast microscopy', 'What is the most likely microscopy submodality used to acquire this image? brightfield microscopy', 'What is the most likely microscopy submodality used to acquire this image? polarized light microscopy', 'What is the most likely microscopy submodality used to acquire this image? none of the above']",bbec9d92-76b6-4dd4-a891-86f52cf86f93,brightfield microscopy,3,"{'pred': [3], 'probs': [[1.5505756401079651e-12, 5.841904112457996e-06, 4.4141833654975926e-07, 0.9999936819076538, 1.8760930586836366e-08, 8.943154376772622e-12]], 'pred_prompt': ['What is the most likely microscopy submodality used to acquire this image? brightfield microscopy']}",2.0,,,,,
domain,"['What is the most likely field of study this micrograph would be used for? radiology', 'What is the most likely field of study this micrograph would be used for? biology', 'What is the most likely field of study this micrograph would be used for? pathology', 'What is the most likely field of study this micrograph would be used for? dermatology', 'What is the most likely field of study this micrograph would be used for? ophthalmology', 'What is the most likely field of study this micrograph would be used for? none of the above']",c35eec89-5d47-4158-8b50-428743b4fc0c,pathology,2,"{'pred': [2], 'probs': [[3.7217888770868512e-09, 2.1655209181403734e-08, 1.0, 3.734930142940129e-09, 2.9946040092099224e-10, 8.436178866588762e-09]], 'pred_prompt': ['What is the most likely field of study this micrograph would be used for? pathology']}",2.0,,,,,
stain,"['What is the most likely technique used to stain this micrograph? Gram', 'What is the most likely technique used to stain this micrograph? Masson Trichrome', 'What is the most likely technique used to stain this micrograph? IHC(HDab)', 'What is the most likely technique used to stain this micrograph? Ziehl-Neelsen', 'What is the most likely technique used to stain this micrograph? Papanicolaou', 'What is the most likely technique used to stain this micrograph? none of the above']",a88cc043-2be7-4a2e-aed6-8667868f7ae8,IHC(HDab),2,"{'pred': [2], 'probs': [[1.6742058051022468e-07, 9.091303709851672e-09, 0.9999997615814209, 7.921106548458567e-10, 2.6685986753705038e-08, 5.2626361046748116e-09]], 'pred_prompt': ['What is the most likely technique used to stain this micrograph? IHC(HDab)']}",2.0,,,,,
modality,"['What is the most likely microscopy modality used to acquire this image? fluorescence microscopy', 'What is the most likely microscopy modality used to acquire this image? light microscopy', 'What is the most likely microscopy modality used to acquire this image? electron microscopy', 'What is the most likely microscopy modality used to acquire this image? none of the above']",3aff1dbe-cf10-490e-9e12-800fa72fd75e,light microscopy,1,"{'pred': [1], 'probs': [[1.5207834280772659e-07, 0.9999996423721313, 2.1502597746803076e-07, 2.5684963489425172e-08]], 'pred_prompt': ['What is the most likely microscopy modality used to acquire this image? light microscopy']}",2.0,,,,,
domain,"['What is the most likely field of study this micrograph would be used for? pathology', 'What is the most likely field of study this micrograph would be used for? radiology', 'What is the most likely field of study this micrograph would be used for? dermatology', 'What is the most likely field of study this micrograph would be used for? ophthalmology', 'What is the most likely field of study this micrograph would be used for? cytology', 'What is the most likely field of study this micrograph would be used for? none of the above']",ea56d0ab-c3dc-4bc5-8a65-94fdb0697e86,pathology,0,"{'pred': [0], 'probs': [[0.9999997615814209, 4.9714408589807135e-08, 1.976506958101254e-08, 1.2058064768893928e-08, 1.4350118426875724e-08, 1.2667589999182383e-07]], 'pred_prompt': ['What is the most likely field of study this micrograph would be used for? pathology']}",2.0,,,,,
submodality,"['What is the most likely microscopy submodality used to acquire this image? brightfield microscopy', 'What is the most likely microscopy submodality used to acquire this image? phase contrast microscopy', 'What is the most likely microscopy submodality used to acquire this image? mixed', 'What is the most likely microscopy submodality used to acquire this image? polarized light microscopy', 'What is the most likely microscopy submodality used to acquire this image? synthetic', 'What is the most likely microscopy submodality used to acquire this image? none of the above']",be65b214-1606-48d9-b4e6-541986e9543a,brightfield microscopy,0,"{'pred': [0], 'probs': [[0.9999990463256836, 9.160426088783424e-07, 4.433855060881342e-09, 5.5782876096088785e-09, 7.504226129384506e-10, 8.588061928271884e-10]], 'pred_prompt': ['What is the most likely microscopy submodality used to acquire this image? brightfield microscopy']}",2.0,,,,,
stain,"['What is the most likely technique used to stain this micrograph? Basic fuchsin', 'What is the most likely technique used to stain this micrograph? Gram', 'What is the most likely technique used to stain this micrograph? Congo Red', 'What is the most likely technique used to stain this micrograph? Toluidine Blue', 'What is the most likely technique used to stain this micrograph? IHC(HDab)', 'What is the most likely technique used to stain this micrograph? none of the above']",c703ceba-5e81-4fbb-8b98-ff25fafe0528,IHC(HDab),4,"{'pred': [4], 'probs': [[5.716572215597182e-10, 1.2288321158848703e-05, 3.3300034374406096e-07, 1.401406657386417e-09, 0.9999872446060181, 6.856924983367207e-08]], 'pred_prompt': ['What is the most likely technique used to stain this micrograph? IHC(HDab)']}",2.0,,,,,
stain,"['What is the most likely technique used to stain this micrograph? IHC(HDab)', 'What is the most likely technique used to stain this micrograph? None', 'What is the most likely technique used to stain this micrograph? Gram', 'What is the most likely technique used to stain this micrograph? Alcian Blue', 'What is the most likely technique used to stain this micrograph? Basic fuchsin', 'What is the most likely technique used to stain this micrograph? none of the above']",10e0fb35-538b-44ff-be79-ae140e155e2c,IHC(HDab),0,"{'pred': [0], 'probs': [[0.9999994039535522, 6.172684141603213e-09, 5.734637511523033e-07, 1.6260251811672788e-08, 6.389281881347131e-10, 2.429169576600998e-08]], 'pred_prompt': ['What is the most likely technique used to stain this micrograph? IHC(HDab)']}",2.0,,,,,
stain,"['What is the most likely technique used to stain this micrograph? Congo Red', 'What is the most likely technique used to stain this micrograph? Giemsa', 'What is the most likely technique used to stain this micrograph? IHC(HDab)', 'What is the most likely technique used to stain this micrograph? PAS', 'What is the most likely technique used to stain this micrograph? IHC(Red)', 'What is the most likely technique used to stain this micrograph? none of the above']",8777d916-2109-4d12-95ad-febc9319a33b,IHC(HDab),2,"{'pred': [2], 'probs': [[2.4959351208053704e-07, 6.1407677094393875e-06, 0.9999674558639526, 3.352946578161209e-06, 2.1128918888280168e-05, 1.7667439351498615e-06]], 'pred_prompt': ['What is the most likely technique used to stain this micrograph? IHC(HDab)']}",2.0,,,,,
stain,"['What is the most likely technique used to stain this micrograph? Toluidine Blue', 'What is the most likely technique used to stain this micrograph? Giemsa', 'What is the most likely technique used to stain this micrograph? Congo Red', 'What is the most likely technique used to stain this micrograph? Masson Trichrome', 'What is the most likely technique used to stain this micrograph? IHC(HDab)', 'What is the most likely technique used to stain this micrograph? none of the above']",4983d1a3-e671-4ba4-9c04-560f18a86e5d,IHC(HDab),4,"{'pred': [4], 'probs': [[1.2796096598322038e-05, 6.152356945676729e-05, 0.0007327418425120413, 8.795186090537754e-07, 0.9988338351249695, 0.0003582703648135066]], 'pred_prompt': ['What is the most likely technique used to stain this micrograph? IHC(HDab)']}",2.0,,,,,
stain,"['What is the most likely technique used to stain this micrograph? Papanicolaou', 'What is the most likely technique used to stain this micrograph? synthetic', 'What is the most likely technique used to stain this micrograph? IHC(Red)', 'What is the most likely technique used to stain this micrograph? Wright-Giemsa', 'What is the most likely technique used to stain this micrograph? H&E', 'What is the most likely technique used to stain this micrograph? none of the above']",0464e256-43fe-4ef7-9504-9a3f70e8e80c,IHC(Red),2,"{'pred': [2], 'probs': [[1.0235795144808435e-07, 3.8844802374704557e-10, 0.9999996423721313, 9.82495640400316e-10, 1.4494457900582347e-07, 1.539364546943034e-07]], 'pred_prompt': ['What is the most likely technique used to stain this micrograph? IHC(Red)']}",2.0,,,,,
stain,"['What is the most likely technique used to stain this micrograph? IHC(Red)', 'What is the most likely technique used to stain this micrograph? Papanicolaou', 'What is the most likely technique used to stain this micrograph? IHC(HDab)', 'What is the most likely technique used to stain this micrograph? PAS', 'What is the most likely technique used to stain this micrograph? Gram', 'What is the most likely technique used to stain this micrograph? none of the above']",f3e9f249-15b9-41f3-b0f8-3d463dc8212b,IHC(HDab),2,"{'pred': [2], 'probs': [[0.001323264790698886, 1.1122181149403332e-06, 0.9986370205879211, 4.218020876578521e-06, 3.351419945829548e-05, 8.230551316046331e-07]], 'pred_prompt': ['What is the most likely technique used to stain this micrograph? IHC(HDab)']}",2.0,,,,,
submodality,"['What is the most likely microscopy submodality used to acquire this image? synthetic', 'What is the most likely microscopy submodality used to acquire this image? mixed', 'What is the most likely microscopy submodality used to acquire this image? polarized light microscopy', 'What is the most likely microscopy submodality used to acquire this image? differential interference contrast microscopy', 'What is the most likely microscopy submodality used to acquire this image? brightfield microscopy', 'What is the most likely microscopy submodality used to acquire this image? none of the above']",aa28878f-4602-4417-a41e-c3ad4c2a7a39,brightfield microscopy,4,"{'pred': [4], 'probs': [[1.0949725570696955e-09, 5.339990707398101e-07, 1.7563642131790402e-06, 1.9021194930246565e-07, 0.9999974966049194, 1.817251948921239e-08]], 'pred_prompt': ['What is the most likely microscopy submodality used to acquire this image? brightfield microscopy']}",2.0,,,,,
modality,"['What is the most likely microscopy modality used to acquire this image? electron microscopy', 'What is the most likely microscopy modality used to acquire this image? light microscopy', 'What is the most likely microscopy modality used to acquire this image? fluorescence microscopy', 'What is the most likely microscopy modality used to acquire this image? none of the above']",581c42b2-fe77-4d2e-a31a-f7b8f7d2a9cf,light microscopy,1,"{'pred': [1], 'probs': [[2.2995538529357873e-05, 0.9999768733978271, 9.084668306513777e-08, 5.7216457349795746e-08]], 'pred_prompt': ['What is the most likely microscopy modality used to acquire this image? light microscopy']}",2.0,,,,,
submodality,"['What is the most likely microscopy submodality used to acquire this image? darkfield microscopy', 'What is the most likely microscopy submodality used to acquire this image? phase contrast microscopy', 'What is the most likely microscopy submodality used to acquire this image? brightfield microscopy', 'What is the most likely microscopy submodality used to acquire this image? synthetic', 'What is the most likely microscopy submodality used to acquire this image? mixed', 'What is the most likely microscopy submodality used to acquire this image? none of the above']",d4c08a2c-a972-44bb-9829-bb7549788bda,brightfield microscopy,2,"{'pred': [2], 'probs': [[1.1980458793914295e-06, 4.114806415600469e-06, 0.9999945163726807, 1.8937126866624965e-10, 1.3365031747980538e-07, 7.396892431899005e-09]], 'pred_prompt': ['What is the most likely microscopy submodality used to acquire this image? brightfield microscopy']}",2.0,,,,,
submodality,"['What is the most likely microscopy submodality used to acquire this image? differential interference contrast microscopy', 'What is the most likely microscopy submodality used to acquire this image? brightfield microscopy', 'What is the most likely microscopy submodality used to acquire this image? darkfield microscopy', 'What is the most likely microscopy submodality used to acquire this image? phase contrast microscopy', 'What is the most likely microscopy submodality used to acquire this image? mixed', 'What is the most likely microscopy submodality used to acquire this image? none of the above']",9cdb7dd9-5e7d-4906-96ac-9e6077608ae6,brightfield microscopy,1,"{'pred': [1], 'probs': [[2.462044221829274e-07, 0.9999927282333374, 4.974237072019605e-06, 2.0570062133629108e-06, 4.860478242108002e-08, 4.170688683302615e-09]], 'pred_prompt': ['What is the most likely microscopy submodality used to acquire this image? brightfield microscopy']}",2.0,,,,,
modality,"['What is the most likely microscopy modality used to acquire this image? fluorescence microscopy', 'What is the most likely microscopy modality used to acquire this image? light microscopy', 'What is the most likely microscopy modality used to acquire this image? electron microscopy', 'What is the most likely microscopy modality used to acquire this image? none of the above']",9e110ee0-2a04-456f-9842-51a365095f26,light microscopy,1,"{'pred': [1], 'probs': [[1.8392937590760994e-06, 0.9998218417167664, 0.0001759772712830454, 3.9303554899561277e-07]], 'pred_prompt': ['What is the most likely microscopy modality used to acquire this image? light microscopy']}",2.0,,,,,
stain,"['What is the most likely technique used to stain this micrograph? Giemsa', 'What is the most likely technique used to stain this micrograph? IHC(HDab)', 'What is the most likely technique used to stain this micrograph? None', 'What is the most likely technique used to stain this micrograph? Masson Trichrome', 'What is the most likely technique used to stain this micrograph? PAS', 'What is the most likely technique used to stain this micrograph? none of the above']",4bcbff13-d83a-4233-9ad3-418b25535cbc,IHC(HDab),1,"{'pred': [1], 'probs': [[8.790604624664411e-06, 0.9999842643737793, 6.662912142019195e-07, 2.112640951068556e-09, 3.643407808340271e-06, 2.590535132185323e-06]], 'pred_prompt': ['What is the most likely technique used to stain this micrograph? IHC(HDab)']}",2.0,,,,,
submodality,"['What is the most likely microscopy submodality used to acquire this image? phase contrast microscopy', 'What is the most likely microscopy submodality used to acquire this image? mixed', 'What is the most likely microscopy submodality used to acquire this image? brightfield microscopy', 'What is the most likely microscopy submodality used to acquire this image? differential interference contrast microscopy', 'What is the most likely microscopy submodality used to acquire this image? polarized light microscopy', 'What is the most likely microscopy submodality used to acquire this image? none of the above']",2ff89a38-7950-4180-aebe-e0618954b44b,brightfield microscopy,2,"{'pred': [2], 'probs': [[2.8211889002704993e-07, 4.163200912898901e-07, 0.9999991655349731, 6.067431712608595e-08, 3.991844366169062e-08, 2.1761644930506918e-08]], 'pred_prompt': ['What is the most likely microscopy submodality used to acquire this image? brightfield microscopy']}",2.0,,,,,
submodality,"['What is the most likely microscopy submodality used to acquire this image? phase contrast microscopy', 'What is the most likely microscopy submodality used to acquire this image? synthetic', 'What is the most likely microscopy submodality used to acquire this image? brightfield microscopy', 'What is the most likely microscopy submodality used to acquire this image? darkfield microscopy', 'What is the most likely microscopy submodality used to acquire this image? differential interference contrast microscopy', 'What is the most likely microscopy submodality used to acquire this image? none of the above']",6863f426-6f57-419e-8deb-90699b0fa8d8,brightfield microscopy,2,"{'pred': [2], 'probs': [[1.5281610103556886e-05, 7.62299667833588e-10, 0.999964714050293, 1.4866576748318039e-05, 5.142487225384684e-06, 4.418186705379412e-09]], 'pred_prompt': ['What is the most likely microscopy submodality used to acquire this image? brightfield microscopy']}",2.0,,,,,
domain,"['What is the most likely field of study this micrograph would be used for? biology', 'What is the most likely field of study this micrograph would be used for? cytology', 'What is the most likely field of study this micrograph would be used for? dermatology', 'What is the most likely field of study this micrograph would be used for? pathology', 'What is the most likely field of study this micrograph would be used for? ophthalmology', 'What is the most likely field of study this micrograph would be used for? none of the above']",41d5b5e1-0fbc-4270-b418-f8662aea9fb1,pathology,3,"{'pred': [3], 'probs': [[1.1698163149276297e-07, 9.17151012913564e-08, 1.3719439095893904e-07, 0.9999995231628418, 1.469619945737577e-07, 6.574666144842922e-08]], 'pred_prompt': ['What is the most likely field of study this micrograph would be used for? pathology']}",2.0,,,,,
modality,"['What is the most likely microscopy modality used to acquire this image? fluorescence microscopy', 'What is the most likely microscopy modality used to acquire this image? electron microscopy', 'What is the most likely microscopy modality used to acquire this image? light microscopy', 'What is the most likely microscopy modality used to acquire this image? none of the above']",51bba0f7-4d2f-4059-b5bf-06b5c6323c3e,light microscopy,2,"{'pred': [2], 'probs': [[2.4391197257500608e-06, 1.4582002222596202e-05, 0.9999758005142212, 7.274384188349359e-06]], 'pred_prompt': ['What is the most likely microscopy modality used to acquire this image? light microscopy']}",2.0,,,,,
stain,"['What is the most likely technique used to stain this micrograph? Giemsa', 'What is the most likely technique used to stain this micrograph? Alcian Blue', 'What is the most likely technique used to stain this micrograph? Congo Red', 'What is the most likely technique used to stain this micrograph? synthetic', 'What is the most likely technique used to stain this micrograph? IHC(Red)', 'What is the most likely technique used to stain this micrograph? none of the above']",3f02f3a1-0318-46e9-acbe-1e2887abe462,IHC(Red),4,"{'pred': [4], 'probs': [[0.00233404035679996, 0.008110771887004375, 0.0003020194999407977, 3.269399542205065e-07, 0.98920738697052, 4.5511409553000703e-05]], 'pred_prompt': ['What is the most likely technique used to stain this micrograph? IHC(Red)']}",2.0,,,,,
modality,"['What is the most likely microscopy modality used to acquire this image? light microscopy', 'What is the most likely microscopy modality used to acquire this image? fluorescence microscopy', 'What is the most likely microscopy modality used to acquire this image? electron microscopy', 'What is the most likely microscopy modality used to acquire this image? none of the above']",a7297d18-915f-404b-89dc-9bb793048459,light microscopy,0,"{'pred': [0], 'probs': [[0.9999737739562988, 4.792058803104737e-07, 2.5775223548407666e-05, 5.679387271584346e-08]], 'pred_prompt': ['What is the most likely microscopy modality used to acquire this image? light microscopy']}",2.0,,,,,
stain,"['What is the most likely technique used to stain this micrograph? Basic fuchsin', 'What is the most likely technique used to stain this micrograph? synthetic', 'What is the most likely technique used to stain this micrograph? IHC(Red)', 'What is the most likely technique used to stain this micrograph? IHC(HDab)', 'What is the most likely technique used to stain this micrograph? Alcian Blue', 'What is the most likely technique used to stain this micrograph? none of the above']",40606d9b-a914-4f07-a99f-3880857b05a4,IHC(HDab),3,"{'pred': [3], 'probs': [[4.5878667531695783e-10, 5.233615207878017e-10, 0.0029989294707775116, 0.9970002770423889, 4.945914255927164e-08, 7.168156344050658e-07]], 'pred_prompt': ['What is the most likely technique used to stain this micrograph? IHC(HDab)']}",2.0,,,,,
submodality,"['What is the most likely microscopy submodality used to acquire this image? synthetic', 'What is the most likely microscopy submodality used to acquire this image? polarized light microscopy', 'What is the most likely microscopy submodality used to acquire this image? brightfield microscopy', 'What is the most likely microscopy submodality used to acquire this image? darkfield microscopy', 'What is the most likely microscopy submodality used to acquire this image? phase contrast microscopy', 'What is the most likely microscopy submodality used to acquire this image? none of the above']",0ec90f33-9fe5-4ac7-80f6-67290a097373,brightfield microscopy,2,"{'pred': [2], 'probs': [[2.3715989241890334e-11, 9.883996199278045e-08, 0.9999969005584717, 2.018922032220871e-06, 9.522481150270323e-07, 1.3546078148074514e-10]], 'pred_prompt': ['What is the most likely microscopy submodality used to acquire this image? brightfield microscopy']}",2.0,,,,,
stain,"['What is the most likely technique used to stain this micrograph? Papanicolaou', 'What is the most likely technique used to stain this micrograph? Basic fuchsin', 'What is the most likely technique used to stain this micrograph? IHC(HDab)', 'What is the most likely technique used to stain this micrograph? Gram', 'What is the most likely technique used to stain this micrograph? Alcian Blue', 'What is the most likely technique used to stain this micrograph? none of the above']",413f7e76-a625-412d-bcc1-a084f3673d51,IHC(HDab),2,"{'pred': [2], 'probs': [[6.129752819106216e-06, 4.33455625170609e-07, 0.9997228980064392, 0.00024207704700529575, 4.73963382319198e-06, 2.3698803488514386e-05]], 'pred_prompt': ['What is the most likely technique used to stain this micrograph? IHC(HDab)']}",2.0,,,,,
modality,"['What is the most likely microscopy modality used to acquire this image? light microscopy', 'What is the most likely microscopy modality used to acquire this image? electron microscopy', 'What is the most likely microscopy modality used to acquire this image? fluorescence microscopy', 'What is the most likely microscopy modality used to acquire this image? none of the above']",692b1faf-415e-4292-b3c6-7e65807daec8,light microscopy,0,"{'pred': [0], 'probs': [[0.9999997615814209, 1.1105570685288058e-08, 7.286286063390435e-08, 1.1367669117134938e-07]], 'pred_prompt': ['What is the most likely microscopy modality used to acquire this image? light microscopy']}",2.0,,,,,
domain,"['What is the most likely field of study this micrograph would be used for? radiology', 'What is the most likely field of study this micrograph would be used for? biology', 'What is the most likely field of study this micrograph would be used for? ophthalmology', 'What is the most likely field of study this micrograph would be used for? dermatology', 'What is the most likely field of study this micrograph would be used for? pathology', 'What is the most likely field of study this micrograph would be used for? none of the above']",200ee7c0-ca27-471f-a0ef-853d42d31b97,pathology,4,"{'pred': [4], 'probs': [[2.408234722750535e-09, 4.356512306458171e-08, 1.3568313139700194e-09, 1.662681436975788e-09, 1.0, 7.0496186665991445e-09]], 'pred_prompt': ['What is the most likely field of study this micrograph would be used for? pathology']}",2.0,,,,,
domain,"['What is the most likely field of study this micrograph would be used for? pathology', 'What is the most likely field of study this micrograph would be used for? radiology', 'What is the most likely field of study this micrograph would be used for? ophthalmology', 'What is the most likely field of study this micrograph would be used for? dermatology', 'What is the most likely field of study this micrograph would be used for? cytology', 'What is the most likely field of study this micrograph would be used for? none of the above']",aec68aec-7f3f-456e-9ad2-04043deb0cd3,pathology,0,"{'pred': [0], 'probs': [[1.0, 1.504921520734115e-08, 5.249357215575401e-08, 1.1438973324118251e-08, 6.214186498709751e-09, 2.123283593391534e-08]], 'pred_prompt': ['What is the most likely field of study this micrograph would be used for? pathology']}",2.0,,,,,
domain,"['What is the most likely field of study this micrograph would be used for? dermatology', 'What is the most likely field of study this micrograph would be used for? cytology', 'What is the most likely field of study this micrograph would be used for? pathology', 'What is the most likely field of study this micrograph would be used for? radiology', 'What is the most likely field of study this micrograph would be used for? biology', 'What is the most likely field of study this micrograph would be used for? none of the above']",a6aef8dd-080d-4bab-ad64-46c3fba84d5e,pathology,2,"{'pred': [2], 'probs': [[3.4511773439049875e-09, 6.088169968165857e-10, 1.0, 1.078072839333366e-10, 4.6960675348373115e-09, 2.4049160440853257e-09]], 'pred_prompt': ['What is the most likely field of study this micrograph would be used for? pathology']}",2.0,,,,,
stain,"['What is the most likely technique used to stain this micrograph? IHC(HDab)', 'What is the most likely technique used to stain this micrograph? IHC(Red)', 'What is the most likely technique used to stain this micrograph? Masson Trichrome', 'What is the most likely technique used to stain this micrograph? synthetic', 'What is the most likely technique used to stain this micrograph? H&E', 'What is the most likely technique used to stain this micrograph? none of the above']",2cf6fbf7-374a-41e8-b227-c0d764a81820,IHC(Red),1,"{'pred': [1], 'probs': [[0.003303608624264598, 0.9966963529586792, 3.788794167292053e-09, 1.1082857548361247e-10, 3.1592741756014675e-09, 2.8674710605969267e-08]], 'pred_prompt': ['What is the most likely technique used to stain this micrograph? IHC(Red)']}",2.0,,,,,
modality,"['What is the most likely microscopy modality used to acquire this image? light microscopy', 'What is the most likely microscopy modality used to acquire this image? electron microscopy', 'What is the most likely microscopy modality used to acquire this image? fluorescence microscopy', 'What is the most likely microscopy modality used to acquire this image? none of the above']",bcb1e0cb-b598-4ca3-bb7a-c37c7635fef2,light microscopy,0,"{'pred': [0], 'probs': [[0.9999852180480957, 1.445426187274279e-05, 2.3003801175036642e-07, 3.124501546380998e-08]], 'pred_prompt': ['What is the most likely microscopy modality used to acquire this image? light microscopy']}",2.0,,,,,
stain,"['What is the most likely technique used to stain this micrograph? Basic fuchsin', 'What is the most likely technique used to stain this micrograph? Congo Red', 'What is the most likely technique used to stain this micrograph? H&E', 'What is the most likely technique used to stain this micrograph? Ziehl-Neelsen', 'What is the most likely technique used to stain this micrograph? IHC(HDab)', 'What is the most likely technique used to stain this micrograph? none of the above']",c92a273d-aec9-4fd5-bc4e-bc89ff5644b8,IHC(HDab),4,"{'pred': [4], 'probs': [[8.768789028223978e-10, 4.943612657370977e-05, 6.29771212956598e-09, 8.231436088301791e-10, 0.9999505281448364, 2.3220158240633282e-08]], 'pred_prompt': ['What is the most likely technique used to stain this micrograph? IHC(HDab)']}",2.0,,,,,
modality,"['What is the most likely microscopy modality used to acquire this image? electron microscopy', 'What is the most likely microscopy modality used to acquire this image? fluorescence microscopy', 'What is the most likely microscopy modality used to acquire this image? light microscopy', 'What is the most likely microscopy modality used to acquire this image? none of the above']",0a289ab1-26ce-4773-83df-b925628654ef,light microscopy,2,"{'pred': [2], 'probs': [[4.534966535629792e-08, 5.773155731247925e-09, 1.0, 1.2512765268368753e-09]], 'pred_prompt': ['What is the most likely microscopy modality used to acquire this image? light microscopy']}",2.0,,,,,
domain,"['What is the most likely field of study this micrograph would be used for? radiology', 'What is the most likely field of study this micrograph would be used for? dermatology', 'What is the most likely field of study this micrograph would be used for? pathology', 'What is the most likely field of study this micrograph would be used for? ophthalmology', 'What is the most likely field of study this micrograph would be used for? biology', 'What is the most likely field of study this micrograph would be used for? none of the above']",528101e4-0020-4808-ab51-77af55d9586e,pathology,2,"{'pred': [2], 'probs': [[7.960593295663898e-10, 4.023821720267051e-09, 1.0, 1.4401746462056053e-09, 1.8065225759755776e-08, 1.4037635054364728e-08]], 'pred_prompt': ['What is the most likely field of study this micrograph would be used for? pathology']}",2.0,,,,,
modality,"['What is the most likely microscopy modality used to acquire this image? light microscopy', 'What is the most likely microscopy modality used to acquire this image? electron microscopy', 'What is the most likely microscopy modality used to acquire this image? fluorescence microscopy', 'What is the most likely microscopy modality used to acquire this image? none of the above']",3f02f3a1-0318-46e9-acbe-1e2887abe462,light microscopy,0,"{'pred': [0], 'probs': [[0.9999980926513672, 1.0838861044248915e-06, 6.653415880464308e-07, 1.6016683446196112e-07]], 'pred_prompt': ['What is the most likely microscopy modality used to acquire this image? light microscopy']}",2.0,,,,,
stain,"['What is the most likely technique used to stain this micrograph? Basic fuchsin', 'What is the most likely technique used to stain this micrograph? IHC(Red)', 'What is the most likely technique used to stain this micrograph? Masson Trichrome', 'What is the most likely technique used to stain this micrograph? Alcian Blue', 'What is the most likely technique used to stain this micrograph? Giemsa', 'What is the most likely technique used to stain this micrograph? none of the above']",b62e1320-4b74-456b-8773-f73a75e9ccd3,IHC(Red),1,"{'pred': [1], 'probs': [[2.116495124937501e-06, 0.9999839067459106, 1.5044389556351234e-07, 5.0772077884175815e-06, 4.431926299730549e-06, 4.235471806168789e-06]], 'pred_prompt': ['What is the most likely technique used to stain this micrograph? IHC(Red)']}",2.0,,,,,
domain,"['What is the most likely field of study this micrograph would be used for? pathology', 'What is the most likely field of study this micrograph would be used for? biology', 'What is the most likely field of study this micrograph would be used for? cytology', 'What is the most likely field of study this micrograph would be used for? ophthalmology', 'What is the most likely field of study this micrograph would be used for? radiology', 'What is the most likely field of study this micrograph would be used for? none of the above']",209d1e5c-3a99-471b-b04b-a720c41926d1,pathology,0,"{'pred': [0], 'probs': [[0.9999998807907104, 8.736742529436015e-08, 7.658479184158296e-09, 4.3701415819441536e-09, 1.637619639893728e-08, 7.439964377908836e-08]], 'pred_prompt': ['What is the most likely field of study this micrograph would be used for? pathology']}",2.0,,,,,
domain,"['What is the most likely field of study this micrograph would be used for? cytology', 'What is the most likely field of study this micrograph would be used for? radiology', 'What is the most likely field of study this micrograph would be used for? pathology', 'What is the most likely field of study this micrograph would be used for? ophthalmology', 'What is the most likely field of study this micrograph would be used for? dermatology', 'What is the most likely field of study this micrograph would be used for? none of the above']",d3a43af1-cfec-4e64-994a-06e8a0826031,pathology,2,"{'pred': [2], 'probs': [[5.074174413977062e-09, 1.5872279879314277e-10, 1.0, 1.2633853074817125e-08, 1.189696341441504e-08, 1.8042798366479929e-09]], 'pred_prompt': ['What is the most likely field of study this micrograph would be used for? pathology']}",2.0,,,,,
stain,"['What is the most likely technique used to stain this micrograph? IHC(HDab)', 'What is the most likely technique used to stain this micrograph? Masson Trichrome', 'What is the most likely technique used to stain this micrograph? Giemsa', 'What is the most likely technique used to stain this micrograph? PAS', 'What is the most likely technique used to stain this micrograph? Toluidine Blue', 'What is the most likely technique used to stain this micrograph? none of the above']",d7bcab52-ad0f-4287-b032-865d3480ccbb,IHC(HDab),0,"{'pred': [0], 'probs': [[0.9999896287918091, 6.045250522390688e-09, 4.681431164499372e-06, 4.968106168234954e-06, 6.472490876596737e-10, 7.853686838643625e-07]], 'pred_prompt': ['What is the most likely technique used to stain this micrograph? IHC(HDab)']}",2.0,,,,,
modality,"['What is the most likely microscopy modality used to acquire this image? fluorescence microscopy', 'What is the most likely microscopy modality used to acquire this image? electron microscopy', 'What is the most likely microscopy modality used to acquire this image? light microscopy', 'What is the most likely microscopy modality used to acquire this image? none of the above']",0c39c7a0-0621-4520-a7a8-625f36144028,light microscopy,2,"{'pred': [2], 'probs': [[3.46989600075176e-06, 4.541438556771027e-06, 0.9999908208847046, 1.1771750223488198e-06]], 'pred_prompt': ['What is the most likely microscopy modality used to acquire this image? light microscopy']}",2.0,,,,,
domain,"['What is the most likely field of study this micrograph would be used for? biology', 'What is the most likely field of study this micrograph would be used for? ophthalmology', 'What is the most likely field of study this micrograph would be used for? pathology', 'What is the most likely field of study this micrograph would be used for? dermatology', 'What is the most likely field of study this micrograph would be used for? cytology', 'What is the most likely field of study this micrograph would be used for? none of the above']",5e8e36dd-f25b-4d0f-a3dc-93cf278ab7d3,pathology,2,"{'pred': [2], 'probs': [[7.79911317749793e-08, 8.783655580657523e-09, 0.9999998807907104, 2.514612518211834e-08, 6.521087225763722e-09, 1.5909513706446887e-08]], 'pred_prompt': ['What is the most likely field of study this micrograph would be used for? pathology']}",2.0,,,,,
stain,"['What is the most likely technique used to stain this micrograph? Papanicolaou', 'What is the most likely technique used to stain this micrograph? Alcian Blue', 'What is the most likely technique used to stain this micrograph? IHC(HDab)', 'What is the most likely technique used to stain this micrograph? synthetic', 'What is the most likely technique used to stain this micrograph? Masson Trichrome', 'What is the most likely technique used to stain this micrograph? none of the above']",8902c3cb-c857-44e9-89a2-06cbafbd488e,IHC(HDab),2,"{'pred': [2], 'probs': [[6.52070255569015e-08, 1.1550209677579915e-08, 0.9999995231628418, 1.9237100801205997e-09, 3.936317494179775e-09, 3.3356889161950676e-07]], 'pred_prompt': ['What is the most likely technique used to stain this micrograph? IHC(HDab)']}",2.0,,,,,
domain,"['What is the most likely field of study this micrograph would be used for? radiology', 'What is the most likely field of study this micrograph would be used for? cytology', 'What is the most likely field of study this micrograph would be used for? pathology', 'What is the most likely field of study this micrograph would be used for? dermatology', 'What is the most likely field of study this micrograph would be used for? biology', 'What is the most likely field of study this micrograph would be used for? none of the above']",626987c6-ad46-4fbf-9e91-aad5d151cf8f,pathology,2,"{'pred': [2], 'probs': [[4.026406430490681e-10, 1.262843767335653e-07, 0.9999998807907104, 6.447622435956646e-09, 1.6331467733721183e-08, 6.0183218408838e-09]], 'pred_prompt': ['What is the most likely field of study this micrograph would be used for? pathology']}",2.0,,,,,
modality,"['What is the most likely microscopy modality used to acquire this image? electron microscopy', 'What is the most likely microscopy modality used to acquire this image? fluorescence microscopy', 'What is the most likely microscopy modality used to acquire this image? light microscopy', 'What is the most likely microscopy modality used to acquire this image? none of the above']",18345ab5-0e1a-4f05-b164-62ba067bd13a,light microscopy,2,"{'pred': [2], 'probs': [[2.9392331271083094e-06, 2.6574275580060203e-06, 0.9999942779541016, 9.927993716019046e-08]], 'pred_prompt': ['What is the most likely microscopy modality used to acquire this image? light microscopy']}",2.0,,,,,
submodality,"['What is the most likely microscopy submodality used to acquire this image? polarized light microscopy', 'What is the most likely microscopy submodality used to acquire this image? brightfield microscopy', 'What is the most likely microscopy submodality used to acquire this image? synthetic', 'What is the most likely microscopy submodality used to acquire this image? phase contrast microscopy', 'What is the most likely microscopy submodality used to acquire this image? mixed', 'What is the most likely microscopy submodality used to acquire this image? none of the above']",16bd85fa-fe49-45f6-8bf1-ac3b4414ec2c,brightfield microscopy,1,"{'pred': [1], 'probs': [[2.9271666335262125e-07, 0.9999990463256836, 9.431888603472771e-10, 4.836817311115738e-07, 2.4074589077827113e-07, 1.8288545788891497e-08]], 'pred_prompt': ['What is the most likely microscopy submodality used to acquire this image? brightfield microscopy']}",2.0,,,,,
stain,"['What is the most likely technique used to stain this micrograph? IHC(HDab)', 'What is the most likely technique used to stain this micrograph? Congo Red', 'What is the most likely technique used to stain this micrograph? H&E', 'What is the most likely technique used to stain this micrograph? Alcian Blue', 'What is the most likely technique used to stain this micrograph? Toluidine Blue', 'What is the most likely technique used to stain this micrograph? none of the above']",a1f59cd1-2a5b-40a4-8295-867a06b9b5be,IHC(HDab),0,"{'pred': [0], 'probs': [[0.999996542930603, 3.1447966648556758e-06, 1.5007113773890524e-08, 2.4613012072904894e-08, 3.0296323783041146e-10, 2.434117334360053e-07]], 'pred_prompt': ['What is the most likely technique used to stain this micrograph? IHC(HDab)']}",2.0,,,,,
modality,"['What is the most likely microscopy modality used to acquire this image? electron microscopy', 'What is the most likely microscopy modality used to acquire this image? fluorescence microscopy', 'What is the most likely microscopy modality used to acquire this image? light microscopy', 'What is the most likely microscopy modality used to acquire this image? none of the above']",01f63b4c-32a5-4d5f-ad74-55ad353b423d,light microscopy,2,"{'pred': [2], 'probs': [[4.066168628469313e-07, 5.147940740357626e-08, 0.9999995231628418, 5.872643882298689e-08]], 'pred_prompt': ['What is the most likely microscopy modality used to acquire this image? light microscopy']}",2.0,,,,,
submodality,"['What is the most likely microscopy submodality used to acquire this image? synthetic', 'What is the most likely microscopy submodality used to acquire this image? mixed', 'What is the most likely microscopy submodality used to acquire this image? differential interference contrast microscopy', 'What is the most likely microscopy submodality used to acquire this image? polarized light microscopy', 'What is the most likely microscopy submodality used to acquire this image? brightfield microscopy', 'What is the most likely microscopy submodality used to acquire this image? none of the above']",8f778ea0-e2e7-4383-9e56-0c2eb91b8077,brightfield microscopy,4,"{'pred': [4], 'probs': [[8.286007296964826e-12, 1.3333772974633007e-09, 1.249321996965591e-07, 3.725184782865654e-08, 0.9999998807907104, 1.1982555225831248e-10]], 'pred_prompt': ['What is the most likely microscopy submodality used to acquire this image? brightfield microscopy']}",2.0,,,,,
modality,"['What is the most likely microscopy modality used to acquire this image? light microscopy', 'What is the most likely microscopy modality used to acquire this image? electron microscopy', 'What is the most likely microscopy modality used to acquire this image? fluorescence microscopy', 'What is the most likely microscopy modality used to acquire this image? none of the above']",7029a3fc-52a5-44cd-8218-74bc056aa28f,light microscopy,0,"{'pred': [0], 'probs': [[0.9999781847000122, 1.982523281185422e-05, 1.8376210846327012e-06, 1.7671361263182916e-07]], 'pred_prompt': ['What is the most likely microscopy modality used to acquire this image? light microscopy']}",2.0,,,,,
domain,"['What is the most likely field of study this micrograph would be used for? dermatology', 'What is the most likely field of study this micrograph would be used for? biology', 'What is the most likely field of study this micrograph would be used for? pathology', 'What is the most likely field of study this micrograph would be used for? radiology', 'What is the most likely field of study this micrograph would be used for? ophthalmology', 'What is the most likely field of study this micrograph would be used for? none of the above']",fbf7ac16-f943-4e7e-8eae-77db8a36ef03,pathology,2,"{'pred': [2], 'probs': [[3.6893705868124016e-08, 8.573509013842795e-09, 1.0, 2.1312553943886314e-09, 1.0686299845019676e-08, 6.922225903593926e-09]], 'pred_prompt': ['What is the most likely field of study this micrograph would be used for? pathology']}",2.0,,,,,
stain,"['What is the most likely technique used to stain this micrograph? IHC(HDab)', 'What is the most likely technique used to stain this micrograph? PAS', 'What is the most likely technique used to stain this micrograph? H&E', 'What is the most likely technique used to stain this micrograph? None', 'What is the most likely technique used to stain this micrograph? Toluidine Blue', 'What is the most likely technique used to stain this micrograph? none of the above']",40117f50-db77-4bbd-a992-039a2a1dd107,IHC(HDab),0,"{'pred': [0], 'probs': [[1.0, 8.639383430875114e-09, 8.888767499826145e-10, 2.8658397877023845e-09, 1.1919665254822576e-10, 6.0738374330071565e-09]], 'pred_prompt': ['What is the most likely technique used to stain this micrograph? IHC(HDab)']}",2.0,,,,,
submodality,"['What is the most likely microscopy submodality used to acquire this image? differential interference contrast microscopy', 'What is the most likely microscopy submodality used to acquire this image? synthetic', 'What is the most likely microscopy submodality used to acquire this image? darkfield microscopy', 'What is the most likely microscopy submodality used to acquire this image? polarized light microscopy', 'What is the most likely microscopy submodality used to acquire this image? brightfield microscopy', 'What is the most likely microscopy submodality used to acquire this image? none of the above']",e0ac8bbb-d768-48ea-a10c-f0db6ef22662,brightfield microscopy,4,"{'pred': [4], 'probs': [[3.290384995580098e-07, 1.188487090075796e-06, 6.049157309462316e-05, 2.4272076188935898e-05, 0.9998974800109863, 1.6298576156259514e-05]], 'pred_prompt': ['What is the most likely microscopy submodality used to acquire this image? brightfield microscopy']}",2.0,,,,,
submodality,"['What is the most likely microscopy submodality used to acquire this image? brightfield microscopy', 'What is the most likely microscopy submodality used to acquire this image? polarized light microscopy', 'What is the most likely microscopy submodality used to acquire this image? phase contrast microscopy', 'What is the most likely microscopy submodality used to acquire this image? mixed', 'What is the most likely microscopy submodality used to acquire this image? differential interference contrast microscopy', 'What is the most likely microscopy submodality used to acquire this image? none of the above']",f96c4385-ad45-4f8f-9d28-c7ec0e2f3619,brightfield microscopy,0,"{'pred': [0], 'probs': [[0.999954342842102, 1.0294586900272407e-05, 2.1629652110277675e-05, 2.905964038291131e-07, 1.344535394309787e-05, 3.475468446367813e-08]], 'pred_prompt': ['What is the most likely microscopy submodality used to acquire this image? brightfield microscopy']}",2.0,,,,,
stain,"['What is the most likely technique used to stain this micrograph? PAS', 'What is the most likely technique used to stain this micrograph? IHC(HDab)', 'What is the most likely technique used to stain this micrograph? Giemsa', 'What is the most likely technique used to stain this micrograph? Wright-Giemsa', 'What is the most likely technique used to stain this micrograph? IHC(Red)', 'What is the most likely technique used to stain this micrograph? none of the above']",72b208a7-59b0-46df-a7cd-4ec5ee3e4e32,IHC(HDab),1,"{'pred': [1], 'probs': [[7.334946712944657e-05, 0.999442994594574, 0.0001948151912074536, 2.2846577394375345e-06, 0.00020271952962502837, 8.39223648654297e-05]], 'pred_prompt': ['What is the most likely technique used to stain this micrograph? IHC(HDab)']}",2.0,,,,,
submodality,"['What is the most likely microscopy submodality used to acquire this image? phase contrast microscopy', 'What is the most likely microscopy submodality used to acquire this image? brightfield microscopy', 'What is the most likely microscopy submodality used to acquire this image? differential interference contrast microscopy', 'What is the most likely microscopy submodality used to acquire this image? synthetic', 'What is the most likely microscopy submodality used to acquire this image? polarized light microscopy', 'What is the most likely microscopy submodality used to acquire this image? none of the above']",b57c12be-f3b5-45d0-a7fc-d073dcdaa8ff,brightfield microscopy,1,"{'pred': [1], 'probs': [[9.906918421620503e-06, 0.9999872446060181, 6.289943144111021e-07, 3.0723203536808796e-08, 2.029733195740846e-06, 2.448193470172555e-07]], 'pred_prompt': ['What is the most likely microscopy submodality used to acquire this image? brightfield microscopy']}",2.0,,,,,
submodality,"['What is the most likely microscopy submodality used to acquire this image? differential interference contrast microscopy', 'What is the most likely microscopy submodality used to acquire this image? polarized light microscopy', 'What is the most likely microscopy submodality used to acquire this image? brightfield microscopy', 'What is the most likely microscopy submodality used to acquire this image? darkfield microscopy', 'What is the most likely microscopy submodality used to acquire this image? phase contrast microscopy', 'What is the most likely microscopy submodality used to acquire this image? none of the above']",8db990dd-5795-4369-8c45-34f21799ffdd,brightfield microscopy,2,"{'pred': [2], 'probs': [[6.789623085978747e-08, 1.4979024243189087e-08, 0.9999979734420776, 3.58103534381371e-07, 1.560231794428546e-06, 7.678041535896796e-11]], 'pred_prompt': ['What is the most likely microscopy submodality used to acquire this image? brightfield microscopy']}",2.0,,,,,
domain,"['What is the most likely field of study this micrograph would be used for? dermatology', 'What is the most likely field of study this micrograph would be used for? ophthalmology', 'What is the most likely field of study this micrograph would be used for? biology', 'What is the most likely field of study this micrograph would be used for? radiology', 'What is the most likely field of study this micrograph would be used for? pathology', 'What is the most likely field of study this micrograph would be used for? none of the above']",9556678b-1aef-4dd4-91ae-4470147253c3,pathology,4,"{'pred': [4], 'probs': [[8.946059182335375e-08, 4.199360503776006e-08, 1.9864543787662114e-08, 1.2158920092986136e-08, 0.9999997615814209, 1.4085451915946123e-08]], 'pred_prompt': ['What is the most likely field of study this micrograph would be used for? pathology']}",2.0,,,,,
modality,"['What is the most likely microscopy modality used to acquire this image? fluorescence microscopy', 'What is the most likely microscopy modality used to acquire this image? light microscopy', 'What is the most likely microscopy modality used to acquire this image? electron microscopy', 'What is the most likely microscopy modality used to acquire this image? none of the above']",07707638-de9e-4252-a6ab-284270deac26,light microscopy,1,"{'pred': [1], 'probs': [[3.4840331863961183e-06, 0.9999951124191284, 1.144820544141112e-06, 2.3480100708184182e-07]], 'pred_prompt': ['What is the most likely microscopy modality used to acquire this image? light microscopy']}",2.0,,,,,
submodality,"['What is the most likely microscopy submodality used to acquire this image? polarized light microscopy', 'What is the most likely microscopy submodality used to acquire this image? darkfield microscopy', 'What is the most likely microscopy submodality used to acquire this image? brightfield microscopy', 'What is the most likely microscopy submodality used to acquire this image? phase contrast microscopy', 'What is the most likely microscopy submodality used to acquire this image? differential interference contrast microscopy', 'What is the most likely microscopy submodality used to acquire this image? none of the above']",c4a09947-99c6-460f-8e83-96d0f87ae629,brightfield microscopy,2,"{'pred': [2], 'probs': [[1.394474224980513e-07, 2.6243885713483905e-06, 0.999982476234436, 1.4278307389758993e-05, 4.7281110937547055e-07, 5.726773721903555e-09]], 'pred_prompt': ['What is the most likely microscopy submodality used to acquire this image? brightfield microscopy']}",2.0,,,,,
domain,"['What is the most likely field of study this micrograph would be used for? ophthalmology', 'What is the most likely field of study this micrograph would be used for? pathology', 'What is the most likely field of study this micrograph would be used for? dermatology', 'What is the most likely field of study this micrograph would be used for? cytology', 'What is the most likely field of study this micrograph would be used for? radiology', 'What is the most likely field of study this micrograph would be used for? none of the above']",f4ffef1e-fb31-44ce-8052-25f9ce3472b4,pathology,1,"{'pred': [1], 'probs': [[2.7359599030774007e-08, 0.999997615814209, 3.268849013693398e-08, 3.47247322451949e-07, 2.3143739369402283e-08, 1.8608031950861914e-06]], 'pred_prompt': ['What is the most likely field of study this micrograph would be used for? pathology']}",2.0,,,,,
submodality,"['What is the most likely microscopy submodality used to acquire this image? phase contrast microscopy', 'What is the most likely microscopy submodality used to acquire this image? synthetic', 'What is the most likely microscopy submodality used to acquire this image? differential interference contrast microscopy', 'What is the most likely microscopy submodality used to acquire this image? darkfield microscopy', 'What is the most likely microscopy submodality used to acquire this image? brightfield microscopy', 'What is the most likely microscopy submodality used to acquire this image? none of the above']",e349ded4-9283-47f2-ab04-546e26d66ad3,brightfield microscopy,4,"{'pred': [4], 'probs': [[1.4018660294823349e-06, 2.167861896940071e-11, 1.1437898592703277e-06, 6.657646736130118e-07, 0.9999966621398926, 3.3825667267173287e-10]], 'pred_prompt': ['What is the most likely microscopy submodality used to acquire this image? brightfield microscopy']}",2.0,,,,,
stain,"['What is the most likely technique used to stain this micrograph? PAS', 'What is the most likely technique used to stain this micrograph? IHC(HDab)', 'What is the most likely technique used to stain this micrograph? None', 'What is the most likely technique used to stain this micrograph? Wright-Giemsa', 'What is the most likely technique used to stain this micrograph? Alcian Blue', 'What is the most likely technique used to stain this micrograph? none of the above']",b99a2234-ab35-4fa4-bc6d-02a8d2209796,IHC(HDab),1,"{'pred': [1], 'probs': [[1.4033979596206336e-06, 0.9999978542327881, 2.041362279214809e-07, 1.419000454916386e-07, 5.075598608073051e-08, 4.121243080135173e-07]], 'pred_prompt': ['What is the most likely technique used to stain this micrograph? IHC(HDab)']}",2.0,,,,,
stain,"['What is the most likely technique used to stain this micrograph? Congo Red', 'What is the most likely technique used to stain this micrograph? None', 'What is the most likely technique used to stain this micrograph? Gram', 'What is the most likely technique used to stain this micrograph? IHC(HDab)', 'What is the most likely technique used to stain this micrograph? Giemsa', 'What is the most likely technique used to stain this micrograph? none of the above']",cec599e9-4cc1-4c9f-951b-939d294abd33,IHC(HDab),3,"{'pred': [3], 'probs': [[0.2298109531402588, 0.0019283798756077886, 0.13395705819129944, 0.6310162544250488, 0.0023078452795743942, 0.000979496631771326]], 'pred_prompt': ['What is the most likely technique used to stain this micrograph? IHC(HDab)']}",2.0,,,,,
stain,"['What is the most likely technique used to stain this micrograph? Alcian Blue', 'What is the most likely technique used to stain this micrograph? IHC(Red)', 'What is the most likely technique used to stain this micrograph? Toluidine Blue', 'What is the most likely technique used to stain this micrograph? H&E', 'What is the most likely technique used to stain this micrograph? IHC(HDab)', 'What is the most likely technique used to stain this micrograph? none of the above']",bbb3ec9b-289a-41d8-b1cd-2809251f8d37,IHC(HDab),4,"{'pred': [4], 'probs': [[1.1253805354272117e-07, 4.310423719289247e-06, 1.8418248259877146e-07, 5.140202485875989e-09, 0.9999949932098389, 2.745107110513345e-07]], 'pred_prompt': ['What is the most likely technique used to stain this micrograph? IHC(HDab)']}",2.0,,,,,
submodality,"['What is the most likely microscopy submodality used to acquire this image? phase contrast microscopy', 'What is the most likely microscopy submodality used to acquire this image? darkfield microscopy', 'What is the most likely microscopy submodality used to acquire this image? mixed', 'What is the most likely microscopy submodality used to acquire this image? brightfield microscopy', 'What is the most likely microscopy submodality used to acquire this image? synthetic', 'What is the most likely microscopy submodality used to acquire this image? none of the above']",08ed46c2-8ea4-4fb6-a4a3-c3abde1572da,brightfield microscopy,3,"{'pred': [3], 'probs': [[1.0964880857500248e-05, 1.36652879518806e-05, 1.1018256373063195e-05, 0.9999632835388184, 5.0100485537996065e-08, 9.459996590521769e-07]], 'pred_prompt': ['What is the most likely microscopy submodality used to acquire this image? brightfield microscopy']}",2.0,,,,,
modality,"['What is the most likely microscopy modality used to acquire this image? fluorescence microscopy', 'What is the most likely microscopy modality used to acquire this image? light microscopy', 'What is the most likely microscopy modality used to acquire this image? electron microscopy', 'What is the most likely microscopy modality used to acquire this image? none of the above']",4af79dc8-7d79-40d0-875c-874a4d6e03ef,light microscopy,1,"{'pred': [1], 'probs': [[6.361868827298167e-07, 0.9999991655349731, 1.9527199413005292e-07, 3.960364125532578e-08]], 'pred_prompt': ['What is the most likely microscopy modality used to acquire this image? light microscopy']}",2.0,,,,,
stain,"['What is the most likely technique used to stain this micrograph? Toluidine Blue', 'What is the most likely technique used to stain this micrograph? IHC(HDab)', 'What is the most likely technique used to stain this micrograph? Wright-Giemsa', 'What is the most likely technique used to stain this micrograph? Giemsa', 'What is the most likely technique used to stain this micrograph? H&E', 'What is the most likely technique used to stain this micrograph? none of the above']",bfa0b308-d803-434b-b0be-42d46ada03f8,IHC(HDab),1,"{'pred': [1], 'probs': [[1.567943286318041e-08, 0.9999892711639404, 7.748705854737636e-08, 7.533854841312859e-06, 3.626797706601792e-07, 2.7466114715934964e-06]], 'pred_prompt': ['What is the most likely technique used to stain this micrograph? IHC(HDab)']}",2.0,,,,,
submodality,"['What is the most likely microscopy submodality used to acquire this image? mixed', 'What is the most likely microscopy submodality used to acquire this image? synthetic', 'What is the most likely microscopy submodality used to acquire this image? darkfield microscopy', 'What is the most likely microscopy submodality used to acquire this image? phase contrast microscopy', 'What is the most likely microscopy submodality used to acquire this image? brightfield microscopy', 'What is the most likely microscopy submodality used to acquire this image? none of the above']",b4123130-8cc4-44ed-b80b-751963c94255,brightfield microscopy,4,"{'pred': [4], 'probs': [[3.2359703254769556e-06, 3.366606549093376e-08, 3.178246697643772e-05, 4.502032879827311e-06, 0.99996018409729, 2.0463374994506012e-07]], 'pred_prompt': ['What is the most likely microscopy submodality used to acquire this image? brightfield microscopy']}",2.0,,,,,
modality,"['What is the most likely microscopy modality used to acquire this image? light microscopy', 'What is the most likely microscopy modality used to acquire this image? fluorescence microscopy', 'What is the most likely microscopy modality used to acquire this image? electron microscopy', 'What is the most likely microscopy modality used to acquire this image? none of the above']",fca24095-1b0b-4d7f-9e0a-b4237210768b,light microscopy,0,"{'pred': [0], 'probs': [[0.9999998807907104, 6.053342271883366e-09, 7.604611340639167e-08, 2.380559305237284e-09]], 'pred_prompt': ['What is the most likely microscopy modality used to acquire this image? light microscopy']}",2.0,,,,,
domain,"['What is the most likely field of study this micrograph would be used for? ophthalmology', 'What is the most likely field of study this micrograph would be used for? pathology', 'What is the most likely field of study this micrograph would be used for? dermatology', 'What is the most likely field of study this micrograph would be used for? biology', 'What is the most likely field of study this micrograph would be used for? cytology', 'What is the most likely field of study this micrograph would be used for? none of the above']",be4f60a0-c24c-49d8-83d6-7a41b4619c91,pathology,1,"{'pred': [1], 'probs': [[1.9167472942172026e-08, 0.999998927116394, 8.923608163513563e-08, 4.882471671407984e-07, 1.107852796167208e-07, 4.0114036892191507e-07]], 'pred_prompt': ['What is the most likely field of study this micrograph would be used for? pathology']}",2.0,,,,,
submodality,"['What is the most likely microscopy submodality used to acquire this image? mixed', 'What is the most likely microscopy submodality used to acquire this image? synthetic', 'What is the most likely microscopy submodality used to acquire this image? brightfield microscopy', 'What is the most likely microscopy submodality used to acquire this image? differential interference contrast microscopy', 'What is the most likely microscopy submodality used to acquire this image? darkfield microscopy', 'What is the most likely microscopy submodality used to acquire this image? none of the above']",92d6585b-0477-4f99-80ba-1e114ef2a30a,brightfield microscopy,2,"{'pred': [2], 'probs': [[1.0085151602723386e-09, 1.3235293069846499e-11, 0.9999997615814209, 1.0571275055326623e-07, 6.398852292477386e-08, 1.630353074766333e-10]], 'pred_prompt': ['What is the most likely microscopy submodality used to acquire this image? brightfield microscopy']}",2.0,,,,,
submodality,"['What is the most likely microscopy submodality used to acquire this image? darkfield microscopy', 'What is the most likely microscopy submodality used to acquire this image? synthetic', 'What is the most likely microscopy submodality used to acquire this image? differential interference contrast microscopy', 'What is the most likely microscopy submodality used to acquire this image? mixed', 'What is the most likely microscopy submodality used to acquire this image? brightfield microscopy', 'What is the most likely microscopy submodality used to acquire this image? none of the above']",be649f8d-a8a6-4c0c-b283-9fea2bb686f1,brightfield microscopy,4,"{'pred': [4], 'probs': [[2.3772581698722206e-06, 1.1606200028824176e-10, 2.1662351912254962e-07, 8.084271918562536e-09, 0.9999973773956299, 9.148418134152791e-10]], 'pred_prompt': ['What is the most likely microscopy submodality used to acquire this image? brightfield microscopy']}",2.0,,,,,
modality,"['What is the most likely microscopy modality used to acquire this image? fluorescence microscopy', 'What is the most likely microscopy modality used to acquire this image? electron microscopy', 'What is the most likely microscopy modality used to acquire this image? light microscopy', 'What is the most likely microscopy modality used to acquire this image? none of the above']",83189d6c-7d23-4801-a3fc-fb30778a7975,light microscopy,2,"{'pred': [2], 'probs': [[5.5228923656613915e-08, 4.1525436245137826e-07, 0.9999995231628418, 1.9478726187571738e-08]], 'pred_prompt': ['What is the most likely microscopy modality used to acquire this image? light microscopy']}",2.0,,,,,
modality,"['What is the most likely microscopy modality used to acquire this image? electron microscopy', 'What is the most likely microscopy modality used to acquire this image? fluorescence microscopy', 'What is the most likely microscopy modality used to acquire this image? light microscopy', 'What is the most likely microscopy modality used to acquire this image? none of the above']",959a1697-e85d-424f-ab2a-ac9d9c3c1028,light microscopy,2,"{'pred': [2], 'probs': [[1.0687299045741838e-08, 6.565026300364707e-10, 1.0, 2.2643638353248008e-10]], 'pred_prompt': ['What is the most likely microscopy modality used to acquire this image? light microscopy']}",2.0,,,,,
submodality,"['What is the most likely microscopy submodality used to acquire this image? synthetic', 'What is the most likely microscopy submodality used to acquire this image? darkfield microscopy', 'What is the most likely microscopy submodality used to acquire this image? polarized light microscopy', 'What is the most likely microscopy submodality used to acquire this image? brightfield microscopy', 'What is the most likely microscopy submodality used to acquire this image? differential interference contrast microscopy', 'What is the most likely microscopy submodality used to acquire this image? none of the above']",6b2a9e4c-bd0b-406c-b90b-e4602f1e7ca1,brightfield microscopy,3,"{'pred': [3], 'probs': [[1.4160710104516028e-10, 1.29985676267097e-06, 5.497232891116255e-08, 0.9999985694885254, 4.647163365234519e-08, 2.0608281747769297e-09]], 'pred_prompt': ['What is the most likely microscopy submodality used to acquire this image? brightfield microscopy']}",2.0,,,,,
stain,"['What is the most likely technique used to stain this micrograph? IHC(HDab)', 'What is the most likely technique used to stain this micrograph? Basic fuchsin', 'What is the most likely technique used to stain this micrograph? IHC(Red)', 'What is the most likely technique used to stain this micrograph? Congo Red', 'What is the most likely technique used to stain this micrograph? Ziehl-Neelsen', 'What is the most likely technique used to stain this micrograph? none of the above']",31d56e43-fa07-4809-aa56-090536e0eac7,IHC(HDab),0,"{'pred': [0], 'probs': [[0.9990708827972412, 5.2221508894945146e-08, 0.0009222907829098403, 2.572361381680821e-06, 7.458601913867824e-08, 4.068695034220582e-06]], 'pred_prompt': ['What is the most likely technique used to stain this micrograph? IHC(HDab)']}",2.0,,,,,
stain,"['What is the most likely technique used to stain this micrograph? IHC(HDab)', 'What is the most likely technique used to stain this micrograph? H&E', 'What is the most likely technique used to stain this micrograph? PAS', 'What is the most likely technique used to stain this micrograph? synthetic', 'What is the most likely technique used to stain this micrograph? Congo Red', 'What is the most likely technique used to stain this micrograph? none of the above']",35667b36-f239-4ef3-8975-75bf1690ac40,IHC(HDab),0,"{'pred': [0], 'probs': [[0.9999945163726807, 1.2648908409573778e-07, 2.7079229880655475e-07, 2.2930417564737127e-09, 4.450660071597667e-06, 7.02523834661406e-07]], 'pred_prompt': ['What is the most likely technique used to stain this micrograph? IHC(HDab)']}",2.0,,,,,
modality,"['What is the most likely microscopy modality used to acquire this image? electron microscopy', 'What is the most likely microscopy modality used to acquire this image? light microscopy', 'What is the most likely microscopy modality used to acquire this image? fluorescence microscopy', 'What is the most likely microscopy modality used to acquire this image? none of the above']",c36f4b36-9082-410f-9549-f544e10332c8,light microscopy,1,"{'pred': [1], 'probs': [[2.423719536182034e-07, 0.9999996423721313, 1.947122463263895e-08, 8.467809209378174e-08]], 'pred_prompt': ['What is the most likely microscopy modality used to acquire this image? light microscopy']}",2.0,,,,,
domain,"['What is the most likely field of study this micrograph would be used for? radiology', 'What is the most likely field of study this micrograph would be used for? pathology', 'What is the most likely field of study this micrograph would be used for? cytology', 'What is the most likely field of study this micrograph would be used for? ophthalmology', 'What is the most likely field of study this micrograph would be used for? dermatology', 'What is the most likely field of study this micrograph would be used for? none of the above']",4e793bfa-7bd1-43be-a2ce-62953640c709,pathology,1,"{'pred': [1], 'probs': [[2.960163003606908e-09, 1.0, 2.731047055171132e-10, 3.0135365314265528e-09, 2.4737145665199023e-09, 2.9958850955580374e-09]], 'pred_prompt': ['What is the most likely field of study this micrograph would be used for? pathology']}",2.0,,,,,
modality,"['What is the most likely microscopy modality used to acquire this image? fluorescence microscopy', 'What is the most likely microscopy modality used to acquire this image? light microscopy', 'What is the most likely microscopy modality used to acquire this image? electron microscopy', 'What is the most likely microscopy modality used to acquire this image? none of the above']",17aa354f-a5af-4297-99c1-204cd0a4e14f,light microscopy,1,"{'pred': [1], 'probs': [[1.9983217214303295e-07, 0.9999980926513672, 1.407233753525361e-06, 3.9263468920580635e-07]], 'pred_prompt': ['What is the most likely microscopy modality used to acquire this image? light microscopy']}",2.0,,,,,
modality,"['What is the most likely microscopy modality used to acquire this image? electron microscopy', 'What is the most likely microscopy modality used to acquire this image? light microscopy', 'What is the most likely microscopy modality used to acquire this image? fluorescence microscopy', 'What is the most likely microscopy modality used to acquire this image? none of the above']",35282848-bbe7-43ec-87be-57a03434e290,light microscopy,1,"{'pred': [1], 'probs': [[1.0393397360530798e-06, 0.9999964237213135, 1.9091808098892216e-06, 5.859492944182421e-07]], 'pred_prompt': ['What is the most likely microscopy modality used to acquire this image? light microscopy']}",2.0,,,,,
domain,"['What is the most likely field of study this micrograph would be used for? ophthalmology', 'What is the most likely field of study this micrograph would be used for? pathology', 'What is the most likely field of study this micrograph would be used for? biology', 'What is the most likely field of study this micrograph would be used for? cytology', 'What is the most likely field of study this micrograph would be used for? radiology', 'What is the most likely field of study this micrograph would be used for? none of the above']",2dc1f178-d887-4129-8e49-6cf1fa932f23,pathology,1,"{'pred': [1], 'probs': [[5.7876270886936254e-08, 0.9999986886978149, 5.773914040219097e-07, 9.71929452475706e-08, 1.1150002698911976e-08, 6.39537120150635e-07]], 'pred_prompt': ['What is the most likely field of study this micrograph would be used for? pathology']}",2.0,,,,,
domain,"['What is the most likely field of study this micrograph would be used for? biology', 'What is the most likely field of study this micrograph would be used for? cytology', 'What is the most likely field of study this micrograph would be used for? radiology', 'What is the most likely field of study this micrograph would be used for? pathology', 'What is the most likely field of study this micrograph would be used for? ophthalmology', 'What is the most likely field of study this micrograph would be used for? none of the above']",7b30dc59-26c1-4fc1-b851-a88c4c54a589,pathology,3,"{'pred': [3], 'probs': [[1.0114366233437977e-07, 4.897959371419347e-09, 3.1264297817301667e-09, 0.9999998807907104, 8.624779113119985e-09, 4.284964205680808e-08]], 'pred_prompt': ['What is the most likely field of study this micrograph would be used for? pathology']}",2.0,,,,,
domain,"['What is the most likely field of study this micrograph would be used for? ophthalmology', 'What is the most likely field of study this micrograph would be used for? biology', 'What is the most likely field of study this micrograph would be used for? radiology', 'What is the most likely field of study this micrograph would be used for? pathology', 'What is the most likely field of study this micrograph would be used for? cytology', 'What is the most likely field of study this micrograph would be used for? none of the above']",f2998fa3-866c-4dc3-b784-0b27fabd1511,pathology,3,"{'pred': [3], 'probs': [[1.1027264434915196e-08, 1.5757970928120812e-08, 4.0945611345932775e-09, 1.0, 2.216776318064717e-09, 3.4048806440978296e-08]], 'pred_prompt': ['What is the most likely field of study this micrograph would be used for? pathology']}",2.0,,,,,
submodality,"['What is the most likely microscopy submodality used to acquire this image? brightfield microscopy', 'What is the most likely microscopy submodality used to acquire this image? synthetic', 'What is the most likely microscopy submodality used to acquire this image? phase contrast microscopy', 'What is the most likely microscopy submodality used to acquire this image? mixed', 'What is the most likely microscopy submodality used to acquire this image? polarized light microscopy', 'What is the most likely microscopy submodality used to acquire this image? none of the above']",e90aa5f0-6c23-4de4-9857-b54829c3de7e,brightfield microscopy,0,"{'pred': [0], 'probs': [[0.9999961853027344, 4.179747659094346e-10, 3.0931655601307284e-06, 6.726411783120056e-08, 6.146272539808706e-07, 6.154007969882969e-09]], 'pred_prompt': ['What is the most likely microscopy submodality used to acquire this image? brightfield microscopy']}",2.0,,,,,
modality,"['What is the most likely microscopy modality used to acquire this image? fluorescence microscopy', 'What is the most likely microscopy modality used to acquire this image? electron microscopy', 'What is the most likely microscopy modality used to acquire this image? light microscopy', 'What is the most likely microscopy modality used to acquire this image? none of the above']",3511e1d4-6b9a-40d8-b526-74b6a9ae8ab2,light microscopy,2,"{'pred': [2], 'probs': [[2.678958423985023e-07, 0.00015782579430378973, 0.9998416900634766, 1.6927042167935724e-07]], 'pred_prompt': ['What is the most likely microscopy modality used to acquire this image? light microscopy']}",2.0,,,,,
domain,"['What is the most likely field of study this micrograph would be used for? dermatology', 'What is the most likely field of study this micrograph would be used for? pathology', 'What is the most likely field of study this micrograph would be used for? ophthalmology', 'What is the most likely field of study this micrograph would be used for? biology', 'What is the most likely field of study this micrograph would be used for? radiology', 'What is the most likely field of study this micrograph would be used for? none of the above']",d903bf79-ffe9-4b51-9add-0f8c6d7956a3,pathology,1,"{'pred': [1], 'probs': [[2.007211996613023e-08, 1.0, 2.8894684422908767e-09, 2.9384340294313915e-08, 2.362939621747273e-09, 2.5412280280079358e-08]], 'pred_prompt': ['What is the most likely field of study this micrograph would be used for? pathology']}",2.0,,,,,
stain,"['What is the most likely technique used to stain this micrograph? IHC(Red)', 'What is the most likely technique used to stain this micrograph? Congo Red', 'What is the most likely technique used to stain this micrograph? synthetic', 'What is the most likely technique used to stain this micrograph? Gram', 'What is the most likely technique used to stain this micrograph? IHC(HDab)', 'What is the most likely technique used to stain this micrograph? none of the above']",418336f8-5c97-4be5-bbec-4b62adb0a093,IHC(HDab),4,"{'pred': [4], 'probs': [[0.002681151730939746, 6.63781520415796e-06, 5.165373977433774e-07, 0.0018673595041036606, 0.995370090007782, 7.428674871334806e-05]], 'pred_prompt': ['What is the most likely technique used to stain this micrograph? IHC(HDab)']}",2.0,,,,,
modality,"['What is the most likely microscopy modality used to acquire this image? light microscopy', 'What is the most likely microscopy modality used to acquire this image? electron microscopy', 'What is the most likely microscopy modality used to acquire this image? fluorescence microscopy', 'What is the most likely microscopy modality used to acquire this image? none of the above']",9209c8ea-fb7d-42e0-ba8d-0336c2f8d3d8,light microscopy,0,"{'pred': [0], 'probs': [[0.9998611211776733, 0.000138202725793235, 1.009843018096035e-07, 5.825672815262806e-07]], 'pred_prompt': ['What is the most likely microscopy modality used to acquire this image? light microscopy']}",2.0,,,,,
domain,"['What is the most likely field of study this micrograph would be used for? radiology', 'What is the most likely field of study this micrograph would be used for? ophthalmology', 'What is the most likely field of study this micrograph would be used for? cytology', 'What is the most likely field of study this micrograph would be used for? dermatology', 'What is the most likely field of study this micrograph would be used for? pathology', 'What is the most likely field of study this micrograph would be used for? none of the above']",9e183d96-4124-4966-ae17-4d405ea66a83,pathology,4,"{'pred': [4], 'probs': [[5.551626380828623e-10, 3.3749365524471386e-09, 2.681945221461035e-10, 1.1622229845187348e-09, 1.0, 7.867209106393602e-09]], 'pred_prompt': ['What is the most likely field of study this micrograph would be used for? pathology']}",2.0,,,,,
domain,"['What is the most likely field of study this micrograph would be used for? dermatology', 'What is the most likely field of study this micrograph would be used for? cytology', 'What is the most likely field of study this micrograph would be used for? radiology', 'What is the most likely field of study this micrograph would be used for? pathology', 'What is the most likely field of study this micrograph would be used for? ophthalmology', 'What is the most likely field of study this micrograph would be used for? none of the above']",b30ef27a-ad9e-48b9-813e-3b08f44a690e,pathology,3,"{'pred': [3], 'probs': [[4.5688953065337046e-08, 1.262003337387796e-07, 7.036314308983549e-10, 0.9999997615814209, 1.3715903079969394e-08, 4.0144168877986885e-08]], 'pred_prompt': ['What is the most likely field of study this micrograph would be used for? pathology']}",2.0,,,,,
stain,"['What is the most likely technique used to stain this micrograph? Gram', 'What is the most likely technique used to stain this micrograph? IHC(Red)', 'What is the most likely technique used to stain this micrograph? Congo Red', 'What is the most likely technique used to stain this micrograph? IHC(HDab)', 'What is the most likely technique used to stain this micrograph? None', 'What is the most likely technique used to stain this micrograph? none of the above']",6b140a6e-635a-4081-aac4-8e99ce298414,IHC(HDab),3,"{'pred': [3], 'probs': [[0.00016873687854968011, 0.0008247490623034537, 1.8378101458438323e-06, 0.9989915490150452, 4.975858246325515e-06, 8.10992787592113e-06]], 'pred_prompt': ['What is the most likely technique used to stain this micrograph? IHC(HDab)']}",2.0,,,,,
submodality,"['What is the most likely microscopy submodality used to acquire this image? brightfield microscopy', 'What is the most likely microscopy submodality used to acquire this image? polarized light microscopy', 'What is the most likely microscopy submodality used to acquire this image? synthetic', 'What is the most likely microscopy submodality used to acquire this image? differential interference contrast microscopy', 'What is the most likely microscopy submodality used to acquire this image? mixed', 'What is the most likely microscopy submodality used to acquire this image? none of the above']",674f63cb-384c-4f1a-92e1-0d97428c8830,brightfield microscopy,0,"{'pred': [0], 'probs': [[0.9999699592590332, 1.0248942089674529e-05, 8.94595018507971e-07, 1.2407199392328039e-06, 1.4412637028726749e-05, 3.156148295602179e-06]], 'pred_prompt': ['What is the most likely microscopy submodality used to acquire this image? brightfield microscopy']}",2.0,,,,,
stain,"['What is the most likely technique used to stain this micrograph? Papanicolaou', 'What is the most likely technique used to stain this micrograph? Masson Trichrome', 'What is the most likely technique used to stain this micrograph? Gram', 'What is the most likely technique used to stain this micrograph? IHC(HDab)', 'What is the most likely technique used to stain this micrograph? PAS', 'What is the most likely technique used to stain this micrograph? none of the above']",9d33c63d-0295-4768-9e22-418d65060142,IHC(HDab),3,"{'pred': [3], 'probs': [[5.8734105579105744e-08, 1.2985090780404107e-09, 2.589514679129934e-06, 0.9999908208847046, 2.3729478471068433e-06, 4.183210876362864e-06]], 'pred_prompt': ['What is the most likely technique used to stain this micrograph? IHC(HDab)']}",2.0,,,,,
stain,"['What is the most likely technique used to stain this micrograph? IHC(Red)', 'What is the most likely technique used to stain this micrograph? H&E', 'What is the most likely technique used to stain this micrograph? Giemsa', 'What is the most likely technique used to stain this micrograph? Congo Red', 'What is the most likely technique used to stain this micrograph? Ziehl-Neelsen', 'What is the most likely technique used to stain this micrograph? none of the above']",be1f42a3-92a6-4f01-b268-69e45a63d2d7,IHC(Red),0,"{'pred': [0], 'probs': [[0.999238133430481, 2.4672576870443663e-08, 1.4160237697069533e-05, 0.0007409651880152524, 5.4533988986804616e-06, 1.2351856639725156e-06]], 'pred_prompt': ['What is the most likely technique used to stain this micrograph? IHC(Red)']}",2.0,,,,,
modality,"['What is the most likely microscopy modality used to acquire this image? electron microscopy', 'What is the most likely microscopy modality used to acquire this image? fluorescence microscopy', 'What is the most likely microscopy modality used to acquire this image? light microscopy', 'What is the most likely microscopy modality used to acquire this image? none of the above']",23f3b1ec-20d3-4700-acaf-64a5d7c801a7,light microscopy,2,"{'pred': [2], 'probs': [[4.4069150817449554e-07, 1.0990056154014383e-07, 0.9999994039535522, 3.314864471803958e-08]], 'pred_prompt': ['What is the most likely microscopy modality used to acquire this image? light microscopy']}",2.0,,,,,
modality,"['What is the most likely microscopy modality used to acquire this image? electron microscopy', 'What is the most likely microscopy modality used to acquire this image? light microscopy', 'What is the most likely microscopy modality used to acquire this image? fluorescence microscopy', 'What is the most likely microscopy modality used to acquire this image? none of the above']",fbf23031-1b42-488c-926d-bee0d70ae3d1,light microscopy,1,"{'pred': [1], 'probs': [[8.493352510186014e-08, 0.9999998807907104, 7.52572688611508e-08, 2.8137412400042194e-08]], 'pred_prompt': ['What is the most likely microscopy modality used to acquire this image? light microscopy']}",2.0,,,,,
stain,"['What is the most likely technique used to stain this micrograph? Basic fuchsin', 'What is the most likely technique used to stain this micrograph? IHC(HDab)', 'What is the most likely technique used to stain this micrograph? Congo Red', 'What is the most likely technique used to stain this micrograph? IHC(Red)', 'What is the most likely technique used to stain this micrograph? Papanicolaou', 'What is the most likely technique used to stain this micrograph? none of the above']",e1ce579e-bdaa-47d3-bc9a-56ffd4c29f66,IHC(HDab),1,"{'pred': [1], 'probs': [[4.689544863545336e-10, 0.9999724626541138, 9.274627643662825e-08, 2.696954288694542e-05, 2.497898954345601e-08, 5.275129524306976e-07]], 'pred_prompt': ['What is the most likely technique used to stain this micrograph? IHC(HDab)']}",2.0,,,,,
domain,"['What is the most likely field of study this micrograph would be used for? dermatology', 'What is the most likely field of study this micrograph would be used for? biology', 'What is the most likely field of study this micrograph would be used for? cytology', 'What is the most likely field of study this micrograph would be used for? pathology', 'What is the most likely field of study this micrograph would be used for? ophthalmology', 'What is the most likely field of study this micrograph would be used for? none of the above']",1bf6ff59-bb2f-4442-bbfb-4e57a968cd32,pathology,3,"{'pred': [3], 'probs': [[1.7964402188042072e-09, 6.104905914128267e-09, 5.767520683264138e-09, 1.0, 1.1465960125800478e-10, 7.21878834486489e-10]], 'pred_prompt': ['What is the most likely field of study this micrograph would be used for? pathology']}",2.0,,,,,
submodality,"['What is the most likely microscopy submodality used to acquire this image? mixed', 'What is the most likely microscopy submodality used to acquire this image? brightfield microscopy', 'What is the most likely microscopy submodality used to acquire this image? synthetic', 'What is the most likely microscopy submodality used to acquire this image? phase contrast microscopy', 'What is the most likely microscopy submodality used to acquire this image? differential interference contrast microscopy', 'What is the most likely microscopy submodality used to acquire this image? none of the above']",4dac841c-727c-4d7f-bf7d-d24ee8ab91d9,brightfield microscopy,1,"{'pred': [1], 'probs': [[4.399240971508789e-09, 0.999998927116394, 2.0670231151709295e-11, 1.0679268598323688e-06, 2.6340728709328687e-08, 4.1109723958321354e-10]], 'pred_prompt': ['What is the most likely microscopy submodality used to acquire this image? brightfield microscopy']}",2.0,,,,,
domain,"['What is the most likely field of study this micrograph would be used for? dermatology', 'What is the most likely field of study this micrograph would be used for? biology', 'What is the most likely field of study this micrograph would be used for? pathology', 'What is the most likely field of study this micrograph would be used for? radiology', 'What is the most likely field of study this micrograph would be used for? ophthalmology', 'What is the most likely field of study this micrograph would be used for? none of the above']",f70a9e82-a261-4a02-bc76-6f8132390a77,pathology,2,"{'pred': [2], 'probs': [[3.4981461283223325e-08, 1.0004828254750464e-07, 0.9999998807907104, 1.5196013891660698e-10, 1.6189176221814705e-08, 1.9828886976824833e-08]], 'pred_prompt': ['What is the most likely field of study this micrograph would be used for? pathology']}",2.0,,,,,
submodality,"['What is the most likely microscopy submodality used to acquire this image? polarized light microscopy', 'What is the most likely microscopy submodality used to acquire this image? brightfield microscopy', 'What is the most likely microscopy submodality used to acquire this image? darkfield microscopy', 'What is the most likely microscopy submodality used to acquire this image? mixed', 'What is the most likely microscopy submodality used to acquire this image? phase contrast microscopy', 'What is the most likely microscopy submodality used to acquire this image? none of the above']",f3e9f249-15b9-41f3-b0f8-3d463dc8212b,brightfield microscopy,1,"{'pred': [1], 'probs': [[2.2966776214161655e-07, 0.9999908208847046, 7.513904165534768e-06, 4.610998516341169e-08, 1.4883669336995808e-06, 3.2239217961915756e-09]], 'pred_prompt': ['What is the most likely microscopy submodality used to acquire this image? brightfield microscopy']}",2.0,,,,,
stain,"['What is the most likely technique used to stain this micrograph? Masson Trichrome', 'What is the most likely technique used to stain this micrograph? synthetic', 'What is the most likely technique used to stain this micrograph? Ziehl-Neelsen', 'What is the most likely technique used to stain this micrograph? Wright-Giemsa', 'What is the most likely technique used to stain this micrograph? IHC(HDab)', 'What is the most likely technique used to stain this micrograph? none of the above']",1fcd0118-e811-46a7-8bd2-9c6851f9b8d2,IHC(HDab),4,"{'pred': [4], 'probs': [[8.84823148084024e-09, 1.1013529643832953e-07, 5.313386708394319e-08, 6.12918427123077e-07, 0.9998975992202759, 0.00010161144018638879]], 'pred_prompt': ['What is the most likely technique used to stain this micrograph? IHC(HDab)']}",2.0,,,,,
domain,"['What is the most likely field of study this micrograph would be used for? ophthalmology', 'What is the most likely field of study this micrograph would be used for? dermatology', 'What is the most likely field of study this micrograph would be used for? pathology', 'What is the most likely field of study this micrograph would be used for? biology', 'What is the most likely field of study this micrograph would be used for? cytology', 'What is the most likely field of study this micrograph would be used for? none of the above']",f672d683-0445-477e-b329-b0e22d069b12,pathology,2,"{'pred': [2], 'probs': [[3.3317557601719727e-09, 1.562054841031113e-08, 0.9999994039535522, 5.569757490775373e-07, 1.3173403701216557e-08, 6.778827810194343e-08]], 'pred_prompt': ['What is the most likely field of study this micrograph would be used for? pathology']}",2.0,,,,,
modality,"['What is the most likely microscopy modality used to acquire this image? electron microscopy', 'What is the most likely microscopy modality used to acquire this image? light microscopy', 'What is the most likely microscopy modality used to acquire this image? fluorescence microscopy', 'What is the most likely microscopy modality used to acquire this image? none of the above']",b544532b-c3ba-43a2-ad59-142d96a3465d,light microscopy,1,"{'pred': [1], 'probs': [[7.6254714258539025e-06, 0.9999916553497314, 4.761640184369753e-07, 1.807564729006117e-07]], 'pred_prompt': ['What is the most likely microscopy modality used to acquire this image? light microscopy']}",2.0,,,,,
submodality,"['What is the most likely microscopy submodality used to acquire this image? phase contrast microscopy', 'What is the most likely microscopy submodality used to acquire this image? polarized light microscopy', 'What is the most likely microscopy submodality used to acquire this image? differential interference contrast microscopy', 'What is the most likely microscopy submodality used to acquire this image? brightfield microscopy', 'What is the most likely microscopy submodality used to acquire this image? synthetic', 'What is the most likely microscopy submodality used to acquire this image? none of the above']",f036240c-05a8-4b37-8e0d-24b415f085c9,brightfield microscopy,3,"{'pred': [3], 'probs': [[8.917722311707621e-07, 2.4726904257477145e-07, 1.4336951892346406e-07, 0.9999986886978149, 1.8173050841951977e-09, 2.9188626626819314e-08]], 'pred_prompt': ['What is the most likely microscopy submodality used to acquire this image? brightfield microscopy']}",2.0,,,,,
submodality,"['What is the most likely microscopy submodality used to acquire this image? darkfield microscopy', 'What is the most likely microscopy submodality used to acquire this image? brightfield microscopy', 'What is the most likely microscopy submodality used to acquire this image? differential interference contrast microscopy', 'What is the most likely microscopy submodality used to acquire this image? mixed', 'What is the most likely microscopy submodality used to acquire this image? synthetic', 'What is the most likely microscopy submodality used to acquire this image? none of the above']",620f0d35-8c95-4ad0-8ec5-29a32206d1da,brightfield microscopy,1,"{'pred': [1], 'probs': [[1.2420665598256164e-06, 0.9999980926513672, 2.2993371828761155e-07, 4.964943514096376e-07, 5.145692760777365e-09, 4.5262215309094245e-08]], 'pred_prompt': ['What is the most likely microscopy submodality used to acquire this image? brightfield microscopy']}",2.0,,,,,
stain,"['What is the most likely technique used to stain this micrograph? IHC(HDab)', 'What is the most likely technique used to stain this micrograph? synthetic', 'What is the most likely technique used to stain this micrograph? Ziehl-Neelsen', 'What is the most likely technique used to stain this micrograph? Papanicolaou', 'What is the most likely technique used to stain this micrograph? Basic fuchsin', 'What is the most likely technique used to stain this micrograph? none of the above']",7490a797-d702-45e0-90df-5a76d1caf117,IHC(HDab),0,"{'pred': [0], 'probs': [[0.9999815225601196, 9.505249032315533e-09, 2.9214447749836836e-06, 1.4610594007535838e-05, 3.843630338451476e-07, 5.786504289062577e-07]], 'pred_prompt': ['What is the most likely technique used to stain this micrograph? IHC(HDab)']}",2.0,,,,,
domain,"['What is the most likely field of study this micrograph would be used for? pathology', 'What is the most likely field of study this micrograph would be used for? radiology', 'What is the most likely field of study this micrograph would be used for? dermatology', 'What is the most likely field of study this micrograph would be used for? biology', 'What is the most likely field of study this micrograph would be used for? cytology', 'What is the most likely field of study this micrograph would be used for? none of the above']",2a7b2859-378b-49ad-89e1-8b10a64d2110,pathology,0,"{'pred': [0], 'probs': [[0.9999995231628418, 6.712778111150897e-10, 2.4331761494522652e-08, 2.3077213029409904e-07, 1.771457931454279e-07, 1.4352640675951989e-07]], 'pred_prompt': ['What is the most likely field of study this micrograph would be used for? pathology']}",2.0,,,,,
submodality,"['What is the most likely microscopy submodality used to acquire this image? brightfield microscopy', 'What is the most likely microscopy submodality used to acquire this image? synthetic', 'What is the most likely microscopy submodality used to acquire this image? differential interference contrast microscopy', 'What is the most likely microscopy submodality used to acquire this image? mixed', 'What is the most likely microscopy submodality used to acquire this image? polarized light microscopy', 'What is the most likely microscopy submodality used to acquire this image? none of the above']",c92a273d-aec9-4fd5-bc4e-bc89ff5644b8,brightfield microscopy,0,"{'pred': [0], 'probs': [[0.9999984502792358, 9.68509716869903e-11, 1.224710558744846e-06, 1.0950869544501529e-08, 3.0067201350902906e-07, 1.2073690935920922e-09]], 'pred_prompt': ['What is the most likely microscopy submodality used to acquire this image? brightfield microscopy']}",2.0,,,,,
modality,"['What is the most likely microscopy modality used to acquire this image? fluorescence microscopy', 'What is the most likely microscopy modality used to acquire this image? light microscopy', 'What is the most likely microscopy modality used to acquire this image? electron microscopy', 'What is the most likely microscopy modality used to acquire this image? none of the above']",74f33801-8017-4674-b89b-7e038cde3d98,light microscopy,1,"{'pred': [1], 'probs': [[2.3797833037519922e-08, 0.9999996423721313, 3.2339738709197263e-07, 2.8976907540112506e-09]], 'pred_prompt': ['What is the most likely microscopy modality used to acquire this image? light microscopy']}",2.0,,,,,
stain,"['What is the most likely technique used to stain this micrograph? synthetic', 'What is the most likely technique used to stain this micrograph? Alcian Blue', 'What is the most likely technique used to stain this micrograph? IHC(Red)', 'What is the most likely technique used to stain this micrograph? Gram', 'What is the most likely technique used to stain this micrograph? IHC(HDab)', 'What is the most likely technique used to stain this micrograph? none of the above']",854d6bee-8b35-4b66-8d94-7a3dd9357214,IHC(Red),2,"{'pred': [2], 'probs': [[1.4382364099674305e-07, 5.295517257764004e-05, 0.9409379959106445, 0.0005928699392825365, 0.05834218114614487, 7.384252967312932e-05]], 'pred_prompt': ['What is the most likely technique used to stain this micrograph? IHC(Red)']}",2.0,,,,,
modality,"['What is the most likely microscopy modality used to acquire this image? fluorescence microscopy', 'What is the most likely microscopy modality used to acquire this image? electron microscopy', 'What is the most likely microscopy modality used to acquire this image? light microscopy', 'What is the most likely microscopy modality used to acquire this image? none of the above']",abdb2a9d-cc7a-48a5-be6b-71fd769c7b6e,light microscopy,2,"{'pred': [2], 'probs': [[3.08912973423503e-07, 1.3062098958016577e-07, 0.9999995231628418, 9.773188480721728e-09]], 'pred_prompt': ['What is the most likely microscopy modality used to acquire this image? light microscopy']}",2.0,,,,,
domain,"['What is the most likely field of study this micrograph would be used for? ophthalmology', 'What is the most likely field of study this micrograph would be used for? cytology', 'What is the most likely field of study this micrograph would be used for? biology', 'What is the most likely field of study this micrograph would be used for? pathology', 'What is the most likely field of study this micrograph would be used for? radiology', 'What is the most likely field of study this micrograph would be used for? none of the above']",2145222d-a36e-405a-9735-c09f879cb15e,pathology,3,"{'pred': [3], 'probs': [[1.7250118000688985e-09, 1.4123218150530192e-09, 5.292786209309952e-09, 1.0, 1.4851447849295596e-10, 7.569627702430637e-10]], 'pred_prompt': ['What is the most likely field of study this micrograph would be used for? pathology']}",2.0,,,,,
domain,"['What is the most likely field of study this micrograph would be used for? biology', 'What is the most likely field of study this micrograph would be used for? radiology', 'What is the most likely field of study this micrograph would be used for? cytology', 'What is the most likely field of study this micrograph would be used for? pathology', 'What is the most likely field of study this micrograph would be used for? dermatology', 'What is the most likely field of study this micrograph would be used for? none of the above']",8777d916-2109-4d12-95ad-febc9319a33b,pathology,3,"{'pred': [3], 'probs': [[9.223877839303896e-08, 6.216058334729269e-09, 5.3127000576580485e-09, 0.9999997615814209, 1.8887202912765133e-09, 9.354580043918759e-08]], 'pred_prompt': ['What is the most likely field of study this micrograph would be used for? pathology']}",2.0,,,,,
submodality,"['What is the most likely microscopy submodality used to acquire this image? polarized light microscopy', 'What is the most likely microscopy submodality used to acquire this image? mixed', 'What is the most likely microscopy submodality used to acquire this image? differential interference contrast microscopy', 'What is the most likely microscopy submodality used to acquire this image? brightfield microscopy', 'What is the most likely microscopy submodality used to acquire this image? synthetic', 'What is the most likely microscopy submodality used to acquire this image? none of the above']",54a22311-e8bc-4115-9fe5-12565febbdda,brightfield microscopy,3,"{'pred': [3], 'probs': [[2.4514332608305267e-07, 8.696935793750526e-08, 2.8288113185226393e-07, 0.9999994039535522, 5.489586119011847e-09, 1.1205399275127093e-08]], 'pred_prompt': ['What is the most likely microscopy submodality used to acquire this image? brightfield microscopy']}",2.0,,,,,
domain,"['What is the most likely field of study this micrograph would be used for? pathology', 'What is the most likely field of study this micrograph would be used for? ophthalmology', 'What is the most likely field of study this micrograph would be used for? biology', 'What is the most likely field of study this micrograph would be used for? radiology', 'What is the most likely field of study this micrograph would be used for? cytology', 'What is the most likely field of study this micrograph would be used for? none of the above']",e54e0ced-a31f-4ad4-9b5d-446b99bd089a,pathology,0,"{'pred': [0], 'probs': [[0.9999996423721313, 1.3894909045575332e-07, 7.913789090707724e-08, 7.262845436173393e-09, 2.137639398824831e-08, 4.128297703687167e-08]], 'pred_prompt': ['What is the most likely field of study this micrograph would be used for? pathology']}",2.0,,,,,
modality,"['What is the most likely microscopy modality used to acquire this image? fluorescence microscopy', 'What is the most likely microscopy modality used to acquire this image? light microscopy', 'What is the most likely microscopy modality used to acquire this image? electron microscopy', 'What is the most likely microscopy modality used to acquire this image? none of the above']",ccedac2f-c4d4-41f8-ba95-b9d03ecc9848,light microscopy,1,"{'pred': [1], 'probs': [[5.757013786933385e-05, 0.9999140501022339, 7.047625786071876e-06, 2.137765295628924e-05]], 'pred_prompt': ['What is the most likely microscopy modality used to acquire this image? light microscopy']}",2.0,,,,,
submodality,"['What is the most likely microscopy submodality used to acquire this image? polarized light microscopy', 'What is the most likely microscopy submodality used to acquire this image? brightfield microscopy', 'What is the most likely microscopy submodality used to acquire this image? phase contrast microscopy', 'What is the most likely microscopy submodality used to acquire this image? mixed', 'What is the most likely microscopy submodality used to acquire this image? synthetic', 'What is the most likely microscopy submodality used to acquire this image? none of the above']",d27e9467-d912-44fb-8c08-8eb26281fad8,brightfield microscopy,1,"{'pred': [1], 'probs': [[1.1381105650798418e-05, 0.9999526739120483, 3.5834324080497026e-05, 6.906446259336008e-08, 6.941988650588371e-11, 2.8059488066389804e-09]], 'pred_prompt': ['What is the most likely microscopy submodality used to acquire this image? brightfield microscopy']}",2.0,,,,,
modality,"['What is the most likely microscopy modality used to acquire this image? electron microscopy', 'What is the most likely microscopy modality used to acquire this image? light microscopy', 'What is the most likely microscopy modality used to acquire this image? fluorescence microscopy', 'What is the most likely microscopy modality used to acquire this image? none of the above']",ab65d49a-58a2-488c-b4e7-4ef09f244858,light microscopy,1,"{'pred': [1], 'probs': [[3.8850320294159246e-08, 0.9999995231628418, 2.0313486004397419e-07, 2.824506282195216e-07]], 'pred_prompt': ['What is the most likely microscopy modality used to acquire this image? light microscopy']}",2.0,,,,,
modality,"['What is the most likely microscopy modality used to acquire this image? electron microscopy', 'What is the most likely microscopy modality used to acquire this image? light microscopy', 'What is the most likely microscopy modality used to acquire this image? fluorescence microscopy', 'What is the most likely microscopy modality used to acquire this image? none of the above']",c0a0ba40-f718-4f30-86df-4e2f01cdf7b3,light microscopy,1,"{'pred': [1], 'probs': [[1.403780061082216e-07, 0.9999997615814209, 6.51192948453172e-08, 9.225258335021636e-10]], 'pred_prompt': ['What is the most likely microscopy modality used to acquire this image? light microscopy']}",2.0,,,,,
submodality,"['What is the most likely microscopy submodality used to acquire this image? synthetic', 'What is the most likely microscopy submodality used to acquire this image? brightfield microscopy', 'What is the most likely microscopy submodality used to acquire this image? differential interference contrast microscopy', 'What is the most likely microscopy submodality used to acquire this image? polarized light microscopy', 'What is the most likely microscopy submodality used to acquire this image? darkfield microscopy', 'What is the most likely microscopy submodality used to acquire this image? none of the above']",5028d3cc-c25f-4525-8caf-79c82f9f2950,brightfield microscopy,1,"{'pred': [1], 'probs': [[4.376378370807288e-09, 0.9999306201934814, 7.847727943044447e-07, 7.207076123449951e-06, 6.139689503470436e-05, 5.8181012008162725e-08]], 'pred_prompt': ['What is the most likely microscopy submodality used to acquire this image? brightfield microscopy']}",2.0,,,,,
stain,"['What is the most likely technique used to stain this micrograph? Alcian Blue', 'What is the most likely technique used to stain this micrograph? Giemsa', 'What is the most likely technique used to stain this micrograph? IHC(HDab)', 'What is the most likely technique used to stain this micrograph? Papanicolaou', 'What is the most likely technique used to stain this micrograph? Ziehl-Neelsen', 'What is the most likely technique used to stain this micrograph? none of the above']",4ca25269-da43-4bcd-bc0e-ef15f2d32745,IHC(HDab),2,"{'pred': [2], 'probs': [[2.3355099187938322e-07, 4.7171713958960027e-05, 0.999500036239624, 0.0004388302331790328, 8.116791150314384e-07, 1.2865663848060649e-05]], 'pred_prompt': ['What is the most likely technique used to stain this micrograph? IHC(HDab)']}",2.0,,,,,
modality,"['What is the most likely microscopy modality used to acquire this image? electron microscopy', 'What is the most likely microscopy modality used to acquire this image? fluorescence microscopy', 'What is the most likely microscopy modality used to acquire this image? light microscopy', 'What is the most likely microscopy modality used to acquire this image? none of the above']",c1a0f1ed-ccde-4a1e-bae4-6f53567bd242,light microscopy,2,"{'pred': [2], 'probs': [[5.860134024260333e-06, 1.3629982049678802e-06, 0.999991774559021, 1.0378324759585666e-06]], 'pred_prompt': ['What is the most likely microscopy modality used to acquire this image? light microscopy']}",2.0,,,,,
modality,"['What is the most likely microscopy modality used to acquire this image? electron microscopy', 'What is the most likely microscopy modality used to acquire this image? light microscopy', 'What is the most likely microscopy modality used to acquire this image? fluorescence microscopy', 'What is the most likely microscopy modality used to acquire this image? none of the above']",3aff1dbe-cf10-490e-9e12-800fa72fd75e,light microscopy,1,"{'pred': [1], 'probs': [[2.1502597746803076e-07, 0.9999996423721313, 1.5207834280772659e-07, 2.5684963489425172e-08]], 'pred_prompt': ['What is the most likely microscopy modality used to acquire this image? light microscopy']}",2.0,,,,,
domain,"['What is the most likely field of study this micrograph would be used for? cytology', 'What is the most likely field of study this micrograph would be used for? biology', 'What is the most likely field of study this micrograph would be used for? radiology', 'What is the most likely field of study this micrograph would be used for? ophthalmology', 'What is the most likely field of study this micrograph would be used for? pathology', 'What is the most likely field of study this micrograph would be used for? none of the above']",35667b36-f239-4ef3-8975-75bf1690ac40,pathology,4,"{'pred': [4], 'probs': [[1.6662983171045198e-07, 2.173984370301696e-07, 1.5939204400794438e-09, 1.6173739680880317e-08, 0.9999995231628418, 8.550303931542658e-08]], 'pred_prompt': ['What is the most likely field of study this micrograph would be used for? pathology']}",2.0,,,,,
domain,"['What is the most likely field of study this micrograph would be used for? pathology', 'What is the most likely field of study this micrograph would be used for? ophthalmology', 'What is the most likely field of study this micrograph would be used for? biology', 'What is the most likely field of study this micrograph would be used for? cytology', 'What is the most likely field of study this micrograph would be used for? radiology', 'What is the most likely field of study this micrograph would be used for? none of the above']",01f63b4c-32a5-4d5f-ad74-55ad353b423d,pathology,0,"{'pred': [0], 'probs': [[0.9999979734420776, 2.5945277037919823e-09, 1.7319805465376703e-06, 2.01499162244545e-07, 7.736349338927084e-09, 2.493630901767574e-08]], 'pred_prompt': ['What is the most likely field of study this micrograph would be used for? pathology']}",2.0,,,,,
stain,"['What is the most likely technique used to stain this micrograph? H&E', 'What is the most likely technique used to stain this micrograph? IHC(HDab)', 'What is the most likely technique used to stain this micrograph? Congo Red', 'What is the most likely technique used to stain this micrograph? Toluidine Blue', 'What is the most likely technique used to stain this micrograph? Ziehl-Neelsen', 'What is the most likely technique used to stain this micrograph? none of the above']",df10da61-5276-448b-b420-87ccac663f45,IHC(HDab),1,"{'pred': [1], 'probs': [[2.964579550734925e-07, 0.9999868869781494, 1.1187380550836679e-05, 1.887562639524276e-08, 3.182829857450997e-07, 1.3343084219741286e-06]], 'pred_prompt': ['What is the most likely technique used to stain this micrograph? IHC(HDab)']}",2.0,,,,,
domain,"['What is the most likely field of study this micrograph would be used for? pathology', 'What is the most likely field of study this micrograph would be used for? cytology', 'What is the most likely field of study this micrograph would be used for? biology', 'What is the most likely field of study this micrograph would be used for? radiology', 'What is the most likely field of study this micrograph would be used for? dermatology', 'What is the most likely field of study this micrograph would be used for? none of the above']",fbf23031-1b42-488c-926d-bee0d70ae3d1,pathology,0,"{'pred': [0], 'probs': [[1.0, 1.8011620639413195e-08, 1.4558563243838307e-09, 1.5873914682718038e-10, 1.810351157871537e-08, 2.229956663768462e-09]], 'pred_prompt': ['What is the most likely field of study this micrograph would be used for? pathology']}",2.0,,,,,
stain,"['What is the most likely technique used to stain this micrograph? IHC(HDab)', 'What is the most likely technique used to stain this micrograph? IHC(Red)', 'What is the most likely technique used to stain this micrograph? H&E', 'What is the most likely technique used to stain this micrograph? Wright-Giemsa', 'What is the most likely technique used to stain this micrograph? Masson Trichrome', 'What is the most likely technique used to stain this micrograph? none of the above']",442abc45-a114-4637-8175-2d5c297c2ed7,IHC(Red),1,"{'pred': [1], 'probs': [[0.0025796538684517145, 0.997418999671936, 8.340439450194026e-09, 7.935630819133621e-09, 1.3748117089207312e-09, 1.3624611483464832e-06]], 'pred_prompt': ['What is the most likely technique used to stain this micrograph? IHC(Red)']}",2.0,,,,,
stain,"['What is the most likely technique used to stain this micrograph? synthetic', 'What is the most likely technique used to stain this micrograph? IHC(HDab)', 'What is the most likely technique used to stain this micrograph? Papanicolaou', 'What is the most likely technique used to stain this micrograph? Toluidine Blue', 'What is the most likely technique used to stain this micrograph? None', 'What is the most likely technique used to stain this micrograph? none of the above']",98956c6c-a000-4c2e-8c48-efe331a77282,IHC(HDab),1,"{'pred': [1], 'probs': [[3.349402106778143e-07, 0.9994731545448303, 0.00042155940900556743, 4.355221960850031e-08, 7.5063384429086e-05, 2.9852801162633114e-05]], 'pred_prompt': ['What is the most likely technique used to stain this micrograph? IHC(HDab)']}",2.0,,,,,
stain,"['What is the most likely technique used to stain this micrograph? synthetic', 'What is the most likely technique used to stain this micrograph? IHC(HDab)', 'What is the most likely technique used to stain this micrograph? None', 'What is the most likely technique used to stain this micrograph? Alcian Blue', 'What is the most likely technique used to stain this micrograph? Toluidine Blue', 'What is the most likely technique used to stain this micrograph? none of the above']",4ae6223b-8719-4206-9647-4f8da9d6ea39,IHC(HDab),1,"{'pred': [1], 'probs': [[1.1615176020995932e-07, 0.9999754428863525, 5.696543666999787e-06, 8.619926120445598e-06, 2.895645536682423e-07, 9.949483683158178e-06]], 'pred_prompt': ['What is the most likely technique used to stain this micrograph? IHC(HDab)']}",2.0,,,,,
domain,"['What is the most likely field of study this micrograph would be used for? radiology', 'What is the most likely field of study this micrograph would be used for? dermatology', 'What is the most likely field of study this micrograph would be used for? ophthalmology', 'What is the most likely field of study this micrograph would be used for? biology', 'What is the most likely field of study this micrograph would be used for? pathology', 'What is the most likely field of study this micrograph would be used for? none of the above']",c8366e95-b85f-4654-81dc-16bda0e3b695,pathology,4,"{'pred': [4], 'probs': [[1.8987302397022177e-08, 3.3097741436449724e-08, 1.4023495698012312e-09, 9.620723062653269e-08, 0.9999998807907104, 3.993789476908205e-08]], 'pred_prompt': ['What is the most likely field of study this micrograph would be used for? pathology']}",2.0,,,,,
modality,"['What is the most likely microscopy modality used to acquire this image? light microscopy', 'What is the most likely microscopy modality used to acquire this image? electron microscopy', 'What is the most likely microscopy modality used to acquire this image? fluorescence microscopy', 'What is the most likely microscopy modality used to acquire this image? none of the above']",4710fc7e-d03c-444d-9d15-ef542863cbdf,light microscopy,0,"{'pred': [0], 'probs': [[0.9999947547912598, 4.462051492737373e-06, 4.3065912791462324e-07, 3.0421742280850594e-07]], 'pred_prompt': ['What is the most likely microscopy modality used to acquire this image? light microscopy']}",2.0,,,,,
stain,"['What is the most likely technique used to stain this micrograph? Basic fuchsin', 'What is the most likely technique used to stain this micrograph? IHC(Red)', 'What is the most likely technique used to stain this micrograph? IHC(HDab)', 'What is the most likely technique used to stain this micrograph? synthetic', 'What is the most likely technique used to stain this micrograph? Toluidine Blue', 'What is the most likely technique used to stain this micrograph? none of the above']",95cc5bdc-57f6-467e-af9d-9dbfe2624d3f,IHC(HDab),2,"{'pred': [2], 'probs': [[2.1290759377734503e-08, 0.00023562592105008662, 0.9997641444206238, 1.840606833614089e-10, 1.6305023109453032e-08, 1.7752024916717346e-07]], 'pred_prompt': ['What is the most likely technique used to stain this micrograph? IHC(HDab)']}",2.0,,,,,
stain,"['What is the most likely technique used to stain this micrograph? IHC(HDab)', 'What is the most likely technique used to stain this micrograph? PAS', 'What is the most likely technique used to stain this micrograph? H&E', 'What is the most likely technique used to stain this micrograph? Masson Trichrome', 'What is the most likely technique used to stain this micrograph? Toluidine Blue', 'What is the most likely technique used to stain this micrograph? none of the above']",88008884-7ad6-4ece-a1aa-85f20d21d45c,IHC(HDab),0,"{'pred': [0], 'probs': [[0.9999982118606567, 1.150337766375742e-06, 9.905670061982619e-09, 1.1170143976446667e-10, 1.4353928712296238e-08, 6.01237502451113e-07]], 'pred_prompt': ['What is the most likely technique used to stain this micrograph? IHC(HDab)']}",2.0,,,,,
submodality,"['What is the most likely microscopy submodality used to acquire this image? phase contrast microscopy', 'What is the most likely microscopy submodality used to acquire this image? brightfield microscopy', 'What is the most likely microscopy submodality used to acquire this image? darkfield microscopy', 'What is the most likely microscopy submodality used to acquire this image? synthetic', 'What is the most likely microscopy submodality used to acquire this image? polarized light microscopy', 'What is the most likely microscopy submodality used to acquire this image? none of the above']",97f3960e-f3d3-427e-9265-5e586dd26ceb,brightfield microscopy,1,"{'pred': [1], 'probs': [[2.028779590546037e-06, 0.9999922513961792, 3.5143134482495952e-06, 7.927478407054878e-08, 1.8852574612537865e-06, 2.8168705057396437e-07]], 'pred_prompt': ['What is the most likely microscopy submodality used to acquire this image? brightfield microscopy']}",2.0,,,,,
stain,"['What is the most likely technique used to stain this micrograph? synthetic', 'What is the most likely technique used to stain this micrograph? Alcian Blue', 'What is the most likely technique used to stain this micrograph? None', 'What is the most likely technique used to stain this micrograph? IHC(HDab)', 'What is the most likely technique used to stain this micrograph? Gram', 'What is the most likely technique used to stain this micrograph? none of the above']",5294e250-9250-4e60-889b-352a4e82c4cf,IHC(HDab),3,"{'pred': [3], 'probs': [[5.943483643022773e-07, 9.951107813321869e-07, 1.8624452422955073e-05, 0.9997348189353943, 0.00018562648619990796, 5.929516919422895e-05]], 'pred_prompt': ['What is the most likely technique used to stain this micrograph? IHC(HDab)']}",2.0,,,,,
domain,"['What is the most likely field of study this micrograph would be used for? cytology', 'What is the most likely field of study this micrograph would be used for? radiology', 'What is the most likely field of study this micrograph would be used for? dermatology', 'What is the most likely field of study this micrograph would be used for? ophthalmology', 'What is the most likely field of study this micrograph would be used for? pathology', 'What is the most likely field of study this micrograph would be used for? none of the above']",9dabb786-2352-4a3f-bced-5afb9aed5493,pathology,4,"{'pred': [4], 'probs': [[6.423395149113276e-08, 9.078291007824646e-09, 8.924905259277693e-09, 2.7925408652151873e-09, 0.9999998807907104, 4.1891293989237965e-08]], 'pred_prompt': ['What is the most likely field of study this micrograph would be used for? pathology']}",2.0,,,,,
stain,"['What is the most likely technique used to stain this micrograph? IHC(HDab)', 'What is the most likely technique used to stain this micrograph? IHC(Red)', 'What is the most likely technique used to stain this micrograph? synthetic', 'What is the most likely technique used to stain this micrograph? H&E', 'What is the most likely technique used to stain this micrograph? Ziehl-Neelsen', 'What is the most likely technique used to stain this micrograph? none of the above']",b2ae0972-b8c5-4854-9006-e6653de0e001,IHC(HDab),0,"{'pred': [0], 'probs': [[0.9703692197799683, 0.029623206704854965, 3.263058090396953e-08, 7.061952089770784e-08, 3.151539431200945e-06, 4.3853128772752825e-06]], 'pred_prompt': ['What is the most likely technique used to stain this micrograph? IHC(HDab)']}",2.0,,,,,
submodality,"['What is the most likely microscopy submodality used to acquire this image? darkfield microscopy', 'What is the most likely microscopy submodality used to acquire this image? phase contrast microscopy', 'What is the most likely microscopy submodality used to acquire this image? brightfield microscopy', 'What is the most likely microscopy submodality used to acquire this image? synthetic', 'What is the most likely microscopy submodality used to acquire this image? polarized light microscopy', 'What is the most likely microscopy submodality used to acquire this image? none of the above']",35c9d946-4f5e-4585-9383-043674519900,brightfield microscopy,2,"{'pred': [2], 'probs': [[4.106508185941493e-06, 9.62996364251012e-06, 0.9999860525131226, 8.25236060042478e-12, 2.331430266622192e-07, 2.9773850052094986e-10]], 'pred_prompt': ['What is the most likely microscopy submodality used to acquire this image? brightfield microscopy']}",2.0,,,,,
domain,"['What is the most likely field of study this micrograph would be used for? radiology', 'What is the most likely field of study this micrograph would be used for? pathology', 'What is the most likely field of study this micrograph would be used for? ophthalmology', 'What is the most likely field of study this micrograph would be used for? cytology', 'What is the most likely field of study this micrograph would be used for? biology', 'What is the most likely field of study this micrograph would be used for? none of the above']",565c9b1c-952b-4f7a-b35d-3a684fbac165,pathology,1,"{'pred': [1], 'probs': [[6.096261273569326e-08, 0.9999995231628418, 5.896179544606639e-08, 1.548395687223092e-07, 1.0478588308160397e-07, 1.0842438769032015e-07]], 'pred_prompt': ['What is the most likely field of study this micrograph would be used for? pathology']}",2.0,,,,,
stain,"['What is the most likely technique used to stain this micrograph? Gram', 'What is the most likely technique used to stain this micrograph? Basic fuchsin', 'What is the most likely technique used to stain this micrograph? None', 'What is the most likely technique used to stain this micrograph? Alcian Blue', 'What is the most likely technique used to stain this micrograph? IHC(HDab)', 'What is the most likely technique used to stain this micrograph? none of the above']",38b2475c-faa9-41d5-8903-9b0df2dc5a33,IHC(HDab),4,"{'pred': [4], 'probs': [[5.2665633120341226e-05, 5.589381402160143e-08, 3.476026222415385e-07, 1.1831952662078038e-07, 0.9999444484710693, 2.2885349153511925e-06]], 'pred_prompt': ['What is the most likely technique used to stain this micrograph? IHC(HDab)']}",2.0,,,,,
stain,"['What is the most likely technique used to stain this micrograph? Gram', 'What is the most likely technique used to stain this micrograph? Toluidine Blue', 'What is the most likely technique used to stain this micrograph? H&E', 'What is the most likely technique used to stain this micrograph? Alcian Blue', 'What is the most likely technique used to stain this micrograph? IHC(HDab)', 'What is the most likely technique used to stain this micrograph? none of the above']",4d76e0a6-2eed-461a-970c-8c1e489fffa5,IHC(HDab),4,"{'pred': [4], 'probs': [[3.0305470772873377e-06, 6.530846974328597e-10, 1.1259858467838058e-07, 3.644068158337177e-08, 0.9999967813491821, 1.0448603404711321e-07]], 'pred_prompt': ['What is the most likely technique used to stain this micrograph? IHC(HDab)']}",2.0,,,,,
stain,"['What is the most likely technique used to stain this micrograph? Gram', 'What is the most likely technique used to stain this micrograph? IHC(Red)', 'What is the most likely technique used to stain this micrograph? Ziehl-Neelsen', 'What is the most likely technique used to stain this micrograph? Giemsa', 'What is the most likely technique used to stain this micrograph? Toluidine Blue', 'What is the most likely technique used to stain this micrograph? none of the above']",e964a691-e3f3-4564-ad34-a99270fa8b48,IHC(Red),1,"{'pred': [1], 'probs': [[6.761532131349668e-05, 0.9999322891235352, 3.028105322044894e-09, 5.9140965902315656e-08, 1.3937952354770022e-11, 6.517355188861984e-08]], 'pred_prompt': ['What is the most likely technique used to stain this micrograph? IHC(Red)']}",2.0,,,,,
stain,"['What is the most likely technique used to stain this micrograph? synthetic', 'What is the most likely technique used to stain this micrograph? IHC(HDab)', 'What is the most likely technique used to stain this micrograph? Gram', 'What is the most likely technique used to stain this micrograph? Papanicolaou', 'What is the most likely technique used to stain this micrograph? Toluidine Blue', 'What is the most likely technique used to stain this micrograph? none of the above']",7e4aec9a-2746-4584-87c8-c11f241e42b2,IHC(HDab),1,"{'pred': [1], 'probs': [[4.139125153734824e-10, 0.9999992847442627, 3.678640041471226e-07, 1.2152560735501083e-08, 1.1198555416314093e-09, 3.6053771168553794e-07]], 'pred_prompt': ['What is the most likely technique used to stain this micrograph? IHC(HDab)']}",2.0,,,,,
modality,"['What is the most likely microscopy modality used to acquire this image? fluorescence microscopy', 'What is the most likely microscopy modality used to acquire this image? electron microscopy', 'What is the most likely microscopy modality used to acquire this image? light microscopy', 'What is the most likely microscopy modality used to acquire this image? none of the above']",efc26271-faae-44a6-8e17-b7954012dded,light microscopy,2,"{'pred': [2], 'probs': [[3.8957601645961404e-05, 0.0064188954420387745, 0.9934908747673035, 5.1267779781483114e-05]], 'pred_prompt': ['What is the most likely microscopy modality used to acquire this image? light microscopy']}",2.0,,,,,
submodality,"['What is the most likely microscopy submodality used to acquire this image? darkfield microscopy', 'What is the most likely microscopy submodality used to acquire this image? synthetic', 'What is the most likely microscopy submodality used to acquire this image? brightfield microscopy', 'What is the most likely microscopy submodality used to acquire this image? differential interference contrast microscopy', 'What is the most likely microscopy submodality used to acquire this image? mixed', 'What is the most likely microscopy submodality used to acquire this image? none of the above']",dd6b4220-c0b2-47f4-8d59-ccfa1e921bcd,brightfield microscopy,2,"{'pred': [2], 'probs': [[3.826154170383234e-06, 5.890992693657893e-10, 0.9999958276748657, 3.474693244243099e-07, 1.862789922313368e-08, 1.8116518285538064e-09]], 'pred_prompt': ['What is the most likely microscopy submodality used to acquire this image? brightfield microscopy']}",2.0,,,,,
stain,"['What is the most likely technique used to stain this micrograph? Basic fuchsin', 'What is the most likely technique used to stain this micrograph? H&E', 'What is the most likely technique used to stain this micrograph? IHC(Red)', 'What is the most likely technique used to stain this micrograph? Ziehl-Neelsen', 'What is the most likely technique used to stain this micrograph? PAS', 'What is the most likely technique used to stain this micrograph? none of the above']",70005714-1a96-41e8-8774-dd4b75ea4c05,IHC(Red),2,"{'pred': [2], 'probs': [[1.236522166436771e-06, 8.612374813310453e-09, 0.9999892711639404, 1.3909117342336685e-06, 1.4757796407138812e-06, 6.5409712988184765e-06]], 'pred_prompt': ['What is the most likely technique used to stain this micrograph? IHC(Red)']}",2.0,,,,,
submodality,"['What is the most likely microscopy submodality used to acquire this image? differential interference contrast microscopy', 'What is the most likely microscopy submodality used to acquire this image? polarized light microscopy', 'What is the most likely microscopy submodality used to acquire this image? mixed', 'What is the most likely microscopy submodality used to acquire this image? brightfield microscopy', 'What is the most likely microscopy submodality used to acquire this image? synthetic', 'What is the most likely microscopy submodality used to acquire this image? none of the above']",e61df7aa-2d50-474c-b931-01190b131c45,brightfield microscopy,3,"{'pred': [3], 'probs': [[4.4114435127085017e-07, 2.187130849051755e-05, 2.2018125491740648e-06, 0.9999754428863525, 7.528625722841298e-09, 8.298584930344077e-08]], 'pred_prompt': ['What is the most likely microscopy submodality used to acquire this image? brightfield microscopy']}",2.0,,,,,
submodality,"['What is the most likely microscopy submodality used to acquire this image? darkfield microscopy', 'What is the most likely microscopy submodality used to acquire this image? synthetic', 'What is the most likely microscopy submodality used to acquire this image? differential interference contrast microscopy', 'What is the most likely microscopy submodality used to acquire this image? mixed', 'What is the most likely microscopy submodality used to acquire this image? brightfield microscopy', 'What is the most likely microscopy submodality used to acquire this image? none of the above']",4e793bfa-7bd1-43be-a2ce-62953640c709,brightfield microscopy,4,"{'pred': [4], 'probs': [[2.675343012015219e-06, 1.0921462623159073e-09, 1.569163487147307e-06, 2.0511146203716635e-07, 0.9999955892562866, 9.72949809607826e-09]], 'pred_prompt': ['What is the most likely microscopy submodality used to acquire this image? brightfield microscopy']}",2.0,,,,,
domain,"['What is the most likely field of study this micrograph would be used for? pathology', 'What is the most likely field of study this micrograph would be used for? cytology', 'What is the most likely field of study this micrograph would be used for? ophthalmology', 'What is the most likely field of study this micrograph would be used for? radiology', 'What is the most likely field of study this micrograph would be used for? biology', 'What is the most likely field of study this micrograph would be used for? none of the above']",368b6a7e-9598-43e2-bee3-84f79e40c03d,pathology,0,"{'pred': [0], 'probs': [[0.9999995231628418, 7.845791571980953e-09, 4.167993381543056e-07, 4.4304446333853775e-08, 6.221513082493857e-09, 1.9348718183209712e-08]], 'pred_prompt': ['What is the most likely field of study this micrograph would be used for? pathology']}",2.0,,,,,
stain,"['What is the most likely technique used to stain this micrograph? Toluidine Blue', 'What is the most likely technique used to stain this micrograph? IHC(HDab)', 'What is the most likely technique used to stain this micrograph? Alcian Blue', 'What is the most likely technique used to stain this micrograph? Ziehl-Neelsen', 'What is the most likely technique used to stain this micrograph? synthetic', 'What is the most likely technique used to stain this micrograph? none of the above']",b2c1e494-8919-4ac7-b746-2afe2bf200a1,IHC(HDab),1,"{'pred': [1], 'probs': [[1.7914922878503603e-08, 0.9999995231628418, 9.662207389737887e-08, 1.4835459971607179e-08, 2.1079829548575901e-10, 3.4402427218083176e-07]], 'pred_prompt': ['What is the most likely technique used to stain this micrograph? IHC(HDab)']}",2.0,,,,,
submodality,"['What is the most likely microscopy submodality used to acquire this image? darkfield microscopy', 'What is the most likely microscopy submodality used to acquire this image? polarized light microscopy', 'What is the most likely microscopy submodality used to acquire this image? mixed', 'What is the most likely microscopy submodality used to acquire this image? synthetic', 'What is the most likely microscopy submodality used to acquire this image? brightfield microscopy', 'What is the most likely microscopy submodality used to acquire this image? none of the above']",77f4f81e-e043-4ac8-a20f-f81fac127c8c,brightfield microscopy,4,"{'pred': [4], 'probs': [[1.6593070313319913e-06, 1.4006057824644813e-07, 2.1232231972589943e-08, 1.0887667156733727e-10, 0.9999982118606567, 1.222799084210635e-09]], 'pred_prompt': ['What is the most likely microscopy submodality used to acquire this image? brightfield microscopy']}",2.0,,,,,
modality,"['What is the most likely microscopy modality used to acquire this image? electron microscopy', 'What is the most likely microscopy modality used to acquire this image? fluorescence microscopy', 'What is the most likely microscopy modality used to acquire this image? light microscopy', 'What is the most likely microscopy modality used to acquire this image? none of the above']",2ad2e7fd-9843-4624-a9fd-153bd612e96e,light microscopy,2,"{'pred': [2], 'probs': [[3.166141323163174e-05, 9.930913620337378e-07, 0.9999665021896362, 8.486118190376146e-07]], 'pred_prompt': ['What is the most likely microscopy modality used to acquire this image? light microscopy']}",2.0,,,,,
stain,"['What is the most likely technique used to stain this micrograph? PAS', 'What is the most likely technique used to stain this micrograph? IHC(HDab)', 'What is the most likely technique used to stain this micrograph? IHC(Red)', 'What is the most likely technique used to stain this micrograph? Wright-Giemsa', 'What is the most likely technique used to stain this micrograph? Toluidine Blue', 'What is the most likely technique used to stain this micrograph? none of the above']",2d4d3cd1-812c-457c-bc65-3e144c4eba37,IHC(HDab),1,"{'pred': [1], 'probs': [[2.0361698261694983e-05, 0.9993767142295837, 0.0005760236526839435, 2.399972618150059e-05, 1.2851990582873896e-08, 2.955406898763613e-06]], 'pred_prompt': ['What is the most likely technique used to stain this micrograph? IHC(HDab)']}",2.0,,,,,
stain,"['What is the most likely technique used to stain this micrograph? Wright-Giemsa', 'What is the most likely technique used to stain this micrograph? Congo Red', 'What is the most likely technique used to stain this micrograph? Basic fuchsin', 'What is the most likely technique used to stain this micrograph? IHC(HDab)', 'What is the most likely technique used to stain this micrograph? synthetic', 'What is the most likely technique used to stain this micrograph? none of the above']",4e793bfa-7bd1-43be-a2ce-62953640c709,IHC(HDab),3,"{'pred': [3], 'probs': [[4.9977039395798784e-08, 6.209505158949469e-07, 6.152087284050367e-09, 0.9999719858169556, 2.0868846206667513e-08, 2.7241416319156997e-05]], 'pred_prompt': ['What is the most likely technique used to stain this micrograph? IHC(HDab)']}",2.0,,,,,
domain,"['What is the most likely field of study this micrograph would be used for? cytology', 'What is the most likely field of study this micrograph would be used for? biology', 'What is the most likely field of study this micrograph would be used for? dermatology', 'What is the most likely field of study this micrograph would be used for? radiology', 'What is the most likely field of study this micrograph would be used for? pathology', 'What is the most likely field of study this micrograph would be used for? none of the above']",7ea4bf56-b470-4e16-a90e-ce176e2e9da8,pathology,4,"{'pred': [4], 'probs': [[7.117479867702059e-07, 7.164152293626103e-08, 3.442057732172543e-07, 1.7024900955675548e-07, 0.9999985694885254, 9.710047521593879e-08]], 'pred_prompt': ['What is the most likely field of study this micrograph would be used for? pathology']}",2.0,,,,,
stain,"['What is the most likely technique used to stain this micrograph? IHC(HDab)', 'What is the most likely technique used to stain this micrograph? Congo Red', 'What is the most likely technique used to stain this micrograph? Gram', 'What is the most likely technique used to stain this micrograph? Masson Trichrome', 'What is the most likely technique used to stain this micrograph? synthetic', 'What is the most likely technique used to stain this micrograph? none of the above']",a6aef8dd-080d-4bab-ad64-46c3fba84d5e,IHC(HDab),0,"{'pred': [0], 'probs': [[0.9999998807907104, 1.546053169931838e-07, 5.273981695808061e-09, 2.9603573065140054e-11, 4.665063908088074e-12, 3.1106197617702946e-09]], 'pred_prompt': ['What is the most likely technique used to stain this micrograph? IHC(HDab)']}",2.0,,,,,
domain,"['What is the most likely field of study this micrograph would be used for? cytology', 'What is the most likely field of study this micrograph would be used for? pathology', 'What is the most likely field of study this micrograph would be used for? radiology', 'What is the most likely field of study this micrograph would be used for? biology', 'What is the most likely field of study this micrograph would be used for? dermatology', 'What is the most likely field of study this micrograph would be used for? none of the above']",58db2ffe-b37e-4a82-b1e6-69f53b82ec81,pathology,1,"{'pred': [1], 'probs': [[2.677065680245505e-08, 0.9999994039535522, 3.195044939729996e-08, 1.0114246862258369e-07, 3.1389075161314395e-07, 1.4811178061790997e-07]], 'pred_prompt': ['What is the most likely field of study this micrograph would be used for? pathology']}",2.0,,,,,
domain,"['What is the most likely field of study this micrograph would be used for? ophthalmology', 'What is the most likely field of study this micrograph would be used for? pathology', 'What is the most likely field of study this micrograph would be used for? biology', 'What is the most likely field of study this micrograph would be used for? cytology', 'What is the most likely field of study this micrograph would be used for? radiology', 'What is the most likely field of study this micrograph would be used for? none of the above']",67cf03e3-50c1-4985-bcf1-225b6574afc5,pathology,1,"{'pred': [1], 'probs': [[1.3769856366252498e-07, 0.9999997615814209, 9.415118285005519e-08, 1.3649822605543704e-08, 7.66045005207161e-09, 2.204582827403101e-08]], 'pred_prompt': ['What is the most likely field of study this micrograph would be used for? pathology']}",2.0,,,,,
submodality,"['What is the most likely microscopy submodality used to acquire this image? phase contrast microscopy', 'What is the most likely microscopy submodality used to acquire this image? polarized light microscopy', 'What is the most likely microscopy submodality used to acquire this image? brightfield microscopy', 'What is the most likely microscopy submodality used to acquire this image? synthetic', 'What is the most likely microscopy submodality used to acquire this image? differential interference contrast microscopy', 'What is the most likely microscopy submodality used to acquire this image? none of the above']",8667f677-c191-407f-978e-248199f783fd,brightfield microscopy,2,"{'pred': [2], 'probs': [[4.410350982197997e-07, 8.630092338535178e-07, 0.9999948740005493, 1.3213656514451944e-12, 3.872943125315942e-06, 5.30586078545392e-12]], 'pred_prompt': ['What is the most likely microscopy submodality used to acquire this image? brightfield microscopy']}",2.0,,,,,
submodality,"['What is the most likely microscopy submodality used to acquire this image? mixed', 'What is the most likely microscopy submodality used to acquire this image? brightfield microscopy', 'What is the most likely microscopy submodality used to acquire this image? polarized light microscopy', 'What is the most likely microscopy submodality used to acquire this image? darkfield microscopy', 'What is the most likely microscopy submodality used to acquire this image? differential interference contrast microscopy', 'What is the most likely microscopy submodality used to acquire this image? none of the above']",83189d6c-7d23-4801-a3fc-fb30778a7975,brightfield microscopy,1,"{'pred': [1], 'probs': [[4.676470766185048e-09, 0.9999896287918091, 4.450418146006996e-06, 4.919469120068243e-06, 1.0173006330660428e-06, 4.858020652420691e-10]], 'pred_prompt': ['What is the most likely microscopy submodality used to acquire this image? brightfield microscopy']}",2.0,,,,,
stain,"['What is the most likely technique used to stain this micrograph? Toluidine Blue', 'What is the most likely technique used to stain this micrograph? Gram', 'What is the most likely technique used to stain this micrograph? Wright-Giemsa', 'What is the most likely technique used to stain this micrograph? IHC(Red)', 'What is the most likely technique used to stain this micrograph? Congo Red', 'What is the most likely technique used to stain this micrograph? none of the above']",7d50b30e-6660-4888-bcdd-e96dd155a6a4,IHC(Red),3,"{'pred': [3], 'probs': [[2.4077518645526652e-08, 0.003012118162587285, 6.577436550969651e-08, 0.9967828989028931, 0.000198226363863796, 6.667413799732458e-06]], 'pred_prompt': ['What is the most likely technique used to stain this micrograph? IHC(Red)']}",2.0,,,,,
submodality,"['What is the most likely microscopy submodality used to acquire this image? brightfield microscopy', 'What is the most likely microscopy submodality used to acquire this image? mixed', 'What is the most likely microscopy submodality used to acquire this image? polarized light microscopy', 'What is the most likely microscopy submodality used to acquire this image? synthetic', 'What is the most likely microscopy submodality used to acquire this image? differential interference contrast microscopy', 'What is the most likely microscopy submodality used to acquire this image? none of the above']",f4fb21a7-b675-4580-b502-8ae6a24b8d12,brightfield microscopy,0,"{'pred': [0], 'probs': [[0.9999983310699463, 1.625254597570347e-08, 5.133092599862721e-07, 8.10174566323596e-11, 1.1655794196485658e-06, 5.310197281893636e-10]], 'pred_prompt': ['What is the most likely microscopy submodality used to acquire this image? brightfield microscopy']}",2.0,,,,,
stain,"['What is the most likely technique used to stain this micrograph? Alcian Blue', 'What is the most likely technique used to stain this micrograph? IHC(HDab)', 'What is the most likely technique used to stain this micrograph? Masson Trichrome', 'What is the most likely technique used to stain this micrograph? Ziehl-Neelsen', 'What is the most likely technique used to stain this micrograph? IHC(Red)', 'What is the most likely technique used to stain this micrograph? none of the above']",87ba50b2-2cc8-4a5d-b6b0-41ee6488a554,IHC(HDab),1,"{'pred': [1], 'probs': [[1.0590877508320773e-08, 0.9870297312736511, 2.825026670927322e-11, 3.5369192019629736e-09, 0.012970141135156155, 1.3318341984813742e-07]], 'pred_prompt': ['What is the most likely technique used to stain this micrograph? IHC(HDab)']}",2.0,,,,,
submodality,"['What is the most likely microscopy submodality used to acquire this image? differential interference contrast microscopy', 'What is the most likely microscopy submodality used to acquire this image? phase contrast microscopy', 'What is the most likely microscopy submodality used to acquire this image? polarized light microscopy', 'What is the most likely microscopy submodality used to acquire this image? synthetic', 'What is the most likely microscopy submodality used to acquire this image? brightfield microscopy', 'What is the most likely microscopy submodality used to acquire this image? none of the above']",117cdf8e-e1c5-4b15-986f-22eea892bc15,brightfield microscopy,4,"{'pred': [4], 'probs': [[4.215476678837149e-08, 3.409739747439744e-06, 6.379271866308045e-08, 1.1878814598631493e-10, 0.9999964237213135, 6.224956661249337e-10]], 'pred_prompt': ['What is the most likely microscopy submodality used to acquire this image? brightfield microscopy']}",2.0,,,,,
submodality,"['What is the most likely microscopy submodality used to acquire this image? synthetic', 'What is the most likely microscopy submodality used to acquire this image? brightfield microscopy', 'What is the most likely microscopy submodality used to acquire this image? phase contrast microscopy', 'What is the most likely microscopy submodality used to acquire this image? darkfield microscopy', 'What is the most likely microscopy submodality used to acquire this image? mixed', 'What is the most likely microscopy submodality used to acquire this image? none of the above']",2dbb8528-3974-4e2d-919b-a5ba7438eb71,brightfield microscopy,1,"{'pred': [1], 'probs': [[1.9243583115891028e-10, 0.9999555349349976, 3.567768544598948e-06, 4.0903752960730344e-05, 1.8125613010511188e-08, 1.9232695436244285e-09]], 'pred_prompt': ['What is the most likely microscopy submodality used to acquire this image? brightfield microscopy']}",2.0,,,,,
stain,"['What is the most likely technique used to stain this micrograph? Giemsa', 'What is the most likely technique used to stain this micrograph? synthetic', 'What is the most likely technique used to stain this micrograph? IHC(HDab)', 'What is the most likely technique used to stain this micrograph? Congo Red', 'What is the most likely technique used to stain this micrograph? Gram', 'What is the most likely technique used to stain this micrograph? none of the above']",698f9a28-0e7c-458e-80a4-83e1e561937f,IHC(HDab),2,"{'pred': [2], 'probs': [[2.207689931310597e-06, 8.102469806203771e-10, 0.9999936819076538, 1.1256756806687918e-06, 1.5113311064851587e-06, 1.525408720226551e-06]], 'pred_prompt': ['What is the most likely technique used to stain this micrograph? IHC(HDab)']}",2.0,,,,,
domain,"['What is the most likely field of study this micrograph would be used for? dermatology', 'What is the most likely field of study this micrograph would be used for? pathology', 'What is the most likely field of study this micrograph would be used for? cytology', 'What is the most likely field of study this micrograph would be used for? radiology', 'What is the most likely field of study this micrograph would be used for? ophthalmology', 'What is the most likely field of study this micrograph would be used for? none of the above']",041c6838-c113-448d-b657-c85323d0e9c4,pathology,1,"{'pred': [1], 'probs': [[1.3203790283355943e-09, 0.9999998807907104, 8.7520319880241e-09, 3.532555936658355e-08, 7.872412166598508e-10, 1.1625964901895713e-07]], 'pred_prompt': ['What is the most likely field of study this micrograph would be used for? pathology']}",2.0,,,,,
stain,"['What is the most likely technique used to stain this micrograph? Wright-Giemsa', 'What is the most likely technique used to stain this micrograph? IHC(HDab)', 'What is the most likely technique used to stain this micrograph? Papanicolaou', 'What is the most likely technique used to stain this micrograph? Toluidine Blue', 'What is the most likely technique used to stain this micrograph? None', 'What is the most likely technique used to stain this micrograph? none of the above']",fe760f0f-72ff-449d-ad5f-2fabb108525a,IHC(HDab),1,"{'pred': [1], 'probs': [[1.1079239747857628e-08, 0.9999988079071045, 9.76699432442274e-09, 5.327665064669418e-08, 2.3607000798619993e-07, 9.675962928668014e-07]], 'pred_prompt': ['What is the most likely technique used to stain this micrograph? IHC(HDab)']}",2.0,,,,,
submodality,"['What is the most likely microscopy submodality used to acquire this image? synthetic', 'What is the most likely microscopy submodality used to acquire this image? polarized light microscopy', 'What is the most likely microscopy submodality used to acquire this image? darkfield microscopy', 'What is the most likely microscopy submodality used to acquire this image? mixed', 'What is the most likely microscopy submodality used to acquire this image? brightfield microscopy', 'What is the most likely microscopy submodality used to acquire this image? none of the above']",e81a6ca2-172b-4b33-8c6e-25f10bf38cbe,brightfield microscopy,4,"{'pred': [4], 'probs': [[7.333754714622387e-10, 7.218730502245307e-07, 1.046108991431538e-05, 1.5428453536969755e-07, 0.9999885559082031, 2.3276070848510244e-08]], 'pred_prompt': ['What is the most likely microscopy submodality used to acquire this image? brightfield microscopy']}",2.0,,,,,
modality,"['What is the most likely microscopy modality used to acquire this image? electron microscopy', 'What is the most likely microscopy modality used to acquire this image? fluorescence microscopy', 'What is the most likely microscopy modality used to acquire this image? light microscopy', 'What is the most likely microscopy modality used to acquire this image? none of the above']",92417a08-8107-442e-bc63-3991d8eed836,light microscopy,2,"{'pred': [2], 'probs': [[3.3990872907452285e-05, 8.125950444082264e-06, 0.9999452829360962, 1.265577975573251e-05]], 'pred_prompt': ['What is the most likely microscopy modality used to acquire this image? light microscopy']}",2.0,,,,,
stain,"['What is the most likely technique used to stain this micrograph? Papanicolaou', 'What is the most likely technique used to stain this micrograph? Giemsa', 'What is the most likely technique used to stain this micrograph? IHC(HDab)', 'What is the most likely technique used to stain this micrograph? Toluidine Blue', 'What is the most likely technique used to stain this micrograph? PAS', 'What is the most likely technique used to stain this micrograph? none of the above']",daf2277c-0cb1-4497-a993-1efc3d4643a1,IHC(HDab),2,"{'pred': [2], 'probs': [[3.3652472097855934e-07, 4.314040779718198e-06, 0.9999945163726807, 1.410026939652198e-08, 6.647721875197021e-07, 2.0796254318611318e-07]], 'pred_prompt': ['What is the most likely technique used to stain this micrograph? IHC(HDab)']}",2.0,,,,,
modality,"['What is the most likely microscopy modality used to acquire this image? light microscopy', 'What is the most likely microscopy modality used to acquire this image? fluorescence microscopy', 'What is the most likely microscopy modality used to acquire this image? electron microscopy', 'What is the most likely microscopy modality used to acquire this image? none of the above']",413f7e76-a625-412d-bcc1-a084f3673d51,light microscopy,0,"{'pred': [0], 'probs': [[0.9999880790710449, 4.360118310842154e-08, 1.1778935004258528e-05, 1.2950613381690346e-07]], 'pred_prompt': ['What is the most likely microscopy modality used to acquire this image? light microscopy']}",2.0,,,,,
submodality,"['What is the most likely microscopy submodality used to acquire this image? brightfield microscopy', 'What is the most likely microscopy submodality used to acquire this image? mixed', 'What is the most likely microscopy submodality used to acquire this image? polarized light microscopy', 'What is the most likely microscopy submodality used to acquire this image? differential interference contrast microscopy', 'What is the most likely microscopy submodality used to acquire this image? synthetic', 'What is the most likely microscopy submodality used to acquire this image? none of the above']",50b80464-6b67-49d6-a4a7-4f5aba04bbe0,brightfield microscopy,0,"{'pred': [0], 'probs': [[0.9999942779541016, 1.6559586129005766e-06, 2.7710514132195385e-06, 1.197246092488058e-06, 8.456348510321732e-09, 9.488964280990331e-08]], 'pred_prompt': ['What is the most likely microscopy submodality used to acquire this image? brightfield microscopy']}",2.0,,,,,
modality,"['What is the most likely microscopy modality used to acquire this image? electron microscopy', 'What is the most likely microscopy modality used to acquire this image? light microscopy', 'What is the most likely microscopy modality used to acquire this image? fluorescence microscopy', 'What is the most likely microscopy modality used to acquire this image? none of the above']",1d16fd7f-6c21-4722-ad12-28ca77b6d4e7,light microscopy,1,"{'pred': [1], 'probs': [[6.655885158579622e-07, 0.9999991655349731, 9.886242935408518e-08, 1.0126210980843098e-07]], 'pred_prompt': ['What is the most likely microscopy modality used to acquire this image? light microscopy']}",2.0,,,,,
stain,"['What is the most likely technique used to stain this micrograph? IHC(Red)', 'What is the most likely technique used to stain this micrograph? Basic fuchsin', 'What is the most likely technique used to stain this micrograph? IHC(HDab)', 'What is the most likely technique used to stain this micrograph? Giemsa', 'What is the most likely technique used to stain this micrograph? None', 'What is the most likely technique used to stain this micrograph? none of the above']",75645796-8f18-48a9-95df-cfcb7a4b2f18,IHC(HDab),2,"{'pred': [2], 'probs': [[0.0006092386902309954, 3.5342505810831426e-08, 0.9993886947631836, 2.535508656364982e-07, 7.684832326049218e-07, 1.0362909961258993e-06]], 'pred_prompt': ['What is the most likely technique used to stain this micrograph? IHC(HDab)']}",2.0,,,,,
stain,"['What is the most likely technique used to stain this micrograph? Basic fuchsin', 'What is the most likely technique used to stain this micrograph? IHC(HDab)', 'What is the most likely technique used to stain this micrograph? PAS', 'What is the most likely technique used to stain this micrograph? Alcian Blue', 'What is the most likely technique used to stain this micrograph? IHC(Red)', 'What is the most likely technique used to stain this micrograph? none of the above']",6075fdd0-a174-45e8-937c-b928c6f42147,IHC(Red),4,"{'pred': [4], 'probs': [[4.6013360588403884e-06, 0.03962433710694313, 1.9281922504887916e-05, 3.087687332481437e-07, 0.9603503942489624, 1.1302068969598622e-06]], 'pred_prompt': ['What is the most likely technique used to stain this micrograph? IHC(Red)']}",2.0,,,,,
domain,"['What is the most likely field of study this micrograph would be used for? pathology', 'What is the most likely field of study this micrograph would be used for? ophthalmology', 'What is the most likely field of study this micrograph would be used for? radiology', 'What is the most likely field of study this micrograph would be used for? cytology', 'What is the most likely field of study this micrograph would be used for? dermatology', 'What is the most likely field of study this micrograph would be used for? none of the above']",0867568d-458a-49c8-ba5e-7908ac03b1ea,pathology,0,"{'pred': [0], 'probs': [[1.0, 9.969824965594398e-10, 2.759295014698182e-10, 5.581397566345458e-10, 3.2533240545973285e-09, 6.247352635213588e-10]], 'pred_prompt': ['What is the most likely field of study this micrograph would be used for? pathology']}",2.0,,,,,
submodality,"['What is the most likely microscopy submodality used to acquire this image? darkfield microscopy', 'What is the most likely microscopy submodality used to acquire this image? differential interference contrast microscopy', 'What is the most likely microscopy submodality used to acquire this image? brightfield microscopy', 'What is the most likely microscopy submodality used to acquire this image? polarized light microscopy', 'What is the most likely microscopy submodality used to acquire this image? synthetic', 'What is the most likely microscopy submodality used to acquire this image? none of the above']",f9c53632-26b2-4788-8de1-76886b6e397d,brightfield microscopy,2,"{'pred': [2], 'probs': [[1.061791436995918e-07, 8.77210695193753e-08, 0.9999997615814209, 9.133851897047407e-09, 1.1001404648380841e-11, 1.5477116810380664e-10]], 'pred_prompt': ['What is the most likely microscopy submodality used to acquire this image? brightfield microscopy']}",2.0,,,,,
modality,"['What is the most likely microscopy modality used to acquire this image? electron microscopy', 'What is the most likely microscopy modality used to acquire this image? light microscopy', 'What is the most likely microscopy modality used to acquire this image? fluorescence microscopy', 'What is the most likely microscopy modality used to acquire this image? none of the above']",575eddbf-0d53-43be-81fa-fc4b1c1dd87d,light microscopy,1,"{'pred': [1], 'probs': [[3.734006526201483e-08, 1.0, 1.5877382963935815e-08, 1.1915290976105553e-08]], 'pred_prompt': ['What is the most likely microscopy modality used to acquire this image? light microscopy']}",2.0,,,,,
stain,"['What is the most likely technique used to stain this micrograph? IHC(Red)', 'What is the most likely technique used to stain this micrograph? Toluidine Blue', 'What is the most likely technique used to stain this micrograph? IHC(HDab)', 'What is the most likely technique used to stain this micrograph? Congo Red', 'What is the most likely technique used to stain this micrograph? Alcian Blue', 'What is the most likely technique used to stain this micrograph? none of the above']",96b226f1-6ac8-4a91-a4ff-1e75fb102542,IHC(HDab),2,"{'pred': [2], 'probs': [[0.007331164088100195, 4.699633127103198e-09, 0.9926664233207703, 2.120407771144528e-06, 8.23458208287775e-08, 2.1304606434568996e-07]], 'pred_prompt': ['What is the most likely technique used to stain this micrograph? IHC(HDab)']}",2.0,,,,,
domain,"['What is the most likely field of study this micrograph would be used for? cytology', 'What is the most likely field of study this micrograph would be used for? ophthalmology', 'What is the most likely field of study this micrograph would be used for? radiology', 'What is the most likely field of study this micrograph would be used for? pathology', 'What is the most likely field of study this micrograph would be used for? dermatology', 'What is the most likely field of study this micrograph would be used for? none of the above']",74f33801-8017-4674-b89b-7e038cde3d98,pathology,3,"{'pred': [3], 'probs': [[9.99816673896703e-09, 3.688489513820059e-09, 3.333033571362165e-10, 1.0, 6.577198785606697e-09, 2.4177031932026694e-08]], 'pred_prompt': ['What is the most likely field of study this micrograph would be used for? pathology']}",2.0,,,,,
submodality,"['What is the most likely microscopy submodality used to acquire this image? synthetic', 'What is the most likely microscopy submodality used to acquire this image? darkfield microscopy', 'What is the most likely microscopy submodality used to acquire this image? polarized light microscopy', 'What is the most likely microscopy submodality used to acquire this image? differential interference contrast microscopy', 'What is the most likely microscopy submodality used to acquire this image? brightfield microscopy', 'What is the most likely microscopy submodality used to acquire this image? none of the above']",34781352-cd4a-4d85-a861-63b3d8b82b50,brightfield microscopy,4,"{'pred': [4], 'probs': [[1.7215886494170718e-09, 1.2099105333618354e-05, 1.3800749911752064e-06, 5.836386662849691e-07, 0.9999858140945435, 2.2165473012591974e-08]], 'pred_prompt': ['What is the most likely microscopy submodality used to acquire this image? brightfield microscopy']}",2.0,,,,,
submodality,"['What is the most likely microscopy submodality used to acquire this image? brightfield microscopy', 'What is the most likely microscopy submodality used to acquire this image? phase contrast microscopy', 'What is the most likely microscopy submodality used to acquire this image? synthetic', 'What is the most likely microscopy submodality used to acquire this image? darkfield microscopy', 'What is the most likely microscopy submodality used to acquire this image? polarized light microscopy', 'What is the most likely microscopy submodality used to acquire this image? none of the above']",554e31b1-5db2-425b-a710-eafa864ea32b,brightfield microscopy,0,"{'pred': [0], 'probs': [[0.9999933242797852, 5.528175279323477e-06, 2.8440544364016773e-10, 8.507374218424957e-07, 2.485149934727815e-07, 4.083677396238272e-09]], 'pred_prompt': ['What is the most likely microscopy submodality used to acquire this image? brightfield microscopy']}",2.0,,,,,
stain,"['What is the most likely technique used to stain this micrograph? Congo Red', 'What is the most likely technique used to stain this micrograph? IHC(HDab)', 'What is the most likely technique used to stain this micrograph? IHC(Red)', 'What is the most likely technique used to stain this micrograph? Gram', 'What is the most likely technique used to stain this micrograph? Toluidine Blue', 'What is the most likely technique used to stain this micrograph? none of the above']",959a1697-e85d-424f-ab2a-ac9d9c3c1028,IHC(HDab),1,"{'pred': [1], 'probs': [[0.015795303508639336, 0.9348337054252625, 0.04929984733462334, 5.284294093144126e-05, 1.3998745771459653e-06, 1.69432441907702e-05]], 'pred_prompt': ['What is the most likely technique used to stain this micrograph? IHC(HDab)']}",2.0,,,,,
submodality,"['What is the most likely microscopy submodality used to acquire this image? phase contrast microscopy', 'What is the most likely microscopy submodality used to acquire this image? polarized light microscopy', 'What is the most likely microscopy submodality used to acquire this image? brightfield microscopy', 'What is the most likely microscopy submodality used to acquire this image? synthetic', 'What is the most likely microscopy submodality used to acquire this image? differential interference contrast microscopy', 'What is the most likely microscopy submodality used to acquire this image? none of the above']",b9cb3774-934e-4f7f-a87d-6908f77f8d4f,brightfield microscopy,2,"{'pred': [2], 'probs': [[3.1425665838469286e-06, 1.1885295947422492e-07, 0.9999966621398926, 1.0047751519692838e-10, 8.57835900092141e-08, 1.0419117790760879e-09]], 'pred_prompt': ['What is the most likely microscopy submodality used to acquire this image? brightfield microscopy']}",2.0,,,,,
modality,"['What is the most likely microscopy modality used to acquire this image? electron microscopy', 'What is the most likely microscopy modality used to acquire this image? fluorescence microscopy', 'What is the most likely microscopy modality used to acquire this image? light microscopy', 'What is the most likely microscopy modality used to acquire this image? none of the above']",5351d2a4-2ff2-4312-93c9-8d5967e52b20,light microscopy,2,"{'pred': [2], 'probs': [[2.9416063625831157e-05, 2.9065095077385195e-05, 0.999933123588562, 8.350742064067163e-06]], 'pred_prompt': ['What is the most likely microscopy modality used to acquire this image? light microscopy']}",2.0,,,,,
domain,"['What is the most likely field of study this micrograph would be used for? biology', 'What is the most likely field of study this micrograph would be used for? pathology', 'What is the most likely field of study this micrograph would be used for? ophthalmology', 'What is the most likely field of study this micrograph would be used for? radiology', 'What is the most likely field of study this micrograph would be used for? cytology', 'What is the most likely field of study this micrograph would be used for? none of the above']",0a856925-56e2-4e43-906b-d1c8fe9592cf,pathology,1,"{'pred': [1], 'probs': [[2.9943012691546755e-07, 0.9999994039535522, 1.164897156513689e-08, 1.3190091241455093e-09, 1.7691691667209852e-08, 2.176836630951584e-07]], 'pred_prompt': ['What is the most likely field of study this micrograph would be used for? pathology']}",2.0,,,,,
modality,"['What is the most likely microscopy modality used to acquire this image? electron microscopy', 'What is the most likely microscopy modality used to acquire this image? light microscopy', 'What is the most likely microscopy modality used to acquire this image? fluorescence microscopy', 'What is the most likely microscopy modality used to acquire this image? none of the above']",c4386633-5cea-46d2-97c4-07d00293a22f,light microscopy,1,"{'pred': [1], 'probs': [[2.658918560882739e-07, 0.9999996423721313, 1.489911625185414e-07, 9.83155956646442e-09]], 'pred_prompt': ['What is the most likely microscopy modality used to acquire this image? light microscopy']}",2.0,,,,,
submodality,"['What is the most likely microscopy submodality used to acquire this image? brightfield microscopy', 'What is the most likely microscopy submodality used to acquire this image? phase contrast microscopy', 'What is the most likely microscopy submodality used to acquire this image? synthetic', 'What is the most likely microscopy submodality used to acquire this image? polarized light microscopy', 'What is the most likely microscopy submodality used to acquire this image? darkfield microscopy', 'What is the most likely microscopy submodality used to acquire this image? none of the above']",9478fb06-b000-4d93-bd73-edf6e28a4859,brightfield microscopy,0,"{'pred': [0], 'probs': [[0.9999241828918457, 7.437923341058195e-05, 8.218441552299005e-12, 7.762535148003735e-08, 1.2741220416501164e-06, 6.067974595014292e-11]], 'pred_prompt': ['What is the most likely microscopy submodality used to acquire this image? brightfield microscopy']}",2.0,,,,,
stain,"['What is the most likely technique used to stain this micrograph? Alcian Blue', 'What is the most likely technique used to stain this micrograph? Basic fuchsin', 'What is the most likely technique used to stain this micrograph? Ziehl-Neelsen', 'What is the most likely technique used to stain this micrograph? IHC(Red)', 'What is the most likely technique used to stain this micrograph? IHC(HDab)', 'What is the most likely technique used to stain this micrograph? none of the above']",11123ff5-d755-41ca-aa85-1e91b2f53d26,IHC(HDab),4,"{'pred': [4], 'probs': [[1.0102179714976955e-07, 2.027032408591367e-08, 8.721056588001375e-08, 0.0005235986318439245, 0.9994733929634094, 2.7247822345088935e-06]], 'pred_prompt': ['What is the most likely technique used to stain this micrograph? IHC(HDab)']}",2.0,,,,,
modality,"['What is the most likely microscopy modality used to acquire this image? electron microscopy', 'What is the most likely microscopy modality used to acquire this image? fluorescence microscopy', 'What is the most likely microscopy modality used to acquire this image? light microscopy', 'What is the most likely microscopy modality used to acquire this image? none of the above']",b1568663-c824-44b9-b00c-5967561f9734,light microscopy,2,"{'pred': [2], 'probs': [[2.0916922949254513e-06, 6.798078970859933e-07, 0.9999966621398926, 4.88236707951728e-07]], 'pred_prompt': ['What is the most likely microscopy modality used to acquire this image? light microscopy']}",2.0,,,,,
modality,"['What is the most likely microscopy modality used to acquire this image? light microscopy', 'What is the most likely microscopy modality used to acquire this image? fluorescence microscopy', 'What is the most likely microscopy modality used to acquire this image? electron microscopy', 'What is the most likely microscopy modality used to acquire this image? none of the above']",b20f4674-5b23-46ba-87e5-6f44361767de,light microscopy,0,"{'pred': [0], 'probs': [[0.9999799728393555, 6.710918569297064e-06, 1.1113313121313695e-05, 2.1730143089371268e-06]], 'pred_prompt': ['What is the most likely microscopy modality used to acquire this image? light microscopy']}",2.0,,,,,
modality,"['What is the most likely microscopy modality used to acquire this image? fluorescence microscopy', 'What is the most likely microscopy modality used to acquire this image? light microscopy', 'What is the most likely microscopy modality used to acquire this image? electron microscopy', 'What is the most likely microscopy modality used to acquire this image? none of the above']",87ba50b2-2cc8-4a5d-b6b0-41ee6488a554,light microscopy,1,"{'pred': [1], 'probs': [[4.739237283502007e-06, 0.9999881982803345, 3.546283323885291e-06, 3.429762273299275e-06]], 'pred_prompt': ['What is the most likely microscopy modality used to acquire this image? light microscopy']}",2.0,,,,,
modality,"['What is the most likely microscopy modality used to acquire this image? fluorescence microscopy', 'What is the most likely microscopy modality used to acquire this image? light microscopy', 'What is the most likely microscopy modality used to acquire this image? electron microscopy', 'What is the most likely microscopy modality used to acquire this image? none of the above']",aa28878f-4602-4417-a41e-c3ad4c2a7a39,light microscopy,1,"{'pred': [1], 'probs': [[3.792598135987646e-06, 0.9999740123748779, 1.285684629692696e-05, 9.3343687694869e-06]], 'pred_prompt': ['What is the most likely microscopy modality used to acquire this image? light microscopy']}",2.0,,,,,
modality,"['What is the most likely microscopy modality used to acquire this image? fluorescence microscopy', 'What is the most likely microscopy modality used to acquire this image? light microscopy', 'What is the most likely microscopy modality used to acquire this image? electron microscopy', 'What is the most likely microscopy modality used to acquire this image? none of the above']",4224e6bb-ae81-4e93-978c-861befceba1a,light microscopy,1,"{'pred': [1], 'probs': [[2.7420649075793335e-06, 0.9999194145202637, 7.745960465399548e-05, 4.152742008045607e-07]], 'pred_prompt': ['What is the most likely microscopy modality used to acquire this image? light microscopy']}",2.0,,,,,
domain,"['What is the most likely field of study this micrograph would be used for? dermatology', 'What is the most likely field of study this micrograph would be used for? pathology', 'What is the most likely field of study this micrograph would be used for? cytology', 'What is the most likely field of study this micrograph would be used for? radiology', 'What is the most likely field of study this micrograph would be used for? biology', 'What is the most likely field of study this micrograph would be used for? none of the above']",200097f6-6ca1-4de5-af81-0246995684d7,pathology,1,"{'pred': [1], 'probs': [[2.786888775307972e-10, 1.0, 6.008968322923636e-11, 9.50686612766205e-11, 2.8376159200149687e-09, 2.0319899929344132e-10]], 'pred_prompt': ['What is the most likely field of study this micrograph would be used for? pathology']}",2.0,,,,,
modality,"['What is the most likely microscopy modality used to acquire this image? fluorescence microscopy', 'What is the most likely microscopy modality used to acquire this image? light microscopy', 'What is the most likely microscopy modality used to acquire this image? electron microscopy', 'What is the most likely microscopy modality used to acquire this image? none of the above']",33b510b3-3921-4033-ade3-a9f40f361c70,light microscopy,1,"{'pred': [1], 'probs': [[2.1728933319309363e-08, 0.9999997615814209, 1.6471402375373145e-07, 9.002935286162028e-09]], 'pred_prompt': ['What is the most likely microscopy modality used to acquire this image? light microscopy']}",2.0,,,,,
submodality,"['What is the most likely microscopy submodality used to acquire this image? differential interference contrast microscopy', 'What is the most likely microscopy submodality used to acquire this image? mixed', 'What is the most likely microscopy submodality used to acquire this image? darkfield microscopy', 'What is the most likely microscopy submodality used to acquire this image? polarized light microscopy', 'What is the most likely microscopy submodality used to acquire this image? brightfield microscopy', 'What is the most likely microscopy submodality used to acquire this image? none of the above']",c8d64987-b93a-445b-ba6a-ddba051329f1,brightfield microscopy,4,"{'pred': [4], 'probs': [[2.319013447049656e-06, 1.3066761894720003e-08, 5.539792709896574e-06, 3.3157755296997493e-06, 0.9999889135360718, 2.033181623062319e-09]], 'pred_prompt': ['What is the most likely microscopy submodality used to acquire this image? brightfield microscopy']}",2.0,,,,,
submodality,"['What is the most likely microscopy submodality used to acquire this image? differential interference contrast microscopy', 'What is the most likely microscopy submodality used to acquire this image? phase contrast microscopy', 'What is the most likely microscopy submodality used to acquire this image? brightfield microscopy', 'What is the most likely microscopy submodality used to acquire this image? darkfield microscopy', 'What is the most likely microscopy submodality used to acquire this image? synthetic', 'What is the most likely microscopy submodality used to acquire this image? none of the above']",98a21e0e-bb18-4ed8-9d19-e6f29a4cf1d6,brightfield microscopy,2,"{'pred': [2], 'probs': [[7.703650339863088e-07, 3.4504432733228896e-06, 0.9999955892562866, 1.902620141436273e-07, 1.0204679115610737e-11, 1.6458025220433825e-10]], 'pred_prompt': ['What is the most likely microscopy submodality used to acquire this image? brightfield microscopy']}",2.0,,,,,
domain,"['What is the most likely field of study this micrograph would be used for? biology', 'What is the most likely field of study this micrograph would be used for? pathology', 'What is the most likely field of study this micrograph would be used for? cytology', 'What is the most likely field of study this micrograph would be used for? radiology', 'What is the most likely field of study this micrograph would be used for? ophthalmology', 'What is the most likely field of study this micrograph would be used for? none of the above']",dabb745c-5e7c-4fd7-9cfc-1d7659200b01,pathology,1,"{'pred': [1], 'probs': [[7.966366979417216e-07, 0.9999986886978149, 3.711520690785619e-08, 8.280263585902503e-08, 7.083831743415203e-09, 3.7945127928651345e-07]], 'pred_prompt': ['What is the most likely field of study this micrograph would be used for? pathology']}",2.0,,,,,
modality,"['What is the most likely microscopy modality used to acquire this image? light microscopy', 'What is the most likely microscopy modality used to acquire this image? fluorescence microscopy', 'What is the most likely microscopy modality used to acquire this image? electron microscopy', 'What is the most likely microscopy modality used to acquire this image? none of the above']",994bb53a-bb63-4acf-b1f1-091213112c57,light microscopy,0,"{'pred': [0], 'probs': [[0.9999969005584717, 4.266731679081204e-08, 3.080291890000808e-06, 1.4398688463757026e-08]], 'pred_prompt': ['What is the most likely microscopy modality used to acquire this image? light microscopy']}",2.0,,,,,
submodality,"['What is the most likely microscopy submodality used to acquire this image? brightfield microscopy', 'What is the most likely microscopy submodality used to acquire this image? darkfield microscopy', 'What is the most likely microscopy submodality used to acquire this image? phase contrast microscopy', 'What is the most likely microscopy submodality used to acquire this image? synthetic', 'What is the most likely microscopy submodality used to acquire this image? differential interference contrast microscopy', 'What is the most likely microscopy submodality used to acquire this image? none of the above']",6c1c4cb4-5023-461b-8952-6393dc42b5b9,brightfield microscopy,0,"{'pred': [0], 'probs': [[0.9999690055847168, 3.4821582630684134e-06, 2.6700328817241825e-05, 5.974104766437449e-09, 6.973355652917235e-07, 7.461235895789287e-08]], 'pred_prompt': ['What is the most likely microscopy submodality used to acquire this image? brightfield microscopy']}",2.0,,,,,
stain,"['What is the most likely technique used to stain this micrograph? Masson Trichrome', 'What is the most likely technique used to stain this micrograph? PAS', 'What is the most likely technique used to stain this micrograph? IHC(HDab)', 'What is the most likely technique used to stain this micrograph? None', 'What is the most likely technique used to stain this micrograph? Alcian Blue', 'What is the most likely technique used to stain this micrograph? none of the above']",d8645334-25f8-4f23-a954-c96aef90bc7f,IHC(HDab),2,"{'pred': [2], 'probs': [[8.197000300746993e-10, 5.84778092616034e-07, 0.9999945163726807, 3.417516936110587e-08, 4.807192453881726e-06, 4.175784340532118e-08]], 'pred_prompt': ['What is the most likely technique used to stain this micrograph? IHC(HDab)']}",2.0,,,,,
modality,"['What is the most likely microscopy modality used to acquire this image? light microscopy', 'What is the most likely microscopy modality used to acquire this image? electron microscopy', 'What is the most likely microscopy modality used to acquire this image? fluorescence microscopy', 'What is the most likely microscopy modality used to acquire this image? none of the above']",29e975b5-0332-4f03-a501-e1f7532affd8,light microscopy,0,"{'pred': [0], 'probs': [[0.9999972581863403, 2.664897010618006e-06, 5.500057298490901e-08, 1.783789294051985e-08]], 'pred_prompt': ['What is the most likely microscopy modality used to acquire this image? light microscopy']}",2.0,,,,,
stain,"['What is the most likely technique used to stain this micrograph? Masson Trichrome', 'What is the most likely technique used to stain this micrograph? IHC(Red)', 'What is the most likely technique used to stain this micrograph? Alcian Blue', 'What is the most likely technique used to stain this micrograph? IHC(HDab)', 'What is the most likely technique used to stain this micrograph? synthetic', 'What is the most likely technique used to stain this micrograph? none of the above']",cc04d0c5-ae10-431d-95d1-621bf4683d4f,IHC(Red),1,"{'pred': [1], 'probs': [[1.6784596823526954e-07, 0.999024510383606, 8.790396350377705e-06, 0.0009642924414947629, 3.5752233884522866e-07, 1.9324711502122227e-06]], 'pred_prompt': ['What is the most likely technique used to stain this micrograph? IHC(Red)']}",2.0,,,,,
stain,"['What is the most likely technique used to stain this micrograph? Toluidine Blue', 'What is the most likely technique used to stain this micrograph? H&E', 'What is the most likely technique used to stain this micrograph? IHC(Red)', 'What is the most likely technique used to stain this micrograph? Gram', 'What is the most likely technique used to stain this micrograph? PAS', 'What is the most likely technique used to stain this micrograph? none of the above']",e43b13d9-bd71-47a0-bf7d-24d277378e77,IHC(Red),2,"{'pred': [2], 'probs': [[2.92375701427261e-09, 2.4896729655665695e-07, 0.9972551465034485, 0.002718038624152541, 2.5609870135667734e-05, 1.0767410003609257e-06]], 'pred_prompt': ['What is the most likely technique used to stain this micrograph? IHC(Red)']}",2.0,,,,,
submodality,"['What is the most likely microscopy submodality used to acquire this image? synthetic', 'What is the most likely microscopy submodality used to acquire this image? mixed', 'What is the most likely microscopy submodality used to acquire this image? polarized light microscopy', 'What is the most likely microscopy submodality used to acquire this image? differential interference contrast microscopy', 'What is the most likely microscopy submodality used to acquire this image? brightfield microscopy', 'What is the most likely microscopy submodality used to acquire this image? none of the above']",1d4b26fa-887a-4e17-9cfd-d16d7c3ad593,brightfield microscopy,4,"{'pred': [4], 'probs': [[2.4225633055152684e-08, 3.0497785701300018e-06, 4.801662498721271e-07, 3.429721857628465e-07, 0.9999959468841553, 2.4105113993755367e-07]], 'pred_prompt': ['What is the most likely microscopy submodality used to acquire this image? brightfield microscopy']}",2.0,,,,,
submodality,"['What is the most likely microscopy submodality used to acquire this image? phase contrast microscopy', 'What is the most likely microscopy submodality used to acquire this image? mixed', 'What is the most likely microscopy submodality used to acquire this image? polarized light microscopy', 'What is the most likely microscopy submodality used to acquire this image? synthetic', 'What is the most likely microscopy submodality used to acquire this image? brightfield microscopy', 'What is the most likely microscopy submodality used to acquire this image? none of the above']",53ed9ed2-b9ee-46a6-a048-5e4dc1b65932,brightfield microscopy,4,"{'pred': [4], 'probs': [[2.0020581359858625e-05, 7.669320467584839e-08, 9.02593768614679e-08, 1.1672445232591144e-09, 0.9999797344207764, 1.0167503283753376e-08]], 'pred_prompt': ['What is the most likely microscopy submodality used to acquire this image? brightfield microscopy']}",2.0,,,,,
domain,"['What is the most likely field of study this micrograph would be used for? cytology', 'What is the most likely field of study this micrograph would be used for? pathology', 'What is the most likely field of study this micrograph would be used for? biology', 'What is the most likely field of study this micrograph would be used for? dermatology', 'What is the most likely field of study this micrograph would be used for? radiology', 'What is the most likely field of study this micrograph would be used for? none of the above']",ee68e62a-a6b6-47a5-8133-d51e0a351e56,pathology,1,"{'pred': [1], 'probs': [[9.682877362138242e-07, 0.999998927116394, 2.7871436714121955e-08, 9.450265991972628e-08, 3.7079537218431824e-09, 2.3909331403615397e-08]], 'pred_prompt': ['What is the most likely field of study this micrograph would be used for? pathology']}",2.0,,,,,
stain,"['What is the most likely technique used to stain this micrograph? Toluidine Blue', 'What is the most likely technique used to stain this micrograph? PAS', 'What is the most likely technique used to stain this micrograph? IHC(HDab)', 'What is the most likely technique used to stain this micrograph? H&E', 'What is the most likely technique used to stain this micrograph? synthetic', 'What is the most likely technique used to stain this micrograph? none of the above']",5d384e35-5596-4d84-8450-edbd793376c4,IHC(HDab),2,"{'pred': [2], 'probs': [[4.490643235044445e-08, 7.208907481981441e-05, 0.9998809099197388, 1.576642148393148e-06, 2.633230735682446e-07, 4.508251731749624e-05]], 'pred_prompt': ['What is the most likely technique used to stain this micrograph? IHC(HDab)']}",2.0,,,,,
submodality,"['What is the most likely microscopy submodality used to acquire this image? brightfield microscopy', 'What is the most likely microscopy submodality used to acquire this image? synthetic', 'What is the most likely microscopy submodality used to acquire this image? darkfield microscopy', 'What is the most likely microscopy submodality used to acquire this image? phase contrast microscopy', 'What is the most likely microscopy submodality used to acquire this image? differential interference contrast microscopy', 'What is the most likely microscopy submodality used to acquire this image? none of the above']",a80bc631-0510-4dab-bf5f-3f65d7e3ea34,brightfield microscopy,0,"{'pred': [0], 'probs': [[0.9999743700027466, 1.0212484503890895e-11, 4.575105776893906e-06, 1.92029656318482e-05, 1.8700710597840953e-06, 2.509802088379587e-10]], 'pred_prompt': ['What is the most likely microscopy submodality used to acquire this image? brightfield microscopy']}",2.0,,,,,
domain,"['What is the most likely field of study this micrograph would be used for? biology', 'What is the most likely field of study this micrograph would be used for? cytology', 'What is the most likely field of study this micrograph would be used for? pathology', 'What is the most likely field of study this micrograph would be used for? ophthalmology', 'What is the most likely field of study this micrograph would be used for? radiology', 'What is the most likely field of study this micrograph would be used for? none of the above']",a5b1a760-1b36-4319-a3c9-4604c19dae85,pathology,2,"{'pred': [2], 'probs': [[5.5161923029345417e-08, 6.287016844908067e-07, 0.9999988079071045, 1.860091174421541e-07, 1.1035288238758767e-08, 2.0058899963260046e-07]], 'pred_prompt': ['What is the most likely field of study this micrograph would be used for? pathology']}",2.0,,,,,
domain,"['What is the most likely field of study this micrograph would be used for? pathology', 'What is the most likely field of study this micrograph would be used for? dermatology', 'What is the most likely field of study this micrograph would be used for? ophthalmology', 'What is the most likely field of study this micrograph would be used for? biology', 'What is the most likely field of study this micrograph would be used for? cytology', 'What is the most likely field of study this micrograph would be used for? none of the above']",8a6fd380-f18b-4fa5-a20c-b17b6419dbc9,pathology,0,"{'pred': [0], 'probs': [[1.0, 2.4266322284915987e-09, 6.190239987269308e-10, 1.8101303567163995e-08, 9.170826764659523e-09, 8.060767164863591e-09]], 'pred_prompt': ['What is the most likely field of study this micrograph would be used for? pathology']}",2.0,,,,,
domain,"['What is the most likely field of study this micrograph would be used for? biology', 'What is the most likely field of study this micrograph would be used for? cytology', 'What is the most likely field of study this micrograph would be used for? ophthalmology', 'What is the most likely field of study this micrograph would be used for? radiology', 'What is the most likely field of study this micrograph would be used for? pathology', 'What is the most likely field of study this micrograph would be used for? none of the above']",efc26271-faae-44a6-8e17-b7954012dded,pathology,4,"{'pred': [4], 'probs': [[2.475374856203416e-07, 1.3068494730816838e-08, 1.771444857467941e-08, 9.489193786293981e-08, 0.9999994039535522, 2.746189693425549e-07]], 'pred_prompt': ['What is the most likely field of study this micrograph would be used for? pathology']}",2.0,,,,,
submodality,"['What is the most likely microscopy submodality used to acquire this image? polarized light microscopy', 'What is the most likely microscopy submodality used to acquire this image? brightfield microscopy', 'What is the most likely microscopy submodality used to acquire this image? mixed', 'What is the most likely microscopy submodality used to acquire this image? darkfield microscopy', 'What is the most likely microscopy submodality used to acquire this image? synthetic', 'What is the most likely microscopy submodality used to acquire this image? none of the above']",7f8f8a3a-b97d-4291-b751-329c4174c70c,brightfield microscopy,1,"{'pred': [1], 'probs': [[5.615800910163671e-05, 0.9998044371604919, 8.480180258629844e-05, 4.3064083001809195e-05, 9.461415970690723e-07, 1.0577590728644282e-05]], 'pred_prompt': ['What is the most likely microscopy submodality used to acquire this image? brightfield microscopy']}",2.0,,,,,
submodality,"['What is the most likely microscopy submodality used to acquire this image? mixed', 'What is the most likely microscopy submodality used to acquire this image? brightfield microscopy', 'What is the most likely microscopy submodality used to acquire this image? polarized light microscopy', 'What is the most likely microscopy submodality used to acquire this image? differential interference contrast microscopy', 'What is the most likely microscopy submodality used to acquire this image? synthetic', 'What is the most likely microscopy submodality used to acquire this image? none of the above']",c8eab4dd-9d52-44c6-b524-c2c2fc40afb7,brightfield microscopy,1,"{'pred': [1], 'probs': [[3.6180017559672706e-07, 0.9999986886978149, 4.020314463559771e-07, 6.07717254297313e-07, 2.503371954176714e-09, 3.4731307607671624e-08]], 'pred_prompt': ['What is the most likely microscopy submodality used to acquire this image? brightfield microscopy']}",2.0,,,,,
domain,"['What is the most likely field of study this micrograph would be used for? cytology', 'What is the most likely field of study this micrograph would be used for? dermatology', 'What is the most likely field of study this micrograph would be used for? biology', 'What is the most likely field of study this micrograph would be used for? pathology', 'What is the most likely field of study this micrograph would be used for? radiology', 'What is the most likely field of study this micrograph would be used for? none of the above']",99eb5c41-5b85-455a-a2a2-bfd2700bfb2e,pathology,3,"{'pred': [3], 'probs': [[2.3623314859833044e-08, 2.5200100139954884e-07, 9.12899551508417e-08, 0.9999996423721313, 5.893153076641511e-09, 3.309066443080155e-08]], 'pred_prompt': ['What is the most likely field of study this micrograph would be used for? pathology']}",2.0,,,,,
submodality,"['What is the most likely microscopy submodality used to acquire this image? mixed', 'What is the most likely microscopy submodality used to acquire this image? differential interference contrast microscopy', 'What is the most likely microscopy submodality used to acquire this image? brightfield microscopy', 'What is the most likely microscopy submodality used to acquire this image? polarized light microscopy', 'What is the most likely microscopy submodality used to acquire this image? synthetic', 'What is the most likely microscopy submodality used to acquire this image? none of the above']",48f98aa1-2357-4969-a96e-f79aac5dda7a,brightfield microscopy,2,"{'pred': [2], 'probs': [[9.23694365440042e-09, 9.595243000148912e-07, 0.9999985694885254, 4.432343985172338e-07, 1.2390337367218507e-10, 4.6141526710563596e-10]], 'pred_prompt': ['What is the most likely microscopy submodality used to acquire this image? brightfield microscopy']}",2.0,,,,,
domain,"['What is the most likely field of study this micrograph would be used for? cytology', 'What is the most likely field of study this micrograph would be used for? ophthalmology', 'What is the most likely field of study this micrograph would be used for? radiology', 'What is the most likely field of study this micrograph would be used for? pathology', 'What is the most likely field of study this micrograph would be used for? dermatology', 'What is the most likely field of study this micrograph would be used for? none of the above']",9be6ff73-e695-4bcc-ae18-440b079ebc92,pathology,3,"{'pred': [3], 'probs': [[6.042891964597175e-09, 2.0731831806841683e-09, 5.845395278925025e-10, 1.0, 1.313462316687719e-08, 8.166494147587855e-09]], 'pred_prompt': ['What is the most likely field of study this micrograph would be used for? pathology']}",2.0,,,,,
domain,"['What is the most likely field of study this micrograph would be used for? ophthalmology', 'What is the most likely field of study this micrograph would be used for? pathology', 'What is the most likely field of study this micrograph would be used for? biology', 'What is the most likely field of study this micrograph would be used for? cytology', 'What is the most likely field of study this micrograph would be used for? radiology', 'What is the most likely field of study this micrograph would be used for? none of the above']",02e51ae3-6819-49f2-b4bb-dae212105e6b,pathology,1,"{'pred': [1], 'probs': [[1.711238972745832e-08, 0.9999997615814209, 2.361630038194562e-07, 2.7065933494441197e-08, 8.218395963766056e-10, 5.243411749233928e-08]], 'pred_prompt': ['What is the most likely field of study this micrograph would be used for? pathology']}",2.0,,,,,
domain,"['What is the most likely field of study this micrograph would be used for? dermatology', 'What is the most likely field of study this micrograph would be used for? pathology', 'What is the most likely field of study this micrograph would be used for? ophthalmology', 'What is the most likely field of study this micrograph would be used for? biology', 'What is the most likely field of study this micrograph would be used for? cytology', 'What is the most likely field of study this micrograph would be used for? none of the above']",38259705-3c53-4e7a-80b3-1940ed272448,pathology,1,"{'pred': [1], 'probs': [[1.7990942069445737e-09, 1.0, 3.5122449393298893e-09, 4.222844740553455e-09, 1.427522683394855e-10, 6.569447763560277e-10]], 'pred_prompt': ['What is the most likely field of study this micrograph would be used for? pathology']}",2.0,,,,,
domain,"['What is the most likely field of study this micrograph would be used for? pathology', 'What is the most likely field of study this micrograph would be used for? biology', 'What is the most likely field of study this micrograph would be used for? cytology', 'What is the most likely field of study this micrograph would be used for? dermatology', 'What is the most likely field of study this micrograph would be used for? ophthalmology', 'What is the most likely field of study this micrograph would be used for? none of the above']",67de69c9-c427-45a4-80ee-f63265ded94e,pathology,0,"{'pred': [0], 'probs': [[0.9999996423721313, 2.847870632649574e-07, 2.5551079474439575e-08, 1.527267912138086e-08, 1.3203266036043715e-08, 1.0373809544717005e-07]], 'pred_prompt': ['What is the most likely field of study this micrograph would be used for? pathology']}",2.0,,,,,
stain,"['What is the most likely technique used to stain this micrograph? IHC(Red)', 'What is the most likely technique used to stain this micrograph? Alcian Blue', 'What is the most likely technique used to stain this micrograph? None', 'What is the most likely technique used to stain this micrograph? Ziehl-Neelsen', 'What is the most likely technique used to stain this micrograph? Masson Trichrome', 'What is the most likely technique used to stain this micrograph? none of the above']",7f8f8a3a-b97d-4291-b751-329c4174c70c,IHC(Red),0,"{'pred': [0], 'probs': [[0.999997615814209, 4.979800749538299e-08, 1.2939755151819554e-06, 5.669746450109869e-09, 4.67175631513328e-09, 1.019161572912708e-06]], 'pred_prompt': ['What is the most likely technique used to stain this micrograph? IHC(Red)']}",2.0,,,,,
stain,"['What is the most likely technique used to stain this micrograph? IHC(Red)', 'What is the most likely technique used to stain this micrograph? Giemsa', 'What is the most likely technique used to stain this micrograph? Toluidine Blue', 'What is the most likely technique used to stain this micrograph? Alcian Blue', 'What is the most likely technique used to stain this micrograph? IHC(HDab)', 'What is the most likely technique used to stain this micrograph? none of the above']",29e975b5-0332-4f03-a501-e1f7532affd8,IHC(HDab),4,"{'pred': [4], 'probs': [[2.660472091520205e-05, 3.7757204154331703e-06, 7.470505103412961e-09, 5.415018478061029e-08, 0.999969482421875, 5.7419818233483966e-08]], 'pred_prompt': ['What is the most likely technique used to stain this micrograph? IHC(HDab)']}",2.0,,,,,
modality,"['What is the most likely microscopy modality used to acquire this image? fluorescence microscopy', 'What is the most likely microscopy modality used to acquire this image? light microscopy', 'What is the most likely microscopy modality used to acquire this image? electron microscopy', 'What is the most likely microscopy modality used to acquire this image? none of the above']",6c5ddb5c-f727-4ff9-b5bf-04b082821000,light microscopy,1,"{'pred': [1], 'probs': [[5.3672426503226234e-08, 0.9999899864196777, 1.0014991858042777e-05, 4.1525336058612083e-08]], 'pred_prompt': ['What is the most likely microscopy modality used to acquire this image? light microscopy']}",2.0,,,,,
domain,"['What is the most likely field of study this micrograph would be used for? ophthalmology', 'What is the most likely field of study this micrograph would be used for? pathology', 'What is the most likely field of study this micrograph would be used for? cytology', 'What is the most likely field of study this micrograph would be used for? radiology', 'What is the most likely field of study this micrograph would be used for? biology', 'What is the most likely field of study this micrograph would be used for? none of the above']",d371413b-ddb3-4704-92c0-dfd123eea8a6,pathology,1,"{'pred': [1], 'probs': [[2.1021229201778624e-09, 1.0, 8.854569299998616e-10, 1.047182479618769e-10, 1.886855560684353e-09, 7.250664513236416e-10]], 'pred_prompt': ['What is the most likely field of study this micrograph would be used for? pathology']}",2.0,,,,,
domain,"['What is the most likely field of study this micrograph would be used for? biology', 'What is the most likely field of study this micrograph would be used for? pathology', 'What is the most likely field of study this micrograph would be used for? radiology', 'What is the most likely field of study this micrograph would be used for? dermatology', 'What is the most likely field of study this micrograph would be used for? ophthalmology', 'What is the most likely field of study this micrograph would be used for? none of the above']",3243dbab-dd15-459b-9b6a-7b4a00502f2f,pathology,1,"{'pred': [1], 'probs': [[5.1212655449717204e-08, 1.0, 4.575190004629803e-09, 1.9524524219605155e-08, 1.5609648018610756e-09, 1.180505737607973e-08]], 'pred_prompt': ['What is the most likely field of study this micrograph would be used for? pathology']}",2.0,,,,,
stain,"['What is the most likely technique used to stain this micrograph? synthetic', 'What is the most likely technique used to stain this micrograph? IHC(Red)', 'What is the most likely technique used to stain this micrograph? PAS', 'What is the most likely technique used to stain this micrograph? Congo Red', 'What is the most likely technique used to stain this micrograph? IHC(HDab)', 'What is the most likely technique used to stain this micrograph? none of the above']",fe1eba07-397f-4ea1-a3fd-e503105d3524,IHC(HDab),4,"{'pred': [4], 'probs': [[8.512565763396651e-09, 0.00012219298514537513, 2.128731011907803e-06, 2.0784031562470773e-07, 0.9998700618743896, 5.381569735618541e-06]], 'pred_prompt': ['What is the most likely technique used to stain this micrograph? IHC(HDab)']}",2.0,,,,,
modality,"['What is the most likely microscopy modality used to acquire this image? electron microscopy', 'What is the most likely microscopy modality used to acquire this image? fluorescence microscopy', 'What is the most likely microscopy modality used to acquire this image? light microscopy', 'What is the most likely microscopy modality used to acquire this image? none of the above']",2dc1f178-d887-4129-8e49-6cf1fa932f23,light microscopy,2,"{'pred': [2], 'probs': [[1.1507431736390572e-05, 7.414573246933287e-06, 0.9999552965164185, 2.571165532572195e-05]], 'pred_prompt': ['What is the most likely microscopy modality used to acquire this image? light microscopy']}",2.0,,,,,
domain,"['What is the most likely field of study this micrograph would be used for? dermatology', 'What is the most likely field of study this micrograph would be used for? pathology', 'What is the most likely field of study this micrograph would be used for? radiology', 'What is the most likely field of study this micrograph would be used for? biology', 'What is the most likely field of study this micrograph would be used for? cytology', 'What is the most likely field of study this micrograph would be used for? none of the above']",862e7dcb-5a5c-41e0-84d4-73e55acb4b49,pathology,1,"{'pred': [1], 'probs': [[8.255101491272399e-09, 1.0, 4.080971560682656e-09, 8.258787431714154e-09, 2.769604767749456e-09, 7.647050992432014e-09]], 'pred_prompt': ['What is the most likely field of study this micrograph would be used for? pathology']}",2.0,,,,,
submodality,"['What is the most likely microscopy submodality used to acquire this image? synthetic', 'What is the most likely microscopy submodality used to acquire this image? darkfield microscopy', 'What is the most likely microscopy submodality used to acquire this image? polarized light microscopy', 'What is the most likely microscopy submodality used to acquire this image? mixed', 'What is the most likely microscopy submodality used to acquire this image? brightfield microscopy', 'What is the most likely microscopy submodality used to acquire this image? none of the above']",e54e0ced-a31f-4ad4-9b5d-446b99bd089a,brightfield microscopy,4,"{'pred': [4], 'probs': [[1.7616784697693788e-09, 6.879382681290735e-07, 7.633232002035584e-08, 3.01052040185823e-07, 0.999998927116394, 1.6308042916080012e-08]], 'pred_prompt': ['What is the most likely microscopy submodality used to acquire this image? brightfield microscopy']}",2.0,,,,,
domain,"['What is the most likely field of study this micrograph would be used for? pathology', 'What is the most likely field of study this micrograph would be used for? dermatology', 'What is the most likely field of study this micrograph would be used for? ophthalmology', 'What is the most likely field of study this micrograph would be used for? cytology', 'What is the most likely field of study this micrograph would be used for? radiology', 'What is the most likely field of study this micrograph would be used for? none of the above']",ae43bfef-4ede-4869-99e4-c06b98977e76,pathology,0,"{'pred': [0], 'probs': [[1.0, 4.359288396926786e-08, 7.413302416381384e-09, 2.0264561140237447e-09, 2.3077266764204296e-09, 3.5057126090976e-09]], 'pred_prompt': ['What is the most likely field of study this micrograph would be used for? pathology']}",2.0,,,,,
modality,"['What is the most likely microscopy modality used to acquire this image? light microscopy', 'What is the most likely microscopy modality used to acquire this image? fluorescence microscopy', 'What is the most likely microscopy modality used to acquire this image? electron microscopy', 'What is the most likely microscopy modality used to acquire this image? none of the above']",8c9c6a00-f9ca-4d38-9469-5a819ebcfa06,light microscopy,0,"{'pred': [0], 'probs': [[0.9999927282333374, 7.084016942826565e-06, 6.563669785464299e-08, 2.8879886926347353e-08]], 'pred_prompt': ['What is the most likely microscopy modality used to acquire this image? light microscopy']}",2.0,,,,,
domain,"['What is the most likely field of study this micrograph would be used for? cytology', 'What is the most likely field of study this micrograph would be used for? ophthalmology', 'What is the most likely field of study this micrograph would be used for? dermatology', 'What is the most likely field of study this micrograph would be used for? biology', 'What is the most likely field of study this micrograph would be used for? pathology', 'What is the most likely field of study this micrograph would be used for? none of the above']",581c42b2-fe77-4d2e-a31a-f7b8f7d2a9cf,pathology,4,"{'pred': [4], 'probs': [[3.5358236338822735e-09, 7.56121498746154e-10, 9.971137249209505e-10, 3.508383272787796e-08, 1.0, 6.815375375168742e-09]], 'pred_prompt': ['What is the most likely field of study this micrograph would be used for? pathology']}",2.0,,,,,
modality,"['What is the most likely microscopy modality used to acquire this image? light microscopy', 'What is the most likely microscopy modality used to acquire this image? fluorescence microscopy', 'What is the most likely microscopy modality used to acquire this image? electron microscopy', 'What is the most likely microscopy modality used to acquire this image? none of the above']",0faaea1e-e3df-4e7f-9ffe-03ec576d70b9,light microscopy,0,"{'pred': [0], 'probs': [[0.9999876022338867, 4.325343638811319e-08, 1.2308076293265913e-05, 1.321407268051189e-07]], 'pred_prompt': ['What is the most likely microscopy modality used to acquire this image? light microscopy']}",2.0,,,,,
submodality,"['What is the most likely microscopy submodality used to acquire this image? differential interference contrast microscopy', 'What is the most likely microscopy submodality used to acquire this image? darkfield microscopy', 'What is the most likely microscopy submodality used to acquire this image? synthetic', 'What is the most likely microscopy submodality used to acquire this image? brightfield microscopy', 'What is the most likely microscopy submodality used to acquire this image? phase contrast microscopy', 'What is the most likely microscopy submodality used to acquire this image? none of the above']",9556678b-1aef-4dd4-91ae-4470147253c3,brightfield microscopy,3,"{'pred': [3], 'probs': [[6.965465217945166e-07, 6.467119419539813e-06, 1.4708261275586665e-08, 0.9999889135360718, 3.5831847071676748e-06, 3.323092698792607e-07]], 'pred_prompt': ['What is the most likely microscopy submodality used to acquire this image? brightfield microscopy']}",2.0,,,,,
domain,"['What is the most likely field of study this micrograph would be used for? pathology', 'What is the most likely field of study this micrograph would be used for? biology', 'What is the most likely field of study this micrograph would be used for? ophthalmology', 'What is the most likely field of study this micrograph would be used for? dermatology', 'What is the most likely field of study this micrograph would be used for? radiology', 'What is the most likely field of study this micrograph would be used for? none of the above']",d189df39-fcf9-473f-898c-e85f715fcd7a,pathology,0,"{'pred': [0], 'probs': [[1.0, 6.573223743089329e-09, 3.50604489884887e-10, 9.492103769659366e-10, 1.7456170189888986e-11, 3.360661471329962e-10]], 'pred_prompt': ['What is the most likely field of study this micrograph would be used for? pathology']}",2.0,,,,,
modality,"['What is the most likely microscopy modality used to acquire this image? light microscopy', 'What is the most likely microscopy modality used to acquire this image? electron microscopy', 'What is the most likely microscopy modality used to acquire this image? fluorescence microscopy', 'What is the most likely microscopy modality used to acquire this image? none of the above']",bc4be741-1112-418f-9c87-108534ccbc6f,light microscopy,0,"{'pred': [0], 'probs': [[0.9999990463256836, 8.562494713260094e-07, 7.272728907992132e-08, 2.2918846820374483e-09]], 'pred_prompt': ['What is the most likely microscopy modality used to acquire this image? light microscopy']}",2.0,,,,,
submodality,"['What is the most likely microscopy submodality used to acquire this image? brightfield microscopy', 'What is the most likely microscopy submodality used to acquire this image? phase contrast microscopy', 'What is the most likely microscopy submodality used to acquire this image? mixed', 'What is the most likely microscopy submodality used to acquire this image? differential interference contrast microscopy', 'What is the most likely microscopy submodality used to acquire this image? synthetic', 'What is the most likely microscopy submodality used to acquire this image? none of the above']",ffe7c5e9-f950-4bff-9b83-7442b162e79c,brightfield microscopy,0,"{'pred': [0], 'probs': [[0.9999933242797852, 2.1470343654073076e-06, 2.7943674041353006e-08, 4.582590008794796e-06, 9.397321809601067e-10, 1.6235568445210902e-09]], 'pred_prompt': ['What is the most likely microscopy submodality used to acquire this image? brightfield microscopy']}",2.0,,,,,
domain,"['What is the most likely field of study this micrograph would be used for? pathology', 'What is the most likely field of study this micrograph would be used for? ophthalmology', 'What is the most likely field of study this micrograph would be used for? dermatology', 'What is the most likely field of study this micrograph would be used for? biology', 'What is the most likely field of study this micrograph would be used for? cytology', 'What is the most likely field of study this micrograph would be used for? none of the above']",76de8279-49cd-4fea-ab52-ac70d9cc9300,pathology,0,"{'pred': [0], 'probs': [[1.0, 3.9389553840862845e-09, 2.9289202174709317e-09, 2.9423821601426425e-08, 9.54526857555038e-09, 4.789639351798769e-09]], 'pred_prompt': ['What is the most likely field of study this micrograph would be used for? pathology']}",2.0,,,,,
stain,"['What is the most likely technique used to stain this micrograph? synthetic', 'What is the most likely technique used to stain this micrograph? IHC(HDab)', 'What is the most likely technique used to stain this micrograph? Ziehl-Neelsen', 'What is the most likely technique used to stain this micrograph? Toluidine Blue', 'What is the most likely technique used to stain this micrograph? Congo Red', 'What is the most likely technique used to stain this micrograph? none of the above']",4710fc7e-d03c-444d-9d15-ef542863cbdf,IHC(HDab),1,"{'pred': [1], 'probs': [[1.3650180985536053e-09, 0.9999959468841553, 2.3276697902474552e-07, 1.4851515572900098e-08, 1.9117924239253625e-06, 1.8767827896226663e-06]], 'pred_prompt': ['What is the most likely technique used to stain this micrograph? IHC(HDab)']}",2.0,,,,,
domain,"['What is the most likely field of study this micrograph would be used for? cytology', 'What is the most likely field of study this micrograph would be used for? dermatology', 'What is the most likely field of study this micrograph would be used for? pathology', 'What is the most likely field of study this micrograph would be used for? biology', 'What is the most likely field of study this micrograph would be used for? ophthalmology', 'What is the most likely field of study this micrograph would be used for? none of the above']",03d07668-ec22-4ce4-8eb7-e2d92dbcf1f6,pathology,2,"{'pred': [2], 'probs': [[4.4913744545738155e-07, 3.999533078058448e-07, 0.999996542930603, 4.1494595848234894e-07, 1.255082224815851e-07, 2.101890459016431e-06]], 'pred_prompt': ['What is the most likely field of study this micrograph would be used for? pathology']}",2.0,,,,,
modality,"['What is the most likely microscopy modality used to acquire this image? fluorescence microscopy', 'What is the most likely microscopy modality used to acquire this image? electron microscopy', 'What is the most likely microscopy modality used to acquire this image? light microscopy', 'What is the most likely microscopy modality used to acquire this image? none of the above']",dd6b4220-c0b2-47f4-8d59-ccfa1e921bcd,light microscopy,2,"{'pred': [2], 'probs': [[2.805545875617099e-07, 0.0004448978288564831, 0.999554455280304, 3.652190514458198e-07]], 'pred_prompt': ['What is the most likely microscopy modality used to acquire this image? light microscopy']}",2.0,,,,,
modality,"['What is the most likely microscopy modality used to acquire this image? fluorescence microscopy', 'What is the most likely microscopy modality used to acquire this image? light microscopy', 'What is the most likely microscopy modality used to acquire this image? electron microscopy', 'What is the most likely microscopy modality used to acquire this image? none of the above']",2dc3e5a3-2dc7-484e-ae44-9e63ee951123,light microscopy,1,"{'pred': [1], 'probs': [[1.7757087107383995e-06, 0.9999972581863403, 3.2594547860753664e-07, 6.470057769547566e-07]], 'pred_prompt': ['What is the most likely microscopy modality used to acquire this image? light microscopy']}",2.0,,,,,
submodality,"['What is the most likely microscopy submodality used to acquire this image? brightfield microscopy', 'What is the most likely microscopy submodality used to acquire this image? phase contrast microscopy', 'What is the most likely microscopy submodality used to acquire this image? synthetic', 'What is the most likely microscopy submodality used to acquire this image? differential interference contrast microscopy', 'What is the most likely microscopy submodality used to acquire this image? darkfield microscopy', 'What is the most likely microscopy submodality used to acquire this image? none of the above']",c16dd7b4-58a0-4483-8948-3f4df54d4529,brightfield microscopy,0,"{'pred': [0], 'probs': [[0.9999105930328369, 4.382949191494845e-05, 2.8399362722586474e-11, 6.3268707890529186e-06, 3.923862459487282e-05, 9.123665156707261e-10]], 'pred_prompt': ['What is the most likely microscopy submodality used to acquire this image? brightfield microscopy']}",2.0,,,,,
submodality,"['What is the most likely microscopy submodality used to acquire this image? synthetic', 'What is the most likely microscopy submodality used to acquire this image? phase contrast microscopy', 'What is the most likely microscopy submodality used to acquire this image? brightfield microscopy', 'What is the most likely microscopy submodality used to acquire this image? polarized light microscopy', 'What is the most likely microscopy submodality used to acquire this image? darkfield microscopy', 'What is the most likely microscopy submodality used to acquire this image? none of the above']",0db4bd6a-015e-4c23-a175-a333e1448f54,brightfield microscopy,2,"{'pred': [2], 'probs': [[3.074665175240021e-11, 4.16052245100218e-07, 0.9999983310699463, 2.1904513403114834e-07, 1.042266944750736e-06, 2.6348220827365765e-10]], 'pred_prompt': ['What is the most likely microscopy submodality used to acquire this image? brightfield microscopy']}",2.0,,,,,
submodality,"['What is the most likely microscopy submodality used to acquire this image? differential interference contrast microscopy', 'What is the most likely microscopy submodality used to acquire this image? mixed', 'What is the most likely microscopy submodality used to acquire this image? synthetic', 'What is the most likely microscopy submodality used to acquire this image? brightfield microscopy', 'What is the most likely microscopy submodality used to acquire this image? polarized light microscopy', 'What is the most likely microscopy submodality used to acquire this image? none of the above']",07e6bcd9-7dfb-4d56-bab1-ac1f456e4252,brightfield microscopy,3,"{'pred': [3], 'probs': [[1.3405458787474345e-07, 2.086738277284894e-06, 3.409905247053757e-08, 0.9999963045120239, 1.2090346217519254e-06, 2.2501896523863252e-07]], 'pred_prompt': ['What is the most likely microscopy submodality used to acquire this image? brightfield microscopy']}",2.0,,,,,
modality,"['What is the most likely microscopy modality used to acquire this image? fluorescence microscopy', 'What is the most likely microscopy modality used to acquire this image? electron microscopy', 'What is the most likely microscopy modality used to acquire this image? light microscopy', 'What is the most likely microscopy modality used to acquire this image? none of the above']",82de7a14-fae2-447a-a20e-04fa76a1053b,light microscopy,2,"{'pred': [2], 'probs': [[4.4907327634291505e-08, 1.1206838124167007e-08, 1.0, 1.1564582624856712e-09]], 'pred_prompt': ['What is the most likely microscopy modality used to acquire this image? light microscopy']}",2.0,,,,,
submodality,"['What is the most likely microscopy submodality used to acquire this image? brightfield microscopy', 'What is the most likely microscopy submodality used to acquire this image? phase contrast microscopy', 'What is the most likely microscopy submodality used to acquire this image? darkfield microscopy', 'What is the most likely microscopy submodality used to acquire this image? synthetic', 'What is the most likely microscopy submodality used to acquire this image? mixed', 'What is the most likely microscopy submodality used to acquire this image? none of the above']",4afe845c-8db9-4301-9dda-64ca00c1c91a,brightfield microscopy,0,"{'pred': [0], 'probs': [[0.9998424053192139, 3.4203455925307935e-06, 0.00015396122762467712, 8.690172470515733e-10, 8.43350207446747e-08, 1.2846507857489087e-08]], 'pred_prompt': ['What is the most likely microscopy submodality used to acquire this image? brightfield microscopy']}",2.0,,,,,
domain,"['What is the most likely field of study this micrograph would be used for? radiology', 'What is the most likely field of study this micrograph would be used for? cytology', 'What is the most likely field of study this micrograph would be used for? ophthalmology', 'What is the most likely field of study this micrograph would be used for? pathology', 'What is the most likely field of study this micrograph would be used for? biology', 'What is the most likely field of study this micrograph would be used for? none of the above']",452e0b21-51c9-4db6-be23-8293d11949ae,pathology,3,"{'pred': [3], 'probs': [[5.4772684165982355e-09, 6.600749724583466e-09, 3.6098275479901076e-09, 0.9999998807907104, 2.375607266458246e-08, 6.0222063780202e-08]], 'pred_prompt': ['What is the most likely field of study this micrograph would be used for? pathology']}",2.0,,,,,
modality,"['What is the most likely microscopy modality used to acquire this image? fluorescence microscopy', 'What is the most likely microscopy modality used to acquire this image? electron microscopy', 'What is the most likely microscopy modality used to acquire this image? light microscopy', 'What is the most likely microscopy modality used to acquire this image? none of the above']",48c9e586-53a5-43ac-9e44-4a2cc46a19d6,light microscopy,2,"{'pred': [2], 'probs': [[5.651562560160528e-07, 1.3487759531471966e-07, 0.9999991655349731, 1.5175822909441194e-07]], 'pred_prompt': ['What is the most likely microscopy modality used to acquire this image? light microscopy']}",2.0,,,,,
modality,"['What is the most likely microscopy modality used to acquire this image? electron microscopy', 'What is the most likely microscopy modality used to acquire this image? light microscopy', 'What is the most likely microscopy modality used to acquire this image? fluorescence microscopy', 'What is the most likely microscopy modality used to acquire this image? none of the above']",853debc3-040b-44fe-8052-7681c61007a8,light microscopy,1,"{'pred': [1], 'probs': [[0.0005560494610108435, 0.999430239200592, 5.995865649310872e-06, 7.705682037340011e-06]], 'pred_prompt': ['What is the most likely microscopy modality used to acquire this image? light microscopy']}",2.0,,,,,
submodality,"['What is the most likely microscopy submodality used to acquire this image? polarized light microscopy', 'What is the most likely microscopy submodality used to acquire this image? mixed', 'What is the most likely microscopy submodality used to acquire this image? phase contrast microscopy', 'What is the most likely microscopy submodality used to acquire this image? brightfield microscopy', 'What is the most likely microscopy submodality used to acquire this image? darkfield microscopy', 'What is the most likely microscopy submodality used to acquire this image? none of the above']",fca24095-1b0b-4d7f-9e0a-b4237210768b,brightfield microscopy,3,"{'pred': [3], 'probs': [[1.6833888594192103e-07, 2.2304137703432758e-10, 6.328755119966445e-08, 0.9999995231628418, 2.066819746460169e-07, 4.302530207112021e-11]], 'pred_prompt': ['What is the most likely microscopy submodality used to acquire this image? brightfield microscopy']}",2.0,,,,,
domain,"['What is the most likely field of study this micrograph would be used for? biology', 'What is the most likely field of study this micrograph would be used for? radiology', 'What is the most likely field of study this micrograph would be used for? cytology', 'What is the most likely field of study this micrograph would be used for? pathology', 'What is the most likely field of study this micrograph would be used for? ophthalmology', 'What is the most likely field of study this micrograph would be used for? none of the above']",8ee56943-e994-4da4-9f1a-958fc400c042,pathology,3,"{'pred': [3], 'probs': [[5.5435901202827154e-08, 3.232112147366628e-11, 2.1965957941461056e-08, 0.9999998807907104, 1.6467202601511133e-10, 1.208539579522494e-08]], 'pred_prompt': ['What is the most likely field of study this micrograph would be used for? pathology']}",2.0,,,,,
modality,"['What is the most likely microscopy modality used to acquire this image? light microscopy', 'What is the most likely microscopy modality used to acquire this image? fluorescence microscopy', 'What is the most likely microscopy modality used to acquire this image? electron microscopy', 'What is the most likely microscopy modality used to acquire this image? none of the above']",58db2ffe-b37e-4a82-b1e6-69f53b82ec81,light microscopy,0,"{'pred': [0], 'probs': [[0.9999322891235352, 3.369974365341477e-05, 1.6007131762307836e-06, 3.241052036173642e-05]], 'pred_prompt': ['What is the most likely microscopy modality used to acquire this image? light microscopy']}",2.0,,,,,
domain,"['What is the most likely field of study this micrograph would be used for? radiology', 'What is the most likely field of study this micrograph would be used for? biology', 'What is the most likely field of study this micrograph would be used for? pathology', 'What is the most likely field of study this micrograph would be used for? cytology', 'What is the most likely field of study this micrograph would be used for? dermatology', 'What is the most likely field of study this micrograph would be used for? none of the above']",4b848650-027f-4698-9070-ef5425dd622a,pathology,2,"{'pred': [2], 'probs': [[4.698540223557757e-09, 1.366967872229452e-08, 1.0, 2.615763716740105e-10, 8.322609268418546e-09, 3.3688973832823876e-09]], 'pred_prompt': ['What is the most likely field of study this micrograph would be used for? pathology']}",2.0,,,,,
modality,"['What is the most likely microscopy modality used to acquire this image? fluorescence microscopy', 'What is the most likely microscopy modality used to acquire this image? electron microscopy', 'What is the most likely microscopy modality used to acquire this image? light microscopy', 'What is the most likely microscopy modality used to acquire this image? none of the above']",08f2c5e3-baea-44e4-bf7a-020c25a5b7bb,light microscopy,2,"{'pred': [2], 'probs': [[3.655859757145663e-07, 2.8365878534941658e-08, 0.9999996423721313, 1.6174542594171726e-08]], 'pred_prompt': ['What is the most likely microscopy modality used to acquire this image? light microscopy']}",2.0,,,,,
submodality,"['What is the most likely microscopy submodality used to acquire this image? darkfield microscopy', 'What is the most likely microscopy submodality used to acquire this image? mixed', 'What is the most likely microscopy submodality used to acquire this image? differential interference contrast microscopy', 'What is the most likely microscopy submodality used to acquire this image? polarized light microscopy', 'What is the most likely microscopy submodality used to acquire this image? brightfield microscopy', 'What is the most likely microscopy submodality used to acquire this image? none of the above']",10db48f5-30cb-4c51-af81-5859f765c15f,brightfield microscopy,4,"{'pred': [4], 'probs': [[4.392695700516924e-06, 0.00017496829968877137, 3.4303211577935144e-05, 2.839011131072766e-06, 0.9997748732566833, 8.610327313363086e-06]], 'pred_prompt': ['What is the most likely microscopy submodality used to acquire this image? brightfield microscopy']}",2.0,,,,,
stain,"['What is the most likely technique used to stain this micrograph? synthetic', 'What is the most likely technique used to stain this micrograph? IHC(HDab)', 'What is the most likely technique used to stain this micrograph? Wright-Giemsa', 'What is the most likely technique used to stain this micrograph? Gram', 'What is the most likely technique used to stain this micrograph? Papanicolaou', 'What is the most likely technique used to stain this micrograph? none of the above']",8f6f71a5-fb59-4060-a292-718c86cb74e9,IHC(HDab),1,"{'pred': [1], 'probs': [[4.856377344708562e-08, 0.9994348883628845, 4.233828576616361e-08, 0.0005429743323475122, 5.237257482804125e-06, 1.6774447431089357e-05]], 'pred_prompt': ['What is the most likely technique used to stain this micrograph? IHC(HDab)']}",2.0,,,,,
submodality,"['What is the most likely microscopy submodality used to acquire this image? differential interference contrast microscopy', 'What is the most likely microscopy submodality used to acquire this image? phase contrast microscopy', 'What is the most likely microscopy submodality used to acquire this image? brightfield microscopy', 'What is the most likely microscopy submodality used to acquire this image? polarized light microscopy', 'What is the most likely microscopy submodality used to acquire this image? darkfield microscopy', 'What is the most likely microscopy submodality used to acquire this image? none of the above']",d371413b-ddb3-4704-92c0-dfd123eea8a6,brightfield microscopy,2,"{'pred': [2], 'probs': [[7.028953064036614e-07, 1.5295861885533668e-05, 0.9999833106994629, 1.264765643327337e-07, 4.2982537706848234e-07, 1.756629153248923e-08]], 'pred_prompt': ['What is the most likely microscopy submodality used to acquire this image? brightfield microscopy']}",2.0,,,,,
stain,"['What is the most likely technique used to stain this micrograph? Gram', 'What is the most likely technique used to stain this micrograph? Ziehl-Neelsen', 'What is the most likely technique used to stain this micrograph? IHC(HDab)', 'What is the most likely technique used to stain this micrograph? Papanicolaou', 'What is the most likely technique used to stain this micrograph? Masson Trichrome', 'What is the most likely technique used to stain this micrograph? none of the above']",9ab988e0-a0ad-4350-b972-3c65aacd1de5,IHC(HDab),2,"{'pred': [2], 'probs': [[2.6069183149957098e-05, 4.66101575113953e-08, 0.9999728202819824, 5.981636945762148e-07, 4.632288774786275e-09, 4.334300172104122e-07]], 'pred_prompt': ['What is the most likely technique used to stain this micrograph? IHC(HDab)']}",2.0,,,,,
stain,"['What is the most likely technique used to stain this micrograph? PAS', 'What is the most likely technique used to stain this micrograph? Basic fuchsin', 'What is the most likely technique used to stain this micrograph? None', 'What is the most likely technique used to stain this micrograph? IHC(HDab)', 'What is the most likely technique used to stain this micrograph? H&E', 'What is the most likely technique used to stain this micrograph? none of the above']",ffe7c5e9-f950-4bff-9b83-7442b162e79c,IHC(HDab),3,"{'pred': [3], 'probs': [[9.997569577535614e-05, 4.919396445757229e-09, 8.98590599263116e-07, 0.9998962879180908, 5.418579007709923e-08, 2.777642976070638e-06]], 'pred_prompt': ['What is the most likely technique used to stain this micrograph? IHC(HDab)']}",2.0,,,,,
domain,"['What is the most likely field of study this micrograph would be used for? ophthalmology', 'What is the most likely field of study this micrograph would be used for? cytology', 'What is the most likely field of study this micrograph would be used for? biology', 'What is the most likely field of study this micrograph would be used for? pathology', 'What is the most likely field of study this micrograph would be used for? radiology', 'What is the most likely field of study this micrograph would be used for? none of the above']",f9c53632-26b2-4788-8de1-76886b6e397d,pathology,3,"{'pred': [3], 'probs': [[1.514905889621332e-08, 1.358434875697867e-08, 4.4795338993708356e-08, 0.9999998807907104, 3.9752322961161823e-11, 1.548572647891433e-08]], 'pred_prompt': ['What is the most likely field of study this micrograph would be used for? pathology']}",2.0,,,,,
modality,"['What is the most likely microscopy modality used to acquire this image? fluorescence microscopy', 'What is the most likely microscopy modality used to acquire this image? light microscopy', 'What is the most likely microscopy modality used to acquire this image? electron microscopy', 'What is the most likely microscopy modality used to acquire this image? none of the above']",eef582c2-eddb-4258-8fd0-fc94724a9d97,light microscopy,1,"{'pred': [1], 'probs': [[8.286482398034423e-07, 0.998139500617981, 0.0018586490768939257, 8.955714747571619e-07]], 'pred_prompt': ['What is the most likely microscopy modality used to acquire this image? light microscopy']}",2.0,,,,,
modality,"['What is the most likely microscopy modality used to acquire this image? fluorescence microscopy', 'What is the most likely microscopy modality used to acquire this image? light microscopy', 'What is the most likely microscopy modality used to acquire this image? electron microscopy', 'What is the most likely microscopy modality used to acquire this image? none of the above']",10db48f5-30cb-4c51-af81-5859f765c15f,light microscopy,1,"{'pred': [1], 'probs': [[1.7454960470786318e-05, 0.999914288520813, 5.028830855735578e-06, 6.32298833806999e-05]], 'pred_prompt': ['What is the most likely microscopy modality used to acquire this image? light microscopy']}",2.0,,,,,
submodality,"['What is the most likely microscopy submodality used to acquire this image? phase contrast microscopy', 'What is the most likely microscopy submodality used to acquire this image? brightfield microscopy', 'What is the most likely microscopy submodality used to acquire this image? mixed', 'What is the most likely microscopy submodality used to acquire this image? synthetic', 'What is the most likely microscopy submodality used to acquire this image? differential interference contrast microscopy', 'What is the most likely microscopy submodality used to acquire this image? none of the above']",da6f434b-8e20-4ec0-bb9c-d5d2a25ee9f1,brightfield microscopy,1,"{'pred': [1], 'probs': [[6.037656476109987e-06, 0.9999938011169434, 4.5215547972432546e-10, 4.432015952154922e-12, 1.376000682284939e-07, 3.6552382648435966e-11]], 'pred_prompt': ['What is the most likely microscopy submodality used to acquire this image? brightfield microscopy']}",2.0,,,,,
stain,"['What is the most likely technique used to stain this micrograph? Basic fuchsin', 'What is the most likely technique used to stain this micrograph? IHC(HDab)', 'What is the most likely technique used to stain this micrograph? Toluidine Blue', 'What is the most likely technique used to stain this micrograph? Giemsa', 'What is the most likely technique used to stain this micrograph? H&E', 'What is the most likely technique used to stain this micrograph? none of the above']",55e07aca-8a9f-4ba6-a977-dc31571ebb0d,IHC(HDab),1,"{'pred': [1], 'probs': [[6.566612569258723e-07, 0.9978249073028564, 1.5325965705415001e-06, 0.0016378500731661916, 2.846524330379907e-05, 0.0005066657322458923]], 'pred_prompt': ['What is the most likely technique used to stain this micrograph? IHC(HDab)']}",2.0,,,,,
submodality,"['What is the most likely microscopy submodality used to acquire this image? differential interference contrast microscopy', 'What is the most likely microscopy submodality used to acquire this image? synthetic', 'What is the most likely microscopy submodality used to acquire this image? mixed', 'What is the most likely microscopy submodality used to acquire this image? polarized light microscopy', 'What is the most likely microscopy submodality used to acquire this image? brightfield microscopy', 'What is the most likely microscopy submodality used to acquire this image? none of the above']",01bb0ac8-ed15-4be5-bdd3-c1ef6a6b04eb,brightfield microscopy,4,"{'pred': [4], 'probs': [[6.922671786924184e-07, 5.912816458675252e-09, 1.33016931158636e-06, 1.283958454223466e-06, 0.9999966621398926, 6.992350165546668e-08]], 'pred_prompt': ['What is the most likely microscopy submodality used to acquire this image? brightfield microscopy']}",2.0,,,,,
submodality,"['What is the most likely microscopy submodality used to acquire this image? brightfield microscopy', 'What is the most likely microscopy submodality used to acquire this image? polarized light microscopy', 'What is the most likely microscopy submodality used to acquire this image? darkfield microscopy', 'What is the most likely microscopy submodality used to acquire this image? mixed', 'What is the most likely microscopy submodality used to acquire this image? synthetic', 'What is the most likely microscopy submodality used to acquire this image? none of the above']",126336f2-6d4d-4c68-965f-359fcd1b8f88,brightfield microscopy,0,"{'pred': [0], 'probs': [[0.9999959468841553, 3.3482808703411138e-06, 7.180690317909466e-07, 3.146255522779029e-08, 3.7658010043628565e-10, 5.210717635151241e-09]], 'pred_prompt': ['What is the most likely microscopy submodality used to acquire this image? brightfield microscopy']}",2.0,,,,,
submodality,"['What is the most likely microscopy submodality used to acquire this image? differential interference contrast microscopy', 'What is the most likely microscopy submodality used to acquire this image? brightfield microscopy', 'What is the most likely microscopy submodality used to acquire this image? polarized light microscopy', 'What is the most likely microscopy submodality used to acquire this image? phase contrast microscopy', 'What is the most likely microscopy submodality used to acquire this image? synthetic', 'What is the most likely microscopy submodality used to acquire this image? none of the above']",f61d5d79-5527-4403-b2cc-c54ae8fea4db,brightfield microscopy,1,"{'pred': [1], 'probs': [[1.227048329610625e-08, 0.9999990463256836, 1.633743451634473e-08, 9.477727189732832e-07, 3.8418157544128917e-10, 1.2526912840371551e-09]], 'pred_prompt': ['What is the most likely microscopy submodality used to acquire this image? brightfield microscopy']}",2.0,,,,,
modality,"['What is the most likely microscopy modality used to acquire this image? fluorescence microscopy', 'What is the most likely microscopy modality used to acquire this image? light microscopy', 'What is the most likely microscopy modality used to acquire this image? electron microscopy', 'What is the most likely microscopy modality used to acquire this image? none of the above']",d5153989-d7ad-4f5e-9969-d88c62e0b9d5,light microscopy,1,"{'pred': [1], 'probs': [[5.603607178272796e-08, 0.9999972581863403, 2.654147920111427e-06, 2.9012577229536873e-08]], 'pred_prompt': ['What is the most likely microscopy modality used to acquire this image? light microscopy']}",2.0,,,,,
submodality,"['What is the most likely microscopy submodality used to acquire this image? brightfield microscopy', 'What is the most likely microscopy submodality used to acquire this image? darkfield microscopy', 'What is the most likely microscopy submodality used to acquire this image? polarized light microscopy', 'What is the most likely microscopy submodality used to acquire this image? phase contrast microscopy', 'What is the most likely microscopy submodality used to acquire this image? mixed', 'What is the most likely microscopy submodality used to acquire this image? none of the above']",106db987-7413-4142-9556-92c332ab538b,brightfield microscopy,0,"{'pred': [0], 'probs': [[0.9996644258499146, 1.6392101315432228e-05, 0.00011326211097184569, 0.00017456832574680448, 2.8755372113664635e-05, 2.7399123609939124e-06]], 'pred_prompt': ['What is the most likely microscopy submodality used to acquire this image? brightfield microscopy']}",2.0,,,,,
domain,"['What is the most likely field of study this micrograph would be used for? cytology', 'What is the most likely field of study this micrograph would be used for? radiology', 'What is the most likely field of study this micrograph would be used for? pathology', 'What is the most likely field of study this micrograph would be used for? dermatology', 'What is the most likely field of study this micrograph would be used for? biology', 'What is the most likely field of study this micrograph would be used for? none of the above']",5e0099dc-6934-44b9-a58e-7206ecdc3dbc,pathology,2,"{'pred': [2], 'probs': [[1.9548151897197386e-07, 5.128834579259944e-10, 0.9999996423721313, 1.2839799978792144e-07, 9.769537179238341e-09, 5.724185569988549e-09]], 'pred_prompt': ['What is the most likely field of study this micrograph would be used for? pathology']}",2.0,,,,,
submodality,"['What is the most likely microscopy submodality used to acquire this image? brightfield microscopy', 'What is the most likely microscopy submodality used to acquire this image? differential interference contrast microscopy', 'What is the most likely microscopy submodality used to acquire this image? mixed', 'What is the most likely microscopy submodality used to acquire this image? darkfield microscopy', 'What is the most likely microscopy submodality used to acquire this image? phase contrast microscopy', 'What is the most likely microscopy submodality used to acquire this image? none of the above']",f2d9ee8b-35ca-484e-a8a6-b06c6ca7088b,brightfield microscopy,0,"{'pred': [0], 'probs': [[0.9999810457229614, 2.407254839909001e-07, 1.5426749655489402e-07, 5.667185178026557e-06, 1.2843455806432758e-05, 1.1296933166704548e-08]], 'pred_prompt': ['What is the most likely microscopy submodality used to acquire this image? brightfield microscopy']}",2.0,,,,,
stain,"['What is the most likely technique used to stain this micrograph? Masson Trichrome', 'What is the most likely technique used to stain this micrograph? IHC(Red)', 'What is the most likely technique used to stain this micrograph? Ziehl-Neelsen', 'What is the most likely technique used to stain this micrograph? Wright-Giemsa', 'What is the most likely technique used to stain this micrograph? IHC(HDab)', 'What is the most likely technique used to stain this micrograph? none of the above']",b20f4674-5b23-46ba-87e5-6f44361767de,IHC(HDab),4,"{'pred': [4], 'probs': [[1.56771466919281e-08, 0.012150056660175323, 1.1904443226740113e-06, 1.1901043762918562e-05, 0.9878106117248535, 2.6334817448514514e-05]], 'pred_prompt': ['What is the most likely technique used to stain this micrograph? IHC(HDab)']}",2.0,,,,,
domain,"['What is the most likely field of study this micrograph would be used for? cytology', 'What is the most likely field of study this micrograph would be used for? pathology', 'What is the most likely field of study this micrograph would be used for? biology', 'What is the most likely field of study this micrograph would be used for? radiology', 'What is the most likely field of study this micrograph would be used for? dermatology', 'What is the most likely field of study this micrograph would be used for? none of the above']",848e8ae6-6193-4913-97e6-6fc43076b759,pathology,1,"{'pred': [1], 'probs': [[5.3453690362914585e-09, 0.9999998807907104, 6.674282104768281e-08, 1.5581030909928018e-09, 1.2431530471701535e-08, 5.4792767656408614e-08]], 'pred_prompt': ['What is the most likely field of study this micrograph would be used for? pathology']}",2.0,,,,,
domain,"['What is the most likely field of study this micrograph would be used for? ophthalmology', 'What is the most likely field of study this micrograph would be used for? cytology', 'What is the most likely field of study this micrograph would be used for? pathology', 'What is the most likely field of study this micrograph would be used for? biology', 'What is the most likely field of study this micrograph would be used for? dermatology', 'What is the most likely field of study this micrograph would be used for? none of the above']",db53e167-7db5-4ad0-9865-0c77aef31b0e,pathology,2,"{'pred': [2], 'probs': [[3.949587679130673e-08, 5.28476684635848e-09, 1.0, 2.411150035186438e-08, 1.541109284630693e-08, 1.35719968596959e-08]], 'pred_prompt': ['What is the most likely field of study this micrograph would be used for? pathology']}",2.0,,,,,
stain,"['What is the most likely technique used to stain this micrograph? H&E', 'What is the most likely technique used to stain this micrograph? Congo Red', 'What is the most likely technique used to stain this micrograph? PAS', 'What is the most likely technique used to stain this micrograph? Alcian Blue', 'What is the most likely technique used to stain this micrograph? IHC(HDab)', 'What is the most likely technique used to stain this micrograph? none of the above']",2438f72e-e0e8-47e2-a1d5-d531eafbfbe8,IHC(HDab),4,"{'pred': [4], 'probs': [[1.4695724637192598e-08, 3.0165144835336832e-06, 3.2528438964618545e-07, 1.3607646565105824e-07, 0.9999963045120239, 1.7286070885802474e-07]], 'pred_prompt': ['What is the most likely technique used to stain this micrograph? IHC(HDab)']}",2.0,,,,,
domain,"['What is the most likely field of study this micrograph would be used for? pathology', 'What is the most likely field of study this micrograph would be used for? ophthalmology', 'What is the most likely field of study this micrograph would be used for? cytology', 'What is the most likely field of study this micrograph would be used for? biology', 'What is the most likely field of study this micrograph would be used for? dermatology', 'What is the most likely field of study this micrograph would be used for? none of the above']",25256ca5-d89f-4437-87e9-1a58b80dec82,pathology,0,"{'pred': [0], 'probs': [[1.0, 1.4145998816772476e-09, 2.1177617437473373e-09, 2.695224665671958e-08, 4.020377364355454e-09, 2.6518806706121723e-08]], 'pred_prompt': ['What is the most likely field of study this micrograph would be used for? pathology']}",2.0,,,,,
stain,"['What is the most likely technique used to stain this micrograph? Giemsa', 'What is the most likely technique used to stain this micrograph? Basic fuchsin', 'What is the most likely technique used to stain this micrograph? IHC(Red)', 'What is the most likely technique used to stain this micrograph? IHC(HDab)', 'What is the most likely technique used to stain this micrograph? Masson Trichrome', 'What is the most likely technique used to stain this micrograph? none of the above']",cf08e7f2-953a-4fb0-99cd-d526bb9ff544,IHC(HDab),3,"{'pred': [3], 'probs': [[2.895934449043125e-05, 7.103902134986129e-06, 0.010552768595516682, 0.9893942475318909, 1.0035391824203543e-06, 1.585516110935714e-05]], 'pred_prompt': ['What is the most likely technique used to stain this micrograph? IHC(HDab)']}",2.0,,,,,
modality,"['What is the most likely microscopy modality used to acquire this image? fluorescence microscopy', 'What is the most likely microscopy modality used to acquire this image? electron microscopy', 'What is the most likely microscopy modality used to acquire this image? light microscopy', 'What is the most likely microscopy modality used to acquire this image? none of the above']",955d56e6-ddfc-4a1b-9861-4fa4aed97488,light microscopy,2,"{'pred': [2], 'probs': [[1.9101614157079894e-07, 5.011789880882134e-07, 0.9999992847442627, 2.2969935287164844e-08]], 'pred_prompt': ['What is the most likely microscopy modality used to acquire this image? light microscopy']}",2.0,,,,,
submodality,"['What is the most likely microscopy submodality used to acquire this image? polarized light microscopy', 'What is the most likely microscopy submodality used to acquire this image? phase contrast microscopy', 'What is the most likely microscopy submodality used to acquire this image? differential interference contrast microscopy', 'What is the most likely microscopy submodality used to acquire this image? mixed', 'What is the most likely microscopy submodality used to acquire this image? brightfield microscopy', 'What is the most likely microscopy submodality used to acquire this image? none of the above']",e37d9ae7-bf9e-48f5-a9af-5ea5baa92e98,brightfield microscopy,4,"{'pred': [4], 'probs': [[1.6668859643687028e-06, 2.6373287255410105e-05, 6.97927077908389e-07, 4.615720627043629e-06, 0.9999662637710571, 3.087819209213194e-07]], 'pred_prompt': ['What is the most likely microscopy submodality used to acquire this image? brightfield microscopy']}",2.0,,,,,
modality,"['What is the most likely microscopy modality used to acquire this image? fluorescence microscopy', 'What is the most likely microscopy modality used to acquire this image? electron microscopy', 'What is the most likely microscopy modality used to acquire this image? light microscopy', 'What is the most likely microscopy modality used to acquire this image? none of the above']",917bd482-f023-4cf2-a9c8-d16e2345b012,light microscopy,2,"{'pred': [2], 'probs': [[3.6866489949716197e-07, 1.8652925064088777e-05, 0.9999805688858032, 4.534785205123626e-07]], 'pred_prompt': ['What is the most likely microscopy modality used to acquire this image? light microscopy']}",2.0,,,,,
submodality,"['What is the most likely microscopy submodality used to acquire this image? brightfield microscopy', 'What is the most likely microscopy submodality used to acquire this image? darkfield microscopy', 'What is the most likely microscopy submodality used to acquire this image? synthetic', 'What is the most likely microscopy submodality used to acquire this image? differential interference contrast microscopy', 'What is the most likely microscopy submodality used to acquire this image? mixed', 'What is the most likely microscopy submodality used to acquire this image? none of the above']",789c5640-017c-44fa-b986-d1716644479d,brightfield microscopy,0,"{'pred': [0], 'probs': [[0.9999949932098389, 3.912323791155359e-06, 9.407394307991979e-11, 1.0670594292605529e-06, 5.0743349078175015e-08, 1.6721856122003942e-09]], 'pred_prompt': ['What is the most likely microscopy submodality used to acquire this image? brightfield microscopy']}",2.0,,,,,
modality,"['What is the most likely microscopy modality used to acquire this image? light microscopy', 'What is the most likely microscopy modality used to acquire this image? fluorescence microscopy', 'What is the most likely microscopy modality used to acquire this image? electron microscopy', 'What is the most likely microscopy modality used to acquire this image? none of the above']",1d36e394-934a-4060-a656-0de58f743a8e,light microscopy,0,"{'pred': [0], 'probs': [[0.99993896484375, 1.4092087496919703e-07, 6.090612805564888e-05, 3.102728740600469e-08]], 'pred_prompt': ['What is the most likely microscopy modality used to acquire this image? light microscopy']}",2.0,,,,,
stain,"['What is the most likely technique used to stain this micrograph? Gram', 'What is the most likely technique used to stain this micrograph? PAS', 'What is the most likely technique used to stain this micrograph? Ziehl-Neelsen', 'What is the most likely technique used to stain this micrograph? IHC(Red)', 'What is the most likely technique used to stain this micrograph? Congo Red', 'What is the most likely technique used to stain this micrograph? none of the above']",703f6b59-b029-4fac-905a-89cddad8e433,IHC(Red),3,"{'pred': [3], 'probs': [[1.7232998288818635e-05, 1.1076609780502622e-06, 4.5771681556061594e-08, 0.9980608820915222, 0.0019203305710107088, 4.4066769078199286e-07]], 'pred_prompt': ['What is the most likely technique used to stain this micrograph? IHC(Red)']}",2.0,,,,,
domain,"['What is the most likely field of study this micrograph would be used for? radiology', 'What is the most likely field of study this micrograph would be used for? biology', 'What is the most likely field of study this micrograph would be used for? cytology', 'What is the most likely field of study this micrograph would be used for? pathology', 'What is the most likely field of study this micrograph would be used for? dermatology', 'What is the most likely field of study this micrograph would be used for? none of the above']",2ff89a38-7950-4180-aebe-e0618954b44b,pathology,3,"{'pred': [3], 'probs': [[1.4313088908535221e-11, 1.9057029287949945e-09, 1.927210613317243e-09, 1.0, 3.4136122817329806e-09, 1.7541823549294122e-10]], 'pred_prompt': ['What is the most likely field of study this micrograph would be used for? pathology']}",2.0,,,,,
stain,"['What is the most likely technique used to stain this micrograph? H&E', 'What is the most likely technique used to stain this micrograph? Giemsa', 'What is the most likely technique used to stain this micrograph? IHC(HDab)', 'What is the most likely technique used to stain this micrograph? None', 'What is the most likely technique used to stain this micrograph? Congo Red', 'What is the most likely technique used to stain this micrograph? none of the above']",aebe6d83-1044-413d-9bee-fdecd971570f,IHC(HDab),2,"{'pred': [2], 'probs': [[2.205577942504533e-08, 1.3522592325898586e-06, 0.9999856948852539, 4.749738025111583e-07, 1.1459637789812405e-05, 1.044002601702232e-06]], 'pred_prompt': ['What is the most likely technique used to stain this micrograph? IHC(HDab)']}",2.0,,,,,
stain,"['What is the most likely technique used to stain this micrograph? Toluidine Blue', 'What is the most likely technique used to stain this micrograph? IHC(Red)', 'What is the most likely technique used to stain this micrograph? None', 'What is the most likely technique used to stain this micrograph? Giemsa', 'What is the most likely technique used to stain this micrograph? PAS', 'What is the most likely technique used to stain this micrograph? none of the above']",35ff4276-b9ec-403b-ab0b-89e533294407,IHC(Red),1,"{'pred': [1], 'probs': [[1.60355753564545e-07, 0.9998655319213867, 1.5843601431697607e-05, 6.240598304430023e-05, 4.767141945194453e-05, 8.319837434100918e-06]], 'pred_prompt': ['What is the most likely technique used to stain this micrograph? IHC(Red)']}",2.0,,,,,
domain,"['What is the most likely field of study this micrograph would be used for? pathology', 'What is the most likely field of study this micrograph would be used for? cytology', 'What is the most likely field of study this micrograph would be used for? ophthalmology', 'What is the most likely field of study this micrograph would be used for? dermatology', 'What is the most likely field of study this micrograph would be used for? biology', 'What is the most likely field of study this micrograph would be used for? none of the above']",bed806b8-a603-4fc5-b13e-7ce7c3d197c9,pathology,0,"{'pred': [0], 'probs': [[0.9999998807907104, 1.4059023101253842e-07, 2.1245027070904143e-08, 2.437664470278378e-08, 1.1487751194749762e-08, 1.2792605197375906e-08]], 'pred_prompt': ['What is the most likely field of study this micrograph would be used for? pathology']}",2.0,,,,,
domain,"['What is the most likely field of study this micrograph would be used for? ophthalmology', 'What is the most likely field of study this micrograph would be used for? biology', 'What is the most likely field of study this micrograph would be used for? dermatology', 'What is the most likely field of study this micrograph would be used for? pathology', 'What is the most likely field of study this micrograph would be used for? cytology', 'What is the most likely field of study this micrograph would be used for? none of the above']",b4123130-8cc4-44ed-b80b-751963c94255,pathology,3,"{'pred': [3], 'probs': [[1.4576187368220417e-08, 3.141722970667615e-08, 1.049803355357426e-08, 1.0, 5.2239546022292416e-09, 2.4879394544541356e-08]], 'pred_prompt': ['What is the most likely field of study this micrograph would be used for? pathology']}",2.0,,,,,
stain,"['What is the most likely technique used to stain this micrograph? Gram', 'What is the most likely technique used to stain this micrograph? Masson Trichrome', 'What is the most likely technique used to stain this micrograph? IHC(HDab)', 'What is the most likely technique used to stain this micrograph? IHC(Red)', 'What is the most likely technique used to stain this micrograph? synthetic', 'What is the most likely technique used to stain this micrograph? none of the above']",b88acde5-618e-484a-8b68-1dfdee8cfbd9,IHC(HDab),2,"{'pred': [2], 'probs': [[2.596866806925391e-06, 2.1257069715563404e-10, 0.9997112154960632, 0.0002841845853254199, 3.789643265861287e-09, 1.973994812942692e-06]], 'pred_prompt': ['What is the most likely technique used to stain this micrograph? IHC(HDab)']}",2.0,,,,,
stain,"['What is the most likely technique used to stain this micrograph? Giemsa', 'What is the most likely technique used to stain this micrograph? Basic fuchsin', 'What is the most likely technique used to stain this micrograph? Wright-Giemsa', 'What is the most likely technique used to stain this micrograph? IHC(HDab)', 'What is the most likely technique used to stain this micrograph? None', 'What is the most likely technique used to stain this micrograph? none of the above']",37abf1b3-9d8b-42bc-8c4a-4cf7e4677395,IHC(HDab),3,"{'pred': [3], 'probs': [[1.401831241309992e-06, 2.8314792177575043e-10, 6.524475182345668e-09, 0.9999985694885254, 1.085839951286971e-08, 2.4788178620838153e-08]], 'pred_prompt': ['What is the most likely technique used to stain this micrograph? IHC(HDab)']}",2.0,,,,,
submodality,"['What is the most likely microscopy submodality used to acquire this image? mixed', 'What is the most likely microscopy submodality used to acquire this image? brightfield microscopy', 'What is the most likely microscopy submodality used to acquire this image? polarized light microscopy', 'What is the most likely microscopy submodality used to acquire this image? darkfield microscopy', 'What is the most likely microscopy submodality used to acquire this image? differential interference contrast microscopy', 'What is the most likely microscopy submodality used to acquire this image? none of the above']",fb7e464b-cf45-41e7-8694-ec8fe9c6fe8a,brightfield microscopy,1,"{'pred': [1], 'probs': [[2.9649507737872227e-08, 0.9999963045120239, 1.0622212442967793e-07, 3.571577281036298e-06, 3.720499108794684e-08, 5.493926202859711e-09]], 'pred_prompt': ['What is the most likely microscopy submodality used to acquire this image? brightfield microscopy']}",2.0,,,,,
submodality,"['What is the most likely microscopy submodality used to acquire this image? synthetic', 'What is the most likely microscopy submodality used to acquire this image? polarized light microscopy', 'What is the most likely microscopy submodality used to acquire this image? brightfield microscopy', 'What is the most likely microscopy submodality used to acquire this image? differential interference contrast microscopy', 'What is the most likely microscopy submodality used to acquire this image? mixed', 'What is the most likely microscopy submodality used to acquire this image? none of the above']",0a856925-56e2-4e43-906b-d1c8fe9592cf,brightfield microscopy,2,"{'pred': [2], 'probs': [[4.388462926385728e-08, 1.5313660696847364e-05, 0.9999829530715942, 1.7626319959163084e-07, 1.2223323437865474e-06, 2.1982569364809024e-07]], 'pred_prompt': ['What is the most likely microscopy submodality used to acquire this image? brightfield microscopy']}",2.0,,,,,
submodality,"['What is the most likely microscopy submodality used to acquire this image? phase contrast microscopy', 'What is the most likely microscopy submodality used to acquire this image? polarized light microscopy', 'What is the most likely microscopy submodality used to acquire this image? differential interference contrast microscopy', 'What is the most likely microscopy submodality used to acquire this image? synthetic', 'What is the most likely microscopy submodality used to acquire this image? brightfield microscopy', 'What is the most likely microscopy submodality used to acquire this image? none of the above']",68b1d5bd-3660-438b-b209-daf0daf512ee,brightfield microscopy,4,"{'pred': [4], 'probs': [[7.414423066620657e-07, 3.705972630996257e-07, 5.189211606193567e-06, 1.1706603741945543e-10, 0.9999936819076538, 1.7092695314691042e-10]], 'pred_prompt': ['What is the most likely microscopy submodality used to acquire this image? brightfield microscopy']}",2.0,,,,,
stain,"['What is the most likely technique used to stain this micrograph? None', 'What is the most likely technique used to stain this micrograph? IHC(Red)', 'What is the most likely technique used to stain this micrograph? IHC(HDab)', 'What is the most likely technique used to stain this micrograph? Toluidine Blue', 'What is the most likely technique used to stain this micrograph? Ziehl-Neelsen', 'What is the most likely technique used to stain this micrograph? none of the above']",70085a4d-5514-4df7-bccd-93df54e3019c,IHC(HDab),2,"{'pred': [2], 'probs': [[1.4873134546178335e-07, 9.839692211244255e-05, 0.9999011754989624, 4.396118580274333e-09, 1.7855480649586752e-08, 3.144885170058842e-07]], 'pred_prompt': ['What is the most likely technique used to stain this micrograph? IHC(HDab)']}",2.0,,,,,
domain,"['What is the most likely field of study this micrograph would be used for? ophthalmology', 'What is the most likely field of study this micrograph would be used for? dermatology', 'What is the most likely field of study this micrograph would be used for? radiology', 'What is the most likely field of study this micrograph would be used for? pathology', 'What is the most likely field of study this micrograph would be used for? biology', 'What is the most likely field of study this micrograph would be used for? none of the above']",8ac7d1b7-75e2-46e4-a5a9-434b96116ec1,pathology,3,"{'pred': [3], 'probs': [[2.9259172862339256e-08, 2.1412839501522285e-08, 1.5511711026761077e-08, 0.9999998807907104, 6.41362589703931e-08, 2.9520732525156745e-08]], 'pred_prompt': ['What is the most likely field of study this micrograph would be used for? pathology']}",2.0,,,,,
stain,"['What is the most likely technique used to stain this micrograph? Masson Trichrome', 'What is the most likely technique used to stain this micrograph? PAS', 'What is the most likely technique used to stain this micrograph? H&E', 'What is the most likely technique used to stain this micrograph? IHC(HDab)', 'What is the most likely technique used to stain this micrograph? Congo Red', 'What is the most likely technique used to stain this micrograph? none of the above']",b9cb3774-934e-4f7f-a87d-6908f77f8d4f,IHC(HDab),3,"{'pred': [3], 'probs': [[6.533424912191776e-10, 5.429205884865951e-06, 1.6156279514234484e-07, 0.9999909400939941, 8.286680781566247e-07, 2.6356526632298483e-06]], 'pred_prompt': ['What is the most likely technique used to stain this micrograph? IHC(HDab)']}",2.0,,,,,
domain,"['What is the most likely field of study this micrograph would be used for? radiology', 'What is the most likely field of study this micrograph would be used for? biology', 'What is the most likely field of study this micrograph would be used for? cytology', 'What is the most likely field of study this micrograph would be used for? dermatology', 'What is the most likely field of study this micrograph would be used for? pathology', 'What is the most likely field of study this micrograph would be used for? none of the above']",ee164fc2-d8c9-4069-8708-af02b4cc444e,pathology,4,"{'pred': [4], 'probs': [[1.553988882019297e-10, 2.56805510190361e-09, 5.772238798051887e-10, 2.1704169128611284e-08, 1.0, 7.510423394307963e-09]], 'pred_prompt': ['What is the most likely field of study this micrograph would be used for? pathology']}",2.0,,,,,
stain,"['What is the most likely technique used to stain this micrograph? Alcian Blue', 'What is the most likely technique used to stain this micrograph? Toluidine Blue', 'What is the most likely technique used to stain this micrograph? Masson Trichrome', 'What is the most likely technique used to stain this micrograph? IHC(HDab)', 'What is the most likely technique used to stain this micrograph? Papanicolaou', 'What is the most likely technique used to stain this micrograph? none of the above']",92677201-bf50-4315-86fb-04a677a7dc49,IHC(HDab),3,"{'pred': [3], 'probs': [[0.00035290431696921587, 1.0940465244857478e-06, 2.0875225459349167e-07, 0.9996324777603149, 2.64200957644789e-06, 1.0748239219537936e-05]], 'pred_prompt': ['What is the most likely technique used to stain this micrograph? IHC(HDab)']}",2.0,,,,,
submodality,"['What is the most likely microscopy submodality used to acquire this image? phase contrast microscopy', 'What is the most likely microscopy submodality used to acquire this image? differential interference contrast microscopy', 'What is the most likely microscopy submodality used to acquire this image? brightfield microscopy', 'What is the most likely microscopy submodality used to acquire this image? polarized light microscopy', 'What is the most likely microscopy submodality used to acquire this image? darkfield microscopy', 'What is the most likely microscopy submodality used to acquire this image? none of the above']",214dbbce-0c23-4836-a170-f42d05a3a6e7,brightfield microscopy,2,"{'pred': [2], 'probs': [[8.194676865969086e-07, 1.7571541377492395e-07, 0.9999955892562866, 3.6104148648519185e-07, 3.0211765533749713e-06, 2.092042095114266e-09]], 'pred_prompt': ['What is the most likely microscopy submodality used to acquire this image? brightfield microscopy']}",2.0,,,,,
modality,"['What is the most likely microscopy modality used to acquire this image? fluorescence microscopy', 'What is the most likely microscopy modality used to acquire this image? light microscopy', 'What is the most likely microscopy modality used to acquire this image? electron microscopy', 'What is the most likely microscopy modality used to acquire this image? none of the above']",c51d867c-0a25-45b1-bcc7-824ede342db9,light microscopy,1,"{'pred': [1], 'probs': [[1.973183429981873e-07, 0.9999785423278809, 2.1066818590043113e-05, 2.1473906031133083e-07]], 'pred_prompt': ['What is the most likely microscopy modality used to acquire this image? light microscopy']}",2.0,,,,,
submodality,"['What is the most likely microscopy submodality used to acquire this image? differential interference contrast microscopy', 'What is the most likely microscopy submodality used to acquire this image? darkfield microscopy', 'What is the most likely microscopy submodality used to acquire this image? brightfield microscopy', 'What is the most likely microscopy submodality used to acquire this image? polarized light microscopy', 'What is the most likely microscopy submodality used to acquire this image? synthetic', 'What is the most likely microscopy submodality used to acquire this image? none of the above']",15ce9378-f782-4a79-bd1f-325d757ca2fd,brightfield microscopy,2,"{'pred': [2], 'probs': [[1.174713588625309e-07, 7.472105608030688e-06, 0.9999914169311523, 8.944522278397926e-07, 6.262967033876521e-09, 4.77664592324345e-08]], 'pred_prompt': ['What is the most likely microscopy submodality used to acquire this image? brightfield microscopy']}",2.0,,,,,
domain,"['What is the most likely field of study this micrograph would be used for? ophthalmology', 'What is the most likely field of study this micrograph would be used for? dermatology', 'What is the most likely field of study this micrograph would be used for? radiology', 'What is the most likely field of study this micrograph would be used for? pathology', 'What is the most likely field of study this micrograph would be used for? biology', 'What is the most likely field of study this micrograph would be used for? none of the above']",ccf69df1-4aa5-43df-bd85-4f67af17ac0e,pathology,3,"{'pred': [3], 'probs': [[7.320033024171835e-09, 2.8937433782516564e-08, 9.010666879305518e-09, 0.9999997615814209, 1.3373264096117055e-07, 8.474790291757017e-08]], 'pred_prompt': ['What is the most likely field of study this micrograph would be used for? pathology']}",2.0,,,,,
submodality,"['What is the most likely microscopy submodality used to acquire this image? darkfield microscopy', 'What is the most likely microscopy submodality used to acquire this image? phase contrast microscopy', 'What is the most likely microscopy submodality used to acquire this image? brightfield microscopy', 'What is the most likely microscopy submodality used to acquire this image? mixed', 'What is the most likely microscopy submodality used to acquire this image? synthetic', 'What is the most likely microscopy submodality used to acquire this image? none of the above']",15164979-5012-4d7b-9b70-107b21869783,brightfield microscopy,2,"{'pred': [2], 'probs': [[8.972009482022258e-07, 4.228178624998691e-07, 0.9999985694885254, 5.838720479323101e-11, 2.843512751649069e-12, 1.0497241964557702e-11]], 'pred_prompt': ['What is the most likely microscopy submodality used to acquire this image? brightfield microscopy']}",2.0,,,,,
submodality,"['What is the most likely microscopy submodality used to acquire this image? differential interference contrast microscopy', 'What is the most likely microscopy submodality used to acquire this image? polarized light microscopy', 'What is the most likely microscopy submodality used to acquire this image? brightfield microscopy', 'What is the most likely microscopy submodality used to acquire this image? synthetic', 'What is the most likely microscopy submodality used to acquire this image? phase contrast microscopy', 'What is the most likely microscopy submodality used to acquire this image? none of the above']",8777d916-2109-4d12-95ad-febc9319a33b,brightfield microscopy,2,"{'pred': [2], 'probs': [[3.54614613229387e-08, 6.06187384732948e-08, 0.9999982118606567, 2.544698618489605e-10, 1.5836842521821382e-06, 2.121222308915094e-09]], 'pred_prompt': ['What is the most likely microscopy submodality used to acquire this image? brightfield microscopy']}",2.0,,,,,
domain,"['What is the most likely field of study this micrograph would be used for? cytology', 'What is the most likely field of study this micrograph would be used for? biology', 'What is the most likely field of study this micrograph would be used for? pathology', 'What is the most likely field of study this micrograph would be used for? radiology', 'What is the most likely field of study this micrograph would be used for? ophthalmology', 'What is the most likely field of study this micrograph would be used for? none of the above']",fb5732cb-b9d2-485c-a34b-4c245995257d,pathology,2,"{'pred': [2], 'probs': [[7.856030492803256e-07, 9.538653102936223e-07, 0.9999980926513672, 2.477529958966329e-09, 9.450866755855714e-09, 1.7513967520699225e-07]], 'pred_prompt': ['What is the most likely field of study this micrograph would be used for? pathology']}",2.0,,,,,
stain,"['What is the most likely technique used to stain this micrograph? IHC(Red)', 'What is the most likely technique used to stain this micrograph? Congo Red', 'What is the most likely technique used to stain this micrograph? IHC(HDab)', 'What is the most likely technique used to stain this micrograph? None', 'What is the most likely technique used to stain this micrograph? Basic fuchsin', 'What is the most likely technique used to stain this micrograph? none of the above']",c110375d-0233-45ba-8cd4-c626e6be30a6,IHC(HDab),2,"{'pred': [2], 'probs': [[3.985885996371508e-06, 8.394160033731168e-08, 0.9999959468841553, 1.7960832821017902e-09, 1.9871333745147268e-11, 8.037628340673564e-09]], 'pred_prompt': ['What is the most likely technique used to stain this micrograph? IHC(HDab)']}",2.0,,,,,
submodality,"['What is the most likely microscopy submodality used to acquire this image? brightfield microscopy', 'What is the most likely microscopy submodality used to acquire this image? mixed', 'What is the most likely microscopy submodality used to acquire this image? differential interference contrast microscopy', 'What is the most likely microscopy submodality used to acquire this image? polarized light microscopy', 'What is the most likely microscopy submodality used to acquire this image? darkfield microscopy', 'What is the most likely microscopy submodality used to acquire this image? none of the above']",c2d2b05b-00f5-469e-bc4f-edbc260731c3,brightfield microscopy,0,"{'pred': [0], 'probs': [[0.9999916553497314, 2.3970592177846584e-10, 1.36068294409597e-07, 2.6201450964435935e-07, 7.99287408881355e-06, 1.851684777731677e-11]], 'pred_prompt': ['What is the most likely microscopy submodality used to acquire this image? brightfield microscopy']}",2.0,,,,,
stain,"['What is the most likely technique used to stain this micrograph? Gram', 'What is the most likely technique used to stain this micrograph? Ziehl-Neelsen', 'What is the most likely technique used to stain this micrograph? Toluidine Blue', 'What is the most likely technique used to stain this micrograph? Giemsa', 'What is the most likely technique used to stain this micrograph? IHC(HDab)', 'What is the most likely technique used to stain this micrograph? none of the above']",8a5b99e2-59d6-4e6f-a314-272d4e4d4750,IHC(HDab),4,"{'pred': [4], 'probs': [[5.3519402172241826e-06, 2.4498644890513788e-08, 1.5939047415258756e-08, 1.967742491615354e-06, 0.9999891519546509, 3.4388117455819156e-06]], 'pred_prompt': ['What is the most likely technique used to stain this micrograph? IHC(HDab)']}",2.0,,,,,
modality,"['What is the most likely microscopy modality used to acquire this image? fluorescence microscopy', 'What is the most likely microscopy modality used to acquire this image? electron microscopy', 'What is the most likely microscopy modality used to acquire this image? light microscopy', 'What is the most likely microscopy modality used to acquire this image? none of the above']",be1f42a3-92a6-4f01-b268-69e45a63d2d7,light microscopy,2,"{'pred': [2], 'probs': [[2.731366657826584e-05, 0.00013445026706904173, 0.9998016953468323, 3.6590809031622484e-05]], 'pred_prompt': ['What is the most likely microscopy modality used to acquire this image? light microscopy']}",2.0,,,,,
domain,"['What is the most likely field of study this micrograph would be used for? cytology', 'What is the most likely field of study this micrograph would be used for? pathology', 'What is the most likely field of study this micrograph would be used for? radiology', 'What is the most likely field of study this micrograph would be used for? ophthalmology', 'What is the most likely field of study this micrograph would be used for? dermatology', 'What is the most likely field of study this micrograph would be used for? none of the above']",ee9616e6-2515-4563-a4cc-7c2fc20ae061,pathology,1,"{'pred': [1], 'probs': [[2.1837941177604847e-10, 1.0, 7.257277556682595e-10, 2.3486865785571354e-09, 4.715598578286517e-09, 1.2284258055217379e-09]], 'pred_prompt': ['What is the most likely field of study this micrograph would be used for? pathology']}",2.0,,,,,
submodality,"['What is the most likely microscopy submodality used to acquire this image? darkfield microscopy', 'What is the most likely microscopy submodality used to acquire this image? polarized light microscopy', 'What is the most likely microscopy submodality used to acquire this image? mixed', 'What is the most likely microscopy submodality used to acquire this image? synthetic', 'What is the most likely microscopy submodality used to acquire this image? brightfield microscopy', 'What is the most likely microscopy submodality used to acquire this image? none of the above']",674f63cb-384c-4f1a-92e1-0d97428c8830,brightfield microscopy,4,"{'pred': [4], 'probs': [[2.3848519049352035e-05, 1.024871198751498e-05, 1.4412312339118216e-05, 8.945748959376942e-07, 0.9999474287033081, 3.1560771276417654e-06]], 'pred_prompt': ['What is the most likely microscopy submodality used to acquire this image? brightfield microscopy']}",2.0,,,,,
stain,"['What is the most likely technique used to stain this micrograph? IHC(HDab)', 'What is the most likely technique used to stain this micrograph? Ziehl-Neelsen', 'What is the most likely technique used to stain this micrograph? Papanicolaou', 'What is the most likely technique used to stain this micrograph? IHC(Red)', 'What is the most likely technique used to stain this micrograph? Gram', 'What is the most likely technique used to stain this micrograph? none of the above']",1d4b26fa-887a-4e17-9cfd-d16d7c3ad593,IHC(HDab),0,"{'pred': [0], 'probs': [[0.9998593330383301, 3.769175638268507e-09, 2.000586221129197e-07, 0.00013697092072106898, 1.5102233419383992e-06, 1.9200490442017326e-06]], 'pred_prompt': ['What is the most likely technique used to stain this micrograph? IHC(HDab)']}",2.0,,,,,
stain,"['What is the most likely technique used to stain this micrograph? H&E', 'What is the most likely technique used to stain this micrograph? Alcian Blue', 'What is the most likely technique used to stain this micrograph? Wright-Giemsa', 'What is the most likely technique used to stain this micrograph? Congo Red', 'What is the most likely technique used to stain this micrograph? IHC(HDab)', 'What is the most likely technique used to stain this micrograph? none of the above']",9c448b16-2f91-44bd-90ed-e4f3cb24294a,IHC(HDab),4,"{'pred': [4], 'probs': [[7.914381399132253e-07, 9.310455766353698e-07, 5.9367771427787375e-06, 1.3094639143673703e-05, 0.9999613761901855, 1.7811375073506497e-05]], 'pred_prompt': ['What is the most likely technique used to stain this micrograph? IHC(HDab)']}",2.0,,,,,
submodality,"['What is the most likely microscopy submodality used to acquire this image? polarized light microscopy', 'What is the most likely microscopy submodality used to acquire this image? differential interference contrast microscopy', 'What is the most likely microscopy submodality used to acquire this image? phase contrast microscopy', 'What is the most likely microscopy submodality used to acquire this image? mixed', 'What is the most likely microscopy submodality used to acquire this image? brightfield microscopy', 'What is the most likely microscopy submodality used to acquire this image? none of the above']",92417a08-8107-442e-bc63-3991d8eed836,brightfield microscopy,4,"{'pred': [4], 'probs': [[3.476029860394192e-06, 7.841152864784817e-07, 7.160797849792289e-06, 1.3924985751145869e-06, 0.999987006187439, 1.8458669615029066e-07]], 'pred_prompt': ['What is the most likely microscopy submodality used to acquire this image? brightfield microscopy']}",2.0,,,,,
stain,"['What is the most likely technique used to stain this micrograph? Gram', 'What is the most likely technique used to stain this micrograph? Congo Red', 'What is the most likely technique used to stain this micrograph? Masson Trichrome', 'What is the most likely technique used to stain this micrograph? Alcian Blue', 'What is the most likely technique used to stain this micrograph? IHC(HDab)', 'What is the most likely technique used to stain this micrograph? none of the above']",209d1e5c-3a99-471b-b04b-a720c41926d1,IHC(HDab),4,"{'pred': [4], 'probs': [[3.820179699687287e-06, 6.486416168627329e-07, 1.4092897682171923e-10, 9.448626059338494e-08, 0.9999933242797852, 2.114913058903767e-06]], 'pred_prompt': ['What is the most likely technique used to stain this micrograph? IHC(HDab)']}",2.0,,,,,
domain,"['What is the most likely field of study this micrograph would be used for? cytology', 'What is the most likely field of study this micrograph would be used for? ophthalmology', 'What is the most likely field of study this micrograph would be used for? pathology', 'What is the most likely field of study this micrograph would be used for? dermatology', 'What is the most likely field of study this micrograph would be used for? biology', 'What is the most likely field of study this micrograph would be used for? none of the above']",bce8932f-8a62-4e4c-b03f-9b423c014acd,pathology,2,"{'pred': [2], 'probs': [[1.9133480577693263e-08, 2.1074507472462756e-08, 0.9999997615814209, 2.936958232169218e-09, 1.1521043319362434e-07, 1.368802600154595e-07]], 'pred_prompt': ['What is the most likely field of study this micrograph would be used for? pathology']}",2.0,,,,,
submodality,"['What is the most likely microscopy submodality used to acquire this image? darkfield microscopy', 'What is the most likely microscopy submodality used to acquire this image? differential interference contrast microscopy', 'What is the most likely microscopy submodality used to acquire this image? phase contrast microscopy', 'What is the most likely microscopy submodality used to acquire this image? brightfield microscopy', 'What is the most likely microscopy submodality used to acquire this image? mixed', 'What is the most likely microscopy submodality used to acquire this image? none of the above']",fca62714-8ea3-4c48-a69c-cf5339854a1d,brightfield microscopy,3,"{'pred': [3], 'probs': [[5.717068916055723e-07, 3.655422347037529e-07, 2.7026919724448817e-06, 0.9999963045120239, 2.8614062230758464e-08, 3.1289899560249523e-09]], 'pred_prompt': ['What is the most likely microscopy submodality used to acquire this image? brightfield microscopy']}",2.0,,,,,
submodality,"['What is the most likely microscopy submodality used to acquire this image? darkfield microscopy', 'What is the most likely microscopy submodality used to acquire this image? phase contrast microscopy', 'What is the most likely microscopy submodality used to acquire this image? polarized light microscopy', 'What is the most likely microscopy submodality used to acquire this image? differential interference contrast microscopy', 'What is the most likely microscopy submodality used to acquire this image? brightfield microscopy', 'What is the most likely microscopy submodality used to acquire this image? none of the above']",33ea463c-3efc-48c4-921e-232e6d63ca5d,brightfield microscopy,4,"{'pred': [4], 'probs': [[5.494037850439781e-06, 2.0551433408400044e-05, 4.410406404531386e-07, 3.8323759099512245e-07, 0.9999730587005615, 3.59016838480386e-09]], 'pred_prompt': ['What is the most likely microscopy submodality used to acquire this image? brightfield microscopy']}",2.0,,,,,
modality,"['What is the most likely microscopy modality used to acquire this image? fluorescence microscopy', 'What is the most likely microscopy modality used to acquire this image? light microscopy', 'What is the most likely microscopy modality used to acquire this image? electron microscopy', 'What is the most likely microscopy modality used to acquire this image? none of the above']",2cefb6ef-cf97-44dc-859b-ec0f8045f763,light microscopy,1,"{'pred': [1], 'probs': [[3.037714577658335e-07, 0.9999992847442627, 3.937356609640119e-07, 1.1387395026929426e-08]], 'pred_prompt': ['What is the most likely microscopy modality used to acquire this image? light microscopy']}",2.0,,,,,
modality,"['What is the most likely microscopy modality used to acquire this image? electron microscopy', 'What is the most likely microscopy modality used to acquire this image? fluorescence microscopy', 'What is the most likely microscopy modality used to acquire this image? light microscopy', 'What is the most likely microscopy modality used to acquire this image? none of the above']",1c62ef34-5f6d-44fc-a7b7-9b34910fe7bf,light microscopy,2,"{'pred': [2], 'probs': [[0.00019431774853728712, 0.00042208298691548407, 0.9991543292999268, 0.00022927515965420753]], 'pred_prompt': ['What is the most likely microscopy modality used to acquire this image? light microscopy']}",2.0,,,,,
domain,"['What is the most likely field of study this micrograph would be used for? biology', 'What is the most likely field of study this micrograph would be used for? radiology', 'What is the most likely field of study this micrograph would be used for? cytology', 'What is the most likely field of study this micrograph would be used for? ophthalmology', 'What is the most likely field of study this micrograph would be used for? pathology', 'What is the most likely field of study this micrograph would be used for? none of the above']",880dd3fb-87d5-4ff5-8d6c-97a13cb7c421,pathology,4,"{'pred': [4], 'probs': [[1.9641316839624778e-07, 5.64311797290884e-09, 2.5968358841055306e-07, 1.6861607221585473e-08, 0.9999992847442627, 2.4558275413255615e-07]], 'pred_prompt': ['What is the most likely field of study this micrograph would be used for? pathology']}",2.0,,,,,
domain,"['What is the most likely field of study this micrograph would be used for? ophthalmology', 'What is the most likely field of study this micrograph would be used for? dermatology', 'What is the most likely field of study this micrograph would be used for? cytology', 'What is the most likely field of study this micrograph would be used for? biology', 'What is the most likely field of study this micrograph would be used for? pathology', 'What is the most likely field of study this micrograph would be used for? none of the above']",71259f90-09ce-41be-9391-00ca83546377,pathology,4,"{'pred': [4], 'probs': [[7.260739121051074e-09, 1.0539175754331609e-08, 2.4041503010607812e-08, 3.1813709711059346e-07, 0.9999995231628418, 1.6333433450199664e-07]], 'pred_prompt': ['What is the most likely field of study this micrograph would be used for? pathology']}",2.0,,,,,
domain,"['What is the most likely field of study this micrograph would be used for? pathology', 'What is the most likely field of study this micrograph would be used for? ophthalmology', 'What is the most likely field of study this micrograph would be used for? cytology', 'What is the most likely field of study this micrograph would be used for? dermatology', 'What is the most likely field of study this micrograph would be used for? biology', 'What is the most likely field of study this micrograph would be used for? none of the above']",671bb674-de7c-4f16-ab6a-1b9e4e24490f,pathology,0,"{'pred': [0], 'probs': [[1.0, 4.345199311472925e-09, 3.748202581643767e-10, 8.423797659418142e-09, 3.5274123177941874e-08, 4.270341413814549e-09]], 'pred_prompt': ['What is the most likely field of study this micrograph would be used for? pathology']}",2.0,,,,,
submodality,"['What is the most likely microscopy submodality used to acquire this image? synthetic', 'What is the most likely microscopy submodality used to acquire this image? brightfield microscopy', 'What is the most likely microscopy submodality used to acquire this image? differential interference contrast microscopy', 'What is the most likely microscopy submodality used to acquire this image? mixed', 'What is the most likely microscopy submodality used to acquire this image? polarized light microscopy', 'What is the most likely microscopy submodality used to acquire this image? none of the above']",aeef5721-03b2-4d03-b4aa-248652d163cd,brightfield microscopy,1,"{'pred': [1], 'probs': [[2.960825757746671e-13, 0.999998927116394, 6.040840503374056e-07, 1.2862749754205538e-10, 4.980693688594329e-07, 1.14458408029261e-11]], 'pred_prompt': ['What is the most likely microscopy submodality used to acquire this image? brightfield microscopy']}",2.0,,,,,
modality,"['What is the most likely microscopy modality used to acquire this image? electron microscopy', 'What is the most likely microscopy modality used to acquire this image? light microscopy', 'What is the most likely microscopy modality used to acquire this image? fluorescence microscopy', 'What is the most likely microscopy modality used to acquire this image? none of the above']",e326f1c0-50fe-4c69-8ffe-d9ebce39e913,light microscopy,1,"{'pred': [1], 'probs': [[5.985924644846818e-07, 0.999998927116394, 4.821986863134953e-07, 6.6048491120795916e-09]], 'pred_prompt': ['What is the most likely microscopy modality used to acquire this image? light microscopy']}",2.0,,,,,
stain,"['What is the most likely technique used to stain this micrograph? Ziehl-Neelsen', 'What is the most likely technique used to stain this micrograph? Toluidine Blue', 'What is the most likely technique used to stain this micrograph? PAS', 'What is the most likely technique used to stain this micrograph? IHC(HDab)', 'What is the most likely technique used to stain this micrograph? synthetic', 'What is the most likely technique used to stain this micrograph? none of the above']",9df78d63-3f28-4207-bf34-7fc055f29a2e,IHC(HDab),3,"{'pred': [3], 'probs': [[2.5574035333875145e-08, 3.339561738258112e-09, 5.173327508600778e-07, 0.9999992847442627, 2.204512267178771e-10, 1.6705048722087668e-07]], 'pred_prompt': ['What is the most likely technique used to stain this micrograph? IHC(HDab)']}",2.0,,,,,
stain,"['What is the most likely technique used to stain this micrograph? Masson Trichrome', 'What is the most likely technique used to stain this micrograph? IHC(HDab)', 'What is the most likely technique used to stain this micrograph? Ziehl-Neelsen', 'What is the most likely technique used to stain this micrograph? Papanicolaou', 'What is the most likely technique used to stain this micrograph? Giemsa', 'What is the most likely technique used to stain this micrograph? none of the above']",6c237c64-7b28-4281-a80b-00c9fadb1e70,IHC(HDab),1,"{'pred': [1], 'probs': [[9.249374044451031e-10, 0.9999592304229736, 1.0515064730043377e-07, 1.7652430983616796e-07, 3.782884596148506e-05, 2.776514520519413e-06]], 'pred_prompt': ['What is the most likely technique used to stain this micrograph? IHC(HDab)']}",2.0,,,,,
stain,"['What is the most likely technique used to stain this micrograph? Masson Trichrome', 'What is the most likely technique used to stain this micrograph? Papanicolaou', 'What is the most likely technique used to stain this micrograph? IHC(HDab)', 'What is the most likely technique used to stain this micrograph? Giemsa', 'What is the most likely technique used to stain this micrograph? Ziehl-Neelsen', 'What is the most likely technique used to stain this micrograph? none of the above']",cc3a2574-9924-43e2-b217-974295d35841,IHC(HDab),2,"{'pred': [2], 'probs': [[6.809881131220052e-11, 8.617216451511922e-08, 0.9999995231628418, 3.174133951233671e-07, 3.2197158272850857e-09, 6.466355984002803e-08]], 'pred_prompt': ['What is the most likely technique used to stain this micrograph? IHC(HDab)']}",2.0,,,,,
stain,"['What is the most likely technique used to stain this micrograph? Toluidine Blue', 'What is the most likely technique used to stain this micrograph? Basic fuchsin', 'What is the most likely technique used to stain this micrograph? Masson Trichrome', 'What is the most likely technique used to stain this micrograph? Wright-Giemsa', 'What is the most likely technique used to stain this micrograph? IHC(Red)', 'What is the most likely technique used to stain this micrograph? none of the above']",0bc869b4-d262-4713-aad1-85f95baab5fc,IHC(Red),4,"{'pred': [4], 'probs': [[1.7721073497511952e-09, 4.757161605084548e-06, 3.0789783522777725e-07, 5.393948399046167e-08, 0.9999923706054688, 2.50795756073785e-06]], 'pred_prompt': ['What is the most likely technique used to stain this micrograph? IHC(Red)']}",2.0,,,,,
submodality,"['What is the most likely microscopy submodality used to acquire this image? brightfield microscopy', 'What is the most likely microscopy submodality used to acquire this image? polarized light microscopy', 'What is the most likely microscopy submodality used to acquire this image? mixed', 'What is the most likely microscopy submodality used to acquire this image? phase contrast microscopy', 'What is the most likely microscopy submodality used to acquire this image? synthetic', 'What is the most likely microscopy submodality used to acquire this image? none of the above']",a677ba00-6ff8-4a54-8973-52290cd522e4,brightfield microscopy,0,"{'pred': [0], 'probs': [[0.9999722242355347, 1.4310796359495725e-05, 1.6914630407427467e-07, 1.3388425031735096e-05, 1.0469222155862212e-09, 1.173699448742127e-08]], 'pred_prompt': ['What is the most likely microscopy submodality used to acquire this image? brightfield microscopy']}",2.0,,,,,
submodality,"['What is the most likely microscopy submodality used to acquire this image? differential interference contrast microscopy', 'What is the most likely microscopy submodality used to acquire this image? brightfield microscopy', 'What is the most likely microscopy submodality used to acquire this image? polarized light microscopy', 'What is the most likely microscopy submodality used to acquire this image? darkfield microscopy', 'What is the most likely microscopy submodality used to acquire this image? mixed', 'What is the most likely microscopy submodality used to acquire this image? none of the above']",31d56e43-fa07-4809-aa56-090536e0eac7,brightfield microscopy,1,"{'pred': [1], 'probs': [[5.390442083808011e-07, 0.9999940395355225, 6.191901320562465e-07, 2.3253855943039525e-06, 2.2675576474284753e-06, 9.157824365502165e-08]], 'pred_prompt': ['What is the most likely microscopy submodality used to acquire this image? brightfield microscopy']}",2.0,,,,,
modality,"['What is the most likely microscopy modality used to acquire this image? light microscopy', 'What is the most likely microscopy modality used to acquire this image? electron microscopy', 'What is the most likely microscopy modality used to acquire this image? fluorescence microscopy', 'What is the most likely microscopy modality used to acquire this image? none of the above']",8af65b12-daac-4330-bce5-de4b9904843e,light microscopy,0,"{'pred': [0], 'probs': [[0.9999333620071411, 5.7167475461028516e-05, 6.480367574113188e-06, 2.9911366254964378e-06]], 'pred_prompt': ['What is the most likely microscopy modality used to acquire this image? light microscopy']}",2.0,,,,,
domain,"['What is the most likely field of study this micrograph would be used for? biology', 'What is the most likely field of study this micrograph would be used for? pathology', 'What is the most likely field of study this micrograph would be used for? cytology', 'What is the most likely field of study this micrograph would be used for? ophthalmology', 'What is the most likely field of study this micrograph would be used for? radiology', 'What is the most likely field of study this micrograph would be used for? none of the above']",855bf027-2a7d-41ef-9fad-a8af6b37845a,pathology,1,"{'pred': [1], 'probs': [[1.0550849793844463e-07, 0.9999997615814209, 6.292475429603428e-09, 1.7835056098647328e-07, 3.33503287208714e-08, 3.819289773332457e-08]], 'pred_prompt': ['What is the most likely field of study this micrograph would be used for? pathology']}",2.0,,,,,
domain,"['What is the most likely field of study this micrograph would be used for? pathology', 'What is the most likely field of study this micrograph would be used for? biology', 'What is the most likely field of study this micrograph would be used for? dermatology', 'What is the most likely field of study this micrograph would be used for? ophthalmology', 'What is the most likely field of study this micrograph would be used for? cytology', 'What is the most likely field of study this micrograph would be used for? none of the above']",0ab13bf9-0c84-4854-bd2e-ab12ec4c9ca3,pathology,0,"{'pred': [0], 'probs': [[1.0, 6.9233085930875404e-09, 7.764363374462846e-09, 8.811254503804378e-10, 8.443567622862247e-09, 2.4127773112780915e-09]], 'pred_prompt': ['What is the most likely field of study this micrograph would be used for? pathology']}",2.0,,,,,
modality,"['What is the most likely microscopy modality used to acquire this image? fluorescence microscopy', 'What is the most likely microscopy modality used to acquire this image? light microscopy', 'What is the most likely microscopy modality used to acquire this image? electron microscopy', 'What is the most likely microscopy modality used to acquire this image? none of the above']",f8900e8e-7ca9-46b7-a18e-299f9b97bfcf,light microscopy,1,"{'pred': [1], 'probs': [[3.3060809982998762e-06, 0.9999456405639648, 5.019351374357939e-05, 7.933676897664554e-07]], 'pred_prompt': ['What is the most likely microscopy modality used to acquire this image? light microscopy']}",2.0,,,,,
submodality,"['What is the most likely microscopy submodality used to acquire this image? phase contrast microscopy', 'What is the most likely microscopy submodality used to acquire this image? brightfield microscopy', 'What is the most likely microscopy submodality used to acquire this image? darkfield microscopy', 'What is the most likely microscopy submodality used to acquire this image? synthetic', 'What is the most likely microscopy submodality used to acquire this image? differential interference contrast microscopy', 'What is the most likely microscopy submodality used to acquire this image? none of the above']",4689289f-3bc2-4fcb-890c-1437da20af7b,brightfield microscopy,1,"{'pred': [1], 'probs': [[2.397698381173541e-06, 0.9999796152114868, 1.7841213775682263e-05, 1.5463771374513158e-09, 1.4254986524520064e-07, 2.483569616629211e-08]], 'pred_prompt': ['What is the most likely microscopy submodality used to acquire this image? brightfield microscopy']}",2.0,,,,,
modality,"['What is the most likely microscopy modality used to acquire this image? electron microscopy', 'What is the most likely microscopy modality used to acquire this image? light microscopy', 'What is the most likely microscopy modality used to acquire this image? fluorescence microscopy', 'What is the most likely microscopy modality used to acquire this image? none of the above']",d53b8108-3a4c-412a-b5d8-55e1bcc1c23d,light microscopy,1,"{'pred': [1], 'probs': [[5.044806172804783e-08, 0.999998927116394, 1.0168832886847667e-06, 4.6978207990377996e-08]], 'pred_prompt': ['What is the most likely microscopy modality used to acquire this image? light microscopy']}",2.0,,,,,
stain,"['What is the most likely technique used to stain this micrograph? Papanicolaou', 'What is the most likely technique used to stain this micrograph? IHC(HDab)', 'What is the most likely technique used to stain this micrograph? PAS', 'What is the most likely technique used to stain this micrograph? H&E', 'What is the most likely technique used to stain this micrograph? Giemsa', 'What is the most likely technique used to stain this micrograph? none of the above']",2d5f9436-d72a-4665-a5a3-c5aa9972d59f,IHC(HDab),1,"{'pred': [1], 'probs': [[8.191018974201825e-10, 0.9999970197677612, 2.897284275604761e-06, 3.7450654133408534e-08, 4.913864515287969e-08, 4.2258239574266554e-08]], 'pred_prompt': ['What is the most likely technique used to stain this micrograph? IHC(HDab)']}",2.0,,,,,
modality,"['What is the most likely microscopy modality used to acquire this image? light microscopy', 'What is the most likely microscopy modality used to acquire this image? electron microscopy', 'What is the most likely microscopy modality used to acquire this image? fluorescence microscopy', 'What is the most likely microscopy modality used to acquire this image? none of the above']",fabbb232-eb0f-44e3-9857-6dd5a9ad8dbe,light microscopy,0,"{'pred': [0], 'probs': [[0.9999926090240479, 7.160995210142573e-06, 2.344348217775405e-07, 4.1876845102706284e-08]], 'pred_prompt': ['What is the most likely microscopy modality used to acquire this image? light microscopy']}",2.0,,,,,
domain,"['What is the most likely field of study this micrograph would be used for? cytology', 'What is the most likely field of study this micrograph would be used for? ophthalmology', 'What is the most likely field of study this micrograph would be used for? radiology', 'What is the most likely field of study this micrograph would be used for? dermatology', 'What is the most likely field of study this micrograph would be used for? pathology', 'What is the most likely field of study this micrograph would be used for? none of the above']",e712709e-ef5e-4ae1-9a43-79c8cc42c8b6,pathology,4,"{'pred': [4], 'probs': [[3.585230672342732e-07, 2.04583745500031e-08, 1.2217418188242846e-08, 2.800773302169546e-07, 0.9999985694885254, 8.22095444164006e-07]], 'pred_prompt': ['What is the most likely field of study this micrograph would be used for? pathology']}",2.0,,,,,
modality,"['What is the most likely microscopy modality used to acquire this image? fluorescence microscopy', 'What is the most likely microscopy modality used to acquire this image? electron microscopy', 'What is the most likely microscopy modality used to acquire this image? light microscopy', 'What is the most likely microscopy modality used to acquire this image? none of the above']",952f9fa0-c6e8-40d9-89cb-68f9f0277bc3,light microscopy,2,"{'pred': [2], 'probs': [[2.4270473204524023e-06, 2.9409246053546667e-05, 0.9999663829803467, 1.8591699699754827e-06]], 'pred_prompt': ['What is the most likely microscopy modality used to acquire this image? light microscopy']}",2.0,,,,,
modality,"['What is the most likely microscopy modality used to acquire this image? electron microscopy', 'What is the most likely microscopy modality used to acquire this image? fluorescence microscopy', 'What is the most likely microscopy modality used to acquire this image? light microscopy', 'What is the most likely microscopy modality used to acquire this image? none of the above']",19f454a2-61f3-4d9b-ba9d-0fc9eb6ad3a2,light microscopy,2,"{'pred': [2], 'probs': [[2.255896106362343e-06, 1.2556857598156057e-07, 0.9999974966049194, 1.4479948617918126e-07]], 'pred_prompt': ['What is the most likely microscopy modality used to acquire this image? light microscopy']}",2.0,,,,,
domain,"['What is the most likely field of study this micrograph would be used for? ophthalmology', 'What is the most likely field of study this micrograph would be used for? cytology', 'What is the most likely field of study this micrograph would be used for? biology', 'What is the most likely field of study this micrograph would be used for? pathology', 'What is the most likely field of study this micrograph would be used for? dermatology', 'What is the most likely field of study this micrograph would be used for? none of the above']",8cff013b-f0d8-4ce9-902a-774ca1712a18,pathology,3,"{'pred': [3], 'probs': [[5.273489200874337e-09, 1.0645809789266991e-09, 4.006796672229029e-09, 1.0, 9.056293492903933e-09, 1.8925971900785044e-09]], 'pred_prompt': ['What is the most likely field of study this micrograph would be used for? pathology']}",2.0,,,,,
modality,"['What is the most likely microscopy modality used to acquire this image? light microscopy', 'What is the most likely microscopy modality used to acquire this image? electron microscopy', 'What is the most likely microscopy modality used to acquire this image? fluorescence microscopy', 'What is the most likely microscopy modality used to acquire this image? none of the above']",04017be0-1823-4d7a-ad72-ca1a7c22cdcc,light microscopy,0,"{'pred': [0], 'probs': [[0.9999533891677856, 4.599703970598057e-05, 3.051532360132114e-07, 2.1244920844765147e-07]], 'pred_prompt': ['What is the most likely microscopy modality used to acquire this image? light microscopy']}",2.0,,,,,
stain,"['What is the most likely technique used to stain this micrograph? Masson Trichrome', 'What is the most likely technique used to stain this micrograph? IHC(HDab)', 'What is the most likely technique used to stain this micrograph? Congo Red', 'What is the most likely technique used to stain this micrograph? Giemsa', 'What is the most likely technique used to stain this micrograph? IHC(Red)', 'What is the most likely technique used to stain this micrograph? none of the above']",ea56d0ab-c3dc-4bc5-8a65-94fdb0697e86,IHC(HDab),1,"{'pred': [1], 'probs': [[2.212206418050755e-09, 0.9999810457229614, 8.757419323046634e-07, 1.2690630683209747e-05, 4.770054601976881e-06, 6.624987349823641e-07]], 'pred_prompt': ['What is the most likely technique used to stain this micrograph? IHC(HDab)']}",2.0,,,,,
stain,"['What is the most likely technique used to stain this micrograph? IHC(Red)', 'What is the most likely technique used to stain this micrograph? Alcian Blue', 'What is the most likely technique used to stain this micrograph? PAS', 'What is the most likely technique used to stain this micrograph? Congo Red', 'What is the most likely technique used to stain this micrograph? Gram', 'What is the most likely technique used to stain this micrograph? none of the above']",e8dcbe89-b119-476a-ac19-bc417b68ae32,IHC(Red),0,"{'pred': [0], 'probs': [[0.9713522791862488, 0.009042738005518913, 0.005678229033946991, 0.005215965677052736, 0.00618252158164978, 0.002528388286009431]], 'pred_prompt': ['What is the most likely technique used to stain this micrograph? IHC(Red)']}",2.0,,,,,
modality,"['What is the most likely microscopy modality used to acquire this image? light microscopy', 'What is the most likely microscopy modality used to acquire this image? electron microscopy', 'What is the most likely microscopy modality used to acquire this image? fluorescence microscopy', 'What is the most likely microscopy modality used to acquire this image? none of the above']",2c134a13-cd18-4a22-980d-f138a7ef08ae,light microscopy,0,"{'pred': [0], 'probs': [[0.9999842643737793, 1.5164688193181064e-05, 3.477779273453052e-07, 2.6535099095781334e-07]], 'pred_prompt': ['What is the most likely microscopy modality used to acquire this image? light microscopy']}",2.0,,,,,
modality,"['What is the most likely microscopy modality used to acquire this image? light microscopy', 'What is the most likely microscopy modality used to acquire this image? fluorescence microscopy', 'What is the most likely microscopy modality used to acquire this image? electron microscopy', 'What is the most likely microscopy modality used to acquire this image? none of the above']",6e274ad5-c836-4a58-b46a-3e211693eade,light microscopy,0,"{'pred': [0], 'probs': [[0.9999992847442627, 1.0316505694163425e-07, 2.667998160177376e-07, 4.081805684563733e-07]], 'pred_prompt': ['What is the most likely microscopy modality used to acquire this image? light microscopy']}",2.0,,,,,
modality,"['What is the most likely microscopy modality used to acquire this image? electron microscopy', 'What is the most likely microscopy modality used to acquire this image? fluorescence microscopy', 'What is the most likely microscopy modality used to acquire this image? light microscopy', 'What is the most likely microscopy modality used to acquire this image? none of the above']",b3338bb3-2d5c-4b90-880a-5da5fbedec14,light microscopy,2,"{'pred': [2], 'probs': [[2.762983967841137e-06, 2.5084580101975007e-07, 0.9999969005584717, 1.1332554805676409e-07]], 'pred_prompt': ['What is the most likely microscopy modality used to acquire this image? light microscopy']}",2.0,,,,,
submodality,"['What is the most likely microscopy submodality used to acquire this image? phase contrast microscopy', 'What is the most likely microscopy submodality used to acquire this image? brightfield microscopy', 'What is the most likely microscopy submodality used to acquire this image? mixed', 'What is the most likely microscopy submodality used to acquire this image? synthetic', 'What is the most likely microscopy submodality used to acquire this image? polarized light microscopy', 'What is the most likely microscopy submodality used to acquire this image? none of the above']",9e2abb40-74d3-4361-a01c-d4e1aa287d69,brightfield microscopy,1,"{'pred': [1], 'probs': [[3.984757768193958e-06, 0.9999854564666748, 6.884116743322011e-08, 2.2688886325283875e-09, 1.0470939741935581e-05, 8.618965097184628e-09]], 'pred_prompt': ['What is the most likely microscopy submodality used to acquire this image? brightfield microscopy']}",2.0,,,,,
modality,"['What is the most likely microscopy modality used to acquire this image? electron microscopy', 'What is the most likely microscopy modality used to acquire this image? fluorescence microscopy', 'What is the most likely microscopy modality used to acquire this image? light microscopy', 'What is the most likely microscopy modality used to acquire this image? none of the above']",b9d6e67d-c261-4cdd-8d08-989481200ca9,light microscopy,2,"{'pred': [2], 'probs': [[4.711570909421425e-06, 1.479761863265594e-06, 0.9999927282333374, 1.0187407042394625e-06]], 'pred_prompt': ['What is the most likely microscopy modality used to acquire this image? light microscopy']}",2.0,,,,,
domain,"['What is the most likely field of study this micrograph would be used for? ophthalmology', 'What is the most likely field of study this micrograph would be used for? cytology', 'What is the most likely field of study this micrograph would be used for? pathology', 'What is the most likely field of study this micrograph would be used for? radiology', 'What is the most likely field of study this micrograph would be used for? dermatology', 'What is the most likely field of study this micrograph would be used for? none of the above']",fe1eba07-397f-4ea1-a3fd-e503105d3524,pathology,2,"{'pred': [2], 'probs': [[2.9941613632900044e-08, 6.538097285790911e-10, 1.0, 6.765098259364777e-09, 2.203732973882211e-09, 1.95562299687424e-09]], 'pred_prompt': ['What is the most likely field of study this micrograph would be used for? pathology']}",2.0,,,,,
domain,"['What is the most likely field of study this micrograph would be used for? ophthalmology', 'What is the most likely field of study this micrograph would be used for? biology', 'What is the most likely field of study this micrograph would be used for? dermatology', 'What is the most likely field of study this micrograph would be used for? cytology', 'What is the most likely field of study this micrograph would be used for? pathology', 'What is the most likely field of study this micrograph would be used for? none of the above']",d7d090a9-ecce-481b-b141-da0cc98d13bf,pathology,4,"{'pred': [4], 'probs': [[2.0040234360862996e-08, 1.8369745475865784e-06, 7.051365003007959e-08, 9.233500719574295e-08, 0.9999972581863403, 6.98943154020526e-07]], 'pred_prompt': ['What is the most likely field of study this micrograph would be used for? pathology']}",2.0,,,,,
modality,"['What is the most likely microscopy modality used to acquire this image? fluorescence microscopy', 'What is the most likely microscopy modality used to acquire this image? electron microscopy', 'What is the most likely microscopy modality used to acquire this image? light microscopy', 'What is the most likely microscopy modality used to acquire this image? none of the above']",9478fb06-b000-4d93-bd73-edf6e28a4859,light microscopy,2,"{'pred': [2], 'probs': [[9.104263121173517e-09, 4.597437737174914e-07, 0.9999995231628418, 1.1067716521040438e-08]], 'pred_prompt': ['What is the most likely microscopy modality used to acquire this image? light microscopy']}",2.0,,,,,
domain,"['What is the most likely field of study this micrograph would be used for? pathology', 'What is the most likely field of study this micrograph would be used for? ophthalmology', 'What is the most likely field of study this micrograph would be used for? biology', 'What is the most likely field of study this micrograph would be used for? dermatology', 'What is the most likely field of study this micrograph would be used for? cytology', 'What is the most likely field of study this micrograph would be used for? none of the above']",8f778ea0-e2e7-4383-9e56-0c2eb91b8077,pathology,0,"{'pred': [0], 'probs': [[1.0, 2.0318503823890666e-10, 1.1158207691153166e-08, 1.6950222336831189e-09, 1.4322660835119905e-09, 5.265137659193897e-09]], 'pred_prompt': ['What is the most likely field of study this micrograph would be used for? pathology']}",2.0,,,,,
domain,"['What is the most likely field of study this micrograph would be used for? biology', 'What is the most likely field of study this micrograph would be used for? ophthalmology', 'What is the most likely field of study this micrograph would be used for? cytology', 'What is the most likely field of study this micrograph would be used for? pathology', 'What is the most likely field of study this micrograph would be used for? dermatology', 'What is the most likely field of study this micrograph would be used for? none of the above']",28c4542a-51f3-4d17-97c3-098aa84477fc,pathology,3,"{'pred': [3], 'probs': [[6.072131242262913e-08, 1.1833590463083965e-07, 5.934902560511546e-07, 0.999998927116394, 2.4379983187827747e-07, 2.315277747300115e-08]], 'pred_prompt': ['What is the most likely field of study this micrograph would be used for? pathology']}",2.0,,,,,
stain,"['What is the most likely technique used to stain this micrograph? IHC(HDab)', 'What is the most likely technique used to stain this micrograph? Ziehl-Neelsen', 'What is the most likely technique used to stain this micrograph? Wright-Giemsa', 'What is the most likely technique used to stain this micrograph? Alcian Blue', 'What is the most likely technique used to stain this micrograph? Toluidine Blue', 'What is the most likely technique used to stain this micrograph? none of the above']",94ad06fc-8876-4dd8-ad26-ad556ac80d0b,IHC(HDab),0,"{'pred': [0], 'probs': [[0.9999476671218872, 1.699583975778296e-07, 7.53741801418073e-07, 1.6369581317121629e-06, 9.069981388165615e-08, 4.965627158526331e-05]], 'pred_prompt': ['What is the most likely technique used to stain this micrograph? IHC(HDab)']}",2.0,,,,,
submodality,"['What is the most likely microscopy submodality used to acquire this image? darkfield microscopy', 'What is the most likely microscopy submodality used to acquire this image? phase contrast microscopy', 'What is the most likely microscopy submodality used to acquire this image? brightfield microscopy', 'What is the most likely microscopy submodality used to acquire this image? mixed', 'What is the most likely microscopy submodality used to acquire this image? differential interference contrast microscopy', 'What is the most likely microscopy submodality used to acquire this image? none of the above']",9d852141-2c49-4102-a677-b2a92ae958f1,brightfield microscopy,2,"{'pred': [2], 'probs': [[8.049329380810377e-07, 4.5603537728311494e-05, 0.9999505281448364, 9.206006268414058e-08, 3.001231789312442e-06, 9.711409454382647e-09]], 'pred_prompt': ['What is the most likely microscopy submodality used to acquire this image? brightfield microscopy']}",2.0,,,,,
stain,"['What is the most likely technique used to stain this micrograph? Papanicolaou', 'What is the most likely technique used to stain this micrograph? IHC(HDab)', 'What is the most likely technique used to stain this micrograph? Basic fuchsin', 'What is the most likely technique used to stain this micrograph? Ziehl-Neelsen', 'What is the most likely technique used to stain this micrograph? Masson Trichrome', 'What is the most likely technique used to stain this micrograph? none of the above']",0c1cd006-bf31-408f-91e5-6c83d06a4fa6,IHC(HDab),1,"{'pred': [1], 'probs': [[5.638999027723912e-07, 0.9999680519104004, 3.112731690180226e-07, 1.7955086377696716e-06, 3.403997528295122e-09, 2.929268521256745e-05]], 'pred_prompt': ['What is the most likely technique used to stain this micrograph? IHC(HDab)']}",2.0,,,,,
submodality,"['What is the most likely microscopy submodality used to acquire this image? differential interference contrast microscopy', 'What is the most likely microscopy submodality used to acquire this image? brightfield microscopy', 'What is the most likely microscopy submodality used to acquire this image? polarized light microscopy', 'What is the most likely microscopy submodality used to acquire this image? mixed', 'What is the most likely microscopy submodality used to acquire this image? synthetic', 'What is the most likely microscopy submodality used to acquire this image? none of the above']",54590068-520c-456c-83df-ecb83876388a,brightfield microscopy,1,"{'pred': [1], 'probs': [[1.1599749086599331e-05, 0.9999176263809204, 7.071541767800227e-05, 6.99427582517842e-09, 9.146044338548265e-11, 5.692825100211962e-10]], 'pred_prompt': ['What is the most likely microscopy submodality used to acquire this image? brightfield microscopy']}",2.0,,,,,
domain,"['What is the most likely field of study this micrograph would be used for? dermatology', 'What is the most likely field of study this micrograph would be used for? radiology', 'What is the most likely field of study this micrograph would be used for? pathology', 'What is the most likely field of study this micrograph would be used for? ophthalmology', 'What is the most likely field of study this micrograph would be used for? cytology', 'What is the most likely field of study this micrograph would be used for? none of the above']",33383d47-a79b-4a58-963a-c7ff9c7f0aa6,pathology,2,"{'pred': [2], 'probs': [[1.986855835411916e-08, 4.380422691241392e-09, 0.9999997615814209, 8.566575893098616e-09, 8.109684301871312e-08, 1.2512499836248026e-07]], 'pred_prompt': ['What is the most likely field of study this micrograph would be used for? pathology']}",2.0,,,,,
modality,"['What is the most likely microscopy modality used to acquire this image? fluorescence microscopy', 'What is the most likely microscopy modality used to acquire this image? electron microscopy', 'What is the most likely microscopy modality used to acquire this image? light microscopy', 'What is the most likely microscopy modality used to acquire this image? none of the above']",5ac67c39-d525-41c8-8a3b-98e9eb8ef3eb,light microscopy,2,"{'pred': [2], 'probs': [[9.927184407843015e-08, 6.986749212956056e-05, 0.9999299049377441, 1.3797259157399822e-07]], 'pred_prompt': ['What is the most likely microscopy modality used to acquire this image? light microscopy']}",2.0,,,,,
domain,"['What is the most likely field of study this micrograph would be used for? dermatology', 'What is the most likely field of study this micrograph would be used for? biology', 'What is the most likely field of study this micrograph would be used for? pathology', 'What is the most likely field of study this micrograph would be used for? radiology', 'What is the most likely field of study this micrograph would be used for? cytology', 'What is the most likely field of study this micrograph would be used for? none of the above']",c0c4240b-a86c-4580-9059-6564a4d3bf4e,pathology,2,"{'pred': [2], 'probs': [[2.0323513982845043e-09, 2.6686045373480738e-08, 1.0, 2.2841102342852082e-09, 6.956585973938445e-09, 2.390680187147609e-08]], 'pred_prompt': ['What is the most likely field of study this micrograph would be used for? pathology']}",2.0,,,,,
stain,"['What is the most likely technique used to stain this micrograph? IHC(HDab)', 'What is the most likely technique used to stain this micrograph? Ziehl-Neelsen', 'What is the most likely technique used to stain this micrograph? Toluidine Blue', 'What is the most likely technique used to stain this micrograph? Gram', 'What is the most likely technique used to stain this micrograph? PAS', 'What is the most likely technique used to stain this micrograph? none of the above']",fdef44d4-c83b-4ea7-8f9e-37492e144796,IHC(HDab),0,"{'pred': [0], 'probs': [[0.9999440908432007, 3.6193416264040934e-08, 1.8077267460725466e-09, 4.4275617256062105e-05, 9.671471161709633e-06, 1.9691970010171644e-06]], 'pred_prompt': ['What is the most likely technique used to stain this micrograph? IHC(HDab)']}",2.0,,,,,
submodality,"['What is the most likely microscopy submodality used to acquire this image? brightfield microscopy', 'What is the most likely microscopy submodality used to acquire this image? polarized light microscopy', 'What is the most likely microscopy submodality used to acquire this image? darkfield microscopy', 'What is the most likely microscopy submodality used to acquire this image? synthetic', 'What is the most likely microscopy submodality used to acquire this image? differential interference contrast microscopy', 'What is the most likely microscopy submodality used to acquire this image? none of the above']",1cccdf67-ee00-4d8f-832a-bae9322b5d78,brightfield microscopy,0,"{'pred': [0], 'probs': [[0.9999978542327881, 4.550077790099749e-07, 1.3937413996245596e-06, 4.924183838461715e-10, 1.9147510954553582e-07, 2.4337525772466506e-08]], 'pred_prompt': ['What is the most likely microscopy submodality used to acquire this image? brightfield microscopy']}",2.0,,,,,
stain,"['What is the most likely technique used to stain this micrograph? Alcian Blue', 'What is the most likely technique used to stain this micrograph? Wright-Giemsa', 'What is the most likely technique used to stain this micrograph? IHC(HDab)', 'What is the most likely technique used to stain this micrograph? Toluidine Blue', 'What is the most likely technique used to stain this micrograph? Ziehl-Neelsen', 'What is the most likely technique used to stain this micrograph? none of the above']",da552bb2-4d45-43c0-a405-eb4a56f717fd,IHC(HDab),2,"{'pred': [2], 'probs': [[3.7938320929242764e-08, 5.286632358547649e-07, 0.9999990463256836, 1.4240709722557199e-09, 3.8906364352442324e-08, 2.898631521475181e-07]], 'pred_prompt': ['What is the most likely technique used to stain this micrograph? IHC(HDab)']}",2.0,,,,,
modality,"['What is the most likely microscopy modality used to acquire this image? light microscopy', 'What is the most likely microscopy modality used to acquire this image? electron microscopy', 'What is the most likely microscopy modality used to acquire this image? fluorescence microscopy', 'What is the most likely microscopy modality used to acquire this image? none of the above']",2f77cab2-126c-46ce-b753-47d2c38de2f3,light microscopy,0,"{'pred': [0], 'probs': [[0.9999260902404785, 7.2848706622608e-05, 6.82001427776413e-07, 2.823310865096573e-07]], 'pred_prompt': ['What is the most likely microscopy modality used to acquire this image? light microscopy']}",2.0,,,,,
submodality,"['What is the most likely microscopy submodality used to acquire this image? polarized light microscopy', 'What is the most likely microscopy submodality used to acquire this image? phase contrast microscopy', 'What is the most likely microscopy submodality used to acquire this image? brightfield microscopy', 'What is the most likely microscopy submodality used to acquire this image? darkfield microscopy', 'What is the most likely microscopy submodality used to acquire this image? mixed', 'What is the most likely microscopy submodality used to acquire this image? none of the above']",34fd605f-dfbd-4d7a-b2e4-e3f25b213982,brightfield microscopy,2,"{'pred': [2], 'probs': [[3.7173774103393953e-07, 1.614191660337383e-06, 0.9999974966049194, 5.456187182062422e-07, 2.4672668352820892e-09, 1.8012211167039993e-10]], 'pred_prompt': ['What is the most likely microscopy submodality used to acquire this image? brightfield microscopy']}",2.0,,,,,
modality,"['What is the most likely microscopy modality used to acquire this image? electron microscopy', 'What is the most likely microscopy modality used to acquire this image? light microscopy', 'What is the most likely microscopy modality used to acquire this image? fluorescence microscopy', 'What is the most likely microscopy modality used to acquire this image? none of the above']",7946c998-2de3-4a1d-aaf9-cd3dfc6324d4,light microscopy,1,"{'pred': [1], 'probs': [[3.957025910494849e-06, 0.9999960660934448, 2.318749103835671e-08, 1.4192624853137659e-08]], 'pred_prompt': ['What is the most likely microscopy modality used to acquire this image? light microscopy']}",2.0,,,,,
stain,"['What is the most likely technique used to stain this micrograph? Toluidine Blue', 'What is the most likely technique used to stain this micrograph? IHC(Red)', 'What is the most likely technique used to stain this micrograph? Wright-Giemsa', 'What is the most likely technique used to stain this micrograph? Ziehl-Neelsen', 'What is the most likely technique used to stain this micrograph? Masson Trichrome', 'What is the most likely technique used to stain this micrograph? none of the above']",ee0e14bf-cc19-4cfd-97ec-482ff603a7f4,IHC(Red),1,"{'pred': [1], 'probs': [[1.706153884839523e-09, 0.9999978542327881, 6.9434871186047076e-09, 3.037642315462108e-08, 2.4396271669502312e-08, 2.196120021835668e-06]], 'pred_prompt': ['What is the most likely technique used to stain this micrograph? IHC(Red)']}",2.0,,,,,
submodality,"['What is the most likely microscopy submodality used to acquire this image? brightfield microscopy', 'What is the most likely microscopy submodality used to acquire this image? synthetic', 'What is the most likely microscopy submodality used to acquire this image? differential interference contrast microscopy', 'What is the most likely microscopy submodality used to acquire this image? darkfield microscopy', 'What is the most likely microscopy submodality used to acquire this image? mixed', 'What is the most likely microscopy submodality used to acquire this image? none of the above']",7487a493-0159-4c9b-96fe-d8d05e398a1c,brightfield microscopy,0,"{'pred': [0], 'probs': [[0.999980092048645, 1.1999951032848344e-10, 7.535765007560258e-07, 1.9173392502125353e-05, 1.16652882908852e-08, 1.0631616698120183e-09]], 'pred_prompt': ['What is the most likely microscopy submodality used to acquire this image? brightfield microscopy']}",2.0,,,,,
domain,"['What is the most likely field of study this micrograph would be used for? ophthalmology', 'What is the most likely field of study this micrograph would be used for? biology', 'What is the most likely field of study this micrograph would be used for? pathology', 'What is the most likely field of study this micrograph would be used for? radiology', 'What is the most likely field of study this micrograph would be used for? dermatology', 'What is the most likely field of study this micrograph would be used for? none of the above']",55e07aca-8a9f-4ba6-a977-dc31571ebb0d,pathology,2,"{'pred': [2], 'probs': [[6.401743135597826e-09, 1.2332300514117378e-07, 0.9999998807907104, 9.070095369212439e-11, 4.24382973207571e-09, 9.885189555802754e-09]], 'pred_prompt': ['What is the most likely field of study this micrograph would be used for? pathology']}",2.0,,,,,
domain,"['What is the most likely field of study this micrograph would be used for? cytology', 'What is the most likely field of study this micrograph would be used for? ophthalmology', 'What is the most likely field of study this micrograph would be used for? dermatology', 'What is the most likely field of study this micrograph would be used for? biology', 'What is the most likely field of study this micrograph would be used for? pathology', 'What is the most likely field of study this micrograph would be used for? none of the above']",a9e2bc24-35ff-4532-b589-05fc7b188038,pathology,4,"{'pred': [4], 'probs': [[5.012096266909793e-07, 5.300004701780381e-08, 5.547964292418328e-07, 1.237796709574468e-07, 0.9999985694885254, 1.623590293320376e-07]], 'pred_prompt': ['What is the most likely field of study this micrograph would be used for? pathology']}",2.0,,,,,
stain,"['What is the most likely technique used to stain this micrograph? synthetic', 'What is the most likely technique used to stain this micrograph? IHC(HDab)', 'What is the most likely technique used to stain this micrograph? Masson Trichrome', 'What is the most likely technique used to stain this micrograph? Ziehl-Neelsen', 'What is the most likely technique used to stain this micrograph? Wright-Giemsa', 'What is the most likely technique used to stain this micrograph? none of the above']",f4df8e26-23e8-415e-b0b7-b8b44a458a2f,IHC(HDab),1,"{'pred': [1], 'probs': [[1.1260432586368552e-07, 0.9999524354934692, 3.0264121875234196e-08, 9.830754606809933e-06, 3.1796531402505934e-05, 5.791218882222893e-06]], 'pred_prompt': ['What is the most likely technique used to stain this micrograph? IHC(HDab)']}",2.0,,,,,
domain,"['What is the most likely field of study this micrograph would be used for? ophthalmology', 'What is the most likely field of study this micrograph would be used for? cytology', 'What is the most likely field of study this micrograph would be used for? dermatology', 'What is the most likely field of study this micrograph would be used for? radiology', 'What is the most likely field of study this micrograph would be used for? pathology', 'What is the most likely field of study this micrograph would be used for? none of the above']",22d34027-cf13-4b70-b340-ec1fcc17a018,pathology,4,"{'pred': [4], 'probs': [[4.4132454490863893e-07, 8.494475167708515e-08, 2.5950280360120814e-06, 3.033572282262753e-09, 0.9999966621398926, 1.5161072042246815e-07]], 'pred_prompt': ['What is the most likely field of study this micrograph would be used for? pathology']}",2.0,,,,,
modality,"['What is the most likely microscopy modality used to acquire this image? fluorescence microscopy', 'What is the most likely microscopy modality used to acquire this image? electron microscopy', 'What is the most likely microscopy modality used to acquire this image? light microscopy', 'What is the most likely microscopy modality used to acquire this image? none of the above']",b765c94f-4dc5-4f20-90fa-372b71a1c94b,light microscopy,2,"{'pred': [2], 'probs': [[2.720992995364213e-07, 1.208233879879117e-05, 0.9999876022338867, 7.246185873555078e-08]], 'pred_prompt': ['What is the most likely microscopy modality used to acquire this image? light microscopy']}",2.0,,,,,
submodality,"['What is the most likely microscopy submodality used to acquire this image? phase contrast microscopy', 'What is the most likely microscopy submodality used to acquire this image? mixed', 'What is the most likely microscopy submodality used to acquire this image? darkfield microscopy', 'What is the most likely microscopy submodality used to acquire this image? brightfield microscopy', 'What is the most likely microscopy submodality used to acquire this image? polarized light microscopy', 'What is the most likely microscopy submodality used to acquire this image? none of the above']",93ad5c03-10a8-492c-b78a-71e555b3c7e3,brightfield microscopy,3,"{'pred': [3], 'probs': [[9.959190947483876e-07, 1.978485375531136e-09, 3.3432761483709328e-06, 0.9999954700469971, 1.4431310546569875e-07, 1.577938751884389e-10]], 'pred_prompt': ['What is the most likely microscopy submodality used to acquire this image? brightfield microscopy']}",2.0,,,,,
submodality,"['What is the most likely microscopy submodality used to acquire this image? mixed', 'What is the most likely microscopy submodality used to acquire this image? darkfield microscopy', 'What is the most likely microscopy submodality used to acquire this image? synthetic', 'What is the most likely microscopy submodality used to acquire this image? polarized light microscopy', 'What is the most likely microscopy submodality used to acquire this image? brightfield microscopy', 'What is the most likely microscopy submodality used to acquire this image? none of the above']",39fdfdfb-a9a9-42fb-9815-122f88058897,brightfield microscopy,4,"{'pred': [4], 'probs': [[1.2984045270059141e-06, 0.0001232837385032326, 3.2878734401720067e-08, 5.221257742960006e-05, 0.9998230338096619, 1.6522891144177265e-07]], 'pred_prompt': ['What is the most likely microscopy submodality used to acquire this image? brightfield microscopy']}",2.0,,,,,
submodality,"['What is the most likely microscopy submodality used to acquire this image? polarized light microscopy', 'What is the most likely microscopy submodality used to acquire this image? synthetic', 'What is the most likely microscopy submodality used to acquire this image? differential interference contrast microscopy', 'What is the most likely microscopy submodality used to acquire this image? brightfield microscopy', 'What is the most likely microscopy submodality used to acquire this image? darkfield microscopy', 'What is the most likely microscopy submodality used to acquire this image? none of the above']",0e0c5f80-1c00-4aba-a118-aeeb56eee0ec,brightfield microscopy,3,"{'pred': [3], 'probs': [[6.254215350054437e-06, 1.1589778615983537e-11, 3.886405920638936e-06, 0.9999877214431763, 2.1179491795919603e-06, 5.419427753783346e-11]], 'pred_prompt': ['What is the most likely microscopy submodality used to acquire this image? brightfield microscopy']}",2.0,,,,,
domain,"['What is the most likely field of study this micrograph would be used for? dermatology', 'What is the most likely field of study this micrograph would be used for? cytology', 'What is the most likely field of study this micrograph would be used for? pathology', 'What is the most likely field of study this micrograph would be used for? radiology', 'What is the most likely field of study this micrograph would be used for? biology', 'What is the most likely field of study this micrograph would be used for? none of the above']",d27e9467-d912-44fb-8c08-8eb26281fad8,pathology,2,"{'pred': [2], 'probs': [[1.278890664480059e-07, 4.895127858617343e-06, 0.9999942779541016, 1.7192275381106015e-09, 2.5178920282087347e-07, 4.3689462358997844e-07]], 'pred_prompt': ['What is the most likely field of study this micrograph would be used for? pathology']}",2.0,,,,,
submodality,"['What is the most likely microscopy submodality used to acquire this image? darkfield microscopy', 'What is the most likely microscopy submodality used to acquire this image? polarized light microscopy', 'What is the most likely microscopy submodality used to acquire this image? mixed', 'What is the most likely microscopy submodality used to acquire this image? synthetic', 'What is the most likely microscopy submodality used to acquire this image? brightfield microscopy', 'What is the most likely microscopy submodality used to acquire this image? none of the above']",1bf6ff59-bb2f-4442-bbfb-4e57a968cd32,brightfield microscopy,4,"{'pred': [4], 'probs': [[2.7140126803715248e-06, 5.487430954076444e-08, 9.082834484530622e-10, 1.2214913108765657e-11, 0.9999972581863403, 7.13108530558948e-11]], 'pred_prompt': ['What is the most likely microscopy submodality used to acquire this image? brightfield microscopy']}",2.0,,,,,
domain,"['What is the most likely field of study this micrograph would be used for? dermatology', 'What is the most likely field of study this micrograph would be used for? biology', 'What is the most likely field of study this micrograph would be used for? ophthalmology', 'What is the most likely field of study this micrograph would be used for? pathology', 'What is the most likely field of study this micrograph would be used for? radiology', 'What is the most likely field of study this micrograph would be used for? none of the above']",a033928b-7f25-4701-bb9e-93d1a19f2e90,pathology,3,"{'pred': [3], 'probs': [[7.520868372523637e-10, 5.986417761505436e-08, 1.8349410879636707e-10, 0.9999998807907104, 1.450805697800206e-09, 1.8351109076775174e-08]], 'pred_prompt': ['What is the most likely field of study this micrograph would be used for? pathology']}",2.0,,,,,
domain,"['What is the most likely field of study this micrograph would be used for? cytology', 'What is the most likely field of study this micrograph would be used for? dermatology', 'What is the most likely field of study this micrograph would be used for? radiology', 'What is the most likely field of study this micrograph would be used for? pathology', 'What is the most likely field of study this micrograph would be used for? ophthalmology', 'What is the most likely field of study this micrograph would be used for? none of the above']",fb7e464b-cf45-41e7-8694-ec8fe9c6fe8a,pathology,3,"{'pred': [3], 'probs': [[2.846592517258273e-09, 4.54756676759871e-09, 2.9513977040096506e-08, 0.9999998807907104, 2.3024373518865104e-09, 6.82175027577614e-08]], 'pred_prompt': ['What is the most likely field of study this micrograph would be used for? pathology']}",2.0,,,,,
stain,"['What is the most likely technique used to stain this micrograph? IHC(HDab)', 'What is the most likely technique used to stain this micrograph? None', 'What is the most likely technique used to stain this micrograph? Giemsa', 'What is the most likely technique used to stain this micrograph? Gram', 'What is the most likely technique used to stain this micrograph? H&E', 'What is the most likely technique used to stain this micrograph? none of the above']",d170e0f0-b15e-4cba-9c1f-934ee43a0540,IHC(HDab),0,"{'pred': [0], 'probs': [[0.987566351890564, 5.4774089221609756e-05, 0.0005054398206993937, 0.011844390071928501, 6.019316600713864e-08, 2.896964542742353e-05]], 'pred_prompt': ['What is the most likely technique used to stain this micrograph? IHC(HDab)']}",2.0,,,,,
stain,"['What is the most likely technique used to stain this micrograph? IHC(HDab)', 'What is the most likely technique used to stain this micrograph? IHC(Red)', 'What is the most likely technique used to stain this micrograph? Gram', 'What is the most likely technique used to stain this micrograph? synthetic', 'What is the most likely technique used to stain this micrograph? Congo Red', 'What is the most likely technique used to stain this micrograph? none of the above']",7ccea5e1-16cb-46ce-92bf-a7aec97c1134,IHC(Red),1,"{'pred': [1], 'probs': [[0.19546480476856232, 0.7981206774711609, 0.003804827108979225, 3.1720876449981006e-06, 0.0018757462967187166, 0.0007308312924578786]], 'pred_prompt': ['What is the most likely technique used to stain this micrograph? IHC(Red)']}",2.0,,,,,
stain,"['What is the most likely technique used to stain this micrograph? Ziehl-Neelsen', 'What is the most likely technique used to stain this micrograph? IHC(HDab)', 'What is the most likely technique used to stain this micrograph? Giemsa', 'What is the most likely technique used to stain this micrograph? Alcian Blue', 'What is the most likely technique used to stain this micrograph? Congo Red', 'What is the most likely technique used to stain this micrograph? none of the above']",c36f4b36-9082-410f-9549-f544e10332c8,IHC(HDab),1,"{'pred': [1], 'probs': [[1.1630437484200229e-06, 0.9998670816421509, 2.1674099116353318e-05, 5.549227807932766e-06, 9.55529321799986e-05, 8.965326742327306e-06]], 'pred_prompt': ['What is the most likely technique used to stain this micrograph? IHC(HDab)']}",2.0,,,,,
stain,"['What is the most likely technique used to stain this micrograph? Ziehl-Neelsen', 'What is the most likely technique used to stain this micrograph? IHC(HDab)', 'What is the most likely technique used to stain this micrograph? Toluidine Blue', 'What is the most likely technique used to stain this micrograph? Congo Red', 'What is the most likely technique used to stain this micrograph? Giemsa', 'What is the most likely technique used to stain this micrograph? none of the above']",83a8ccd0-6ab0-40ab-9557-dd7beb68e5a0,IHC(HDab),1,"{'pred': [1], 'probs': [[2.0307433956645582e-08, 0.9999938011169434, 1.3201878701352143e-08, 1.150229536506231e-06, 2.5408223791600903e-06, 2.3793907075742027e-06]], 'pred_prompt': ['What is the most likely technique used to stain this micrograph? IHC(HDab)']}",2.0,,,,,
submodality,"['What is the most likely microscopy submodality used to acquire this image? darkfield microscopy', 'What is the most likely microscopy submodality used to acquire this image? brightfield microscopy', 'What is the most likely microscopy submodality used to acquire this image? polarized light microscopy', 'What is the most likely microscopy submodality used to acquire this image? synthetic', 'What is the most likely microscopy submodality used to acquire this image? phase contrast microscopy', 'What is the most likely microscopy submodality used to acquire this image? none of the above']",a5b1a760-1b36-4319-a3c9-4604c19dae85,brightfield microscopy,1,"{'pred': [1], 'probs': [[1.004852265396039e-06, 0.9999912977218628, 2.7786472855950706e-07, 5.496935684412563e-10, 7.379181170108495e-06, 2.4563547640354955e-08]], 'pred_prompt': ['What is the most likely microscopy submodality used to acquire this image? brightfield microscopy']}",2.0,,,,,
modality,"['What is the most likely microscopy modality used to acquire this image? light microscopy', 'What is the most likely microscopy modality used to acquire this image? fluorescence microscopy', 'What is the most likely microscopy modality used to acquire this image? electron microscopy', 'What is the most likely microscopy modality used to acquire this image? none of the above']",528101e4-0020-4808-ab51-77af55d9586e,light microscopy,0,"{'pred': [0], 'probs': [[0.9999948740005493, 4.320588686823612e-06, 4.0577705817668175e-07, 4.6227842176449485e-07]], 'pred_prompt': ['What is the most likely microscopy modality used to acquire this image? light microscopy']}",2.0,,,,,
domain,"['What is the most likely field of study this micrograph would be used for? cytology', 'What is the most likely field of study this micrograph would be used for? ophthalmology', 'What is the most likely field of study this micrograph would be used for? biology', 'What is the most likely field of study this micrograph would be used for? pathology', 'What is the most likely field of study this micrograph would be used for? dermatology', 'What is the most likely field of study this micrograph would be used for? none of the above']",2d4d3cd1-812c-457c-bc65-3e144c4eba37,pathology,3,"{'pred': [3], 'probs': [[2.43848692349502e-08, 1.084255352168384e-09, 3.089362792252359e-07, 0.9999996423721313, 1.8003850854597658e-08, 3.057877151491084e-08]], 'pred_prompt': ['What is the most likely field of study this micrograph would be used for? pathology']}",2.0,,,,,
domain,"['What is the most likely field of study this micrograph would be used for? radiology', 'What is the most likely field of study this micrograph would be used for? pathology', 'What is the most likely field of study this micrograph would be used for? dermatology', 'What is the most likely field of study this micrograph would be used for? biology', 'What is the most likely field of study this micrograph would be used for? ophthalmology', 'What is the most likely field of study this micrograph would be used for? none of the above']",44ed1048-be39-4549-9c85-c73b43918c5e,pathology,1,"{'pred': [1], 'probs': [[2.826295109059629e-08, 0.9999998807907104, 7.3807955303095696e-09, 1.706379393340285e-08, 4.344046455884154e-09, 6.79628229249829e-08]], 'pred_prompt': ['What is the most likely field of study this micrograph would be used for? pathology']}",2.0,,,,,
submodality,"['What is the most likely microscopy submodality used to acquire this image? mixed', 'What is the most likely microscopy submodality used to acquire this image? phase contrast microscopy', 'What is the most likely microscopy submodality used to acquire this image? polarized light microscopy', 'What is the most likely microscopy submodality used to acquire this image? brightfield microscopy', 'What is the most likely microscopy submodality used to acquire this image? darkfield microscopy', 'What is the most likely microscopy submodality used to acquire this image? none of the above']",86e4b32e-8264-4a18-bc61-40773a4d15ab,brightfield microscopy,3,"{'pred': [3], 'probs': [[3.7375514239101904e-07, 5.6689173106860835e-06, 3.0401229196286295e-06, 0.9999853372573853, 5.536593107535737e-06, 3.5062377889971685e-08]], 'pred_prompt': ['What is the most likely microscopy submodality used to acquire this image? brightfield microscopy']}",2.0,,,,,
modality,"['What is the most likely microscopy modality used to acquire this image? light microscopy', 'What is the most likely microscopy modality used to acquire this image? electron microscopy', 'What is the most likely microscopy modality used to acquire this image? fluorescence microscopy', 'What is the most likely microscopy modality used to acquire this image? none of the above']",a9551980-903d-48e6-a302-51c0974b9981,light microscopy,0,"{'pred': [0], 'probs': [[0.9999991655349731, 6.256532856241392e-07, 1.1813330047516502e-07, 5.1877904638786276e-08]], 'pred_prompt': ['What is the most likely microscopy modality used to acquire this image? light microscopy']}",2.0,,,,,
submodality,"['What is the most likely microscopy submodality used to acquire this image? brightfield microscopy', 'What is the most likely microscopy submodality used to acquire this image? synthetic', 'What is the most likely microscopy submodality used to acquire this image? differential interference contrast microscopy', 'What is the most likely microscopy submodality used to acquire this image? phase contrast microscopy', 'What is the most likely microscopy submodality used to acquire this image? darkfield microscopy', 'What is the most likely microscopy submodality used to acquire this image? none of the above']",c25ddada-9dac-45c6-802c-9fd4a8cfa75a,brightfield microscopy,0,"{'pred': [0], 'probs': [[0.9999910593032837, 1.1254864817900057e-09, 9.19121987408289e-08, 6.665706223429879e-06, 2.1877476683584973e-06, 8.904167181356115e-09]], 'pred_prompt': ['What is the most likely microscopy submodality used to acquire this image? brightfield microscopy']}",2.0,,,,,
submodality,"['What is the most likely microscopy submodality used to acquire this image? phase contrast microscopy', 'What is the most likely microscopy submodality used to acquire this image? synthetic', 'What is the most likely microscopy submodality used to acquire this image? brightfield microscopy', 'What is the most likely microscopy submodality used to acquire this image? mixed', 'What is the most likely microscopy submodality used to acquire this image? polarized light microscopy', 'What is the most likely microscopy submodality used to acquire this image? none of the above']",bb916256-22ab-451d-96cc-90ac5ca3eac1,brightfield microscopy,2,"{'pred': [2], 'probs': [[4.399110548547469e-05, 3.552911020943128e-10, 0.9999557733535767, 1.210519258165732e-07, 1.1224552309840874e-07, 1.085211742690717e-08]], 'pred_prompt': ['What is the most likely microscopy submodality used to acquire this image? brightfield microscopy']}",2.0,,,,,
stain,"['What is the most likely technique used to stain this micrograph? Giemsa', 'What is the most likely technique used to stain this micrograph? IHC(HDab)', 'What is the most likely technique used to stain this micrograph? synthetic', 'What is the most likely technique used to stain this micrograph? Toluidine Blue', 'What is the most likely technique used to stain this micrograph? PAS', 'What is the most likely technique used to stain this micrograph? none of the above']",abdb2a9d-cc7a-48a5-be6b-71fd769c7b6e,IHC(HDab),1,"{'pred': [1], 'probs': [[6.99497468303889e-06, 0.9998291730880737, 6.471283953146667e-09, 1.1601433413943596e-07, 0.0001611331827007234, 2.447994575049961e-06]], 'pred_prompt': ['What is the most likely technique used to stain this micrograph? IHC(HDab)']}",2.0,,,,,
modality,"['What is the most likely microscopy modality used to acquire this image? electron microscopy', 'What is the most likely microscopy modality used to acquire this image? fluorescence microscopy', 'What is the most likely microscopy modality used to acquire this image? light microscopy', 'What is the most likely microscopy modality used to acquire this image? none of the above']",40f0de2d-ee80-4315-be10-d652911dfe62,light microscopy,2,"{'pred': [2], 'probs': [[1.944015639310237e-05, 1.9707922405132194e-08, 0.9999805688858032, 1.1986747594505687e-08]], 'pred_prompt': ['What is the most likely microscopy modality used to acquire this image? light microscopy']}",2.0,,,,,
modality,"['What is the most likely microscopy modality used to acquire this image? electron microscopy', 'What is the most likely microscopy modality used to acquire this image? light microscopy', 'What is the most likely microscopy modality used to acquire this image? fluorescence microscopy', 'What is the most likely microscopy modality used to acquire this image? none of the above']",6a2961ce-956d-4085-bf04-c855b1f7569e,light microscopy,1,"{'pred': [1], 'probs': [[0.0004257817636243999, 0.9995706677436829, 1.2578922223838163e-06, 2.220185479018255e-06]], 'pred_prompt': ['What is the most likely microscopy modality used to acquire this image? light microscopy']}",2.0,,,,,
submodality,"['What is the most likely microscopy submodality used to acquire this image? darkfield microscopy', 'What is the most likely microscopy submodality used to acquire this image? brightfield microscopy', 'What is the most likely microscopy submodality used to acquire this image? synthetic', 'What is the most likely microscopy submodality used to acquire this image? phase contrast microscopy', 'What is the most likely microscopy submodality used to acquire this image? mixed', 'What is the most likely microscopy submodality used to acquire this image? none of the above']",f60369a0-9d2a-467e-aea4-63b61886f8ec,brightfield microscopy,1,"{'pred': [1], 'probs': [[1.6844807078086887e-06, 0.999993085861206, 8.084645453099171e-11, 5.193743618292501e-06, 1.4831346817345548e-08, 8.796047779036087e-10]], 'pred_prompt': ['What is the most likely microscopy submodality used to acquire this image? brightfield microscopy']}",2.0,,,,,
domain,"['What is the most likely field of study this micrograph would be used for? cytology', 'What is the most likely field of study this micrograph would be used for? pathology', 'What is the most likely field of study this micrograph would be used for? biology', 'What is the most likely field of study this micrograph would be used for? ophthalmology', 'What is the most likely field of study this micrograph would be used for? dermatology', 'What is the most likely field of study this micrograph would be used for? none of the above']",b20f4674-5b23-46ba-87e5-6f44361767de,pathology,1,"{'pred': [1], 'probs': [[2.9775415466559707e-09, 0.9999998807907104, 9.543997236960422e-08, 1.0810016881634965e-08, 1.1721590809088411e-08, 2.8977868993251832e-08]], 'pred_prompt': ['What is the most likely field of study this micrograph would be used for? pathology']}",2.0,,,,,
stain,"['What is the most likely technique used to stain this micrograph? Papanicolaou', 'What is the most likely technique used to stain this micrograph? H&E', 'What is the most likely technique used to stain this micrograph? Basic fuchsin', 'What is the most likely technique used to stain this micrograph? IHC(HDab)', 'What is the most likely technique used to stain this micrograph? IHC(Red)', 'What is the most likely technique used to stain this micrograph? none of the above']",d371413b-ddb3-4704-92c0-dfd123eea8a6,IHC(HDab),3,"{'pred': [3], 'probs': [[3.1021600079839118e-06, 1.2673407354668598e-06, 7.44349692993751e-10, 0.9997507929801941, 0.00024366393336094916, 1.1074623671447625e-06]], 'pred_prompt': ['What is the most likely technique used to stain this micrograph? IHC(HDab)']}",2.0,,,,,
submodality,"['What is the most likely microscopy submodality used to acquire this image? synthetic', 'What is the most likely microscopy submodality used to acquire this image? phase contrast microscopy', 'What is the most likely microscopy submodality used to acquire this image? differential interference contrast microscopy', 'What is the most likely microscopy submodality used to acquire this image? brightfield microscopy', 'What is the most likely microscopy submodality used to acquire this image? darkfield microscopy', 'What is the most likely microscopy submodality used to acquire this image? none of the above']",6c74897e-67cb-4db7-859c-f59b8116a0a2,brightfield microscopy,3,"{'pred': [3], 'probs': [[1.9720891586416656e-10, 2.827043999786838e-06, 1.3062615380476927e-06, 0.9999947547912598, 1.1060794804507168e-06, 9.766879749406598e-09]], 'pred_prompt': ['What is the most likely microscopy submodality used to acquire this image? brightfield microscopy']}",2.0,,,,,
submodality,"['What is the most likely microscopy submodality used to acquire this image? darkfield microscopy', 'What is the most likely microscopy submodality used to acquire this image? polarized light microscopy', 'What is the most likely microscopy submodality used to acquire this image? mixed', 'What is the most likely microscopy submodality used to acquire this image? brightfield microscopy', 'What is the most likely microscopy submodality used to acquire this image? differential interference contrast microscopy', 'What is the most likely microscopy submodality used to acquire this image? none of the above']",9d33c63d-0295-4768-9e22-418d65060142,brightfield microscopy,3,"{'pred': [3], 'probs': [[1.5357569282059558e-05, 8.95460345873289e-07, 2.7809983649262904e-08, 0.9999830722808838, 6.438082778004173e-07, 2.5398754210925745e-09]], 'pred_prompt': ['What is the most likely microscopy submodality used to acquire this image? brightfield microscopy']}",2.0,,,,,
modality,"['What is the most likely microscopy modality used to acquire this image? light microscopy', 'What is the most likely microscopy modality used to acquire this image? electron microscopy', 'What is the most likely microscopy modality used to acquire this image? fluorescence microscopy', 'What is the most likely microscopy modality used to acquire this image? none of the above']",54456229-c675-46d9-8243-18ec935ad371,light microscopy,0,"{'pred': [0], 'probs': [[0.9999194145202637, 7.948078564368188e-05, 7.855891794861236e-07, 2.251356079341349e-07]], 'pred_prompt': ['What is the most likely microscopy modality used to acquire this image? light microscopy']}",2.0,,,,,
domain,"['What is the most likely field of study this micrograph would be used for? dermatology', 'What is the most likely field of study this micrograph would be used for? pathology', 'What is the most likely field of study this micrograph would be used for? ophthalmology', 'What is the most likely field of study this micrograph would be used for? cytology', 'What is the most likely field of study this micrograph would be used for? biology', 'What is the most likely field of study this micrograph would be used for? none of the above']",b3338bb3-2d5c-4b90-880a-5da5fbedec14,pathology,1,"{'pred': [1], 'probs': [[1.655331693939388e-08, 1.0, 7.275326563416229e-09, 1.747358524539777e-08, 2.1362746238651198e-08, 7.54188889118268e-09]], 'pred_prompt': ['What is the most likely field of study this micrograph would be used for? pathology']}",2.0,,,,,
domain,"['What is the most likely field of study this micrograph would be used for? dermatology', 'What is the most likely field of study this micrograph would be used for? radiology', 'What is the most likely field of study this micrograph would be used for? pathology', 'What is the most likely field of study this micrograph would be used for? biology', 'What is the most likely field of study this micrograph would be used for? cytology', 'What is the most likely field of study this micrograph would be used for? none of the above']",304da02e-4e08-4184-b793-4ffcfff85e8d,pathology,2,"{'pred': [2], 'probs': [[2.3077709556673653e-06, 7.635647307324689e-06, 0.9999880790710449, 1.0442197151405708e-07, 7.175116820690164e-07, 1.1869443596879137e-06]], 'pred_prompt': ['What is the most likely field of study this micrograph would be used for? pathology']}",2.0,,,,,
submodality,"['What is the most likely microscopy submodality used to acquire this image? brightfield microscopy', 'What is the most likely microscopy submodality used to acquire this image? mixed', 'What is the most likely microscopy submodality used to acquire this image? darkfield microscopy', 'What is the most likely microscopy submodality used to acquire this image? differential interference contrast microscopy', 'What is the most likely microscopy submodality used to acquire this image? polarized light microscopy', 'What is the most likely microscopy submodality used to acquire this image? none of the above']",f89d5c8a-8ade-4529-999f-3c6520f0dd3a,brightfield microscopy,0,"{'pred': [0], 'probs': [[0.9999982118606567, 2.453660385981493e-08, 1.5799490711287945e-06, 7.515543387626167e-08, 1.4329344821817358e-07, 2.2809671929024944e-09]], 'pred_prompt': ['What is the most likely microscopy submodality used to acquire this image? brightfield microscopy']}",2.0,,,,,
stain,"['What is the most likely technique used to stain this micrograph? IHC(HDab)', 'What is the most likely technique used to stain this micrograph? synthetic', 'What is the most likely technique used to stain this micrograph? Congo Red', 'What is the most likely technique used to stain this micrograph? H&E', 'What is the most likely technique used to stain this micrograph? Toluidine Blue', 'What is the most likely technique used to stain this micrograph? none of the above']",0e0c5f80-1c00-4aba-a118-aeeb56eee0ec,IHC(HDab),0,"{'pred': [0], 'probs': [[0.9967336654663086, 4.292708410957857e-08, 0.003121278015896678, 5.3454400017471926e-08, 0.00013785743794869632, 7.122065653675236e-06]], 'pred_prompt': ['What is the most likely technique used to stain this micrograph? IHC(HDab)']}",2.0,,,,,
submodality,"['What is the most likely microscopy submodality used to acquire this image? brightfield microscopy', 'What is the most likely microscopy submodality used to acquire this image? phase contrast microscopy', 'What is the most likely microscopy submodality used to acquire this image? synthetic', 'What is the most likely microscopy submodality used to acquire this image? mixed', 'What is the most likely microscopy submodality used to acquire this image? polarized light microscopy', 'What is the most likely microscopy submodality used to acquire this image? none of the above']",42583bed-18ea-4efa-9bec-0bb3c8a3b2fc,brightfield microscopy,0,"{'pred': [0], 'probs': [[0.9999880790710449, 1.0221387128694914e-05, 1.3555941924536796e-09, 5.920580861129565e-07, 1.1320621524646413e-06, 7.502963228489534e-08]], 'pred_prompt': ['What is the most likely microscopy submodality used to acquire this image? brightfield microscopy']}",2.0,,,,,
modality,"['What is the most likely microscopy modality used to acquire this image? light microscopy', 'What is the most likely microscopy modality used to acquire this image? electron microscopy', 'What is the most likely microscopy modality used to acquire this image? fluorescence microscopy', 'What is the most likely microscopy modality used to acquire this image? none of the above']",e003112c-c5ff-4079-a497-d1cdb92d73f0,light microscopy,0,"{'pred': [0], 'probs': [[0.999987006187439, 1.1144637028337456e-05, 1.1248441751376959e-06, 7.26838038644928e-07]], 'pred_prompt': ['What is the most likely microscopy modality used to acquire this image? light microscopy']}",2.0,,,,,
domain,"['What is the most likely field of study this micrograph would be used for? cytology', 'What is the most likely field of study this micrograph would be used for? dermatology', 'What is the most likely field of study this micrograph would be used for? radiology', 'What is the most likely field of study this micrograph would be used for? biology', 'What is the most likely field of study this micrograph would be used for? pathology', 'What is the most likely field of study this micrograph would be used for? none of the above']",7ccea5e1-16cb-46ce-92bf-a7aec97c1134,pathology,4,"{'pred': [4], 'probs': [[5.718646534091931e-08, 5.4719846431794394e-09, 5.176263861983443e-10, 2.481460725789475e-08, 0.9999998807907104, 3.3299226487315536e-08]], 'pred_prompt': ['What is the most likely field of study this micrograph would be used for? pathology']}",2.0,,,,,
modality,"['What is the most likely microscopy modality used to acquire this image? electron microscopy', 'What is the most likely microscopy modality used to acquire this image? light microscopy', 'What is the most likely microscopy modality used to acquire this image? fluorescence microscopy', 'What is the most likely microscopy modality used to acquire this image? none of the above']",52491f1e-ceda-44d4-8ec3-b1b22677ac35,light microscopy,1,"{'pred': [1], 'probs': [[3.4315376069571357e-06, 0.9999964237213135, 9.514265997268012e-08, 4.06792644014331e-08]], 'pred_prompt': ['What is the most likely microscopy modality used to acquire this image? light microscopy']}",2.0,,,,,
domain,"['What is the most likely field of study this micrograph would be used for? radiology', 'What is the most likely field of study this micrograph would be used for? ophthalmology', 'What is the most likely field of study this micrograph would be used for? pathology', 'What is the most likely field of study this micrograph would be used for? biology', 'What is the most likely field of study this micrograph would be used for? dermatology', 'What is the most likely field of study this micrograph would be used for? none of the above']",0a1a2840-c595-496a-ab8a-c367b5e7d65d,pathology,2,"{'pred': [2], 'probs': [[1.5245529283447468e-08, 1.8115903221982421e-09, 1.0, 3.833111161810621e-09, 5.90731241700837e-09, 6.418787723561081e-09]], 'pred_prompt': ['What is the most likely field of study this micrograph would be used for? pathology']}",2.0,,,,,
domain,"['What is the most likely field of study this micrograph would be used for? cytology', 'What is the most likely field of study this micrograph would be used for? pathology', 'What is the most likely field of study this micrograph would be used for? ophthalmology', 'What is the most likely field of study this micrograph would be used for? dermatology', 'What is the most likely field of study this micrograph would be used for? biology', 'What is the most likely field of study this micrograph would be used for? none of the above']",b8aa563b-5f96-448d-aef5-ebc9276f15ee,pathology,1,"{'pred': [1], 'probs': [[1.9182998300948384e-08, 0.9999998807907104, 6.345430847431999e-10, 1.1570477909117471e-08, 4.7433118766093685e-08, 2.1148522932890046e-08]], 'pred_prompt': ['What is the most likely field of study this micrograph would be used for? pathology']}",2.0,,,,,
modality,"['What is the most likely microscopy modality used to acquire this image? electron microscopy', 'What is the most likely microscopy modality used to acquire this image? fluorescence microscopy', 'What is the most likely microscopy modality used to acquire this image? light microscopy', 'What is the most likely microscopy modality used to acquire this image? none of the above']",5860f760-cef9-4d2c-b404-5b226c39161f,light microscopy,2,"{'pred': [2], 'probs': [[5.504752209617436e-08, 9.078780038862533e-08, 0.9999998807907104, 1.8201274931683997e-09]], 'pred_prompt': ['What is the most likely microscopy modality used to acquire this image? light microscopy']}",2.0,,,,,
submodality,"['What is the most likely microscopy submodality used to acquire this image? phase contrast microscopy', 'What is the most likely microscopy submodality used to acquire this image? mixed', 'What is the most likely microscopy submodality used to acquire this image? synthetic', 'What is the most likely microscopy submodality used to acquire this image? brightfield microscopy', 'What is the most likely microscopy submodality used to acquire this image? polarized light microscopy', 'What is the most likely microscopy submodality used to acquire this image? none of the above']",a7391f36-df82-4495-af1f-5ddf29806f8d,brightfield microscopy,3,"{'pred': [3], 'probs': [[8.958964826888405e-06, 2.011921196753974e-06, 2.5037207862510513e-08, 0.9999887943267822, 1.123143391623671e-07, 1.5185813140305982e-07]], 'pred_prompt': ['What is the most likely microscopy submodality used to acquire this image? brightfield microscopy']}",2.0,,,,,
stain,"['What is the most likely technique used to stain this micrograph? IHC(HDab)', 'What is the most likely technique used to stain this micrograph? Gram', 'What is the most likely technique used to stain this micrograph? synthetic', 'What is the most likely technique used to stain this micrograph? Alcian Blue', 'What is the most likely technique used to stain this micrograph? IHC(Red)', 'What is the most likely technique used to stain this micrograph? none of the above']",b0532288-2de1-430d-bfc8-58d38e4ff0ad,IHC(HDab),0,"{'pred': [0], 'probs': [[0.9999217987060547, 5.763188892160542e-05, 5.3409561218131785e-09, 9.105497156269848e-06, 5.343644261301961e-06, 6.074135853850748e-06]], 'pred_prompt': ['What is the most likely technique used to stain this micrograph? IHC(HDab)']}",2.0,,,,,
submodality,"['What is the most likely microscopy submodality used to acquire this image? differential interference contrast microscopy', 'What is the most likely microscopy submodality used to acquire this image? mixed', 'What is the most likely microscopy submodality used to acquire this image? brightfield microscopy', 'What is the most likely microscopy submodality used to acquire this image? darkfield microscopy', 'What is the most likely microscopy submodality used to acquire this image? phase contrast microscopy', 'What is the most likely microscopy submodality used to acquire this image? none of the above']",8a6fd380-f18b-4fa5-a20c-b17b6419dbc9,brightfield microscopy,2,"{'pred': [2], 'probs': [[4.2230988128721947e-07, 1.1547533773637042e-07, 0.9999942779541016, 3.580423481253092e-06, 1.6378215832446585e-06, 7.454947770213494e-09]], 'pred_prompt': ['What is the most likely microscopy submodality used to acquire this image? brightfield microscopy']}",2.0,,,,,
stain,"['What is the most likely technique used to stain this micrograph? IHC(HDab)', 'What is the most likely technique used to stain this micrograph? IHC(Red)', 'What is the most likely technique used to stain this micrograph? Ziehl-Neelsen', 'What is the most likely technique used to stain this micrograph? Papanicolaou', 'What is the most likely technique used to stain this micrograph? H&E', 'What is the most likely technique used to stain this micrograph? none of the above']",bedd215c-ee72-489b-8f13-f35b1073b8b8,IHC(HDab),0,"{'pred': [0], 'probs': [[0.9921348094940186, 0.007842139340937138, 1.5824554111532052e-06, 1.1431925486249384e-05, 3.5426594990894955e-07, 9.757992302183993e-06]], 'pred_prompt': ['What is the most likely technique used to stain this micrograph? IHC(HDab)']}",2.0,,,,,
modality,"['What is the most likely microscopy modality used to acquire this image? electron microscopy', 'What is the most likely microscopy modality used to acquire this image? fluorescence microscopy', 'What is the most likely microscopy modality used to acquire this image? light microscopy', 'What is the most likely microscopy modality used to acquire this image? none of the above']",a6624ca0-7392-479c-b9c2-a0e0e50eb69a,light microscopy,2,"{'pred': [2], 'probs': [[1.1471261132101063e-06, 1.3351979077924625e-07, 0.9999985694885254, 1.299632970130915e-07]], 'pred_prompt': ['What is the most likely microscopy modality used to acquire this image? light microscopy']}",2.0,,,,,
modality,"['What is the most likely microscopy modality used to acquire this image? electron microscopy', 'What is the most likely microscopy modality used to acquire this image? light microscopy', 'What is the most likely microscopy modality used to acquire this image? fluorescence microscopy', 'What is the most likely microscopy modality used to acquire this image? none of the above']",78a78e8c-ec5c-44f3-a604-82b5d0d52ad3,light microscopy,1,"{'pred': [1], 'probs': [[6.6834004428528715e-06, 0.9999927282333374, 5.058049055151059e-07, 1.0854159171458377e-07]], 'pred_prompt': ['What is the most likely microscopy modality used to acquire this image? light microscopy']}",2.0,,,,,
domain,"['What is the most likely field of study this micrograph would be used for? ophthalmology', 'What is the most likely field of study this micrograph would be used for? cytology', 'What is the most likely field of study this micrograph would be used for? pathology', 'What is the most likely field of study this micrograph would be used for? radiology', 'What is the most likely field of study this micrograph would be used for? biology', 'What is the most likely field of study this micrograph would be used for? none of the above']",e9bd085e-f4a8-4aaa-8e3e-f5adebc69f80,pathology,2,"{'pred': [2], 'probs': [[1.2964416207239537e-08, 4.12945894368022e-07, 0.9999990463256836, 1.671310659312475e-11, 4.902011596641387e-07, 7.440256410973234e-08]], 'pred_prompt': ['What is the most likely field of study this micrograph would be used for? pathology']}",2.0,,,,,
submodality,"['What is the most likely microscopy submodality used to acquire this image? brightfield microscopy', 'What is the most likely microscopy submodality used to acquire this image? phase contrast microscopy', 'What is the most likely microscopy submodality used to acquire this image? darkfield microscopy', 'What is the most likely microscopy submodality used to acquire this image? polarized light microscopy', 'What is the most likely microscopy submodality used to acquire this image? mixed', 'What is the most likely microscopy submodality used to acquire this image? none of the above']",b7a1cd81-4258-44a8-8cdd-9eb799805e4a,brightfield microscopy,0,"{'pred': [0], 'probs': [[0.9999849796295166, 1.1635853297775611e-05, 3.190075858583441e-06, 1.4192880826158216e-07, 9.11219188992618e-09, 8.69972038852751e-10]], 'pred_prompt': ['What is the most likely microscopy submodality used to acquire this image? brightfield microscopy']}",2.0,,,,,
submodality,"['What is the most likely microscopy submodality used to acquire this image? differential interference contrast microscopy', 'What is the most likely microscopy submodality used to acquire this image? brightfield microscopy', 'What is the most likely microscopy submodality used to acquire this image? mixed', 'What is the most likely microscopy submodality used to acquire this image? phase contrast microscopy', 'What is the most likely microscopy submodality used to acquire this image? synthetic', 'What is the most likely microscopy submodality used to acquire this image? none of the above']",b7a3adeb-52dc-4d00-bbcb-6e0d2ef19890,brightfield microscopy,1,"{'pred': [1], 'probs': [[2.4667798470545677e-07, 0.9999992847442627, 5.0423739850202765e-08, 4.6049575530560105e-07, 1.9381012072994253e-10, 5.212743570126577e-09]], 'pred_prompt': ['What is the most likely microscopy submodality used to acquire this image? brightfield microscopy']}",2.0,,,,,
stain,"['What is the most likely technique used to stain this micrograph? IHC(HDab)', 'What is the most likely technique used to stain this micrograph? PAS', 'What is the most likely technique used to stain this micrograph? Toluidine Blue', 'What is the most likely technique used to stain this micrograph? Alcian Blue', 'What is the most likely technique used to stain this micrograph? Wright-Giemsa', 'What is the most likely technique used to stain this micrograph? none of the above']",6d9aaeff-cb21-4699-97be-25cae8a19417,IHC(HDab),0,"{'pred': [0], 'probs': [[0.9999940395355225, 2.783849822662887e-06, 2.4001360898751045e-09, 4.924639895875771e-08, 1.7221530868027912e-07, 3.016663185917423e-06]], 'pred_prompt': ['What is the most likely technique used to stain this micrograph? IHC(HDab)']}",2.0,,,,,
stain,"['What is the most likely technique used to stain this micrograph? Gram', 'What is the most likely technique used to stain this micrograph? Ziehl-Neelsen', 'What is the most likely technique used to stain this micrograph? IHC(HDab)', 'What is the most likely technique used to stain this micrograph? synthetic', 'What is the most likely technique used to stain this micrograph? Masson Trichrome', 'What is the most likely technique used to stain this micrograph? none of the above']",2caea549-1ba8-477e-a10f-79f1073350e3,IHC(HDab),2,"{'pred': [2], 'probs': [[3.856487182929413e-06, 2.283130662306121e-08, 0.9999958276748657, 1.18020082595649e-09, 6.283188969113951e-10, 2.912410366207041e-07]], 'pred_prompt': ['What is the most likely technique used to stain this micrograph? IHC(HDab)']}",2.0,,,,,
domain,"['What is the most likely field of study this micrograph would be used for? dermatology', 'What is the most likely field of study this micrograph would be used for? radiology', 'What is the most likely field of study this micrograph would be used for? pathology', 'What is the most likely field of study this micrograph would be used for? biology', 'What is the most likely field of study this micrograph would be used for? ophthalmology', 'What is the most likely field of study this micrograph would be used for? none of the above']",8474f401-52c8-4ff5-999d-10bc9ece8522,pathology,2,"{'pred': [2], 'probs': [[3.6264716229972294e-10, 8.27651489010428e-12, 1.0, 9.52642076335053e-10, 1.1233063784699127e-10, 1.6660775536969652e-10]], 'pred_prompt': ['What is the most likely field of study this micrograph would be used for? pathology']}",2.0,,,,,
domain,"['What is the most likely field of study this micrograph would be used for? biology', 'What is the most likely field of study this micrograph would be used for? radiology', 'What is the most likely field of study this micrograph would be used for? pathology', 'What is the most likely field of study this micrograph would be used for? cytology', 'What is the most likely field of study this micrograph would be used for? dermatology', 'What is the most likely field of study this micrograph would be used for? none of the above']",68b1d5bd-3660-438b-b209-daf0daf512ee,pathology,2,"{'pred': [2], 'probs': [[2.4593751479784487e-09, 2.973296719943619e-09, 1.0, 2.614203964412809e-09, 1.807925364971652e-08, 5.764734800628446e-10]], 'pred_prompt': ['What is the most likely field of study this micrograph would be used for? pathology']}",2.0,,,,,
modality,"['What is the most likely microscopy modality used to acquire this image? light microscopy', 'What is the most likely microscopy modality used to acquire this image? fluorescence microscopy', 'What is the most likely microscopy modality used to acquire this image? electron microscopy', 'What is the most likely microscopy modality used to acquire this image? none of the above']",bbb3ec9b-289a-41d8-b1cd-2809251f8d37,light microscopy,0,"{'pred': [0], 'probs': [[0.9999992847442627, 1.4929335634406016e-07, 5.423120796876901e-07, 3.370161039129016e-09]], 'pred_prompt': ['What is the most likely microscopy modality used to acquire this image? light microscopy']}",2.0,,,,,
domain,"['What is the most likely field of study this micrograph would be used for? dermatology', 'What is the most likely field of study this micrograph would be used for? radiology', 'What is the most likely field of study this micrograph would be used for? biology', 'What is the most likely field of study this micrograph would be used for? ophthalmology', 'What is the most likely field of study this micrograph would be used for? pathology', 'What is the most likely field of study this micrograph would be used for? none of the above']",f5172a01-42f8-4361-9a07-c1d97922beef,pathology,4,"{'pred': [4], 'probs': [[6.751945669236648e-10, 5.2789987659007664e-11, 2.84340218037471e-09, 1.7973748878130635e-10, 1.0, 2.9887206598466776e-10]], 'pred_prompt': ['What is the most likely field of study this micrograph would be used for? pathology']}",2.0,,,,,
stain,"['What is the most likely technique used to stain this micrograph? Ziehl-Neelsen', 'What is the most likely technique used to stain this micrograph? IHC(HDab)', 'What is the most likely technique used to stain this micrograph? H&E', 'What is the most likely technique used to stain this micrograph? Alcian Blue', 'What is the most likely technique used to stain this micrograph? synthetic', 'What is the most likely technique used to stain this micrograph? none of the above']",421d1984-7ee9-403a-a2c3-b8f2eb847758,IHC(HDab),1,"{'pred': [1], 'probs': [[2.2586777959077153e-07, 0.9999905824661255, 2.6654307205831174e-08, 8.197476120130887e-08, 7.148775793552886e-09, 9.042775673151482e-06]], 'pred_prompt': ['What is the most likely technique used to stain this micrograph? IHC(HDab)']}",2.0,,,,,
modality,"['What is the most likely microscopy modality used to acquire this image? fluorescence microscopy', 'What is the most likely microscopy modality used to acquire this image? light microscopy', 'What is the most likely microscopy modality used to acquire this image? electron microscopy', 'What is the most likely microscopy modality used to acquire this image? none of the above']",34781352-cd4a-4d85-a861-63b3d8b82b50,light microscopy,1,"{'pred': [1], 'probs': [[1.248944772669347e-05, 0.9969006776809692, 0.003067885059863329, 1.8972512407344766e-05]], 'pred_prompt': ['What is the most likely microscopy modality used to acquire this image? light microscopy']}",2.0,,,,,
submodality,"['What is the most likely microscopy submodality used to acquire this image? synthetic', 'What is the most likely microscopy submodality used to acquire this image? differential interference contrast microscopy', 'What is the most likely microscopy submodality used to acquire this image? phase contrast microscopy', 'What is the most likely microscopy submodality used to acquire this image? brightfield microscopy', 'What is the most likely microscopy submodality used to acquire this image? mixed', 'What is the most likely microscopy submodality used to acquire this image? none of the above']",f9bef927-536f-47e6-a98d-429c0b1b26de,brightfield microscopy,3,"{'pred': [3], 'probs': [[1.3242398289037283e-09, 1.9112185611902532e-07, 3.832829406746896e-06, 0.9999955892562866, 3.645274944119592e-07, 1.272669436502838e-08]], 'pred_prompt': ['What is the most likely microscopy submodality used to acquire this image? brightfield microscopy']}",2.0,,,,,
modality,"['What is the most likely microscopy modality used to acquire this image? electron microscopy', 'What is the most likely microscopy modality used to acquire this image? light microscopy', 'What is the most likely microscopy modality used to acquire this image? fluorescence microscopy', 'What is the most likely microscopy modality used to acquire this image? none of the above']",5a0a0ea5-e6b8-42c9-99fe-fd79f4016f8f,light microscopy,1,"{'pred': [1], 'probs': [[4.5875956857344136e-05, 0.9999535083770752, 3.0857194133204757e-07, 3.964836992054188e-07]], 'pred_prompt': ['What is the most likely microscopy modality used to acquire this image? light microscopy']}",2.0,,,,,
modality,"['What is the most likely microscopy modality used to acquire this image? light microscopy', 'What is the most likely microscopy modality used to acquire this image? fluorescence microscopy', 'What is the most likely microscopy modality used to acquire this image? electron microscopy', 'What is the most likely microscopy modality used to acquire this image? none of the above']",1c976a3b-d8b9-4276-bffd-2311a42f0c0d,light microscopy,0,"{'pred': [0], 'probs': [[0.9986171722412109, 2.12231716432143e-05, 0.0013261794811114669, 3.5419565392658114e-05]], 'pred_prompt': ['What is the most likely microscopy modality used to acquire this image? light microscopy']}",2.0,,,,,
domain,"['What is the most likely field of study this micrograph would be used for? pathology', 'What is the most likely field of study this micrograph would be used for? ophthalmology', 'What is the most likely field of study this micrograph would be used for? biology', 'What is the most likely field of study this micrograph would be used for? dermatology', 'What is the most likely field of study this micrograph would be used for? radiology', 'What is the most likely field of study this micrograph would be used for? none of the above']",83189d6c-7d23-4801-a3fc-fb30778a7975,pathology,0,"{'pred': [0], 'probs': [[0.9999998807907104, 4.766436134673313e-09, 1.5127803010273055e-07, 6.276628994328348e-09, 4.355363181218763e-09, 2.100877338762075e-08]], 'pred_prompt': ['What is the most likely field of study this micrograph would be used for? pathology']}",2.0,,,,,
modality,"['What is the most likely microscopy modality used to acquire this image? light microscopy', 'What is the most likely microscopy modality used to acquire this image? fluorescence microscopy', 'What is the most likely microscopy modality used to acquire this image? electron microscopy', 'What is the most likely microscopy modality used to acquire this image? none of the above']",4cfa521b-3dd3-4af8-abbe-df6f0441897c,light microscopy,0,"{'pred': [0], 'probs': [[0.9999953508377075, 9.888775593935861e-07, 3.5412731449468993e-06, 8.860399702825816e-08]], 'pred_prompt': ['What is the most likely microscopy modality used to acquire this image? light microscopy']}",2.0,,,,,
submodality,"['What is the most likely microscopy submodality used to acquire this image? darkfield microscopy', 'What is the most likely microscopy submodality used to acquire this image? polarized light microscopy', 'What is the most likely microscopy submodality used to acquire this image? brightfield microscopy', 'What is the most likely microscopy submodality used to acquire this image? differential interference contrast microscopy', 'What is the most likely microscopy submodality used to acquire this image? phase contrast microscopy', 'What is the most likely microscopy submodality used to acquire this image? none of the above']",40606d9b-a914-4f07-a99f-3880857b05a4,brightfield microscopy,2,"{'pred': [2], 'probs': [[2.653188175827381e-07, 6.316074063761334e-08, 0.999996542930603, 3.3507149055367336e-07, 2.852984835044481e-06, 6.174279754134204e-09]], 'pred_prompt': ['What is the most likely microscopy submodality used to acquire this image? brightfield microscopy']}",2.0,,,,,
submodality,"['What is the most likely microscopy submodality used to acquire this image? darkfield microscopy', 'What is the most likely microscopy submodality used to acquire this image? synthetic', 'What is the most likely microscopy submodality used to acquire this image? brightfield microscopy', 'What is the most likely microscopy submodality used to acquire this image? phase contrast microscopy', 'What is the most likely microscopy submodality used to acquire this image? differential interference contrast microscopy', 'What is the most likely microscopy submodality used to acquire this image? none of the above']",4983d1a3-e671-4ba4-9c04-560f18a86e5d,brightfield microscopy,2,"{'pred': [2], 'probs': [[3.3972773394452815e-07, 3.8452108164221954e-10, 0.9998409748077393, 6.812602077843621e-05, 9.049347136169672e-05, 2.8473998714417803e-09]], 'pred_prompt': ['What is the most likely microscopy submodality used to acquire this image? brightfield microscopy']}",2.0,,,,,
stain,"['What is the most likely technique used to stain this micrograph? Congo Red', 'What is the most likely technique used to stain this micrograph? IHC(HDab)', 'What is the most likely technique used to stain this micrograph? Basic fuchsin', 'What is the most likely technique used to stain this micrograph? Papanicolaou', 'What is the most likely technique used to stain this micrograph? None', 'What is the most likely technique used to stain this micrograph? none of the above']",7b30dc59-26c1-4fc1-b851-a88c4c54a589,IHC(HDab),1,"{'pred': [1], 'probs': [[1.1479728527774569e-05, 0.9999309778213501, 4.1803821204666747e-07, 1.9531948964868207e-06, 1.0220510375802405e-05, 4.4957942009205e-05]], 'pred_prompt': ['What is the most likely technique used to stain this micrograph? IHC(HDab)']}",2.0,,,,,
stain,"['What is the most likely technique used to stain this micrograph? IHC(HDab)', 'What is the most likely technique used to stain this micrograph? Ziehl-Neelsen', 'What is the most likely technique used to stain this micrograph? Giemsa', 'What is the most likely technique used to stain this micrograph? H&E', 'What is the most likely technique used to stain this micrograph? Alcian Blue', 'What is the most likely technique used to stain this micrograph? none of the above']",6f79ef91-0d1c-4baa-984e-d4f88888ab0c,IHC(HDab),0,"{'pred': [0], 'probs': [[0.9999980926513672, 1.8797694067984594e-08, 8.675583984540935e-08, 1.59249378128834e-08, 1.46505112752493e-06, 2.8581240485436865e-07]], 'pred_prompt': ['What is the most likely technique used to stain this micrograph? IHC(HDab)']}",2.0,,,,,
modality,"['What is the most likely microscopy modality used to acquire this image? fluorescence microscopy', 'What is the most likely microscopy modality used to acquire this image? light microscopy', 'What is the most likely microscopy modality used to acquire this image? electron microscopy', 'What is the most likely microscopy modality used to acquire this image? none of the above']",eaf5f5c5-5e75-4cb8-a509-f161477239ff,light microscopy,1,"{'pred': [1], 'probs': [[7.275165444298182e-06, 0.9999020099639893, 8.458957017865032e-05, 6.019521606503986e-06]], 'pred_prompt': ['What is the most likely microscopy modality used to acquire this image? light microscopy']}",2.0,,,,,
stain,"['What is the most likely technique used to stain this micrograph? synthetic', 'What is the most likely technique used to stain this micrograph? None', 'What is the most likely technique used to stain this micrograph? Masson Trichrome', 'What is the most likely technique used to stain this micrograph? Congo Red', 'What is the most likely technique used to stain this micrograph? IHC(HDab)', 'What is the most likely technique used to stain this micrograph? none of the above']",e96a5a5c-8ca9-493c-b7df-f7d371c6905a,IHC(HDab),4,"{'pred': [4], 'probs': [[3.691753249768226e-07, 1.8963698948937235e-06, 1.0384512734162854e-06, 0.0006311523029580712, 0.9993616938591003, 3.831050435110228e-06]], 'pred_prompt': ['What is the most likely technique used to stain this micrograph? IHC(HDab)']}",2.0,,,,,
modality,"['What is the most likely microscopy modality used to acquire this image? fluorescence microscopy', 'What is the most likely microscopy modality used to acquire this image? electron microscopy', 'What is the most likely microscopy modality used to acquire this image? light microscopy', 'What is the most likely microscopy modality used to acquire this image? none of the above']",b7a3adeb-52dc-4d00-bbcb-6e0d2ef19890,light microscopy,2,"{'pred': [2], 'probs': [[5.157009397294132e-08, 9.274780268242466e-07, 0.9999990463256836, 5.0494467274120325e-08]], 'pred_prompt': ['What is the most likely microscopy modality used to acquire this image? light microscopy']}",2.0,,,,,
modality,"['What is the most likely microscopy modality used to acquire this image? light microscopy', 'What is the most likely microscopy modality used to acquire this image? electron microscopy', 'What is the most likely microscopy modality used to acquire this image? fluorescence microscopy', 'What is the most likely microscopy modality used to acquire this image? none of the above']",15330218-4b41-4436-9f3a-3a4191939349,light microscopy,0,"{'pred': [0], 'probs': [[0.9999890327453613, 9.87189014267642e-06, 8.891684046830051e-07, 2.310707571950843e-07]], 'pred_prompt': ['What is the most likely microscopy modality used to acquire this image? light microscopy']}",2.0,,,,,
stain,"['What is the most likely technique used to stain this micrograph? Giemsa', 'What is the most likely technique used to stain this micrograph? Basic fuchsin', 'What is the most likely technique used to stain this micrograph? IHC(HDab)', 'What is the most likely technique used to stain this micrograph? Toluidine Blue', 'What is the most likely technique used to stain this micrograph? Congo Red', 'What is the most likely technique used to stain this micrograph? none of the above']",f89d5c8a-8ade-4529-999f-3c6520f0dd3a,IHC(HDab),2,"{'pred': [2], 'probs': [[2.510930244170595e-06, 2.1876987332802855e-08, 0.9999943971633911, 2.9072584339928653e-09, 2.0479471913859015e-06, 9.995851542043965e-07]], 'pred_prompt': ['What is the most likely technique used to stain this micrograph? IHC(HDab)']}",2.0,,,,,
domain,"['What is the most likely field of study this micrograph would be used for? radiology', 'What is the most likely field of study this micrograph would be used for? ophthalmology', 'What is the most likely field of study this micrograph would be used for? pathology', 'What is the most likely field of study this micrograph would be used for? cytology', 'What is the most likely field of study this micrograph would be used for? dermatology', 'What is the most likely field of study this micrograph would be used for? none of the above']",4689289f-3bc2-4fcb-890c-1437da20af7b,pathology,2,"{'pred': [2], 'probs': [[4.165710976167247e-08, 7.557381387357509e-09, 0.9999997615814209, 5.2667532557393315e-09, 7.05475544648948e-09, 2.3014908379082044e-07]], 'pred_prompt': ['What is the most likely field of study this micrograph would be used for? pathology']}",2.0,,,,,
modality,"['What is the most likely microscopy modality used to acquire this image? light microscopy', 'What is the most likely microscopy modality used to acquire this image? electron microscopy', 'What is the most likely microscopy modality used to acquire this image? fluorescence microscopy', 'What is the most likely microscopy modality used to acquire this image? none of the above']",e90aa5f0-6c23-4de4-9857-b54829c3de7e,light microscopy,0,"{'pred': [0], 'probs': [[0.9999160766601562, 8.131787035381421e-05, 1.197118194795621e-06, 1.3921780919190496e-06]], 'pred_prompt': ['What is the most likely microscopy modality used to acquire this image? light microscopy']}",2.0,,,,,
submodality,"['What is the most likely microscopy submodality used to acquire this image? brightfield microscopy', 'What is the most likely microscopy submodality used to acquire this image? synthetic', 'What is the most likely microscopy submodality used to acquire this image? differential interference contrast microscopy', 'What is the most likely microscopy submodality used to acquire this image? polarized light microscopy', 'What is the most likely microscopy submodality used to acquire this image? mixed', 'What is the most likely microscopy submodality used to acquire this image? none of the above']",fb64d9ed-3694-4355-8a89-601e07d7ce28,brightfield microscopy,0,"{'pred': [0], 'probs': [[0.9999996423721313, 1.4734694575579965e-09, 2.1979624875712034e-07, 1.193364624896276e-07, 2.1682687645352416e-08, 2.463331760793608e-09]], 'pred_prompt': ['What is the most likely microscopy submodality used to acquire this image? brightfield microscopy']}",2.0,,,,,
modality,"['What is the most likely microscopy modality used to acquire this image? electron microscopy', 'What is the most likely microscopy modality used to acquire this image? fluorescence microscopy', 'What is the most likely microscopy modality used to acquire this image? light microscopy', 'What is the most likely microscopy modality used to acquire this image? none of the above']",f73c5da6-de67-4dba-b955-d2ea44eff2e3,light microscopy,2,"{'pred': [2], 'probs': [[0.00018652329163160175, 1.0470414508745307e-06, 0.9998108744621277, 1.5324721971410327e-06]], 'pred_prompt': ['What is the most likely microscopy modality used to acquire this image? light microscopy']}",2.0,,,,,
domain,"['What is the most likely field of study this micrograph would be used for? pathology', 'What is the most likely field of study this micrograph would be used for? radiology', 'What is the most likely field of study this micrograph would be used for? cytology', 'What is the most likely field of study this micrograph would be used for? biology', 'What is the most likely field of study this micrograph would be used for? dermatology', 'What is the most likely field of study this micrograph would be used for? none of the above']",a176dbb4-f742-4cea-b3fc-2f389ebd1baf,pathology,0,"{'pred': [0], 'probs': [[0.9999992847442627, 1.1862803717122006e-07, 1.0510889048021e-08, 2.995188594923093e-07, 5.554167348265082e-09, 2.5337647002743324e-07]], 'pred_prompt': ['What is the most likely field of study this micrograph would be used for? pathology']}",2.0,,,,,
stain,"['What is the most likely technique used to stain this micrograph? PAS', 'What is the most likely technique used to stain this micrograph? None', 'What is the most likely technique used to stain this micrograph? IHC(HDab)', 'What is the most likely technique used to stain this micrograph? Congo Red', 'What is the most likely technique used to stain this micrograph? IHC(Red)', 'What is the most likely technique used to stain this micrograph? none of the above']",9e110ee0-2a04-456f-9842-51a365095f26,IHC(HDab),2,"{'pred': [2], 'probs': [[1.4097986422711983e-05, 1.872991560958326e-05, 0.9997337460517883, 1.5924299532343866e-06, 0.0001548057480249554, 7.700509740971029e-05]], 'pred_prompt': ['What is the most likely technique used to stain this micrograph? IHC(HDab)']}",2.0,,,,,
modality,"['What is the most likely microscopy modality used to acquire this image? electron microscopy', 'What is the most likely microscopy modality used to acquire this image? fluorescence microscopy', 'What is the most likely microscopy modality used to acquire this image? light microscopy', 'What is the most likely microscopy modality used to acquire this image? none of the above']",164a47d6-f74c-4b84-bd61-1314ba2885bf,light microscopy,2,"{'pred': [2], 'probs': [[7.90052490629023e-06, 1.476999358374087e-07, 0.9999918937683105, 9.284949697985212e-08]], 'pred_prompt': ['What is the most likely microscopy modality used to acquire this image? light microscopy']}",2.0,,,,,
stain,"['What is the most likely technique used to stain this micrograph? synthetic', 'What is the most likely technique used to stain this micrograph? Masson Trichrome', 'What is the most likely technique used to stain this micrograph? Ziehl-Neelsen', 'What is the most likely technique used to stain this micrograph? Alcian Blue', 'What is the most likely technique used to stain this micrograph? IHC(HDab)', 'What is the most likely technique used to stain this micrograph? none of the above']",0a9b0096-cb9a-4506-8255-2e5c8cea05c3,IHC(HDab),4,"{'pred': [4], 'probs': [[3.552665939210442e-10, 5.406516345729528e-10, 3.1476108830474914e-08, 2.8774528004760214e-07, 0.9999994039535522, 2.9663078748853877e-07]], 'pred_prompt': ['What is the most likely technique used to stain this micrograph? IHC(HDab)']}",2.0,,,,,
modality,"['What is the most likely microscopy modality used to acquire this image? fluorescence microscopy', 'What is the most likely microscopy modality used to acquire this image? light microscopy', 'What is the most likely microscopy modality used to acquire this image? electron microscopy', 'What is the most likely microscopy modality used to acquire this image? none of the above']",e704ea55-99cc-4f5b-acb8-a74b848d1ad6,light microscopy,1,"{'pred': [1], 'probs': [[3.082456714764703e-06, 0.9999955892562866, 1.3748508536082227e-06, 4.6197531133884695e-08]], 'pred_prompt': ['What is the most likely microscopy modality used to acquire this image? light microscopy']}",2.0,,,,,
domain,"['What is the most likely field of study this micrograph would be used for? cytology', 'What is the most likely field of study this micrograph would be used for? radiology', 'What is the most likely field of study this micrograph would be used for? pathology', 'What is the most likely field of study this micrograph would be used for? biology', 'What is the most likely field of study this micrograph would be used for? ophthalmology', 'What is the most likely field of study this micrograph would be used for? none of the above']",830913b1-6cca-48f6-a280-d9dde10bd271,pathology,2,"{'pred': [2], 'probs': [[7.28157356633119e-09, 1.1775921904266795e-10, 1.0, 1.2853777597854332e-08, 1.4590142427550745e-09, 5.174115358386189e-09]], 'pred_prompt': ['What is the most likely field of study this micrograph would be used for? pathology']}",2.0,,,,,
submodality,"['What is the most likely microscopy submodality used to acquire this image? brightfield microscopy', 'What is the most likely microscopy submodality used to acquire this image? differential interference contrast microscopy', 'What is the most likely microscopy submodality used to acquire this image? mixed', 'What is the most likely microscopy submodality used to acquire this image? darkfield microscopy', 'What is the most likely microscopy submodality used to acquire this image? polarized light microscopy', 'What is the most likely microscopy submodality used to acquire this image? none of the above']",c110375d-0233-45ba-8cd4-c626e6be30a6,brightfield microscopy,0,"{'pred': [0], 'probs': [[0.9999955892562866, 3.6755216115125222e-06, 2.530656795229902e-09, 6.551235287588497e-07, 1.695207174634561e-07, 3.6166883377042325e-10]], 'pred_prompt': ['What is the most likely microscopy submodality used to acquire this image? brightfield microscopy']}",2.0,,,,,
domain,"['What is the most likely field of study this micrograph would be used for? radiology', 'What is the most likely field of study this micrograph would be used for? cytology', 'What is the most likely field of study this micrograph would be used for? pathology', 'What is the most likely field of study this micrograph would be used for? biology', 'What is the most likely field of study this micrograph would be used for? dermatology', 'What is the most likely field of study this micrograph would be used for? none of the above']",0e0d3fae-a03c-4a7c-aeda-ec96f964419e,pathology,2,"{'pred': [2], 'probs': [[7.2104705019226945e-12, 7.602423920616275e-06, 0.9999905824661255, 9.868411865454618e-08, 1.6848298400873318e-06, 2.3155674711006213e-08]], 'pred_prompt': ['What is the most likely field of study this micrograph would be used for? pathology']}",2.0,,,,,
stain,"['What is the most likely technique used to stain this micrograph? H&E', 'What is the most likely technique used to stain this micrograph? IHC(HDab)', 'What is the most likely technique used to stain this micrograph? synthetic', 'What is the most likely technique used to stain this micrograph? Gram', 'What is the most likely technique used to stain this micrograph? Giemsa', 'What is the most likely technique used to stain this micrograph? none of the above']",9b5a8e6f-8ba7-47eb-a4ce-2a6983e97f30,IHC(HDab),1,"{'pred': [1], 'probs': [[3.3728617836459307e-06, 0.9997574687004089, 4.221965888007162e-09, 0.00022488663671538234, 6.009096068737563e-06, 8.267939847428352e-06]], 'pred_prompt': ['What is the most likely technique used to stain this micrograph? IHC(HDab)']}",2.0,,,,,
domain,"['What is the most likely field of study this micrograph would be used for? pathology', 'What is the most likely field of study this micrograph would be used for? cytology', 'What is the most likely field of study this micrograph would be used for? radiology', 'What is the most likely field of study this micrograph would be used for? ophthalmology', 'What is the most likely field of study this micrograph would be used for? dermatology', 'What is the most likely field of study this micrograph would be used for? none of the above']",98807e88-6d84-4f20-9e44-8323961163f6,pathology,0,"{'pred': [0], 'probs': [[1.0, 8.229755765754021e-10, 2.2591610526756511e-10, 5.587748930224734e-09, 8.924271877042145e-10, 2.910642393771923e-09]], 'pred_prompt': ['What is the most likely field of study this micrograph would be used for? pathology']}",2.0,,,,,
stain,"['What is the most likely technique used to stain this micrograph? Alcian Blue', 'What is the most likely technique used to stain this micrograph? synthetic', 'What is the most likely technique used to stain this micrograph? Papanicolaou', 'What is the most likely technique used to stain this micrograph? Masson Trichrome', 'What is the most likely technique used to stain this micrograph? IHC(HDab)', 'What is the most likely technique used to stain this micrograph? none of the above']",b4fb3ab1-7a28-4990-8e44-99033292b310,IHC(HDab),4,"{'pred': [4], 'probs': [[1.1283371037507095e-07, 3.6354126820015153e-08, 5.1590905059129e-06, 6.163199728348445e-09, 0.9999856948852539, 8.96597975952318e-06]], 'pred_prompt': ['What is the most likely technique used to stain this micrograph? IHC(HDab)']}",2.0,,,,,
submodality,"['What is the most likely microscopy submodality used to acquire this image? differential interference contrast microscopy', 'What is the most likely microscopy submodality used to acquire this image? polarized light microscopy', 'What is the most likely microscopy submodality used to acquire this image? brightfield microscopy', 'What is the most likely microscopy submodality used to acquire this image? darkfield microscopy', 'What is the most likely microscopy submodality used to acquire this image? phase contrast microscopy', 'What is the most likely microscopy submodality used to acquire this image? none of the above']",fe080d0c-58b3-4e18-b9f6-7dcc66d6d84a,brightfield microscopy,2,"{'pred': [2], 'probs': [[1.3586263776232954e-05, 1.036954699884518e-06, 0.9998780488967896, 2.3139452878240263e-06, 0.00010501039650989696, 9.933937228367995e-09]], 'pred_prompt': ['What is the most likely microscopy submodality used to acquire this image? brightfield microscopy']}",2.0,,,,,
domain,"['What is the most likely field of study this micrograph would be used for? biology', 'What is the most likely field of study this micrograph would be used for? radiology', 'What is the most likely field of study this micrograph would be used for? cytology', 'What is the most likely field of study this micrograph would be used for? pathology', 'What is the most likely field of study this micrograph would be used for? ophthalmology', 'What is the most likely field of study this micrograph would be used for? none of the above']",0ec90f33-9fe5-4ac7-80f6-67290a097373,pathology,3,"{'pred': [3], 'probs': [[2.232272677815672e-08, 3.887329569352005e-09, 2.034147073004533e-09, 1.0, 2.644580554544973e-09, 1.3178009794501122e-08]], 'pred_prompt': ['What is the most likely field of study this micrograph would be used for? pathology']}",2.0,,,,,
modality,"['What is the most likely microscopy modality used to acquire this image? electron microscopy', 'What is the most likely microscopy modality used to acquire this image? fluorescence microscopy', 'What is the most likely microscopy modality used to acquire this image? light microscopy', 'What is the most likely microscopy modality used to acquire this image? none of the above']",a74b5da0-79cf-4d10-8a6a-80c10fe19bcb,light microscopy,2,"{'pred': [2], 'probs': [[3.774136757783708e-06, 2.336563966309768e-06, 0.9999886751174927, 5.166205028217519e-06]], 'pred_prompt': ['What is the most likely microscopy modality used to acquire this image? light microscopy']}",2.0,,,,,
stain,"['What is the most likely technique used to stain this micrograph? Giemsa', 'What is the most likely technique used to stain this micrograph? H&E', 'What is the most likely technique used to stain this micrograph? PAS', 'What is the most likely technique used to stain this micrograph? IHC(Red)', 'What is the most likely technique used to stain this micrograph? IHC(HDab)', 'What is the most likely technique used to stain this micrograph? none of the above']",8e6ab2ff-3dc1-4c08-9396-cbbe1be6af41,IHC(Red),3,"{'pred': [3], 'probs': [[2.3175435615030437e-07, 3.941204695934175e-08, 1.248077296622796e-06, 0.9986600875854492, 0.001338089699856937, 3.257326000039029e-07]], 'pred_prompt': ['What is the most likely technique used to stain this micrograph? IHC(Red)']}",2.0,,,,,
modality,"['What is the most likely microscopy modality used to acquire this image? electron microscopy', 'What is the most likely microscopy modality used to acquire this image? light microscopy', 'What is the most likely microscopy modality used to acquire this image? fluorescence microscopy', 'What is the most likely microscopy modality used to acquire this image? none of the above']",855bf027-2a7d-41ef-9fad-a8af6b37845a,light microscopy,1,"{'pred': [1], 'probs': [[3.4839558793464676e-06, 0.9999948740005493, 3.7288646126398817e-07, 1.2530537105703843e-06]], 'pred_prompt': ['What is the most likely microscopy modality used to acquire this image? light microscopy']}",2.0,,,,,
modality,"['What is the most likely microscopy modality used to acquire this image? fluorescence microscopy', 'What is the most likely microscopy modality used to acquire this image? light microscopy', 'What is the most likely microscopy modality used to acquire this image? electron microscopy', 'What is the most likely microscopy modality used to acquire this image? none of the above']",1d169b75-4b98-4f53-8049-04d96cf9383e,light microscopy,1,"{'pred': [1], 'probs': [[1.3433351568892249e-06, 0.999995231628418, 2.57654937740881e-06, 8.578980441598105e-07]], 'pred_prompt': ['What is the most likely microscopy modality used to acquire this image? light microscopy']}",2.0,,,,,
domain,"['What is the most likely field of study this micrograph would be used for? radiology', 'What is the most likely field of study this micrograph would be used for? ophthalmology', 'What is the most likely field of study this micrograph would be used for? dermatology', 'What is the most likely field of study this micrograph would be used for? pathology', 'What is the most likely field of study this micrograph would be used for? cytology', 'What is the most likely field of study this micrograph would be used for? none of the above']",b2d7bafe-e4aa-4037-bd42-c52258874046,pathology,3,"{'pred': [3], 'probs': [[6.916009986923655e-09, 3.4846311947056563e-10, 2.4077573268499464e-09, 1.0, 1.2526405690493903e-08, 2.0185876081768583e-08]], 'pred_prompt': ['What is the most likely field of study this micrograph would be used for? pathology']}",2.0,,,,,
domain,"['What is the most likely field of study this micrograph would be used for? dermatology', 'What is the most likely field of study this micrograph would be used for? ophthalmology', 'What is the most likely field of study this micrograph would be used for? pathology', 'What is the most likely field of study this micrograph would be used for? radiology', 'What is the most likely field of study this micrograph would be used for? cytology', 'What is the most likely field of study this micrograph would be used for? none of the above']",ab65d49a-58a2-488c-b4e7-4ef09f244858,pathology,2,"{'pred': [2], 'probs': [[4.123002668166009e-07, 9.765197006572635e-08, 0.9998409748077393, 1.5943389664041518e-10, 0.00015849203919060528, 7.72045893882023e-08]], 'pred_prompt': ['What is the most likely field of study this micrograph would be used for? pathology']}",2.0,,,,,
modality,"['What is the most likely microscopy modality used to acquire this image? fluorescence microscopy', 'What is the most likely microscopy modality used to acquire this image? light microscopy', 'What is the most likely microscopy modality used to acquire this image? electron microscopy', 'What is the most likely microscopy modality used to acquire this image? none of the above']",f96c4385-ad45-4f8f-9d28-c7ec0e2f3619,light microscopy,1,"{'pred': [1], 'probs': [[2.1376767023184584e-08, 0.9999998807907104, 1.463137238033596e-07, 9.586684335260998e-09]], 'pred_prompt': ['What is the most likely microscopy modality used to acquire this image? light microscopy']}",2.0,,,,,
submodality,"['What is the most likely microscopy submodality used to acquire this image? brightfield microscopy', 'What is the most likely microscopy submodality used to acquire this image? synthetic', 'What is the most likely microscopy submodality used to acquire this image? polarized light microscopy', 'What is the most likely microscopy submodality used to acquire this image? phase contrast microscopy', 'What is the most likely microscopy submodality used to acquire this image? differential interference contrast microscopy', 'What is the most likely microscopy submodality used to acquire this image? none of the above']",eacd996a-83c9-4fa8-82f7-14394c1e74ac,brightfield microscopy,0,"{'pred': [0], 'probs': [[0.9999879598617554, 3.901833023345347e-10, 1.0117338433701661e-06, 9.08871334104333e-06, 1.9781414266617503e-06, 6.968613686098024e-09]], 'pred_prompt': ['What is the most likely microscopy submodality used to acquire this image? brightfield microscopy']}",2.0,,,,,
submodality,"['What is the most likely microscopy submodality used to acquire this image? brightfield microscopy', 'What is the most likely microscopy submodality used to acquire this image? polarized light microscopy', 'What is the most likely microscopy submodality used to acquire this image? synthetic', 'What is the most likely microscopy submodality used to acquire this image? differential interference contrast microscopy', 'What is the most likely microscopy submodality used to acquire this image? darkfield microscopy', 'What is the most likely microscopy submodality used to acquire this image? none of the above']",0a9b0096-cb9a-4506-8255-2e5c8cea05c3,brightfield microscopy,0,"{'pred': [0], 'probs': [[0.9999995231628418, 9.899223663012435e-09, 2.1586452243760323e-12, 9.334686268402947e-08, 2.995515160364448e-07, 3.626966088576822e-11]], 'pred_prompt': ['What is the most likely microscopy submodality used to acquire this image? brightfield microscopy']}",2.0,,,,,
domain,"['What is the most likely field of study this micrograph would be used for? cytology', 'What is the most likely field of study this micrograph would be used for? radiology', 'What is the most likely field of study this micrograph would be used for? pathology', 'What is the most likely field of study this micrograph would be used for? dermatology', 'What is the most likely field of study this micrograph would be used for? biology', 'What is the most likely field of study this micrograph would be used for? none of the above']",1bb52dd1-0310-433d-8c8e-7488ebf8b05e,pathology,2,"{'pred': [2], 'probs': [[9.634796072077734e-08, 2.593953940532856e-10, 0.9999985694885254, 1.317003921030846e-06, 2.6066235392363524e-08, 4.793967178784442e-08]], 'pred_prompt': ['What is the most likely field of study this micrograph would be used for? pathology']}",2.0,,,,,
modality,"['What is the most likely microscopy modality used to acquire this image? light microscopy', 'What is the most likely microscopy modality used to acquire this image? fluorescence microscopy', 'What is the most likely microscopy modality used to acquire this image? electron microscopy', 'What is the most likely microscopy modality used to acquire this image? none of the above']",c8207165-4e55-4280-87c1-fa4a7f175fe7,light microscopy,0,"{'pred': [0], 'probs': [[0.9997077584266663, 2.138633317372296e-05, 0.0002113448572345078, 5.9513142332434654e-05]], 'pred_prompt': ['What is the most likely microscopy modality used to acquire this image? light microscopy']}",2.0,,,,,
modality,"['What is the most likely microscopy modality used to acquire this image? electron microscopy', 'What is the most likely microscopy modality used to acquire this image? light microscopy', 'What is the most likely microscopy modality used to acquire this image? fluorescence microscopy', 'What is the most likely microscopy modality used to acquire this image? none of the above']",44ed1048-be39-4549-9c85-c73b43918c5e,light microscopy,1,"{'pred': [1], 'probs': [[0.00011086369340773672, 0.9998637437820435, 1.042979238263797e-05, 1.4939689208404161e-05]], 'pred_prompt': ['What is the most likely microscopy modality used to acquire this image? light microscopy']}",2.0,,,,,
domain,"['What is the most likely field of study this micrograph would be used for? radiology', 'What is the most likely field of study this micrograph would be used for? pathology', 'What is the most likely field of study this micrograph would be used for? ophthalmology', 'What is the most likely field of study this micrograph would be used for? biology', 'What is the most likely field of study this micrograph would be used for? dermatology', 'What is the most likely field of study this micrograph would be used for? none of the above']",6f79ef91-0d1c-4baa-984e-d4f88888ab0c,pathology,1,"{'pred': [1], 'probs': [[1.422814505103176e-10, 1.0, 2.030932977348243e-09, 5.577714956572777e-10, 9.155743718736176e-09, 3.146493343653134e-10]], 'pred_prompt': ['What is the most likely field of study this micrograph would be used for? pathology']}",2.0,,,,,
stain,"['What is the most likely technique used to stain this micrograph? Alcian Blue', 'What is the most likely technique used to stain this micrograph? IHC(HDab)', 'What is the most likely technique used to stain this micrograph? Toluidine Blue', 'What is the most likely technique used to stain this micrograph? Congo Red', 'What is the most likely technique used to stain this micrograph? IHC(Red)', 'What is the most likely technique used to stain this micrograph? none of the above']",256ec93a-155c-4b7d-b826-e7d1caa790b3,IHC(HDab),1,"{'pred': [1], 'probs': [[3.925346845790045e-06, 0.9449079036712646, 2.8711415467341794e-08, 0.0003884358156938106, 0.05469894036650658, 7.475741199414188e-07]], 'pred_prompt': ['What is the most likely technique used to stain this micrograph? IHC(HDab)']}",2.0,,,,,
modality,"['What is the most likely microscopy modality used to acquire this image? electron microscopy', 'What is the most likely microscopy modality used to acquire this image? fluorescence microscopy', 'What is the most likely microscopy modality used to acquire this image? light microscopy', 'What is the most likely microscopy modality used to acquire this image? none of the above']",f449e7ef-047a-422d-b46e-a29f65577dbf,light microscopy,2,"{'pred': [2], 'probs': [[1.026732547870779e-07, 7.503634265049186e-07, 0.9999988079071045, 2.992874499341269e-07]], 'pred_prompt': ['What is the most likely microscopy modality used to acquire this image? light microscopy']}",2.0,,,,,
modality,"['What is the most likely microscopy modality used to acquire this image? light microscopy', 'What is the most likely microscopy modality used to acquire this image? electron microscopy', 'What is the most likely microscopy modality used to acquire this image? fluorescence microscopy', 'What is the most likely microscopy modality used to acquire this image? none of the above']",8b49e56a-2bfa-4312-a197-916e981a29c2,light microscopy,0,"{'pred': [0], 'probs': [[0.9999555349349976, 4.42344207840506e-05, 1.3936576692685776e-07, 1.0864878419170054e-07]], 'pred_prompt': ['What is the most likely microscopy modality used to acquire this image? light microscopy']}",2.0,,,,,
domain,"['What is the most likely field of study this micrograph would be used for? pathology', 'What is the most likely field of study this micrograph would be used for? dermatology', 'What is the most likely field of study this micrograph would be used for? biology', 'What is the most likely field of study this micrograph would be used for? cytology', 'What is the most likely field of study this micrograph would be used for? radiology', 'What is the most likely field of study this micrograph would be used for? none of the above']",483b8822-6597-41b7-b1bb-56ba84e3971b,pathology,0,"{'pred': [0], 'probs': [[1.0, 3.0829416797217846e-09, 5.939148728373311e-09, 5.326094232316336e-09, 7.373658905684977e-10, 4.038630763147921e-09]], 'pred_prompt': ['What is the most likely field of study this micrograph would be used for? pathology']}",2.0,,,,,
domain,"['What is the most likely field of study this micrograph would be used for? radiology', 'What is the most likely field of study this micrograph would be used for? cytology', 'What is the most likely field of study this micrograph would be used for? ophthalmology', 'What is the most likely field of study this micrograph would be used for? dermatology', 'What is the most likely field of study this micrograph would be used for? pathology', 'What is the most likely field of study this micrograph would be used for? none of the above']",7fd3b328-483e-4485-a71d-ce5eda963597,pathology,4,"{'pred': [4], 'probs': [[2.938553933518051e-08, 6.266290597523039e-08, 2.1533978156185185e-07, 1.623995672161982e-06, 0.9999969005584717, 1.1600750440265983e-06]], 'pred_prompt': ['What is the most likely field of study this micrograph would be used for? pathology']}",2.0,,,,,
submodality,"['What is the most likely microscopy submodality used to acquire this image? brightfield microscopy', 'What is the most likely microscopy submodality used to acquire this image? mixed', 'What is the most likely microscopy submodality used to acquire this image? differential interference contrast microscopy', 'What is the most likely microscopy submodality used to acquire this image? phase contrast microscopy', 'What is the most likely microscopy submodality used to acquire this image? polarized light microscopy', 'What is the most likely microscopy submodality used to acquire this image? none of the above']",3c8caeca-e9a9-40c9-a16c-cd68193228ef,brightfield microscopy,0,"{'pred': [0], 'probs': [[0.9998500347137451, 7.604077367773243e-09, 7.516792538808659e-05, 3.1907409265841125e-06, 7.148618169594556e-05, 1.1459655446799388e-09]], 'pred_prompt': ['What is the most likely microscopy submodality used to acquire this image? brightfield microscopy']}",2.0,,,,,
domain,"['What is the most likely field of study this micrograph would be used for? dermatology', 'What is the most likely field of study this micrograph would be used for? pathology', 'What is the most likely field of study this micrograph would be used for? ophthalmology', 'What is the most likely field of study this micrograph would be used for? biology', 'What is the most likely field of study this micrograph would be used for? cytology', 'What is the most likely field of study this micrograph would be used for? none of the above']",af8eeaf5-6940-41ff-aa33-6aa051e895e5,pathology,1,"{'pred': [1], 'probs': [[4.130140229818835e-09, 1.0, 1.564554352739833e-08, 9.48174072590291e-09, 3.7064304958533967e-09, 1.994541598548949e-08]], 'pred_prompt': ['What is the most likely field of study this micrograph would be used for? pathology']}",2.0,,,,,
submodality,"['What is the most likely microscopy submodality used to acquire this image? mixed', 'What is the most likely microscopy submodality used to acquire this image? brightfield microscopy', 'What is the most likely microscopy submodality used to acquire this image? synthetic', 'What is the most likely microscopy submodality used to acquire this image? differential interference contrast microscopy', 'What is the most likely microscopy submodality used to acquire this image? phase contrast microscopy', 'What is the most likely microscopy submodality used to acquire this image? none of the above']",963240ed-ef27-4117-96f4-0073e0f67ba8,brightfield microscopy,1,"{'pred': [1], 'probs': [[6.803653604947613e-07, 0.9999504089355469, 6.364901938837875e-09, 8.727570275368635e-07, 4.7912297304719687e-05, 7.605395779819446e-08]], 'pred_prompt': ['What is the most likely microscopy submodality used to acquire this image? brightfield microscopy']}",2.0,,,,,
submodality,"['What is the most likely microscopy submodality used to acquire this image? phase contrast microscopy', 'What is the most likely microscopy submodality used to acquire this image? mixed', 'What is the most likely microscopy submodality used to acquire this image? differential interference contrast microscopy', 'What is the most likely microscopy submodality used to acquire this image? brightfield microscopy', 'What is the most likely microscopy submodality used to acquire this image? darkfield microscopy', 'What is the most likely microscopy submodality used to acquire this image? none of the above']",ecd72ad1-cab4-414f-b2b3-707a6d4f371e,brightfield microscopy,3,"{'pred': [3], 'probs': [[7.679208465560805e-06, 1.3618332559417468e-06, 4.669406052926206e-07, 0.9999892711639404, 1.1343026926624589e-06, 8.94434393217125e-08]], 'pred_prompt': ['What is the most likely microscopy submodality used to acquire this image? brightfield microscopy']}",2.0,,,,,
submodality,"['What is the most likely microscopy submodality used to acquire this image? darkfield microscopy', 'What is the most likely microscopy submodality used to acquire this image? synthetic', 'What is the most likely microscopy submodality used to acquire this image? brightfield microscopy', 'What is the most likely microscopy submodality used to acquire this image? mixed', 'What is the most likely microscopy submodality used to acquire this image? differential interference contrast microscopy', 'What is the most likely microscopy submodality used to acquire this image? none of the above']",f88c0350-9e7c-4f45-acc6-b0f77064ba94,brightfield microscopy,2,"{'pred': [2], 'probs': [[3.2823126616676745e-07, 6.642122962752239e-11, 0.9999970197677612, 1.6920301604272936e-08, 2.6108616566489218e-06, 1.2622873857282002e-09]], 'pred_prompt': ['What is the most likely microscopy submodality used to acquire this image? brightfield microscopy']}",2.0,,,,,
domain,"['What is the most likely field of study this micrograph would be used for? dermatology', 'What is the most likely field of study this micrograph would be used for? biology', 'What is the most likely field of study this micrograph would be used for? cytology', 'What is the most likely field of study this micrograph would be used for? pathology', 'What is the most likely field of study this micrograph would be used for? radiology', 'What is the most likely field of study this micrograph would be used for? none of the above']",eae22f42-e74f-4c1c-b15a-59cd6bc0926a,pathology,3,"{'pred': [3], 'probs': [[3.9903667925500486e-08, 2.631686584209092e-07, 4.3010069816773466e-07, 0.9999990463256836, 1.0548155682243987e-09, 1.940571081604503e-07]], 'pred_prompt': ['What is the most likely field of study this micrograph would be used for? pathology']}",2.0,,,,,
modality,"['What is the most likely microscopy modality used to acquire this image? fluorescence microscopy', 'What is the most likely microscopy modality used to acquire this image? light microscopy', 'What is the most likely microscopy modality used to acquire this image? electron microscopy', 'What is the most likely microscopy modality used to acquire this image? none of the above']",854d6bee-8b35-4b66-8d94-7a3dd9357214,light microscopy,1,"{'pred': [1], 'probs': [[7.986915079527535e-06, 0.9999878406524658, 2.680588522707694e-06, 1.5957750747475075e-06]], 'pred_prompt': ['What is the most likely microscopy modality used to acquire this image? light microscopy']}",2.0,,,,,
domain,"['What is the most likely field of study this micrograph would be used for? ophthalmology', 'What is the most likely field of study this micrograph would be used for? biology', 'What is the most likely field of study this micrograph would be used for? dermatology', 'What is the most likely field of study this micrograph would be used for? pathology', 'What is the most likely field of study this micrograph would be used for? cytology', 'What is the most likely field of study this micrograph would be used for? none of the above']",ff851666-3ed3-4e94-930b-0cd7f3c81614,pathology,3,"{'pred': [3], 'probs': [[1.4732308706300046e-09, 5.558158377994005e-08, 9.179103699352709e-09, 0.9999998807907104, 1.9802278927727457e-08, 1.2182320041631556e-08]], 'pred_prompt': ['What is the most likely field of study this micrograph would be used for? pathology']}",2.0,,,,,
submodality,"['What is the most likely microscopy submodality used to acquire this image? differential interference contrast microscopy', 'What is the most likely microscopy submodality used to acquire this image? brightfield microscopy', 'What is the most likely microscopy submodality used to acquire this image? polarized light microscopy', 'What is the most likely microscopy submodality used to acquire this image? synthetic', 'What is the most likely microscopy submodality used to acquire this image? darkfield microscopy', 'What is the most likely microscopy submodality used to acquire this image? none of the above']",06eef9cd-7a1a-4afd-9f98-15dc5ec7edde,brightfield microscopy,1,"{'pred': [1], 'probs': [[1.5786977201059926e-06, 0.9999954700469971, 6.252829507502611e-07, 1.0905205627409487e-09, 2.299323341503623e-06, 2.4207054138969397e-08]], 'pred_prompt': ['What is the most likely microscopy submodality used to acquire this image? brightfield microscopy']}",2.0,,,,,
stain,"['What is the most likely technique used to stain this micrograph? IHC(HDab)', 'What is the most likely technique used to stain this micrograph? Giemsa', 'What is the most likely technique used to stain this micrograph? Ziehl-Neelsen', 'What is the most likely technique used to stain this micrograph? synthetic', 'What is the most likely technique used to stain this micrograph? H&E', 'What is the most likely technique used to stain this micrograph? none of the above']",b544532b-c3ba-43a2-ad59-142d96a3465d,IHC(HDab),0,"{'pred': [0], 'probs': [[0.9999995231628418, 1.1195792382068248e-07, 1.829447593415523e-09, 9.563404235191086e-11, 3.0612792301099034e-08, 3.974541016305011e-07]], 'pred_prompt': ['What is the most likely technique used to stain this micrograph? IHC(HDab)']}",2.0,,,,,
stain,"['What is the most likely technique used to stain this micrograph? PAS', 'What is the most likely technique used to stain this micrograph? Wright-Giemsa', 'What is the most likely technique used to stain this micrograph? Ziehl-Neelsen', 'What is the most likely technique used to stain this micrograph? IHC(HDab)', 'What is the most likely technique used to stain this micrograph? Gram', 'What is the most likely technique used to stain this micrograph? none of the above']",7985dcad-b4df-4884-a3b6-2cad71079074,IHC(HDab),3,"{'pred': [3], 'probs': [[0.0001136647624662146, 5.242181373432686e-07, 1.0949233342216758e-07, 0.9994366765022278, 0.0003288371954113245, 0.00012017304834444076]], 'pred_prompt': ['What is the most likely technique used to stain this micrograph? IHC(HDab)']}",2.0,,,,,
modality,"['What is the most likely microscopy modality used to acquire this image? fluorescence microscopy', 'What is the most likely microscopy modality used to acquire this image? light microscopy', 'What is the most likely microscopy modality used to acquire this image? electron microscopy', 'What is the most likely microscopy modality used to acquire this image? none of the above']",2caea549-1ba8-477e-a10f-79f1073350e3,light microscopy,1,"{'pred': [1], 'probs': [[7.62814806876122e-06, 0.999976396560669, 1.5790086763445288e-05, 2.2068104499339825e-07]], 'pred_prompt': ['What is the most likely microscopy modality used to acquire this image? light microscopy']}",2.0,,,,,
stain,"['What is the most likely technique used to stain this micrograph? synthetic', 'What is the most likely technique used to stain this micrograph? Toluidine Blue', 'What is the most likely technique used to stain this micrograph? Alcian Blue', 'What is the most likely technique used to stain this micrograph? IHC(HDab)', 'What is the most likely technique used to stain this micrograph? Basic fuchsin', 'What is the most likely technique used to stain this micrograph? none of the above']",1cc0f086-8f95-4399-999a-b4563d9235be,IHC(HDab),3,"{'pred': [3], 'probs': [[2.5643177536949224e-07, 2.862334724795801e-07, 9.078161156139686e-07, 0.9996241331100464, 3.2357883128497633e-07, 0.00037412921665236354]], 'pred_prompt': ['What is the most likely technique used to stain this micrograph? IHC(HDab)']}",2.0,,,,,
modality,"['What is the most likely microscopy modality used to acquire this image? electron microscopy', 'What is the most likely microscopy modality used to acquire this image? light microscopy', 'What is the most likely microscopy modality used to acquire this image? fluorescence microscopy', 'What is the most likely microscopy modality used to acquire this image? none of the above']",dd421a84-23f3-4fb5-83c2-4aacdb88aebf,light microscopy,1,"{'pred': [1], 'probs': [[5.721446541429032e-06, 0.9999926090240479, 6.744646157130774e-07, 9.872954933598521e-07]], 'pred_prompt': ['What is the most likely microscopy modality used to acquire this image? light microscopy']}",2.0,,,,,
domain,"['What is the most likely field of study this micrograph would be used for? dermatology', 'What is the most likely field of study this micrograph would be used for? cytology', 'What is the most likely field of study this micrograph would be used for? ophthalmology', 'What is the most likely field of study this micrograph would be used for? biology', 'What is the most likely field of study this micrograph would be used for? pathology', 'What is the most likely field of study this micrograph would be used for? none of the above']",dfa8385e-7b49-4e43-bcf3-bc3aca9727c5,pathology,4,"{'pred': [4], 'probs': [[2.543798238718864e-08, 2.288637057645815e-09, 3.4894831912879454e-08, 2.0788187171660866e-08, 1.0, 1.3604418924728634e-08]], 'pred_prompt': ['What is the most likely field of study this micrograph would be used for? pathology']}",2.0,,,,,
submodality,"['What is the most likely microscopy submodality used to acquire this image? mixed', 'What is the most likely microscopy submodality used to acquire this image? darkfield microscopy', 'What is the most likely microscopy submodality used to acquire this image? brightfield microscopy', 'What is the most likely microscopy submodality used to acquire this image? phase contrast microscopy', 'What is the most likely microscopy submodality used to acquire this image? synthetic', 'What is the most likely microscopy submodality used to acquire this image? none of the above']",23f3b1ec-20d3-4700-acaf-64a5d7c801a7,brightfield microscopy,2,"{'pred': [2], 'probs': [[2.1740439137829526e-07, 1.545937266200781e-05, 0.999981164932251, 3.1302963634516345e-06, 3.761741140806407e-09, 1.9426906305852754e-08]], 'pred_prompt': ['What is the most likely microscopy submodality used to acquire this image? brightfield microscopy']}",2.0,,,,,
stain,"['What is the most likely technique used to stain this micrograph? IHC(HDab)', 'What is the most likely technique used to stain this micrograph? synthetic', 'What is the most likely technique used to stain this micrograph? Toluidine Blue', 'What is the most likely technique used to stain this micrograph? Basic fuchsin', 'What is the most likely technique used to stain this micrograph? None', 'What is the most likely technique used to stain this micrograph? none of the above']",754d0256-7b67-4c2a-ac72-447024ea5d55,IHC(HDab),0,"{'pred': [0], 'probs': [[0.9999970197677612, 2.6578568235180455e-09, 1.522226789063552e-08, 1.0649514603500165e-09, 6.442643893933564e-07, 2.3421830519509967e-06]], 'pred_prompt': ['What is the most likely technique used to stain this micrograph? IHC(HDab)']}",2.0,,,,,
domain,"['What is the most likely field of study this micrograph would be used for? dermatology', 'What is the most likely field of study this micrograph would be used for? ophthalmology', 'What is the most likely field of study this micrograph would be used for? cytology', 'What is the most likely field of study this micrograph would be used for? biology', 'What is the most likely field of study this micrograph would be used for? pathology', 'What is the most likely field of study this micrograph would be used for? none of the above']",da97e471-3a7e-4f18-a46d-9ed1d946e46e,pathology,4,"{'pred': [4], 'probs': [[6.251362805187455e-08, 7.509806110306272e-09, 1.7879290936662073e-08, 5.5759858952342256e-08, 0.9999997615814209, 1.0039713771448078e-07]], 'pred_prompt': ['What is the most likely field of study this micrograph would be used for? pathology']}",2.0,,,,,
stain,"['What is the most likely technique used to stain this micrograph? synthetic', 'What is the most likely technique used to stain this micrograph? IHC(Red)', 'What is the most likely technique used to stain this micrograph? Giemsa', 'What is the most likely technique used to stain this micrograph? None', 'What is the most likely technique used to stain this micrograph? IHC(HDab)', 'What is the most likely technique used to stain this micrograph? none of the above']",1033f4da-ceba-4ad1-ae67-22261f4fc0fe,IHC(HDab),4,"{'pred': [4], 'probs': [[1.9783976767939748e-07, 0.0002468945167493075, 1.64640077855438e-05, 1.404517752234824e-05, 0.9996469020843506, 7.542334060417488e-05]], 'pred_prompt': ['What is the most likely technique used to stain this micrograph? IHC(HDab)']}",2.0,,,,,
modality,"['What is the most likely microscopy modality used to acquire this image? fluorescence microscopy', 'What is the most likely microscopy modality used to acquire this image? light microscopy', 'What is the most likely microscopy modality used to acquire this image? electron microscopy', 'What is the most likely microscopy modality used to acquire this image? none of the above']",9566c757-bdf9-49bf-b6cd-5f258300c342,light microscopy,1,"{'pred': [1], 'probs': [[3.8914180322535685e-07, 0.9999991655349731, 3.6618982335312467e-07, 1.7506823724033893e-07]], 'pred_prompt': ['What is the most likely microscopy modality used to acquire this image? light microscopy']}",2.0,,,,,
domain,"['What is the most likely field of study this micrograph would be used for? biology', 'What is the most likely field of study this micrograph would be used for? radiology', 'What is the most likely field of study this micrograph would be used for? dermatology', 'What is the most likely field of study this micrograph would be used for? cytology', 'What is the most likely field of study this micrograph would be used for? pathology', 'What is the most likely field of study this micrograph would be used for? none of the above']",dcb62a35-8ba2-495e-92db-ee04846c8175,pathology,4,"{'pred': [4], 'probs': [[6.293065979434687e-08, 3.654777813721921e-08, 1.2439119956297873e-08, 5.406603165170054e-09, 0.9999997615814209, 8.262350092991255e-08]], 'pred_prompt': ['What is the most likely field of study this micrograph would be used for? pathology']}",2.0,,,,,
stain,"['What is the most likely technique used to stain this micrograph? IHC(HDab)', 'What is the most likely technique used to stain this micrograph? Giemsa', 'What is the most likely technique used to stain this micrograph? Ziehl-Neelsen', 'What is the most likely technique used to stain this micrograph? Gram', 'What is the most likely technique used to stain this micrograph? PAS', 'What is the most likely technique used to stain this micrograph? none of the above']",2fd63681-9bd6-4298-a347-fd1470d9b340,IHC(HDab),0,"{'pred': [0], 'probs': [[0.9998888969421387, 5.400068766903132e-05, 2.333952352273627e-06, 3.717232902999967e-05, 1.230080579261994e-05, 5.262131253402913e-06]], 'pred_prompt': ['What is the most likely technique used to stain this micrograph? IHC(HDab)']}",2.0,,,,,
modality,"['What is the most likely microscopy modality used to acquire this image? fluorescence microscopy', 'What is the most likely microscopy modality used to acquire this image? light microscopy', 'What is the most likely microscopy modality used to acquire this image? electron microscopy', 'What is the most likely microscopy modality used to acquire this image? none of the above']",809d16ac-a471-4031-aa1a-53a8c855869d,light microscopy,1,"{'pred': [1], 'probs': [[1.363314510172131e-07, 0.9999783039093018, 2.1404202925623395e-05, 1.4154383620734734e-07]], 'pred_prompt': ['What is the most likely microscopy modality used to acquire this image? light microscopy']}",2.0,,,,,
submodality,"['What is the most likely microscopy submodality used to acquire this image? differential interference contrast microscopy', 'What is the most likely microscopy submodality used to acquire this image? synthetic', 'What is the most likely microscopy submodality used to acquire this image? darkfield microscopy', 'What is the most likely microscopy submodality used to acquire this image? mixed', 'What is the most likely microscopy submodality used to acquire this image? brightfield microscopy', 'What is the most likely microscopy submodality used to acquire this image? none of the above']",94ad06fc-8876-4dd8-ad26-ad556ac80d0b,brightfield microscopy,4,"{'pred': [4], 'probs': [[6.591011469936348e-07, 2.2620795903094404e-08, 3.0547878395736916e-06, 1.1572550420169136e-06, 0.9999948740005493, 1.3886206318147742e-07]], 'pred_prompt': ['What is the most likely microscopy submodality used to acquire this image? brightfield microscopy']}",2.0,,,,,
stain,"['What is the most likely technique used to stain this micrograph? Papanicolaou', 'What is the most likely technique used to stain this micrograph? Toluidine Blue', 'What is the most likely technique used to stain this micrograph? Alcian Blue', 'What is the most likely technique used to stain this micrograph? IHC(Red)', 'What is the most likely technique used to stain this micrograph? Masson Trichrome', 'What is the most likely technique used to stain this micrograph? none of the above']",ccf69df1-4aa5-43df-bd85-4f67af17ac0e,IHC(Red),3,"{'pred': [3], 'probs': [[4.4322649728201213e-07, 1.0571024056105216e-09, 4.6086771021691675e-07, 0.9999979734420776, 2.5795483082902138e-08, 1.013186533782573e-06]], 'pred_prompt': ['What is the most likely technique used to stain this micrograph? IHC(Red)']}",2.0,,,,,
domain,"['What is the most likely field of study this micrograph would be used for? radiology', 'What is the most likely field of study this micrograph would be used for? cytology', 'What is the most likely field of study this micrograph would be used for? biology', 'What is the most likely field of study this micrograph would be used for? dermatology', 'What is the most likely field of study this micrograph would be used for? pathology', 'What is the most likely field of study this micrograph would be used for? none of the above']",2b429920-6b2b-4994-9917-321e05935a2b,pathology,4,"{'pred': [4], 'probs': [[1.1630245211335932e-07, 2.315367009231295e-09, 4.99097509987223e-08, 5.331256769380843e-09, 0.9999998807907104, 4.81362683046882e-08]], 'pred_prompt': ['What is the most likely field of study this micrograph would be used for? pathology']}",2.0,,,,,
domain,"['What is the most likely field of study this micrograph would be used for? cytology', 'What is the most likely field of study this micrograph would be used for? ophthalmology', 'What is the most likely field of study this micrograph would be used for? biology', 'What is the most likely field of study this micrograph would be used for? pathology', 'What is the most likely field of study this micrograph would be used for? dermatology', 'What is the most likely field of study this micrograph would be used for? none of the above']",76b92955-1afd-49c5-98e3-bf0790104320,pathology,3,"{'pred': [3], 'probs': [[3.32755867304968e-08, 9.080126517346798e-08, 4.4118490194478e-08, 0.9999992847442627, 3.0475308676614077e-07, 2.6362161520410154e-07]], 'pred_prompt': ['What is the most likely field of study this micrograph would be used for? pathology']}",2.0,,,,,
stain,"['What is the most likely technique used to stain this micrograph? Toluidine Blue', 'What is the most likely technique used to stain this micrograph? IHC(HDab)', 'What is the most likely technique used to stain this micrograph? Gram', 'What is the most likely technique used to stain this micrograph? Giemsa', 'What is the most likely technique used to stain this micrograph? Congo Red', 'What is the most likely technique used to stain this micrograph? none of the above']",994bb53a-bb63-4acf-b1f1-091213112c57,IHC(HDab),1,"{'pred': [1], 'probs': [[5.249439993804117e-09, 0.9999953508377075, 6.899042546137935e-07, 1.06147149381286e-06, 2.812196953527746e-06, 8.193982381499154e-08]], 'pred_prompt': ['What is the most likely technique used to stain this micrograph? IHC(HDab)']}",2.0,,,,,
domain,"['What is the most likely field of study this micrograph would be used for? biology', 'What is the most likely field of study this micrograph would be used for? radiology', 'What is the most likely field of study this micrograph would be used for? cytology', 'What is the most likely field of study this micrograph would be used for? ophthalmology', 'What is the most likely field of study this micrograph would be used for? pathology', 'What is the most likely field of study this micrograph would be used for? none of the above']",755fb369-6337-4121-b5f2-a44351618565,pathology,4,"{'pred': [4], 'probs': [[3.6564711258790794e-09, 8.033411158514525e-10, 3.5032640677279403e-10, 1.8422355307912142e-10, 1.0, 2.9057889427974715e-09]], 'pred_prompt': ['What is the most likely field of study this micrograph would be used for? pathology']}",2.0,,,,,
submodality,"['What is the most likely microscopy submodality used to acquire this image? differential interference contrast microscopy', 'What is the most likely microscopy submodality used to acquire this image? darkfield microscopy', 'What is the most likely microscopy submodality used to acquire this image? synthetic', 'What is the most likely microscopy submodality used to acquire this image? phase contrast microscopy', 'What is the most likely microscopy submodality used to acquire this image? brightfield microscopy', 'What is the most likely microscopy submodality used to acquire this image? none of the above']",9b2f76ac-3b55-4bc4-9a15-9d16e3223787,brightfield microscopy,4,"{'pred': [4], 'probs': [[1.5970734068559977e-07, 1.511162736278493e-06, 1.2114973912957794e-07, 6.947742349439068e-06, 0.9999909400939941, 3.8306026794998616e-07]], 'pred_prompt': ['What is the most likely microscopy submodality used to acquire this image? brightfield microscopy']}",2.0,,,,,
domain,"['What is the most likely field of study this micrograph would be used for? ophthalmology', 'What is the most likely field of study this micrograph would be used for? biology', 'What is the most likely field of study this micrograph would be used for? pathology', 'What is the most likely field of study this micrograph would be used for? dermatology', 'What is the most likely field of study this micrograph would be used for? cytology', 'What is the most likely field of study this micrograph would be used for? none of the above']",0bc1da5e-6189-402c-b1bd-b0332b175ce6,pathology,2,"{'pred': [2], 'probs': [[3.2399216642886586e-10, 1.844009211993125e-08, 1.0, 3.053464814328777e-09, 9.225190611417133e-10, 1.4260192138237926e-08]], 'pred_prompt': ['What is the most likely field of study this micrograph would be used for? pathology']}",2.0,,,,,
modality,"['What is the most likely microscopy modality used to acquire this image? electron microscopy', 'What is the most likely microscopy modality used to acquire this image? light microscopy', 'What is the most likely microscopy modality used to acquire this image? fluorescence microscopy', 'What is the most likely microscopy modality used to acquire this image? none of the above']",7d733af1-2864-4c97-a957-0ed50b88943d,light microscopy,1,"{'pred': [1], 'probs': [[4.909113613393856e-07, 0.9999980926513672, 1.075111867976375e-06, 3.098487013630802e-07]], 'pred_prompt': ['What is the most likely microscopy modality used to acquire this image? light microscopy']}",2.0,,,,,
submodality,"['What is the most likely microscopy submodality used to acquire this image? brightfield microscopy', 'What is the most likely microscopy submodality used to acquire this image? polarized light microscopy', 'What is the most likely microscopy submodality used to acquire this image? phase contrast microscopy', 'What is the most likely microscopy submodality used to acquire this image? differential interference contrast microscopy', 'What is the most likely microscopy submodality used to acquire this image? mixed', 'What is the most likely microscopy submodality used to acquire this image? none of the above']",e2933f8b-b2aa-48a5-bd9d-dd6670f202c2,brightfield microscopy,0,"{'pred': [0], 'probs': [[0.9999992847442627, 1.2684073169566545e-07, 6.248298518585216e-07, 4.3462840437769046e-08, 3.1601740668740774e-10, 1.1910605314524592e-11]], 'pred_prompt': ['What is the most likely microscopy submodality used to acquire this image? brightfield microscopy']}",2.0,,,,,
modality,"['What is the most likely microscopy modality used to acquire this image? light microscopy', 'What is the most likely microscopy modality used to acquire this image? fluorescence microscopy', 'What is the most likely microscopy modality used to acquire this image? electron microscopy', 'What is the most likely microscopy modality used to acquire this image? none of the above']",24503192-d598-498a-a45f-29a3142e53c6,light microscopy,0,"{'pred': [0], 'probs': [[0.9999986886978149, 2.5641094225647976e-07, 1.024297716867295e-06, 1.0478094836230412e-08]], 'pred_prompt': ['What is the most likely microscopy modality used to acquire this image? light microscopy']}",2.0,,,,,
modality,"['What is the most likely microscopy modality used to acquire this image? light microscopy', 'What is the most likely microscopy modality used to acquire this image? fluorescence microscopy', 'What is the most likely microscopy modality used to acquire this image? electron microscopy', 'What is the most likely microscopy modality used to acquire this image? none of the above']",ee9616e6-2515-4563-a4cc-7c2fc20ae061,light microscopy,0,"{'pred': [0], 'probs': [[0.9999548196792603, 2.9495345188479405e-06, 4.142916077398695e-05, 7.003901032476278e-07]], 'pred_prompt': ['What is the most likely microscopy modality used to acquire this image? light microscopy']}",2.0,,,,,
domain,"['What is the most likely field of study this micrograph would be used for? cytology', 'What is the most likely field of study this micrograph would be used for? ophthalmology', 'What is the most likely field of study this micrograph would be used for? pathology', 'What is the most likely field of study this micrograph would be used for? radiology', 'What is the most likely field of study this micrograph would be used for? dermatology', 'What is the most likely field of study this micrograph would be used for? none of the above']",cc8e5e76-9233-41dd-a133-2c80c6165986,pathology,2,"{'pred': [2], 'probs': [[2.4618163507739155e-08, 1.085245600052076e-07, 0.9999998807907104, 5.598435048881356e-10, 1.0723009147284301e-08, 4.117619667454164e-08]], 'pred_prompt': ['What is the most likely field of study this micrograph would be used for? pathology']}",2.0,,,,,
modality,"['What is the most likely microscopy modality used to acquire this image? electron microscopy', 'What is the most likely microscopy modality used to acquire this image? light microscopy', 'What is the most likely microscopy modality used to acquire this image? fluorescence microscopy', 'What is the most likely microscopy modality used to acquire this image? none of the above']",4d5c5781-24d9-4ddd-b827-1ac4876240c4,light microscopy,1,"{'pred': [1], 'probs': [[0.0018758344231173396, 0.9981231093406677, 6.097732239140896e-07, 4.701911962001759e-07]], 'pred_prompt': ['What is the most likely microscopy modality used to acquire this image? light microscopy']}",2.0,,,,,
modality,"['What is the most likely microscopy modality used to acquire this image? electron microscopy', 'What is the most likely microscopy modality used to acquire this image? fluorescence microscopy', 'What is the most likely microscopy modality used to acquire this image? light microscopy', 'What is the most likely microscopy modality used to acquire this image? none of the above']",41fc0f7e-0823-423d-aca1-45293239d4d2,light microscopy,2,"{'pred': [2], 'probs': [[3.9947124605532736e-05, 1.2597420209203847e-06, 0.9999586343765259, 1.593179206338391e-07]], 'pred_prompt': ['What is the most likely microscopy modality used to acquire this image? light microscopy']}",2.0,,,,,
domain,"['What is the most likely field of study this micrograph would be used for? cytology', 'What is the most likely field of study this micrograph would be used for? biology', 'What is the most likely field of study this micrograph would be used for? pathology', 'What is the most likely field of study this micrograph would be used for? radiology', 'What is the most likely field of study this micrograph would be used for? ophthalmology', 'What is the most likely field of study this micrograph would be used for? none of the above']",07e6bcd9-7dfb-4d56-bab1-ac1f456e4252,pathology,2,"{'pred': [2], 'probs': [[1.8230672083063837e-08, 2.0217780161146948e-07, 0.9999995231628418, 2.0071218020945025e-09, 2.522076059108258e-08, 3.195476665496244e-07]], 'pred_prompt': ['What is the most likely field of study this micrograph would be used for? pathology']}",2.0,,,,,
submodality,"['What is the most likely microscopy submodality used to acquire this image? synthetic', 'What is the most likely microscopy submodality used to acquire this image? brightfield microscopy', 'What is the most likely microscopy submodality used to acquire this image? darkfield microscopy', 'What is the most likely microscopy submodality used to acquire this image? differential interference contrast microscopy', 'What is the most likely microscopy submodality used to acquire this image? phase contrast microscopy', 'What is the most likely microscopy submodality used to acquire this image? none of the above']",34266332-6a64-4204-bb23-9f7e4d52fa58,brightfield microscopy,1,"{'pred': [1], 'probs': [[2.0341332174211857e-08, 0.9999927282333374, 9.068612598639447e-07, 3.901321576904593e-07, 5.867594154551625e-06, 1.266718641090847e-07]], 'pred_prompt': ['What is the most likely microscopy submodality used to acquire this image? brightfield microscopy']}",2.0,,,,,
submodality,"['What is the most likely microscopy submodality used to acquire this image? brightfield microscopy', 'What is the most likely microscopy submodality used to acquire this image? darkfield microscopy', 'What is the most likely microscopy submodality used to acquire this image? mixed', 'What is the most likely microscopy submodality used to acquire this image? phase contrast microscopy', 'What is the most likely microscopy submodality used to acquire this image? differential interference contrast microscopy', 'What is the most likely microscopy submodality used to acquire this image? none of the above']",6e950422-0a82-4f92-b6d9-c703c0d86039,brightfield microscopy,0,"{'pred': [0], 'probs': [[0.9999663829803467, 4.463328878046013e-06, 2.5539145553921117e-06, 2.4074424800346605e-05, 2.39926771428145e-06, 2.3466444076802873e-07]], 'pred_prompt': ['What is the most likely microscopy submodality used to acquire this image? brightfield microscopy']}",2.0,,,,,
stain,"['What is the most likely technique used to stain this micrograph? PAS', 'What is the most likely technique used to stain this micrograph? IHC(HDab)', 'What is the most likely technique used to stain this micrograph? synthetic', 'What is the most likely technique used to stain this micrograph? Alcian Blue', 'What is the most likely technique used to stain this micrograph? Gram', 'What is the most likely technique used to stain this micrograph? none of the above']",9c626377-7c94-4ba8-9ec1-de838c000d1e,IHC(HDab),1,"{'pred': [1], 'probs': [[1.7391284927725792e-05, 0.9999504089355469, 5.6072682497188e-08, 2.721675400607637e-07, 1.447334489057539e-05, 1.73967273440212e-05]], 'pred_prompt': ['What is the most likely technique used to stain this micrograph? IHC(HDab)']}",2.0,,,,,
stain,"['What is the most likely technique used to stain this micrograph? Ziehl-Neelsen', 'What is the most likely technique used to stain this micrograph? IHC(HDab)', 'What is the most likely technique used to stain this micrograph? PAS', 'What is the most likely technique used to stain this micrograph? None', 'What is the most likely technique used to stain this micrograph? Alcian Blue', 'What is the most likely technique used to stain this micrograph? none of the above']",581c42b2-fe77-4d2e-a31a-f7b8f7d2a9cf,IHC(HDab),1,"{'pred': [1], 'probs': [[9.588688065775841e-09, 0.9999990463256836, 7.559762593700725e-07, 3.4110982483070984e-08, 6.573772282081336e-08, 1.478785804920335e-07]], 'pred_prompt': ['What is the most likely technique used to stain this micrograph? IHC(HDab)']}",2.0,,,,,
stain,"['What is the most likely technique used to stain this micrograph? H&E', 'What is the most likely technique used to stain this micrograph? Wright-Giemsa', 'What is the most likely technique used to stain this micrograph? PAS', 'What is the most likely technique used to stain this micrograph? IHC(Red)', 'What is the most likely technique used to stain this micrograph? Masson Trichrome', 'What is the most likely technique used to stain this micrograph? none of the above']",ebff35f7-bba8-4753-be9a-5ebb16b8ef78,IHC(Red),3,"{'pred': [3], 'probs': [[9.379163401490587e-08, 7.638339525328774e-07, 2.083231447613798e-05, 0.9999711513519287, 1.0542717809869373e-08, 7.048982752166921e-06]], 'pred_prompt': ['What is the most likely technique used to stain this micrograph? IHC(Red)']}",2.0,,,,,
modality,"['What is the most likely microscopy modality used to acquire this image? electron microscopy', 'What is the most likely microscopy modality used to acquire this image? fluorescence microscopy', 'What is the most likely microscopy modality used to acquire this image? light microscopy', 'What is the most likely microscopy modality used to acquire this image? none of the above']",38f5bd6b-d6f3-4346-80ca-e89c8a4fce3e,light microscopy,2,"{'pred': [2], 'probs': [[7.352648490055458e-10, 4.301935752071273e-10, 1.0, 1.1870862626217615e-10]], 'pred_prompt': ['What is the most likely microscopy modality used to acquire this image? light microscopy']}",2.0,,,,,
stain,"['What is the most likely technique used to stain this micrograph? Toluidine Blue', 'What is the most likely technique used to stain this micrograph? IHC(HDab)', 'What is the most likely technique used to stain this micrograph? synthetic', 'What is the most likely technique used to stain this micrograph? Giemsa', 'What is the most likely technique used to stain this micrograph? Alcian Blue', 'What is the most likely technique used to stain this micrograph? none of the above']",9bafca8c-594f-4115-b6ab-d4c50f24dc1e,IHC(HDab),1,"{'pred': [1], 'probs': [[1.809290495202731e-08, 0.9999995231628418, 2.262928212870552e-11, 6.052523815469613e-08, 1.2105722646538197e-07, 2.0593589056261408e-07]], 'pred_prompt': ['What is the most likely technique used to stain this micrograph? IHC(HDab)']}",2.0,,,,,
modality,"['What is the most likely microscopy modality used to acquire this image? light microscopy', 'What is the most likely microscopy modality used to acquire this image? electron microscopy', 'What is the most likely microscopy modality used to acquire this image? fluorescence microscopy', 'What is the most likely microscopy modality used to acquire this image? none of the above']",674f63cb-384c-4f1a-92e1-0d97428c8830,light microscopy,0,"{'pred': [0], 'probs': [[0.9994650483131409, 0.00010739661229308695, 0.0003079326415900141, 0.0001195675868075341]], 'pred_prompt': ['What is the most likely microscopy modality used to acquire this image? light microscopy']}",2.0,,,,,
modality,"['What is the most likely microscopy modality used to acquire this image? light microscopy', 'What is the most likely microscopy modality used to acquire this image? fluorescence microscopy', 'What is the most likely microscopy modality used to acquire this image? electron microscopy', 'What is the most likely microscopy modality used to acquire this image? none of the above']",a1f59cd1-2a5b-40a4-8295-867a06b9b5be,light microscopy,0,"{'pred': [0], 'probs': [[0.9999971389770508, 5.704645218429505e-07, 2.201398274337407e-06, 1.8163355264277925e-07]], 'pred_prompt': ['What is the most likely microscopy modality used to acquire this image? light microscopy']}",2.0,,,,,
stain,"['What is the most likely technique used to stain this micrograph? Papanicolaou', 'What is the most likely technique used to stain this micrograph? Masson Trichrome', 'What is the most likely technique used to stain this micrograph? Giemsa', 'What is the most likely technique used to stain this micrograph? IHC(HDab)', 'What is the most likely technique used to stain this micrograph? Basic fuchsin', 'What is the most likely technique used to stain this micrograph? none of the above']",d971031d-3eb9-452f-ab5a-71428b0ea540,IHC(HDab),3,"{'pred': [3], 'probs': [[3.047671270905994e-06, 2.075903449139105e-09, 6.554264109581709e-05, 0.9999303817749023, 9.443456150393104e-08, 9.202648811879044e-07]], 'pred_prompt': ['What is the most likely technique used to stain this micrograph? IHC(HDab)']}",2.0,,,,,
stain,"['What is the most likely technique used to stain this micrograph? Basic fuchsin', 'What is the most likely technique used to stain this micrograph? IHC(HDab)', 'What is the most likely technique used to stain this micrograph? Papanicolaou', 'What is the most likely technique used to stain this micrograph? Toluidine Blue', 'What is the most likely technique used to stain this micrograph? Gram', 'What is the most likely technique used to stain this micrograph? none of the above']",f007ae5d-c675-40fe-84b9-44acb1329dd6,IHC(HDab),1,"{'pred': [1], 'probs': [[1.3309976338859997e-06, 0.99936443567276, 1.6059193512774073e-05, 4.333927279276395e-07, 0.00042873984784819186, 0.0001890046987682581]], 'pred_prompt': ['What is the most likely technique used to stain this micrograph? IHC(HDab)']}",2.0,,,,,
domain,"['What is the most likely field of study this micrograph would be used for? ophthalmology', 'What is the most likely field of study this micrograph would be used for? pathology', 'What is the most likely field of study this micrograph would be used for? biology', 'What is the most likely field of study this micrograph would be used for? dermatology', 'What is the most likely field of study this micrograph would be used for? cytology', 'What is the most likely field of study this micrograph would be used for? none of the above']",514f3e71-7da6-4b5d-aacf-937246a7398f,pathology,1,"{'pred': [1], 'probs': [[7.126963463832681e-09, 0.9999997615814209, 1.0219604718031405e-07, 8.571908693966179e-08, 1.999298149257811e-08, 3.512996116228351e-08]], 'pred_prompt': ['What is the most likely field of study this micrograph would be used for? pathology']}",2.0,,,,,
modality,"['What is the most likely microscopy modality used to acquire this image? fluorescence microscopy', 'What is the most likely microscopy modality used to acquire this image? light microscopy', 'What is the most likely microscopy modality used to acquire this image? electron microscopy', 'What is the most likely microscopy modality used to acquire this image? none of the above']",1d4b26fa-887a-4e17-9cfd-d16d7c3ad593,light microscopy,1,"{'pred': [1], 'probs': [[6.183393566061568e-07, 0.9999980926513672, 1.0920549584625405e-06, 2.219778423295793e-07]], 'pred_prompt': ['What is the most likely microscopy modality used to acquire this image? light microscopy']}",2.0,,,,,
domain,"['What is the most likely field of study this micrograph would be used for? dermatology', 'What is the most likely field of study this micrograph would be used for? cytology', 'What is the most likely field of study this micrograph would be used for? radiology', 'What is the most likely field of study this micrograph would be used for? pathology', 'What is the most likely field of study this micrograph would be used for? biology', 'What is the most likely field of study this micrograph would be used for? none of the above']",270ee0ad-e37a-4700-abed-24c763991ac4,pathology,3,"{'pred': [3], 'probs': [[7.032522830741073e-08, 7.608903729305894e-08, 2.325671211167446e-08, 0.9999995231628418, 1.2391124926125485e-07, 2.0505537179360545e-07]], 'pred_prompt': ['What is the most likely field of study this micrograph would be used for? pathology']}",2.0,,,,,
submodality,"['What is the most likely microscopy submodality used to acquire this image? phase contrast microscopy', 'What is the most likely microscopy submodality used to acquire this image? brightfield microscopy', 'What is the most likely microscopy submodality used to acquire this image? synthetic', 'What is the most likely microscopy submodality used to acquire this image? mixed', 'What is the most likely microscopy submodality used to acquire this image? differential interference contrast microscopy', 'What is the most likely microscopy submodality used to acquire this image? none of the above']",c92a273d-aec9-4fd5-bc4e-bc89ff5644b8,brightfield microscopy,1,"{'pred': [1], 'probs': [[7.407681550830603e-06, 0.9999914169311523, 9.685029167538772e-11, 1.0950792272979015e-08, 1.2247020322320168e-06, 1.207360655897105e-09]], 'pred_prompt': ['What is the most likely microscopy submodality used to acquire this image? brightfield microscopy']}",2.0,,,,,
domain,"['What is the most likely field of study this micrograph would be used for? cytology', 'What is the most likely field of study this micrograph would be used for? dermatology', 'What is the most likely field of study this micrograph would be used for? ophthalmology', 'What is the most likely field of study this micrograph would be used for? radiology', 'What is the most likely field of study this micrograph would be used for? pathology', 'What is the most likely field of study this micrograph would be used for? none of the above']",94f09357-2ad2-49fe-9eaa-09f7d4bcede6,pathology,4,"{'pred': [4], 'probs': [[8.595831604907289e-05, 3.092142287641764e-05, 4.647737341656466e-07, 2.1053271126447726e-08, 0.999880313873291, 2.3201575913844863e-06]], 'pred_prompt': ['What is the most likely field of study this micrograph would be used for? pathology']}",2.0,,,,,
modality,"['What is the most likely microscopy modality used to acquire this image? electron microscopy', 'What is the most likely microscopy modality used to acquire this image? fluorescence microscopy', 'What is the most likely microscopy modality used to acquire this image? light microscopy', 'What is the most likely microscopy modality used to acquire this image? none of the above']",75f6189c-acf0-4887-88d6-f07820ed9248,light microscopy,2,"{'pred': [2], 'probs': [[7.847916094760876e-06, 3.498042815408553e-06, 0.9999884366989136, 1.3930524289662571e-07]], 'pred_prompt': ['What is the most likely microscopy modality used to acquire this image? light microscopy']}",2.0,,,,,
submodality,"['What is the most likely microscopy submodality used to acquire this image? brightfield microscopy', 'What is the most likely microscopy submodality used to acquire this image? differential interference contrast microscopy', 'What is the most likely microscopy submodality used to acquire this image? polarized light microscopy', 'What is the most likely microscopy submodality used to acquire this image? phase contrast microscopy', 'What is the most likely microscopy submodality used to acquire this image? mixed', 'What is the most likely microscopy submodality used to acquire this image? none of the above']",0c4ae80b-f367-4ef6-b659-cb0fea6ee383,brightfield microscopy,0,"{'pred': [0], 'probs': [[0.9999737739562988, 1.6018484529922716e-06, 9.889001375995576e-06, 1.443109522369923e-05, 2.820208067078056e-07, 2.3963330875176325e-08]], 'pred_prompt': ['What is the most likely microscopy submodality used to acquire this image? brightfield microscopy']}",2.0,,,,,
modality,"['What is the most likely microscopy modality used to acquire this image? electron microscopy', 'What is the most likely microscopy modality used to acquire this image? light microscopy', 'What is the most likely microscopy modality used to acquire this image? fluorescence microscopy', 'What is the most likely microscopy modality used to acquire this image? none of the above']",f182765f-3ba2-4b65-8e2d-8c94b36f598c,light microscopy,1,"{'pred': [1], 'probs': [[0.00014977694081608206, 0.9998500347137451, 9.770148778898147e-08, 8.419792152380978e-08]], 'pred_prompt': ['What is the most likely microscopy modality used to acquire this image? light microscopy']}",2.0,,,,,
domain,"['What is the most likely field of study this micrograph would be used for? radiology', 'What is the most likely field of study this micrograph would be used for? cytology', 'What is the most likely field of study this micrograph would be used for? ophthalmology', 'What is the most likely field of study this micrograph would be used for? pathology', 'What is the most likely field of study this micrograph would be used for? biology', 'What is the most likely field of study this micrograph would be used for? none of the above']",aee37be9-cacd-40f2-83d5-3b3bf43abdd4,pathology,3,"{'pred': [3], 'probs': [[4.870284797675595e-08, 3.756878808047759e-09, 3.1092197705362423e-09, 0.9999998807907104, 8.612224888793207e-08, 4.1856846877408316e-09]], 'pred_prompt': ['What is the most likely field of study this micrograph would be used for? pathology']}",2.0,,,,,
domain,"['What is the most likely field of study this micrograph would be used for? dermatology', 'What is the most likely field of study this micrograph would be used for? pathology', 'What is the most likely field of study this micrograph would be used for? cytology', 'What is the most likely field of study this micrograph would be used for? biology', 'What is the most likely field of study this micrograph would be used for? ophthalmology', 'What is the most likely field of study this micrograph would be used for? none of the above']",a72fb9a5-1436-4244-83ca-726e5f1d8873,pathology,1,"{'pred': [1], 'probs': [[1.0771651126617598e-08, 0.9999997615814209, 7.127779255711175e-09, 1.0312083276176054e-07, 3.8450771455700306e-08, 6.290905929517976e-08]], 'pred_prompt': ['What is the most likely field of study this micrograph would be used for? pathology']}",2.0,,,,,
stain,"['What is the most likely technique used to stain this micrograph? H&E', 'What is the most likely technique used to stain this micrograph? Alcian Blue', 'What is the most likely technique used to stain this micrograph? Toluidine Blue', 'What is the most likely technique used to stain this micrograph? IHC(Red)', 'What is the most likely technique used to stain this micrograph? Basic fuchsin', 'What is the most likely technique used to stain this micrograph? none of the above']",07707638-de9e-4252-a6ab-284270deac26,IHC(Red),3,"{'pred': [3], 'probs': [[7.243052095873281e-07, 1.7505043388155173e-06, 1.9777877113824616e-08, 0.999995231628418, 7.237142085614323e-07, 1.5441606819877052e-06]], 'pred_prompt': ['What is the most likely technique used to stain this micrograph? IHC(Red)']}",2.0,,,,,
modality,"['What is the most likely microscopy modality used to acquire this image? light microscopy', 'What is the most likely microscopy modality used to acquire this image? electron microscopy', 'What is the most likely microscopy modality used to acquire this image? fluorescence microscopy', 'What is the most likely microscopy modality used to acquire this image? none of the above']",f122709f-ab0e-4b14-b871-391d90e0b610,light microscopy,0,"{'pred': [0], 'probs': [[0.9999679327011108, 1.3332992239156738e-05, 1.7244303307961673e-05, 1.4817488818152924e-06]], 'pred_prompt': ['What is the most likely microscopy modality used to acquire this image? light microscopy']}",2.0,,,,,
domain,"['What is the most likely field of study this micrograph would be used for? ophthalmology', 'What is the most likely field of study this micrograph would be used for? radiology', 'What is the most likely field of study this micrograph would be used for? biology', 'What is the most likely field of study this micrograph would be used for? pathology', 'What is the most likely field of study this micrograph would be used for? dermatology', 'What is the most likely field of study this micrograph would be used for? none of the above']",886c99f1-7ecb-4d7b-8d4f-beefb8336b6d,pathology,3,"{'pred': [3], 'probs': [[5.683497228403667e-09, 3.6385969792718242e-09, 2.2098923579960683e-07, 0.9999996423721313, 6.483729997341925e-09, 9.446704041238263e-08]], 'pred_prompt': ['What is the most likely field of study this micrograph would be used for? pathology']}",2.0,,,,,
stain,"['What is the most likely technique used to stain this micrograph? Alcian Blue', 'What is the most likely technique used to stain this micrograph? IHC(HDab)', 'What is the most likely technique used to stain this micrograph? Papanicolaou', 'What is the most likely technique used to stain this micrograph? synthetic', 'What is the most likely technique used to stain this micrograph? Gram', 'What is the most likely technique used to stain this micrograph? none of the above']",ab65d49a-58a2-488c-b4e7-4ef09f244858,IHC(HDab),1,"{'pred': [1], 'probs': [[1.7831155219028005e-06, 0.9984713196754456, 0.0008807315607555211, 3.556407079940982e-08, 0.0006376131786964834, 8.521871677658055e-06]], 'pred_prompt': ['What is the most likely technique used to stain this micrograph? IHC(HDab)']}",2.0,,,,,
domain,"['What is the most likely field of study this micrograph would be used for? pathology', 'What is the most likely field of study this micrograph would be used for? cytology', 'What is the most likely field of study this micrograph would be used for? dermatology', 'What is the most likely field of study this micrograph would be used for? biology', 'What is the most likely field of study this micrograph would be used for? radiology', 'What is the most likely field of study this micrograph would be used for? none of the above']",1fd2820d-b03e-4d1b-b8f8-1ab1db30658e,pathology,0,"{'pred': [0], 'probs': [[0.9999992847442627, 1.2739522503579792e-07, 5.26234522624236e-08, 2.697741479096294e-07, 8.961608344293381e-09, 3.2397576887888135e-07]], 'pred_prompt': ['What is the most likely field of study this micrograph would be used for? pathology']}",2.0,,,,,
modality,"['What is the most likely microscopy modality used to acquire this image? electron microscopy', 'What is the most likely microscopy modality used to acquire this image? light microscopy', 'What is the most likely microscopy modality used to acquire this image? fluorescence microscopy', 'What is the most likely microscopy modality used to acquire this image? none of the above']",5e0099dc-6934-44b9-a58e-7206ecdc3dbc,light microscopy,1,"{'pred': [1], 'probs': [[8.439159415729591e-08, 0.9999998807907104, 1.1354044815448106e-08, 1.5305684497590732e-09]], 'pred_prompt': ['What is the most likely microscopy modality used to acquire this image? light microscopy']}",2.0,,,,,
modality,"['What is the most likely microscopy modality used to acquire this image? light microscopy', 'What is the most likely microscopy modality used to acquire this image? fluorescence microscopy', 'What is the most likely microscopy modality used to acquire this image? electron microscopy', 'What is the most likely microscopy modality used to acquire this image? none of the above']",4c02c61d-4e79-4cda-8066-2c99e63b6d2a,light microscopy,0,"{'pred': [0], 'probs': [[0.9999991655349731, 8.398114914598409e-07, 3.2708495467659304e-08, 2.0974724179723125e-08]], 'pred_prompt': ['What is the most likely microscopy modality used to acquire this image? light microscopy']}",2.0,,,,,
stain,"['What is the most likely technique used to stain this micrograph? PAS', 'What is the most likely technique used to stain this micrograph? H&E', 'What is the most likely technique used to stain this micrograph? Wright-Giemsa', 'What is the most likely technique used to stain this micrograph? None', 'What is the most likely technique used to stain this micrograph? IHC(HDab)', 'What is the most likely technique used to stain this micrograph? none of the above']",2fd63681-9bd6-4298-a347-fd1470d9b340,IHC(HDab),4,"{'pred': [4], 'probs': [[1.2301897186262067e-05, 4.4221346229278424e-07, 2.7655930807668483e-06, 1.6511655758222332e-06, 0.9999775886535645, 5.262598278932273e-06]], 'pred_prompt': ['What is the most likely technique used to stain this micrograph? IHC(HDab)']}",2.0,,,,,
submodality,"['What is the most likely microscopy submodality used to acquire this image? differential interference contrast microscopy', 'What is the most likely microscopy submodality used to acquire this image? phase contrast microscopy', 'What is the most likely microscopy submodality used to acquire this image? darkfield microscopy', 'What is the most likely microscopy submodality used to acquire this image? polarized light microscopy', 'What is the most likely microscopy submodality used to acquire this image? brightfield microscopy', 'What is the most likely microscopy submodality used to acquire this image? none of the above']",ee0e14bf-cc19-4cfd-97ec-482ff603a7f4,brightfield microscopy,4,"{'pred': [4], 'probs': [[8.167209841758449e-08, 7.167010949160613e-07, 2.012844561249949e-06, 1.3510713188225054e-06, 0.9999955892562866, 1.8324334405406262e-07]], 'pred_prompt': ['What is the most likely microscopy submodality used to acquire this image? brightfield microscopy']}",2.0,,,,,
modality,"['What is the most likely microscopy modality used to acquire this image? electron microscopy', 'What is the most likely microscopy modality used to acquire this image? fluorescence microscopy', 'What is the most likely microscopy modality used to acquire this image? light microscopy', 'What is the most likely microscopy modality used to acquire this image? none of the above']",0a1a2840-c595-496a-ab8a-c367b5e7d65d,light microscopy,2,"{'pred': [2], 'probs': [[0.00010737287811934948, 1.633713253568203e-07, 0.9998923540115356, 3.649286384188599e-08]], 'pred_prompt': ['What is the most likely microscopy modality used to acquire this image? light microscopy']}",2.0,,,,,
domain,"['What is the most likely field of study this micrograph would be used for? biology', 'What is the most likely field of study this micrograph would be used for? ophthalmology', 'What is the most likely field of study this micrograph would be used for? pathology', 'What is the most likely field of study this micrograph would be used for? cytology', 'What is the most likely field of study this micrograph would be used for? dermatology', 'What is the most likely field of study this micrograph would be used for? none of the above']",2fd63681-9bd6-4298-a347-fd1470d9b340,pathology,2,"{'pred': [2], 'probs': [[1.3459474246246828e-07, 7.147219260872362e-09, 0.9999997615814209, 1.771506497050268e-08, 2.682059729863795e-08, 9.114312859992424e-08]], 'pred_prompt': ['What is the most likely field of study this micrograph would be used for? pathology']}",2.0,,,,,
domain,"['What is the most likely field of study this micrograph would be used for? cytology', 'What is the most likely field of study this micrograph would be used for? biology', 'What is the most likely field of study this micrograph would be used for? pathology', 'What is the most likely field of study this micrograph would be used for? dermatology', 'What is the most likely field of study this micrograph would be used for? radiology', 'What is the most likely field of study this micrograph would be used for? none of the above']",4af79dc8-7d79-40d0-875c-874a4d6e03ef,pathology,2,"{'pred': [2], 'probs': [[3.3076687486754963e-06, 5.07907202518254e-07, 0.9999957084655762, 1.6234803013048804e-07, 3.65511454436529e-10, 3.406108817216591e-07]], 'pred_prompt': ['What is the most likely field of study this micrograph would be used for? pathology']}",2.0,,,,,
domain,"['What is the most likely field of study this micrograph would be used for? radiology', 'What is the most likely field of study this micrograph would be used for? ophthalmology', 'What is the most likely field of study this micrograph would be used for? dermatology', 'What is the most likely field of study this micrograph would be used for? pathology', 'What is the most likely field of study this micrograph would be used for? cytology', 'What is the most likely field of study this micrograph would be used for? none of the above']",3fab56fc-15c4-4a95-a6d8-aa25963efd17,pathology,3,"{'pred': [3], 'probs': [[3.968672501741821e-08, 7.021637316029228e-07, 2.1612722775898874e-06, 0.9999872446060181, 4.569055818137713e-06, 5.202904503676109e-06]], 'pred_prompt': ['What is the most likely field of study this micrograph would be used for? pathology']}",2.0,,,,,
domain,"['What is the most likely field of study this micrograph would be used for? radiology', 'What is the most likely field of study this micrograph would be used for? pathology', 'What is the most likely field of study this micrograph would be used for? ophthalmology', 'What is the most likely field of study this micrograph would be used for? biology', 'What is the most likely field of study this micrograph would be used for? cytology', 'What is the most likely field of study this micrograph would be used for? none of the above']",fb83ba10-93e6-4bec-8399-ef386812bc04,pathology,1,"{'pred': [1], 'probs': [[8.548390884044466e-10, 1.0, 7.657263711990936e-10, 8.93178597749511e-09, 5.106853273595391e-10, 1.3088557793139444e-08]], 'pred_prompt': ['What is the most likely field of study this micrograph would be used for? pathology']}",2.0,,,,,
modality,"['What is the most likely microscopy modality used to acquire this image? fluorescence microscopy', 'What is the most likely microscopy modality used to acquire this image? light microscopy', 'What is the most likely microscopy modality used to acquire this image? electron microscopy', 'What is the most likely microscopy modality used to acquire this image? none of the above']",0db4bd6a-015e-4c23-a175-a333e1448f54,light microscopy,1,"{'pred': [1], 'probs': [[3.9729517453679364e-08, 0.9999986886978149, 1.2915309071104275e-06, 1.4058409547601514e-08]], 'pred_prompt': ['What is the most likely microscopy modality used to acquire this image? light microscopy']}",2.0,,,,,
modality,"['What is the most likely microscopy modality used to acquire this image? electron microscopy', 'What is the most likely microscopy modality used to acquire this image? fluorescence microscopy', 'What is the most likely microscopy modality used to acquire this image? light microscopy', 'What is the most likely microscopy modality used to acquire this image? none of the above']",ea682cfc-36f8-4592-a055-664ae1ecb9df,light microscopy,2,"{'pred': [2], 'probs': [[4.834592459701526e-07, 2.4616605642791e-08, 0.9999995231628418, 8.790539851588619e-09]], 'pred_prompt': ['What is the most likely microscopy modality used to acquire this image? light microscopy']}",2.0,,,,,
domain,"['What is the most likely field of study this micrograph would be used for? pathology', 'What is the most likely field of study this micrograph would be used for? cytology', 'What is the most likely field of study this micrograph would be used for? dermatology', 'What is the most likely field of study this micrograph would be used for? radiology', 'What is the most likely field of study this micrograph would be used for? ophthalmology', 'What is the most likely field of study this micrograph would be used for? none of the above']",8474f401-52c8-4ff5-999d-10bc9ece8522,pathology,0,"{'pred': [0], 'probs': [[1.0, 5.627547761122287e-09, 3.6264716229972294e-10, 8.27651489010428e-12, 1.1233063784699127e-10, 1.6660775536969652e-10]], 'pred_prompt': ['What is the most likely field of study this micrograph would be used for? pathology']}",2.0,,,,,
modality,"['What is the most likely microscopy modality used to acquire this image? electron microscopy', 'What is the most likely microscopy modality used to acquire this image? fluorescence microscopy', 'What is the most likely microscopy modality used to acquire this image? light microscopy', 'What is the most likely microscopy modality used to acquire this image? none of the above']",11123ff5-d755-41ca-aa85-1e91b2f53d26,light microscopy,2,"{'pred': [2], 'probs': [[0.00016188769950531423, 4.2214216477987065e-07, 0.9998373985290527, 2.5247896928703994e-07]], 'pred_prompt': ['What is the most likely microscopy modality used to acquire this image? light microscopy']}",2.0,,,,,
domain,"['What is the most likely field of study this micrograph would be used for? dermatology', 'What is the most likely field of study this micrograph would be used for? cytology', 'What is the most likely field of study this micrograph would be used for? biology', 'What is the most likely field of study this micrograph would be used for? pathology', 'What is the most likely field of study this micrograph would be used for? ophthalmology', 'What is the most likely field of study this micrograph would be used for? none of the above']",1bec6f9f-b455-48d0-9c14-4a5f6d4c5ef0,pathology,3,"{'pred': [3], 'probs': [[6.69147652843094e-08, 1.7301798038715788e-07, 4.08364257964422e-08, 0.9999996423721313, 6.420462828060636e-09, 1.1361825613676046e-07]], 'pred_prompt': ['What is the most likely field of study this micrograph would be used for? pathology']}",2.0,,,,,
modality,"['What is the most likely microscopy modality used to acquire this image? fluorescence microscopy', 'What is the most likely microscopy modality used to acquire this image? electron microscopy', 'What is the most likely microscopy modality used to acquire this image? light microscopy', 'What is the most likely microscopy modality used to acquire this image? none of the above']",ca23522c-a82e-44d2-a1cb-1a8dc142377e,light microscopy,2,"{'pred': [2], 'probs': [[1.413359882462828e-06, 6.176556053105742e-05, 0.9999358654022217, 9.172933914669557e-07]], 'pred_prompt': ['What is the most likely microscopy modality used to acquire this image? light microscopy']}",2.0,,,,,
domain,"['What is the most likely field of study this micrograph would be used for? biology', 'What is the most likely field of study this micrograph would be used for? ophthalmology', 'What is the most likely field of study this micrograph would be used for? dermatology', 'What is the most likely field of study this micrograph would be used for? pathology', 'What is the most likely field of study this micrograph would be used for? cytology', 'What is the most likely field of study this micrograph would be used for? none of the above']",74259e23-c418-4b21-9846-8d83a247cc78,pathology,3,"{'pred': [3], 'probs': [[6.0113132249739465e-09, 4.046734947138475e-09, 3.3748721595117104e-09, 1.0, 8.06223865446043e-10, 8.823283437209284e-09]], 'pred_prompt': ['What is the most likely field of study this micrograph would be used for? pathology']}",2.0,,,,,
submodality,"['What is the most likely microscopy submodality used to acquire this image? mixed', 'What is the most likely microscopy submodality used to acquire this image? phase contrast microscopy', 'What is the most likely microscopy submodality used to acquire this image? polarized light microscopy', 'What is the most likely microscopy submodality used to acquire this image? darkfield microscopy', 'What is the most likely microscopy submodality used to acquire this image? brightfield microscopy', 'What is the most likely microscopy submodality used to acquire this image? none of the above']",75645796-8f18-48a9-95df-cfcb7a4b2f18,brightfield microscopy,4,"{'pred': [4], 'probs': [[2.408015973287547e-07, 5.947128374828026e-05, 8.012969192350283e-05, 1.103365320886951e-05, 0.9998490810394287, 3.3384505826461464e-08]], 'pred_prompt': ['What is the most likely microscopy submodality used to acquire this image? brightfield microscopy']}",2.0,,,,,
modality,"['What is the most likely microscopy modality used to acquire this image? light microscopy', 'What is the most likely microscopy modality used to acquire this image? electron microscopy', 'What is the most likely microscopy modality used to acquire this image? fluorescence microscopy', 'What is the most likely microscopy modality used to acquire this image? none of the above']",fe888a48-195f-4523-a1bf-b0b463975eaf,light microscopy,0,"{'pred': [0], 'probs': [[0.9998672008514404, 0.00012572422565426677, 6.187920007505454e-06, 8.906258699425962e-07]], 'pred_prompt': ['What is the most likely microscopy modality used to acquire this image? light microscopy']}",2.0,,,,,
stain,"['What is the most likely technique used to stain this micrograph? IHC(HDab)', 'What is the most likely technique used to stain this micrograph? Basic fuchsin', 'What is the most likely technique used to stain this micrograph? Congo Red', 'What is the most likely technique used to stain this micrograph? H&E', 'What is the most likely technique used to stain this micrograph? Ziehl-Neelsen', 'What is the most likely technique used to stain this micrograph? none of the above']",7c428a98-8566-41a1-9692-bccea7f1279a,IHC(HDab),0,"{'pred': [0], 'probs': [[0.9996533393859863, 3.960046228712599e-07, 0.00033166579669341445, 1.4291653371856228e-07, 1.3340879377210513e-05, 1.1459451343398541e-06]], 'pred_prompt': ['What is the most likely technique used to stain this micrograph? IHC(HDab)']}",2.0,,,,,
modality,"['What is the most likely microscopy modality used to acquire this image? electron microscopy', 'What is the most likely microscopy modality used to acquire this image? light microscopy', 'What is the most likely microscopy modality used to acquire this image? fluorescence microscopy', 'What is the most likely microscopy modality used to acquire this image? none of the above']",1ee430e9-f4ed-4219-ac0f-f82e61df893a,light microscopy,1,"{'pred': [1], 'probs': [[1.0744458450062666e-05, 0.9999864101409912, 5.566218419517099e-07, 2.2797216843173373e-06]], 'pred_prompt': ['What is the most likely microscopy modality used to acquire this image? light microscopy']}",2.0,,,,,
submodality,"['What is the most likely microscopy submodality used to acquire this image? brightfield microscopy', 'What is the most likely microscopy submodality used to acquire this image? darkfield microscopy', 'What is the most likely microscopy submodality used to acquire this image? polarized light microscopy', 'What is the most likely microscopy submodality used to acquire this image? mixed', 'What is the most likely microscopy submodality used to acquire this image? differential interference contrast microscopy', 'What is the most likely microscopy submodality used to acquire this image? none of the above']",f1ca5888-661f-48bc-9f63-92610aabf0b0,brightfield microscopy,0,"{'pred': [0], 'probs': [[0.9999828338623047, 1.4158715202938765e-05, 2.3282443635253003e-06, 3.740473175639636e-07, 2.30498841347071e-07, 2.477275984347216e-08]], 'pred_prompt': ['What is the most likely microscopy submodality used to acquire this image? brightfield microscopy']}",2.0,,,,,
stain,"['What is the most likely technique used to stain this micrograph? IHC(Red)', 'What is the most likely technique used to stain this micrograph? IHC(HDab)', 'What is the most likely technique used to stain this micrograph? Alcian Blue', 'What is the most likely technique used to stain this micrograph? Wright-Giemsa', 'What is the most likely technique used to stain this micrograph? Ziehl-Neelsen', 'What is the most likely technique used to stain this micrograph? none of the above']",4522ebef-e92e-4739-a525-d62988bb5ac7,IHC(HDab),1,"{'pred': [1], 'probs': [[0.024559970945119858, 0.9754339456558228, 2.730003188844421e-06, 2.7581794626030387e-08, 4.774960515874227e-08, 3.2781165373307886e-06]], 'pred_prompt': ['What is the most likely technique used to stain this micrograph? IHC(HDab)']}",2.0,,,,,
modality,"['What is the most likely microscopy modality used to acquire this image? light microscopy', 'What is the most likely microscopy modality used to acquire this image? electron microscopy', 'What is the most likely microscopy modality used to acquire this image? fluorescence microscopy', 'What is the most likely microscopy modality used to acquire this image? none of the above']",bfac9da3-facc-4dc5-9565-fc6af52886d0,light microscopy,0,"{'pred': [0], 'probs': [[0.9999485015869141, 6.499726623587776e-06, 2.7360541935195215e-05, 1.752541538735386e-05]], 'pred_prompt': ['What is the most likely microscopy modality used to acquire this image? light microscopy']}",2.0,,,,,
domain,"['What is the most likely field of study this micrograph would be used for? pathology', 'What is the most likely field of study this micrograph would be used for? radiology', 'What is the most likely field of study this micrograph would be used for? biology', 'What is the most likely field of study this micrograph would be used for? ophthalmology', 'What is the most likely field of study this micrograph would be used for? dermatology', 'What is the most likely field of study this micrograph would be used for? none of the above']",7df4aaed-7e5f-49c6-8170-3a4d0d5754a9,pathology,0,"{'pred': [0], 'probs': [[0.9999990463256836, 3.163342654488588e-08, 7.60836599056347e-07, 7.416920055902665e-08, 1.1116567577573733e-07, 1.9875745493891372e-08]], 'pred_prompt': ['What is the most likely field of study this micrograph would be used for? pathology']}",2.0,,,,,
stain,"['What is the most likely technique used to stain this micrograph? Basic fuchsin', 'What is the most likely technique used to stain this micrograph? IHC(HDab)', 'What is the most likely technique used to stain this micrograph? IHC(Red)', 'What is the most likely technique used to stain this micrograph? Masson Trichrome', 'What is the most likely technique used to stain this micrograph? Wright-Giemsa', 'What is the most likely technique used to stain this micrograph? none of the above']",0bc1da5e-6189-402c-b1bd-b0332b175ce6,IHC(HDab),1,"{'pred': [1], 'probs': [[2.4001483023283754e-09, 0.9999628067016602, 3.640670911408961e-05, 6.536706731452568e-10, 1.0699837105221377e-07, 6.60252680972917e-07]], 'pred_prompt': ['What is the most likely technique used to stain this micrograph? IHC(HDab)']}",2.0,,,,,
domain,"['What is the most likely field of study this micrograph would be used for? pathology', 'What is the most likely field of study this micrograph would be used for? cytology', 'What is the most likely field of study this micrograph would be used for? ophthalmology', 'What is the most likely field of study this micrograph would be used for? biology', 'What is the most likely field of study this micrograph would be used for? dermatology', 'What is the most likely field of study this micrograph would be used for? none of the above']",b2ce8f30-1f61-4fcb-8a62-9db2e9c406e8,pathology,0,"{'pred': [0], 'probs': [[1.0, 5.303148892243925e-11, 3.35178912402867e-10, 8.327352696291257e-10, 4.257759478321077e-09, 4.2963493873671155e-11]], 'pred_prompt': ['What is the most likely field of study this micrograph would be used for? pathology']}",2.0,,,,,
submodality,"['What is the most likely microscopy submodality used to acquire this image? polarized light microscopy', 'What is the most likely microscopy submodality used to acquire this image? phase contrast microscopy', 'What is the most likely microscopy submodality used to acquire this image? brightfield microscopy', 'What is the most likely microscopy submodality used to acquire this image? synthetic', 'What is the most likely microscopy submodality used to acquire this image? differential interference contrast microscopy', 'What is the most likely microscopy submodality used to acquire this image? none of the above']",82feb7bd-14bf-48e4-bb0f-232cd5944686,brightfield microscopy,2,"{'pred': [2], 'probs': [[1.0740812285803258e-05, 2.2155380065669306e-05, 0.9982047080993652, 7.565267301501422e-10, 0.0017623509047552943, 2.677877475321111e-09]], 'pred_prompt': ['What is the most likely microscopy submodality used to acquire this image? brightfield microscopy']}",2.0,,,,,
submodality,"['What is the most likely microscopy submodality used to acquire this image? synthetic', 'What is the most likely microscopy submodality used to acquire this image? brightfield microscopy', 'What is the most likely microscopy submodality used to acquire this image? mixed', 'What is the most likely microscopy submodality used to acquire this image? differential interference contrast microscopy', 'What is the most likely microscopy submodality used to acquire this image? darkfield microscopy', 'What is the most likely microscopy submodality used to acquire this image? none of the above']",75645796-8f18-48a9-95df-cfcb7a4b2f18,brightfield microscopy,1,"{'pred': [1], 'probs': [[8.095904391325348e-09, 0.9999035596847534, 2.4081472815851157e-07, 8.510301995556802e-05, 1.1034254384867381e-05, 3.338632481586501e-08]], 'pred_prompt': ['What is the most likely microscopy submodality used to acquire this image? brightfield microscopy']}",2.0,,,,,
submodality,"['What is the most likely microscopy submodality used to acquire this image? synthetic', 'What is the most likely microscopy submodality used to acquire this image? differential interference contrast microscopy', 'What is the most likely microscopy submodality used to acquire this image? mixed', 'What is the most likely microscopy submodality used to acquire this image? brightfield microscopy', 'What is the most likely microscopy submodality used to acquire this image? darkfield microscopy', 'What is the most likely microscopy submodality used to acquire this image? none of the above']",5546aaae-d47e-4719-8a0f-0e6a3604c3dd,brightfield microscopy,3,"{'pred': [3], 'probs': [[6.2315499982368294e-12, 1.4161582839733455e-07, 5.45533618279137e-10, 0.9999994039535522, 4.483953546241537e-07, 8.722920996628858e-11]], 'pred_prompt': ['What is the most likely microscopy submodality used to acquire this image? brightfield microscopy']}",2.0,,,,,
stain,"['What is the most likely technique used to stain this micrograph? H&E', 'What is the most likely technique used to stain this micrograph? synthetic', 'What is the most likely technique used to stain this micrograph? Basic fuchsin', 'What is the most likely technique used to stain this micrograph? IHC(HDab)', 'What is the most likely technique used to stain this micrograph? Giemsa', 'What is the most likely technique used to stain this micrograph? none of the above']",7df41c42-1374-4819-879c-5151926e1f3e,IHC(HDab),3,"{'pred': [3], 'probs': [[1.2273893013059478e-08, 1.6769816091333212e-10, 7.604941121286402e-10, 0.999996542930603, 3.3053379411285277e-06, 1.2287156891943596e-07]], 'pred_prompt': ['What is the most likely technique used to stain this micrograph? IHC(HDab)']}",2.0,,,,,
modality,"['What is the most likely microscopy modality used to acquire this image? light microscopy', 'What is the most likely microscopy modality used to acquire this image? fluorescence microscopy', 'What is the most likely microscopy modality used to acquire this image? electron microscopy', 'What is the most likely microscopy modality used to acquire this image? none of the above']",43b1c073-bf3d-4c42-a89e-28012d119481,light microscopy,0,"{'pred': [0], 'probs': [[0.9999644756317139, 2.4971348466351628e-05, 1.202307544190262e-06, 9.370152838528156e-06]], 'pred_prompt': ['What is the most likely microscopy modality used to acquire this image? light microscopy']}",2.0,,,,,
domain,"['What is the most likely field of study this micrograph would be used for? pathology', 'What is the most likely field of study this micrograph would be used for? radiology', 'What is the most likely field of study this micrograph would be used for? ophthalmology', 'What is the most likely field of study this micrograph would be used for? biology', 'What is the most likely field of study this micrograph would be used for? cytology', 'What is the most likely field of study this micrograph would be used for? none of the above']",e363c53e-3796-4049-a76b-6f5655dfc264,pathology,0,"{'pred': [0], 'probs': [[0.9999997615814209, 1.0044113984974956e-08, 7.175589900043633e-09, 9.961280511561199e-08, 4.8949072350978895e-08, 7.031559334791382e-08]], 'pred_prompt': ['What is the most likely field of study this micrograph would be used for? pathology']}",2.0,,,,,
domain,"['What is the most likely field of study this micrograph would be used for? pathology', 'What is the most likely field of study this micrograph would be used for? ophthalmology', 'What is the most likely field of study this micrograph would be used for? radiology', 'What is the most likely field of study this micrograph would be used for? biology', 'What is the most likely field of study this micrograph would be used for? cytology', 'What is the most likely field of study this micrograph would be used for? none of the above']",8c352352-a042-4f3b-acd2-ab98596794ec,pathology,0,"{'pred': [0], 'probs': [[0.9999996423721313, 9.828298175307282e-09, 3.0918327897921927e-09, 2.5196447950293077e-07, 3.8095531174064945e-09, 8.672553519772919e-08]], 'pred_prompt': ['What is the most likely field of study this micrograph would be used for? pathology']}",2.0,,,,,
submodality,"['What is the most likely microscopy submodality used to acquire this image? phase contrast microscopy', 'What is the most likely microscopy submodality used to acquire this image? differential interference contrast microscopy', 'What is the most likely microscopy submodality used to acquire this image? brightfield microscopy', 'What is the most likely microscopy submodality used to acquire this image? polarized light microscopy', 'What is the most likely microscopy submodality used to acquire this image? synthetic', 'What is the most likely microscopy submodality used to acquire this image? none of the above']",8e34779a-e583-41b1-a0ab-a99807ee4ac7,brightfield microscopy,2,"{'pred': [2], 'probs': [[7.946738151076715e-06, 2.412533888218604e-07, 0.9999915361404419, 2.4221841954386036e-07, 1.1893476203894693e-09, 1.3784634766977888e-08]], 'pred_prompt': ['What is the most likely microscopy submodality used to acquire this image? brightfield microscopy']}",2.0,,,,,
submodality,"['What is the most likely microscopy submodality used to acquire this image? mixed', 'What is the most likely microscopy submodality used to acquire this image? synthetic', 'What is the most likely microscopy submodality used to acquire this image? darkfield microscopy', 'What is the most likely microscopy submodality used to acquire this image? brightfield microscopy', 'What is the most likely microscopy submodality used to acquire this image? polarized light microscopy', 'What is the most likely microscopy submodality used to acquire this image? none of the above']",0e9add7c-5d99-4bc0-a281-93d09c19026e,brightfield microscopy,3,"{'pred': [3], 'probs': [[3.289940320172491e-09, 1.7599352530872636e-11, 1.6840445482557698e-07, 0.9999979734420776, 1.869516154329176e-06, 2.3954932482084246e-10]], 'pred_prompt': ['What is the most likely microscopy submodality used to acquire this image? brightfield microscopy']}",2.0,,,,,
stain,"['What is the most likely technique used to stain this micrograph? Ziehl-Neelsen', 'What is the most likely technique used to stain this micrograph? Alcian Blue', 'What is the most likely technique used to stain this micrograph? Papanicolaou', 'What is the most likely technique used to stain this micrograph? Wright-Giemsa', 'What is the most likely technique used to stain this micrograph? IHC(HDab)', 'What is the most likely technique used to stain this micrograph? none of the above']",a6dda0fd-d79c-455f-98f1-90fff0cfb36e,IHC(HDab),4,"{'pred': [4], 'probs': [[1.7952183739566863e-08, 5.364625721426819e-08, 4.949336926074466e-06, 2.7308990624419494e-08, 0.9999943971633911, 4.909329618385527e-07]], 'pred_prompt': ['What is the most likely technique used to stain this micrograph? IHC(HDab)']}",2.0,,,,,
modality,"['What is the most likely microscopy modality used to acquire this image? electron microscopy', 'What is the most likely microscopy modality used to acquire this image? fluorescence microscopy', 'What is the most likely microscopy modality used to acquire this image? light microscopy', 'What is the most likely microscopy modality used to acquire this image? none of the above']",7ccea5e1-16cb-46ce-92bf-a7aec97c1134,light microscopy,2,"{'pred': [2], 'probs': [[0.0005112367798574269, 2.2434047423303127e-05, 0.9994321465492249, 3.415293758735061e-05]], 'pred_prompt': ['What is the most likely microscopy modality used to acquire this image? light microscopy']}",2.0,,,,,
domain,"['What is the most likely field of study this micrograph would be used for? ophthalmology', 'What is the most likely field of study this micrograph would be used for? pathology', 'What is the most likely field of study this micrograph would be used for? dermatology', 'What is the most likely field of study this micrograph would be used for? biology', 'What is the most likely field of study this micrograph would be used for? radiology', 'What is the most likely field of study this micrograph would be used for? none of the above']",18345ab5-0e1a-4f05-b164-62ba067bd13a,pathology,1,"{'pred': [1], 'probs': [[2.9286750802270944e-08, 0.9999997615814209, 2.2753015471721483e-08, 3.663488001848236e-08, 1.0793672622355643e-09, 1.9963060537975252e-07]], 'pred_prompt': ['What is the most likely field of study this micrograph would be used for? pathology']}",2.0,,,,,
domain,"['What is the most likely field of study this micrograph would be used for? biology', 'What is the most likely field of study this micrograph would be used for? radiology', 'What is the most likely field of study this micrograph would be used for? ophthalmology', 'What is the most likely field of study this micrograph would be used for? pathology', 'What is the most likely field of study this micrograph would be used for? dermatology', 'What is the most likely field of study this micrograph would be used for? none of the above']",c634be2b-1583-404d-9dca-a65aab6b6554,pathology,3,"{'pred': [3], 'probs': [[4.553166377263551e-08, 2.380278552038817e-08, 8.289828379304254e-09, 0.9999997615814209, 6.679359287886655e-09, 3.9505508198089956e-08]], 'pred_prompt': ['What is the most likely field of study this micrograph would be used for? pathology']}",2.0,,,,,
modality,"['What is the most likely microscopy modality used to acquire this image? light microscopy', 'What is the most likely microscopy modality used to acquire this image? electron microscopy', 'What is the most likely microscopy modality used to acquire this image? fluorescence microscopy', 'What is the most likely microscopy modality used to acquire this image? none of the above']",1d0d52ad-3793-445c-a7c4-e6ee57ee9152,light microscopy,0,"{'pred': [0], 'probs': [[0.9999982118606567, 1.1227218692511087e-06, 5.469481720865588e-07, 7.011874458839884e-08]], 'pred_prompt': ['What is the most likely microscopy modality used to acquire this image? light microscopy']}",2.0,,,,,
domain,"['What is the most likely field of study this micrograph would be used for? radiology', 'What is the most likely field of study this micrograph would be used for? dermatology', 'What is the most likely field of study this micrograph would be used for? biology', 'What is the most likely field of study this micrograph would be used for? pathology', 'What is the most likely field of study this micrograph would be used for? cytology', 'What is the most likely field of study this micrograph would be used for? none of the above']",a9551980-903d-48e6-a302-51c0974b9981,pathology,3,"{'pred': [3], 'probs': [[3.0543834128593517e-10, 5.591544116612113e-09, 9.431129655013137e-09, 1.0, 7.211934383022367e-10, 9.951017787557248e-10]], 'pred_prompt': ['What is the most likely field of study this micrograph would be used for? pathology']}",2.0,,,,,
submodality,"['What is the most likely microscopy submodality used to acquire this image? polarized light microscopy', 'What is the most likely microscopy submodality used to acquire this image? darkfield microscopy', 'What is the most likely microscopy submodality used to acquire this image? synthetic', 'What is the most likely microscopy submodality used to acquire this image? brightfield microscopy', 'What is the most likely microscopy submodality used to acquire this image? differential interference contrast microscopy', 'What is the most likely microscopy submodality used to acquire this image? none of the above']",601ad950-0446-4ec7-b011-8eb5a30bf763,brightfield microscopy,3,"{'pred': [3], 'probs': [[5.387267378864635e-07, 1.226798485731706e-05, 1.224584886619362e-12, 0.9999750852584839, 1.215388510900084e-05, 1.444603187072957e-10]], 'pred_prompt': ['What is the most likely microscopy submodality used to acquire this image? brightfield microscopy']}",2.0,,,,,
submodality,"['What is the most likely microscopy submodality used to acquire this image? phase contrast microscopy', 'What is the most likely microscopy submodality used to acquire this image? polarized light microscopy', 'What is the most likely microscopy submodality used to acquire this image? darkfield microscopy', 'What is the most likely microscopy submodality used to acquire this image? brightfield microscopy', 'What is the most likely microscopy submodality used to acquire this image? mixed', 'What is the most likely microscopy submodality used to acquire this image? none of the above']",95cc5bdc-57f6-467e-af9d-9dbfe2624d3f,brightfield microscopy,3,"{'pred': [3], 'probs': [[3.000143067311001e-07, 5.2305686892850645e-08, 3.3129999792436138e-06, 0.9999964237213135, 2.3151193462300768e-10, 1.568469659707361e-11]], 'pred_prompt': ['What is the most likely microscopy submodality used to acquire this image? brightfield microscopy']}",2.0,,,,,
modality,"['What is the most likely microscopy modality used to acquire this image? light microscopy', 'What is the most likely microscopy modality used to acquire this image? fluorescence microscopy', 'What is the most likely microscopy modality used to acquire this image? electron microscopy', 'What is the most likely microscopy modality used to acquire this image? none of the above']",0f85c8fa-3034-4b46-a636-8cbaaf9bc148,light microscopy,0,"{'pred': [0], 'probs': [[0.999997615814209, 3.961967109944453e-08, 2.378719273110619e-06, 1.5717890988753425e-08]], 'pred_prompt': ['What is the most likely microscopy modality used to acquire this image? light microscopy']}",2.0,,,,,
modality,"['What is the most likely microscopy modality used to acquire this image? fluorescence microscopy', 'What is the most likely microscopy modality used to acquire this image? electron microscopy', 'What is the most likely microscopy modality used to acquire this image? light microscopy', 'What is the most likely microscopy modality used to acquire this image? none of the above']",9c3b68e8-59a6-49d0-878e-73300bbdeb4d,light microscopy,2,"{'pred': [2], 'probs': [[3.507522876589064e-07, 4.193299901089631e-06, 0.9999926090240479, 2.812650564010255e-06]], 'pred_prompt': ['What is the most likely microscopy modality used to acquire this image? light microscopy']}",2.0,,,,,
modality,"['What is the most likely microscopy modality used to acquire this image? light microscopy', 'What is the most likely microscopy modality used to acquire this image? fluorescence microscopy', 'What is the most likely microscopy modality used to acquire this image? electron microscopy', 'What is the most likely microscopy modality used to acquire this image? none of the above']",2d4d3cd1-812c-457c-bc65-3e144c4eba37,light microscopy,0,"{'pred': [0], 'probs': [[0.9998784065246582, 1.1312482506298238e-08, 0.00012152438284829259, 1.2588975195626517e-08]], 'pred_prompt': ['What is the most likely microscopy modality used to acquire this image? light microscopy']}",2.0,,,,,
domain,"['What is the most likely field of study this micrograph would be used for? radiology', 'What is the most likely field of study this micrograph would be used for? pathology', 'What is the most likely field of study this micrograph would be used for? cytology', 'What is the most likely field of study this micrograph would be used for? ophthalmology', 'What is the most likely field of study this micrograph would be used for? biology', 'What is the most likely field of study this micrograph would be used for? none of the above']",f65e6367-1ac8-41e8-be1f-378c437ce5cc,pathology,1,"{'pred': [1], 'probs': [[4.550030396899274e-08, 0.9999994039535522, 1.5501950656471308e-07, 5.5966655310157876e-08, 1.2433322638116806e-07, 2.2561252421837708e-07]], 'pred_prompt': ['What is the most likely field of study this micrograph would be used for? pathology']}",2.0,,,,,
modality,"['What is the most likely microscopy modality used to acquire this image? light microscopy', 'What is the most likely microscopy modality used to acquire this image? fluorescence microscopy', 'What is the most likely microscopy modality used to acquire this image? electron microscopy', 'What is the most likely microscopy modality used to acquire this image? none of the above']",0867568d-458a-49c8-ba5e-7908ac03b1ea,light microscopy,0,"{'pred': [0], 'probs': [[0.9999970197677612, 8.046598765076851e-08, 2.764702912827488e-06, 1.325046525835205e-07]], 'pred_prompt': ['What is the most likely microscopy modality used to acquire this image? light microscopy']}",2.0,,,,,
modality,"['What is the most likely microscopy modality used to acquire this image? light microscopy', 'What is the most likely microscopy modality used to acquire this image? fluorescence microscopy', 'What is the most likely microscopy modality used to acquire this image? electron microscopy', 'What is the most likely microscopy modality used to acquire this image? none of the above']",9e1991a8-c40e-4a25-ab5c-235360a2fdd4,light microscopy,0,"{'pred': [0], 'probs': [[0.9999890327453613, 4.118333436053945e-06, 4.611451913660858e-06, 2.2444394289777847e-06]], 'pred_prompt': ['What is the most likely microscopy modality used to acquire this image? light microscopy']}",2.0,,,,,
stain,"['What is the most likely technique used to stain this micrograph? IHC(HDab)', 'What is the most likely technique used to stain this micrograph? Giemsa', 'What is the most likely technique used to stain this micrograph? Ziehl-Neelsen', 'What is the most likely technique used to stain this micrograph? IHC(Red)', 'What is the most likely technique used to stain this micrograph? PAS', 'What is the most likely technique used to stain this micrograph? none of the above']",d0cfbd20-26e6-4b29-8a6f-83dc1486a0ed,IHC(HDab),0,"{'pred': [0], 'probs': [[0.9999397993087769, 2.7159178443980636e-06, 6.691470844089054e-08, 4.8716439778218046e-05, 3.183634817105485e-06, 5.404761850513751e-06]], 'pred_prompt': ['What is the most likely technique used to stain this micrograph? IHC(HDab)']}",2.0,,,,,
stain,"['What is the most likely technique used to stain this micrograph? Giemsa', 'What is the most likely technique used to stain this micrograph? Toluidine Blue', 'What is the most likely technique used to stain this micrograph? IHC(HDab)', 'What is the most likely technique used to stain this micrograph? Masson Trichrome', 'What is the most likely technique used to stain this micrograph? Papanicolaou', 'What is the most likely technique used to stain this micrograph? none of the above']",1c62ef34-5f6d-44fc-a7b7-9b34910fe7bf,IHC(HDab),2,"{'pred': [2], 'probs': [[0.011852552182972431, 3.063332769670524e-05, 0.9832082390785217, 2.485542083263681e-08, 0.004253701772540808, 0.0006547732627950609]], 'pred_prompt': ['What is the most likely technique used to stain this micrograph? IHC(HDab)']}",2.0,,,,,
stain,"['What is the most likely technique used to stain this micrograph? Giemsa', 'What is the most likely technique used to stain this micrograph? Congo Red', 'What is the most likely technique used to stain this micrograph? Wright-Giemsa', 'What is the most likely technique used to stain this micrograph? Toluidine Blue', 'What is the most likely technique used to stain this micrograph? IHC(HDab)', 'What is the most likely technique used to stain this micrograph? none of the above']",3bc75e9a-ee6e-4ac6-9aff-e884c8f59516,IHC(HDab),4,"{'pred': [4], 'probs': [[1.9793584215221927e-05, 1.1559767472135718e-06, 7.768247201056511e-08, 8.616068214450934e-08, 0.99997878074646, 4.705932354909237e-08]], 'pred_prompt': ['What is the most likely technique used to stain this micrograph? IHC(HDab)']}",2.0,,,,,
modality,"['What is the most likely microscopy modality used to acquire this image? light microscopy', 'What is the most likely microscopy modality used to acquire this image? fluorescence microscopy', 'What is the most likely microscopy modality used to acquire this image? electron microscopy', 'What is the most likely microscopy modality used to acquire this image? none of the above']",1d9cd859-1b93-4c29-9a1c-b97ecad19ad5,light microscopy,0,"{'pred': [0], 'probs': [[0.9999786615371704, 1.652845753596921e-07, 2.109698107233271e-05, 4.8068546476542906e-08]], 'pred_prompt': ['What is the most likely microscopy modality used to acquire this image? light microscopy']}",2.0,,,,,
stain,"['What is the most likely technique used to stain this micrograph? Congo Red', 'What is the most likely technique used to stain this micrograph? Papanicolaou', 'What is the most likely technique used to stain this micrograph? Wright-Giemsa', 'What is the most likely technique used to stain this micrograph? IHC(HDab)', 'What is the most likely technique used to stain this micrograph? Giemsa', 'What is the most likely technique used to stain this micrograph? none of the above']",e2662321-529d-4726-a892-71a5f22f6b4f,IHC(HDab),3,"{'pred': [3], 'probs': [[1.5898779111012118e-06, 1.2168568730430707e-07, 4.0579326565648444e-08, 0.999995231628418, 2.511856791898026e-06, 5.293907747727644e-07]], 'pred_prompt': ['What is the most likely technique used to stain this micrograph? IHC(HDab)']}",2.0,,,,,
submodality,"['What is the most likely microscopy submodality used to acquire this image? differential interference contrast microscopy', 'What is the most likely microscopy submodality used to acquire this image? mixed', 'What is the most likely microscopy submodality used to acquire this image? synthetic', 'What is the most likely microscopy submodality used to acquire this image? brightfield microscopy', 'What is the most likely microscopy submodality used to acquire this image? darkfield microscopy', 'What is the most likely microscopy submodality used to acquire this image? none of the above']",623d3224-b78e-4a81-8d96-cff9b5b88fc5,brightfield microscopy,3,"{'pred': [3], 'probs': [[6.101364391497555e-08, 1.545707732475421e-06, 1.3741895621421918e-08, 0.9999971389770508, 1.1211627679585945e-06, 8.697230668985867e-08]], 'pred_prompt': ['What is the most likely microscopy submodality used to acquire this image? brightfield microscopy']}",2.0,,,,,
domain,"['What is the most likely field of study this micrograph would be used for? radiology', 'What is the most likely field of study this micrograph would be used for? pathology', 'What is the most likely field of study this micrograph would be used for? ophthalmology', 'What is the most likely field of study this micrograph would be used for? cytology', 'What is the most likely field of study this micrograph would be used for? biology', 'What is the most likely field of study this micrograph would be used for? none of the above']",c82df5cc-cc50-45c8-a420-baf4c0f5906c,pathology,1,"{'pred': [1], 'probs': [[2.1502039038168164e-10, 1.0, 2.417319233671833e-09, 6.764814042270473e-09, 4.92276974739525e-09, 2.7999973450931748e-09]], 'pred_prompt': ['What is the most likely field of study this micrograph would be used for? pathology']}",2.0,,,,,
modality,"['What is the most likely microscopy modality used to acquire this image? fluorescence microscopy', 'What is the most likely microscopy modality used to acquire this image? electron microscopy', 'What is the most likely microscopy modality used to acquire this image? light microscopy', 'What is the most likely microscopy modality used to acquire this image? none of the above']",0a856925-56e2-4e43-906b-d1c8fe9592cf,light microscopy,2,"{'pred': [2], 'probs': [[1.3859612408850808e-05, 1.1075800102844369e-05, 0.9999690055847168, 6.039982508809771e-06]], 'pred_prompt': ['What is the most likely microscopy modality used to acquire this image? light microscopy']}",2.0,,,,,
stain,"['What is the most likely technique used to stain this micrograph? Giemsa', 'What is the most likely technique used to stain this micrograph? Toluidine Blue', 'What is the most likely technique used to stain this micrograph? Congo Red', 'What is the most likely technique used to stain this micrograph? Basic fuchsin', 'What is the most likely technique used to stain this micrograph? IHC(HDab)', 'What is the most likely technique used to stain this micrograph? none of the above']",aa6dad98-04d9-4eff-be8f-dae4465075ed,IHC(HDab),4,"{'pred': [4], 'probs': [[8.366298061446287e-06, 1.4259387626225362e-07, 0.00010616114741424099, 8.739095136434116e-08, 0.9998801946640015, 5.024105576012516e-06]], 'pred_prompt': ['What is the most likely technique used to stain this micrograph? IHC(HDab)']}",2.0,,,,,
domain,"['What is the most likely field of study this micrograph would be used for? ophthalmology', 'What is the most likely field of study this micrograph would be used for? dermatology', 'What is the most likely field of study this micrograph would be used for? radiology', 'What is the most likely field of study this micrograph would be used for? biology', 'What is the most likely field of study this micrograph would be used for? pathology', 'What is the most likely field of study this micrograph would be used for? none of the above']",80929e61-5740-412f-88ed-4e6e6c3c27e7,pathology,4,"{'pred': [4], 'probs': [[1.6706263750165817e-06, 3.4617644928403024e-07, 2.3886781264081947e-07, 8.111043712233368e-07, 0.9999951124191284, 1.7929288560480927e-06]], 'pred_prompt': ['What is the most likely field of study this micrograph would be used for? pathology']}",2.0,,,,,
stain,"['What is the most likely technique used to stain this micrograph? Masson Trichrome', 'What is the most likely technique used to stain this micrograph? Ziehl-Neelsen', 'What is the most likely technique used to stain this micrograph? None', 'What is the most likely technique used to stain this micrograph? IHC(HDab)', 'What is the most likely technique used to stain this micrograph? Alcian Blue', 'What is the most likely technique used to stain this micrograph? none of the above']",82de7a14-fae2-447a-a20e-04fa76a1053b,IHC(HDab),3,"{'pred': [3], 'probs': [[8.631156447336252e-07, 3.448854091203657e-09, 6.481679193370837e-09, 0.9999827146530151, 1.6392690667998977e-05, 2.1610892630974377e-08]], 'pred_prompt': ['What is the most likely technique used to stain this micrograph? IHC(HDab)']}",2.0,,,,,
domain,"['What is the most likely field of study this micrograph would be used for? ophthalmology', 'What is the most likely field of study this micrograph would be used for? biology', 'What is the most likely field of study this micrograph would be used for? dermatology', 'What is the most likely field of study this micrograph would be used for? cytology', 'What is the most likely field of study this micrograph would be used for? pathology', 'What is the most likely field of study this micrograph would be used for? none of the above']",abace691-02cf-4e59-9c73-ccefe61f4579,pathology,4,"{'pred': [4], 'probs': [[2.520944564210481e-10, 1.7698249976660918e-08, 6.06123096158484e-10, 2.865320425371465e-09, 1.0, 1.5234570938105207e-08]], 'pred_prompt': ['What is the most likely field of study this micrograph would be used for? pathology']}",2.0,,,,,
submodality,"['What is the most likely microscopy submodality used to acquire this image? polarized light microscopy', 'What is the most likely microscopy submodality used to acquire this image? brightfield microscopy', 'What is the most likely microscopy submodality used to acquire this image? mixed', 'What is the most likely microscopy submodality used to acquire this image? synthetic', 'What is the most likely microscopy submodality used to acquire this image? darkfield microscopy', 'What is the most likely microscopy submodality used to acquire this image? none of the above']",4cb49fa9-9e63-4d3f-bff6-13a0452af3fe,brightfield microscopy,1,"{'pred': [1], 'probs': [[1.8187757859777776e-06, 0.9999687671661377, 2.233783114036214e-08, 7.28962099016961e-11, 2.9382626962615177e-05, 2.3635511325892367e-09]], 'pred_prompt': ['What is the most likely microscopy submodality used to acquire this image? brightfield microscopy']}",2.0,,,,,
domain,"['What is the most likely field of study this micrograph would be used for? pathology', 'What is the most likely field of study this micrograph would be used for? ophthalmology', 'What is the most likely field of study this micrograph would be used for? biology', 'What is the most likely field of study this micrograph would be used for? dermatology', 'What is the most likely field of study this micrograph would be used for? cytology', 'What is the most likely field of study this micrograph would be used for? none of the above']",623750fb-8580-4d14-8f94-9612d4712b79,pathology,0,"{'pred': [0], 'probs': [[0.9999997615814209, 1.4995480412949291e-09, 7.071801633173891e-08, 5.66630964371484e-09, 5.779136724726186e-09, 5.492501742310196e-08]], 'pred_prompt': ['What is the most likely field of study this micrograph would be used for? pathology']}",2.0,,,,,
modality,"['What is the most likely microscopy modality used to acquire this image? electron microscopy', 'What is the most likely microscopy modality used to acquire this image? fluorescence microscopy', 'What is the most likely microscopy modality used to acquire this image? light microscopy', 'What is the most likely microscopy modality used to acquire this image? none of the above']",1d9f7b4c-4452-43f4-8039-8c064a31733f,light microscopy,2,"{'pred': [2], 'probs': [[7.270217611221597e-05, 1.4718834790983237e-05, 0.9999115467071533, 1.069023710442707e-06]], 'pred_prompt': ['What is the most likely microscopy modality used to acquire this image? light microscopy']}",2.0,,,,,
modality,"['What is the most likely microscopy modality used to acquire this image? electron microscopy', 'What is the most likely microscopy modality used to acquire this image? fluorescence microscopy', 'What is the most likely microscopy modality used to acquire this image? light microscopy', 'What is the most likely microscopy modality used to acquire this image? none of the above']",faa13ba8-5a2a-44d3-86f9-b29b925dd09b,light microscopy,2,"{'pred': [2], 'probs': [[2.360647704335861e-05, 2.150190539396135e-06, 0.9999698400497437, 4.354333213996142e-06]], 'pred_prompt': ['What is the most likely microscopy modality used to acquire this image? light microscopy']}",2.0,,,,,
stain,"['What is the most likely technique used to stain this micrograph? Papanicolaou', 'What is the most likely technique used to stain this micrograph? Toluidine Blue', 'What is the most likely technique used to stain this micrograph? IHC(HDab)', 'What is the most likely technique used to stain this micrograph? Giemsa', 'What is the most likely technique used to stain this micrograph? PAS', 'What is the most likely technique used to stain this micrograph? none of the above']",e7baa85c-02fa-4cd1-b981-021c0743b9d8,IHC(HDab),2,"{'pred': [2], 'probs': [[5.614940619125264e-07, 3.129217134301143e-07, 0.9999783039093018, 1.2325368516030721e-05, 2.4713349375815596e-06, 6.027114977769088e-06]], 'pred_prompt': ['What is the most likely technique used to stain this micrograph? IHC(HDab)']}",2.0,,,,,
domain,"['What is the most likely field of study this micrograph would be used for? biology', 'What is the most likely field of study this micrograph would be used for? dermatology', 'What is the most likely field of study this micrograph would be used for? ophthalmology', 'What is the most likely field of study this micrograph would be used for? cytology', 'What is the most likely field of study this micrograph would be used for? pathology', 'What is the most likely field of study this micrograph would be used for? none of the above']",6b0e6971-4c99-47f2-8bc4-7fd05f21323b,pathology,4,"{'pred': [4], 'probs': [[4.893358962476668e-08, 1.6523812318425257e-09, 2.691822098555008e-09, 4.870431613568371e-09, 1.0, 6.7452816665536375e-09]], 'pred_prompt': ['What is the most likely field of study this micrograph would be used for? pathology']}",2.0,,,,,
modality,"['What is the most likely microscopy modality used to acquire this image? electron microscopy', 'What is the most likely microscopy modality used to acquire this image? fluorescence microscopy', 'What is the most likely microscopy modality used to acquire this image? light microscopy', 'What is the most likely microscopy modality used to acquire this image? none of the above']",5b1c2dc3-a0fc-4a07-8c8f-a9355b5c31ae,light microscopy,2,"{'pred': [2], 'probs': [[3.95659044443164e-05, 0.0001081800292013213, 0.9998340606689453, 1.8173910575569607e-05]], 'pred_prompt': ['What is the most likely microscopy modality used to acquire this image? light microscopy']}",2.0,,,,,
submodality,"['What is the most likely microscopy submodality used to acquire this image? brightfield microscopy', 'What is the most likely microscopy submodality used to acquire this image? synthetic', 'What is the most likely microscopy submodality used to acquire this image? differential interference contrast microscopy', 'What is the most likely microscopy submodality used to acquire this image? phase contrast microscopy', 'What is the most likely microscopy submodality used to acquire this image? polarized light microscopy', 'What is the most likely microscopy submodality used to acquire this image? none of the above']",2438f72e-e0e8-47e2-a1d5-d531eafbfbe8,brightfield microscopy,0,"{'pred': [0], 'probs': [[0.9999948740005493, 1.310466596349258e-10, 3.740095877446947e-08, 5.1079282457067166e-06, 3.944824200630137e-08, 1.761476631223502e-09]], 'pred_prompt': ['What is the most likely microscopy submodality used to acquire this image? brightfield microscopy']}",2.0,,,,,
modality,"['What is the most likely microscopy modality used to acquire this image? electron microscopy', 'What is the most likely microscopy modality used to acquire this image? fluorescence microscopy', 'What is the most likely microscopy modality used to acquire this image? light microscopy', 'What is the most likely microscopy modality used to acquire this image? none of the above']",a492a6e4-04f0-4831-a299-cc462a47d15a,light microscopy,2,"{'pred': [2], 'probs': [[3.2399029805674218e-06, 6.225447123142658e-06, 0.9999892711639404, 1.3173233810448437e-06]], 'pred_prompt': ['What is the most likely microscopy modality used to acquire this image? light microscopy']}",2.0,,,,,
modality,"['What is the most likely microscopy modality used to acquire this image? fluorescence microscopy', 'What is the most likely microscopy modality used to acquire this image? light microscopy', 'What is the most likely microscopy modality used to acquire this image? electron microscopy', 'What is the most likely microscopy modality used to acquire this image? none of the above']",52dee562-c9b5-456f-ae3f-65ac630ea75a,light microscopy,1,"{'pred': [1], 'probs': [[8.871825230016839e-08, 0.999996542930603, 3.03495994558034e-06, 4.1604829448260716e-07]], 'pred_prompt': ['What is the most likely microscopy modality used to acquire this image? light microscopy']}",2.0,,,,,
submodality,"['What is the most likely microscopy submodality used to acquire this image? differential interference contrast microscopy', 'What is the most likely microscopy submodality used to acquire this image? brightfield microscopy', 'What is the most likely microscopy submodality used to acquire this image? mixed', 'What is the most likely microscopy submodality used to acquire this image? phase contrast microscopy', 'What is the most likely microscopy submodality used to acquire this image? darkfield microscopy', 'What is the most likely microscopy submodality used to acquire this image? none of the above']",1bed62ec-b7c4-49dd-9b8f-1d1053317675,brightfield microscopy,1,"{'pred': [1], 'probs': [[1.097566766361524e-07, 0.9999977350234985, 1.858354004014018e-08, 1.920215936479508e-06, 2.6520328333390353e-07, 3.873775966667381e-09]], 'pred_prompt': ['What is the most likely microscopy submodality used to acquire this image? brightfield microscopy']}",2.0,,,,,
submodality,"['What is the most likely microscopy submodality used to acquire this image? differential interference contrast microscopy', 'What is the most likely microscopy submodality used to acquire this image? polarized light microscopy', 'What is the most likely microscopy submodality used to acquire this image? brightfield microscopy', 'What is the most likely microscopy submodality used to acquire this image? darkfield microscopy', 'What is the most likely microscopy submodality used to acquire this image? mixed', 'What is the most likely microscopy submodality used to acquire this image? none of the above']",bd295cff-622c-4124-9954-08ecdbe06bfa,brightfield microscopy,2,"{'pred': [2], 'probs': [[1.7041284081642516e-06, 1.280351284549397e-06, 0.9999890327453613, 7.781458407407627e-06, 1.5580343415422249e-07, 2.2221421147605724e-08]], 'pred_prompt': ['What is the most likely microscopy submodality used to acquire this image? brightfield microscopy']}",2.0,,,,,
modality,"['What is the most likely microscopy modality used to acquire this image? electron microscopy', 'What is the most likely microscopy modality used to acquire this image? light microscopy', 'What is the most likely microscopy modality used to acquire this image? fluorescence microscopy', 'What is the most likely microscopy modality used to acquire this image? none of the above']",d2294f5f-f273-45f7-a1c0-a84051e418ee,light microscopy,1,"{'pred': [1], 'probs': [[1.2078310192009667e-06, 0.9999979734420776, 2.6027529997918464e-07, 5.560461886489065e-07]], 'pred_prompt': ['What is the most likely microscopy modality used to acquire this image? light microscopy']}",2.0,,,,,
modality,"['What is the most likely microscopy modality used to acquire this image? light microscopy', 'What is the most likely microscopy modality used to acquire this image? fluorescence microscopy', 'What is the most likely microscopy modality used to acquire this image? electron microscopy', 'What is the most likely microscopy modality used to acquire this image? none of the above']",502520d4-b2c5-4499-b52c-38a6db0d4ba4,light microscopy,0,"{'pred': [0], 'probs': [[0.9999997615814209, 3.297926909340276e-08, 2.883007823584194e-07, 5.443969719465258e-09]], 'pred_prompt': ['What is the most likely microscopy modality used to acquire this image? light microscopy']}",2.0,,,,,
domain,"['What is the most likely field of study this micrograph would be used for? pathology', 'What is the most likely field of study this micrograph would be used for? radiology', 'What is the most likely field of study this micrograph would be used for? ophthalmology', 'What is the most likely field of study this micrograph would be used for? biology', 'What is the most likely field of study this micrograph would be used for? dermatology', 'What is the most likely field of study this micrograph would be used for? none of the above']",2dbb8528-3974-4e2d-919b-a5ba7438eb71,pathology,0,"{'pred': [0], 'probs': [[0.999981164932251, 3.2633462865305773e-07, 1.0577770126474206e-06, 6.132406269898638e-06, 4.433541562320897e-06, 6.9166621869953815e-06]], 'pred_prompt': ['What is the most likely field of study this micrograph would be used for? pathology']}",2.0,,,,,
stain,"['What is the most likely technique used to stain this micrograph? Wright-Giemsa', 'What is the most likely technique used to stain this micrograph? Congo Red', 'What is the most likely technique used to stain this micrograph? PAS', 'What is the most likely technique used to stain this micrograph? IHC(HDab)', 'What is the most likely technique used to stain this micrograph? IHC(Red)', 'What is the most likely technique used to stain this micrograph? none of the above']",d7a194f6-5089-40d8-9598-0eca11b267a5,IHC(HDab),3,"{'pred': [3], 'probs': [[3.8122895062997486e-08, 4.118171545997029e-07, 6.02394436555187e-07, 0.9999408721923828, 5.7184701290680096e-05, 9.316215709986864e-07]], 'pred_prompt': ['What is the most likely technique used to stain this micrograph? IHC(HDab)']}",2.0,,,,,
submodality,"['What is the most likely microscopy submodality used to acquire this image? synthetic', 'What is the most likely microscopy submodality used to acquire this image? differential interference contrast microscopy', 'What is the most likely microscopy submodality used to acquire this image? brightfield microscopy', 'What is the most likely microscopy submodality used to acquire this image? phase contrast microscopy', 'What is the most likely microscopy submodality used to acquire this image? mixed', 'What is the most likely microscopy submodality used to acquire this image? none of the above']",ad84cf8c-6adc-4bc0-a450-8a836f8ccd7f,brightfield microscopy,2,"{'pred': [2], 'probs': [[1.9444977183979972e-08, 0.000655734445899725, 0.9960625767707825, 0.0032701659947633743, 1.1085709047620185e-05, 3.906015422217024e-07]], 'pred_prompt': ['What is the most likely microscopy submodality used to acquire this image? brightfield microscopy']}",2.0,,,,,
submodality,"['What is the most likely microscopy submodality used to acquire this image? synthetic', 'What is the most likely microscopy submodality used to acquire this image? differential interference contrast microscopy', 'What is the most likely microscopy submodality used to acquire this image? brightfield microscopy', 'What is the most likely microscopy submodality used to acquire this image? phase contrast microscopy', 'What is the most likely microscopy submodality used to acquire this image? darkfield microscopy', 'What is the most likely microscopy submodality used to acquire this image? none of the above']",8ac7d1b7-75e2-46e4-a5a9-434b96116ec1,brightfield microscopy,2,"{'pred': [2], 'probs': [[2.2951338607413163e-08, 7.692052150787276e-08, 0.9999923706054688, 2.9278858164616395e-06, 4.32169053965481e-06, 3.445399272550276e-07]], 'pred_prompt': ['What is the most likely microscopy submodality used to acquire this image? brightfield microscopy']}",2.0,,,,,
stain,"['What is the most likely technique used to stain this micrograph? IHC(HDab)', 'What is the most likely technique used to stain this micrograph? IHC(Red)', 'What is the most likely technique used to stain this micrograph? Gram', 'What is the most likely technique used to stain this micrograph? Wright-Giemsa', 'What is the most likely technique used to stain this micrograph? PAS', 'What is the most likely technique used to stain this micrograph? none of the above']",674f63cb-384c-4f1a-92e1-0d97428c8830,IHC(Red),1,"{'pred': [1], 'probs': [[0.0018519680015742779, 0.9980520009994507, 9.253228199668229e-05, 1.7448963163246844e-08, 2.642193067003973e-06, 8.877287314135174e-07]], 'pred_prompt': ['What is the most likely technique used to stain this micrograph? IHC(Red)']}",2.0,,,,,
submodality,"['What is the most likely microscopy submodality used to acquire this image? mixed', 'What is the most likely microscopy submodality used to acquire this image? darkfield microscopy', 'What is the most likely microscopy submodality used to acquire this image? phase contrast microscopy', 'What is the most likely microscopy submodality used to acquire this image? differential interference contrast microscopy', 'What is the most likely microscopy submodality used to acquire this image? brightfield microscopy', 'What is the most likely microscopy submodality used to acquire this image? none of the above']",ae68da46-8c0c-425a-9660-2fa90669af1e,brightfield microscopy,4,"{'pred': [4], 'probs': [[3.0103511350354495e-10, 2.7962273634329904e-06, 4.72005831397837e-06, 4.2407666001054167e-07, 0.9999920129776001, 4.6777439560719e-11]], 'pred_prompt': ['What is the most likely microscopy submodality used to acquire this image? brightfield microscopy']}",2.0,,,,,
domain,"['What is the most likely field of study this micrograph would be used for? radiology', 'What is the most likely field of study this micrograph would be used for? pathology', 'What is the most likely field of study this micrograph would be used for? dermatology', 'What is the most likely field of study this micrograph would be used for? ophthalmology', 'What is the most likely field of study this micrograph would be used for? biology', 'What is the most likely field of study this micrograph would be used for? none of the above']",172134b4-048d-4424-ad04-02489fef056c,pathology,1,"{'pred': [1], 'probs': [[7.95809071973963e-08, 0.9999992847442627, 1.9331257306021143e-07, 7.909983423814992e-08, 5.672181302429635e-08, 2.3326843745508086e-07]], 'pred_prompt': ['What is the most likely field of study this micrograph would be used for? pathology']}",2.0,,,,,
stain,"['What is the most likely technique used to stain this micrograph? IHC(HDab)', 'What is the most likely technique used to stain this micrograph? Gram', 'What is the most likely technique used to stain this micrograph? Papanicolaou', 'What is the most likely technique used to stain this micrograph? Toluidine Blue', 'What is the most likely technique used to stain this micrograph? Alcian Blue', 'What is the most likely technique used to stain this micrograph? none of the above']",05d8d9cb-38fa-4d31-94c1-5456db400134,IHC(HDab),0,"{'pred': [0], 'probs': [[0.9999988079071045, 1.0032295705286742e-07, 7.847095844226715e-07, 3.386511349123822e-10, 3.297420647641047e-08, 2.097988840432663e-07]], 'pred_prompt': ['What is the most likely technique used to stain this micrograph? IHC(HDab)']}",2.0,,,,,
submodality,"['What is the most likely microscopy submodality used to acquire this image? brightfield microscopy', 'What is the most likely microscopy submodality used to acquire this image? differential interference contrast microscopy', 'What is the most likely microscopy submodality used to acquire this image? darkfield microscopy', 'What is the most likely microscopy submodality used to acquire this image? synthetic', 'What is the most likely microscopy submodality used to acquire this image? polarized light microscopy', 'What is the most likely microscopy submodality used to acquire this image? none of the above']",22083ee1-9a0e-477a-b7b0-287fd24f3b1b,brightfield microscopy,0,"{'pred': [0], 'probs': [[0.9999827146530151, 1.720300133456476e-05, 1.4026907990682957e-07, 2.518502906223574e-10, 1.964386697750342e-08, 1.4790766833527869e-08]], 'pred_prompt': ['What is the most likely microscopy submodality used to acquire this image? brightfield microscopy']}",2.0,,,,,
stain,"['What is the most likely technique used to stain this micrograph? Papanicolaou', 'What is the most likely technique used to stain this micrograph? Ziehl-Neelsen', 'What is the most likely technique used to stain this micrograph? H&E', 'What is the most likely technique used to stain this micrograph? IHC(Red)', 'What is the most likely technique used to stain this micrograph? synthetic', 'What is the most likely technique used to stain this micrograph? none of the above']",088bc778-e0f2-488b-8f07-e7bd02055c0e,IHC(Red),3,"{'pred': [3], 'probs': [[3.317524533485994e-05, 3.967807060689665e-06, 8.909801749723556e-07, 0.9999397993087769, 3.8537525171022935e-08, 2.2107784388936125e-05]], 'pred_prompt': ['What is the most likely technique used to stain this micrograph? IHC(Red)']}",2.0,,,,,
stain,"['What is the most likely technique used to stain this micrograph? Masson Trichrome', 'What is the most likely technique used to stain this micrograph? IHC(HDab)', 'What is the most likely technique used to stain this micrograph? synthetic', 'What is the most likely technique used to stain this micrograph? Giemsa', 'What is the most likely technique used to stain this micrograph? Papanicolaou', 'What is the most likely technique used to stain this micrograph? none of the above']",9e2abb40-74d3-4361-a01c-d4e1aa287d69,IHC(HDab),1,"{'pred': [1], 'probs': [[8.758728142765904e-08, 0.9999973773956299, 8.849958987866557e-09, 3.6371491773934395e-07, 2.2353698625465768e-07, 1.9061625380345504e-06]], 'pred_prompt': ['What is the most likely technique used to stain this micrograph? IHC(HDab)']}",2.0,,,,,
modality,"['What is the most likely microscopy modality used to acquire this image? fluorescence microscopy', 'What is the most likely microscopy modality used to acquire this image? light microscopy', 'What is the most likely microscopy modality used to acquire this image? electron microscopy', 'What is the most likely microscopy modality used to acquire this image? none of the above']",ae43bfef-4ede-4869-99e4-c06b98977e76,light microscopy,1,"{'pred': [1], 'probs': [[1.9523506580299e-06, 0.9999755620956421, 1.9411307221162133e-05, 3.129096739939996e-06]], 'pred_prompt': ['What is the most likely microscopy modality used to acquire this image? light microscopy']}",2.0,,,,,
submodality,"['What is the most likely microscopy submodality used to acquire this image? mixed', 'What is the most likely microscopy submodality used to acquire this image? synthetic', 'What is the most likely microscopy submodality used to acquire this image? darkfield microscopy', 'What is the most likely microscopy submodality used to acquire this image? polarized light microscopy', 'What is the most likely microscopy submodality used to acquire this image? brightfield microscopy', 'What is the most likely microscopy submodality used to acquire this image? none of the above']",2d5f9436-d72a-4665-a5a3-c5aa9972d59f,brightfield microscopy,4,"{'pred': [4], 'probs': [[2.454223491099583e-10, 7.888873473742286e-13, 5.724566108256113e-06, 9.751457582751755e-06, 0.9999845027923584, 1.543769105605275e-11]], 'pred_prompt': ['What is the most likely microscopy submodality used to acquire this image? brightfield microscopy']}",2.0,,,,,
modality,"['What is the most likely microscopy modality used to acquire this image? fluorescence microscopy', 'What is the most likely microscopy modality used to acquire this image? light microscopy', 'What is the most likely microscopy modality used to acquire this image? electron microscopy', 'What is the most likely microscopy modality used to acquire this image? none of the above']",7446227e-3dd6-4cd0-8fb7-ec7e66575e73,light microscopy,1,"{'pred': [1], 'probs': [[7.040025593596511e-07, 0.999970555305481, 2.7682561267283745e-05, 1.0464129900356056e-06]], 'pred_prompt': ['What is the most likely microscopy modality used to acquire this image? light microscopy']}",2.0,,,,,
domain,"['What is the most likely field of study this micrograph would be used for? cytology', 'What is the most likely field of study this micrograph would be used for? pathology', 'What is the most likely field of study this micrograph would be used for? ophthalmology', 'What is the most likely field of study this micrograph would be used for? dermatology', 'What is the most likely field of study this micrograph would be used for? radiology', 'What is the most likely field of study this micrograph would be used for? none of the above']",0faaea1e-e3df-4e7f-9ffe-03ec576d70b9,pathology,1,"{'pred': [1], 'probs': [[8.077826407770772e-08, 0.9999984502792358, 3.5092412531412265e-08, 1.389385886341188e-07, 1.9351216451468645e-07, 1.0524250910748378e-06]], 'pred_prompt': ['What is the most likely field of study this micrograph would be used for? pathology']}",2.0,,,,,
submodality,"['What is the most likely microscopy submodality used to acquire this image? differential interference contrast microscopy', 'What is the most likely microscopy submodality used to acquire this image? darkfield microscopy', 'What is the most likely microscopy submodality used to acquire this image? brightfield microscopy', 'What is the most likely microscopy submodality used to acquire this image? mixed', 'What is the most likely microscopy submodality used to acquire this image? polarized light microscopy', 'What is the most likely microscopy submodality used to acquire this image? none of the above']",61110011-adcd-4715-a8d8-f46a192b6d61,brightfield microscopy,2,"{'pred': [2], 'probs': [[6.599957487196662e-07, 9.653387678554282e-06, 0.999968409538269, 1.748052454786375e-05, 3.432737685216125e-06, 3.692036614211247e-07]], 'pred_prompt': ['What is the most likely microscopy submodality used to acquire this image? brightfield microscopy']}",2.0,,,,,
modality,"['What is the most likely microscopy modality used to acquire this image? electron microscopy', 'What is the most likely microscopy modality used to acquire this image? light microscopy', 'What is the most likely microscopy modality used to acquire this image? fluorescence microscopy', 'What is the most likely microscopy modality used to acquire this image? none of the above']",d85d41ab-1b61-4e95-8f6e-54dcc77e1aad,light microscopy,1,"{'pred': [1], 'probs': [[5.918513465985598e-07, 0.9999992847442627, 3.9886938196787014e-08, 1.1074941141941963e-07]], 'pred_prompt': ['What is the most likely microscopy modality used to acquire this image? light microscopy']}",2.0,,,,,
submodality,"['What is the most likely microscopy submodality used to acquire this image? synthetic', 'What is the most likely microscopy submodality used to acquire this image? darkfield microscopy', 'What is the most likely microscopy submodality used to acquire this image? differential interference contrast microscopy', 'What is the most likely microscopy submodality used to acquire this image? phase contrast microscopy', 'What is the most likely microscopy submodality used to acquire this image? brightfield microscopy', 'What is the most likely microscopy submodality used to acquire this image? none of the above']",0c99bfbb-a388-4fe1-828d-7a1bb097dcb9,brightfield microscopy,4,"{'pred': [4], 'probs': [[3.026485062562756e-09, 6.839684374426724e-06, 9.625716046457455e-08, 2.656702463355032e-06, 0.9999903440475464, 1.6576219508124268e-08]], 'pred_prompt': ['What is the most likely microscopy submodality used to acquire this image? brightfield microscopy']}",2.0,,,,,
modality,"['What is the most likely microscopy modality used to acquire this image? electron microscopy', 'What is the most likely microscopy modality used to acquire this image? fluorescence microscopy', 'What is the most likely microscopy modality used to acquire this image? light microscopy', 'What is the most likely microscopy modality used to acquire this image? none of the above']",c2ff6723-1f95-4372-8154-7d47afe36af0,light microscopy,2,"{'pred': [2], 'probs': [[2.4943406629063247e-07, 5.1655383970228286e-08, 0.9999997615814209, 4.672933595628592e-09]], 'pred_prompt': ['What is the most likely microscopy modality used to acquire this image? light microscopy']}",2.0,,,,,
domain,"['What is the most likely field of study this micrograph would be used for? pathology', 'What is the most likely field of study this micrograph would be used for? dermatology', 'What is the most likely field of study this micrograph would be used for? radiology', 'What is the most likely field of study this micrograph would be used for? ophthalmology', 'What is the most likely field of study this micrograph would be used for? biology', 'What is the most likely field of study this micrograph would be used for? none of the above']",7e29a212-6f0b-4755-8143-e0a8bc12eea5,pathology,0,"{'pred': [0], 'probs': [[0.9999998807907104, 1.952465966681416e-09, 6.511069905457134e-09, 3.4103189161527325e-09, 7.796138845606038e-08, 3.611351573340471e-08]], 'pred_prompt': ['What is the most likely field of study this micrograph would be used for? pathology']}",2.0,,,,,
stain,"['What is the most likely technique used to stain this micrograph? Basic fuchsin', 'What is the most likely technique used to stain this micrograph? IHC(HDab)', 'What is the most likely technique used to stain this micrograph? Ziehl-Neelsen', 'What is the most likely technique used to stain this micrograph? H&E', 'What is the most likely technique used to stain this micrograph? Giemsa', 'What is the most likely technique used to stain this micrograph? none of the above']",a7391f36-df82-4495-af1f-5ddf29806f8d,IHC(HDab),1,"{'pred': [1], 'probs': [[5.836238603507127e-09, 0.9999958276748657, 6.258483864485243e-08, 4.4930871467840916e-08, 3.6944290968676796e-06, 3.825101941856701e-07]], 'pred_prompt': ['What is the most likely technique used to stain this micrograph? IHC(HDab)']}",2.0,,,,,
submodality,"['What is the most likely microscopy submodality used to acquire this image? polarized light microscopy', 'What is the most likely microscopy submodality used to acquire this image? differential interference contrast microscopy', 'What is the most likely microscopy submodality used to acquire this image? synthetic', 'What is the most likely microscopy submodality used to acquire this image? darkfield microscopy', 'What is the most likely microscopy submodality used to acquire this image? brightfield microscopy', 'What is the most likely microscopy submodality used to acquire this image? none of the above']",1175f5fd-b661-4fe4-8ea5-8ad1ba40a480,brightfield microscopy,4,"{'pred': [4], 'probs': [[5.433853971226199e-07, 4.1503147940602503e-07, 5.5255543196519596e-11, 4.630425678442407e-07, 0.9999985694885254, 9.319581772970764e-10]], 'pred_prompt': ['What is the most likely microscopy submodality used to acquire this image? brightfield microscopy']}",2.0,,,,,
modality,"['What is the most likely microscopy modality used to acquire this image? light microscopy', 'What is the most likely microscopy modality used to acquire this image? fluorescence microscopy', 'What is the most likely microscopy modality used to acquire this image? electron microscopy', 'What is the most likely microscopy modality used to acquire this image? none of the above']",372c8ca3-c116-4f48-962d-436723e41f37,light microscopy,0,"{'pred': [0], 'probs': [[0.9999969005584717, 4.263284552052937e-07, 2.4547084649384487e-06, 1.7114356865022273e-07]], 'pred_prompt': ['What is the most likely microscopy modality used to acquire this image? light microscopy']}",2.0,,,,,
domain,"['What is the most likely field of study this micrograph would be used for? ophthalmology', 'What is the most likely field of study this micrograph would be used for? pathology', 'What is the most likely field of study this micrograph would be used for? dermatology', 'What is the most likely field of study this micrograph would be used for? cytology', 'What is the most likely field of study this micrograph would be used for? biology', 'What is the most likely field of study this micrograph would be used for? none of the above']",e8dcbe89-b119-476a-ac19-bc417b68ae32,pathology,1,"{'pred': [1], 'probs': [[9.554698143787732e-10, 1.0, 3.5880680648858743e-09, 5.493838717285371e-10, 1.7990246792276565e-10, 3.1220664942210874e-10]], 'pred_prompt': ['What is the most likely field of study this micrograph would be used for? pathology']}",2.0,,,,,
submodality,"['What is the most likely microscopy submodality used to acquire this image? brightfield microscopy', 'What is the most likely microscopy submodality used to acquire this image? synthetic', 'What is the most likely microscopy submodality used to acquire this image? polarized light microscopy', 'What is the most likely microscopy submodality used to acquire this image? mixed', 'What is the most likely microscopy submodality used to acquire this image? phase contrast microscopy', 'What is the most likely microscopy submodality used to acquire this image? none of the above']",014f8dc8-8993-4978-a030-48ecc66b755c,brightfield microscopy,0,"{'pred': [0], 'probs': [[0.999994158744812, 1.4451514984692437e-10, 6.273045300986269e-07, 6.340437508356445e-09, 5.295984919939656e-06, 9.92499082919096e-10]], 'pred_prompt': ['What is the most likely microscopy submodality used to acquire this image? brightfield microscopy']}",2.0,,,,,
modality,"['What is the most likely microscopy modality used to acquire this image? fluorescence microscopy', 'What is the most likely microscopy modality used to acquire this image? electron microscopy', 'What is the most likely microscopy modality used to acquire this image? light microscopy', 'What is the most likely microscopy modality used to acquire this image? none of the above']",9710f006-37ad-4085-9bfb-4e1aeea09826,light microscopy,2,"{'pred': [2], 'probs': [[7.643492061504276e-09, 7.257575163066576e-08, 0.9999998807907104, 7.045357186541423e-09]], 'pred_prompt': ['What is the most likely microscopy modality used to acquire this image? light microscopy']}",2.0,,,,,
domain,"['What is the most likely field of study this micrograph would be used for? pathology', 'What is the most likely field of study this micrograph would be used for? biology', 'What is the most likely field of study this micrograph would be used for? dermatology', 'What is the most likely field of study this micrograph would be used for? cytology', 'What is the most likely field of study this micrograph would be used for? radiology', 'What is the most likely field of study this micrograph would be used for? none of the above']",3aff1dbe-cf10-490e-9e12-800fa72fd75e,pathology,0,"{'pred': [0], 'probs': [[0.9999997615814209, 4.893274052619745e-08, 4.856203261738301e-08, 1.500407762478062e-07, 3.922558278190991e-09, 4.2162362490216765e-09]], 'pred_prompt': ['What is the most likely field of study this micrograph would be used for? pathology']}",2.0,,,,,
stain,"['What is the most likely technique used to stain this micrograph? IHC(HDab)', 'What is the most likely technique used to stain this micrograph? Toluidine Blue', 'What is the most likely technique used to stain this micrograph? H&E', 'What is the most likely technique used to stain this micrograph? Ziehl-Neelsen', 'What is the most likely technique used to stain this micrograph? Alcian Blue', 'What is the most likely technique used to stain this micrograph? none of the above']",0432b4b4-581a-4d40-8323-813a9f1b0ba4,IHC(HDab),0,"{'pred': [0], 'probs': [[0.9999997615814209, 2.671799725906254e-10, 3.871207709948976e-08, 2.314664904190522e-09, 7.537073543062434e-08, 1.0800355454421151e-07]], 'pred_prompt': ['What is the most likely technique used to stain this micrograph? IHC(HDab)']}",2.0,,,,,
modality,"['What is the most likely microscopy modality used to acquire this image? light microscopy', 'What is the most likely microscopy modality used to acquire this image? electron microscopy', 'What is the most likely microscopy modality used to acquire this image? fluorescence microscopy', 'What is the most likely microscopy modality used to acquire this image? none of the above']",670b52fa-7f34-4bba-9818-3a9437b9b241,light microscopy,0,"{'pred': [0], 'probs': [[0.9999996423721313, 1.5505850825547896e-08, 1.9782503102305782e-07, 9.995460459322203e-08]], 'pred_prompt': ['What is the most likely microscopy modality used to acquire this image? light microscopy']}",2.0,,,,,
stain,"['What is the most likely technique used to stain this micrograph? Giemsa', 'What is the most likely technique used to stain this micrograph? Masson Trichrome', 'What is the most likely technique used to stain this micrograph? IHC(HDab)', 'What is the most likely technique used to stain this micrograph? Ziehl-Neelsen', 'What is the most likely technique used to stain this micrograph? Toluidine Blue', 'What is the most likely technique used to stain this micrograph? none of the above']",c25ddada-9dac-45c6-802c-9fd4a8cfa75a,IHC(HDab),2,"{'pred': [2], 'probs': [[1.441163249182864e-06, 8.104976689793375e-10, 0.9999979734420776, 2.7522332857188303e-08, 3.280354832213561e-08, 6.187167969073926e-07]], 'pred_prompt': ['What is the most likely technique used to stain this micrograph? IHC(HDab)']}",2.0,,,,,
stain,"['What is the most likely technique used to stain this micrograph? H&E', 'What is the most likely technique used to stain this micrograph? Congo Red', 'What is the most likely technique used to stain this micrograph? synthetic', 'What is the most likely technique used to stain this micrograph? Gram', 'What is the most likely technique used to stain this micrograph? IHC(HDab)', 'What is the most likely technique used to stain this micrograph? none of the above']",9ac4cd1b-afac-4bc3-9883-c59a69247ad4,IHC(HDab),4,"{'pred': [4], 'probs': [[1.271354364007493e-07, 8.687156878295355e-06, 1.3904957185673084e-09, 8.815532055450603e-06, 0.9999816417694092, 7.905579764155846e-07]], 'pred_prompt': ['What is the most likely technique used to stain this micrograph? IHC(HDab)']}",2.0,,,,,
modality,"['What is the most likely microscopy modality used to acquire this image? fluorescence microscopy', 'What is the most likely microscopy modality used to acquire this image? electron microscopy', 'What is the most likely microscopy modality used to acquire this image? light microscopy', 'What is the most likely microscopy modality used to acquire this image? none of the above']",a677ba00-6ff8-4a54-8973-52290cd522e4,light microscopy,2,"{'pred': [2], 'probs': [[1.1771642327573772e-08, 1.9604011924911902e-07, 0.9999997615814209, 9.180590510027287e-09]], 'pred_prompt': ['What is the most likely microscopy modality used to acquire this image? light microscopy']}",2.0,,,,,
stain,"['What is the most likely technique used to stain this micrograph? IHC(HDab)', 'What is the most likely technique used to stain this micrograph? None', 'What is the most likely technique used to stain this micrograph? H&E', 'What is the most likely technique used to stain this micrograph? Congo Red', 'What is the most likely technique used to stain this micrograph? synthetic', 'What is the most likely technique used to stain this micrograph? none of the above']",7ea4bf56-b470-4e16-a90e-ce176e2e9da8,IHC(HDab),0,"{'pred': [0], 'probs': [[0.9999982118606567, 4.377411144673715e-08, 7.670527324421528e-09, 1.6975162679955247e-06, 4.5685667054984336e-11, 9.448528714983695e-08]], 'pred_prompt': ['What is the most likely technique used to stain this micrograph? IHC(HDab)']}",2.0,,,,,
submodality,"['What is the most likely microscopy submodality used to acquire this image? differential interference contrast microscopy', 'What is the most likely microscopy submodality used to acquire this image? mixed', 'What is the most likely microscopy submodality used to acquire this image? synthetic', 'What is the most likely microscopy submodality used to acquire this image? brightfield microscopy', 'What is the most likely microscopy submodality used to acquire this image? polarized light microscopy', 'What is the most likely microscopy submodality used to acquire this image? none of the above']",e77373e6-6d1f-4208-86fb-43e32707ecab,brightfield microscopy,3,"{'pred': [3], 'probs': [[3.108331370071937e-08, 1.732845049673415e-07, 1.9445420829100613e-09, 0.9999996423721313, 5.050788942639883e-08, 9.554754321072778e-09]], 'pred_prompt': ['What is the most likely microscopy submodality used to acquire this image? brightfield microscopy']}",2.0,,,,,
submodality,"['What is the most likely microscopy submodality used to acquire this image? polarized light microscopy', 'What is the most likely microscopy submodality used to acquire this image? darkfield microscopy', 'What is the most likely microscopy submodality used to acquire this image? phase contrast microscopy', 'What is the most likely microscopy submodality used to acquire this image? mixed', 'What is the most likely microscopy submodality used to acquire this image? brightfield microscopy', 'What is the most likely microscopy submodality used to acquire this image? none of the above']",370c405e-e468-4817-98f0-ccba20ad07a2,brightfield microscopy,4,"{'pred': [4], 'probs': [[6.352917694130156e-07, 8.385327419091482e-06, 1.6833573681651615e-05, 1.7278203756632138e-07, 0.9999740123748779, 2.5524414581923338e-08]], 'pred_prompt': ['What is the most likely microscopy submodality used to acquire this image? brightfield microscopy']}",2.0,,,,,
submodality,"['What is the most likely microscopy submodality used to acquire this image? brightfield microscopy', 'What is the most likely microscopy submodality used to acquire this image? synthetic', 'What is the most likely microscopy submodality used to acquire this image? phase contrast microscopy', 'What is the most likely microscopy submodality used to acquire this image? polarized light microscopy', 'What is the most likely microscopy submodality used to acquire this image? differential interference contrast microscopy', 'What is the most likely microscopy submodality used to acquire this image? none of the above']",f8900e8e-7ca9-46b7-a18e-299f9b97bfcf,brightfield microscopy,0,"{'pred': [0], 'probs': [[0.9999727010726929, 5.772092248612637e-10, 2.5168415959342383e-05, 2.1131586436240468e-07, 1.8810756046150345e-06, 3.8227867094065004e-08]], 'pred_prompt': ['What is the most likely microscopy submodality used to acquire this image? brightfield microscopy']}",2.0,,,,,
submodality,"['What is the most likely microscopy submodality used to acquire this image? differential interference contrast microscopy', 'What is the most likely microscopy submodality used to acquire this image? polarized light microscopy', 'What is the most likely microscopy submodality used to acquire this image? synthetic', 'What is the most likely microscopy submodality used to acquire this image? brightfield microscopy', 'What is the most likely microscopy submodality used to acquire this image? mixed', 'What is the most likely microscopy submodality used to acquire this image? none of the above']",eae22f42-e74f-4c1c-b15a-59cd6bc0926a,brightfield microscopy,3,"{'pred': [3], 'probs': [[2.4541535026401107e-07, 8.395689405915618e-07, 3.717143037818005e-09, 0.9999983310699463, 4.3544551431295986e-07, 5.487656551395048e-08]], 'pred_prompt': ['What is the most likely microscopy submodality used to acquire this image? brightfield microscopy']}",2.0,,,,,
modality,"['What is the most likely microscopy modality used to acquire this image? electron microscopy', 'What is the most likely microscopy modality used to acquire this image? fluorescence microscopy', 'What is the most likely microscopy modality used to acquire this image? light microscopy', 'What is the most likely microscopy modality used to acquire this image? none of the above']",59b5fa87-cbde-450a-83c4-015b7bd2dae1,light microscopy,2,"{'pred': [2], 'probs': [[1.0299419272996602e-06, 1.3663466802427138e-07, 0.9999988079071045, 3.390263714209141e-08]], 'pred_prompt': ['What is the most likely microscopy modality used to acquire this image? light microscopy']}",2.0,,,,,
modality,"['What is the most likely microscopy modality used to acquire this image? electron microscopy', 'What is the most likely microscopy modality used to acquire this image? fluorescence microscopy', 'What is the most likely microscopy modality used to acquire this image? light microscopy', 'What is the most likely microscopy modality used to acquire this image? none of the above']",33383d47-a79b-4a58-963a-c7ff9c7f0aa6,light microscopy,2,"{'pred': [2], 'probs': [[4.6795594244031236e-05, 2.5195661237376044e-06, 0.9999496936798096, 9.180201914205099e-07]], 'pred_prompt': ['What is the most likely microscopy modality used to acquire this image? light microscopy']}",2.0,,,,,
domain,"['What is the most likely field of study this micrograph would be used for? dermatology', 'What is the most likely field of study this micrograph would be used for? biology', 'What is the most likely field of study this micrograph would be used for? radiology', 'What is the most likely field of study this micrograph would be used for? ophthalmology', 'What is the most likely field of study this micrograph would be used for? pathology', 'What is the most likely field of study this micrograph would be used for? none of the above']",0464e256-43fe-4ef7-9504-9a3f70e8e80c,pathology,4,"{'pred': [4], 'probs': [[8.147485175413749e-08, 1.0464007438315548e-08, 3.10681302906346e-09, 2.359539941210187e-08, 0.9999998807907104, 1.0841465503119707e-08]], 'pred_prompt': ['What is the most likely field of study this micrograph would be used for? pathology']}",2.0,,,,,
modality,"['What is the most likely microscopy modality used to acquire this image? fluorescence microscopy', 'What is the most likely microscopy modality used to acquire this image? light microscopy', 'What is the most likely microscopy modality used to acquire this image? electron microscopy', 'What is the most likely microscopy modality used to acquire this image? none of the above']",6075fdd0-a174-45e8-937c-b928c6f42147,light microscopy,1,"{'pred': [1], 'probs': [[4.819984951609513e-06, 0.9999836683273315, 6.97697350915405e-06, 4.489164894039277e-06]], 'pred_prompt': ['What is the most likely microscopy modality used to acquire this image? light microscopy']}",2.0,,,,,
stain,"['What is the most likely technique used to stain this micrograph? PAS', 'What is the most likely technique used to stain this micrograph? IHC(HDab)', 'What is the most likely technique used to stain this micrograph? Masson Trichrome', 'What is the most likely technique used to stain this micrograph? Basic fuchsin', 'What is the most likely technique used to stain this micrograph? IHC(Red)', 'What is the most likely technique used to stain this micrograph? none of the above']",4b848650-027f-4698-9070-ef5425dd622a,IHC(HDab),1,"{'pred': [1], 'probs': [[2.489711960151908e-06, 0.9968727231025696, 1.8617992481040346e-08, 6.04018168814946e-09, 0.0031233690679073334, 1.3849909237251268e-06]], 'pred_prompt': ['What is the most likely technique used to stain this micrograph? IHC(HDab)']}",2.0,,,,,
submodality,"['What is the most likely microscopy submodality used to acquire this image? synthetic', 'What is the most likely microscopy submodality used to acquire this image? phase contrast microscopy', 'What is the most likely microscopy submodality used to acquire this image? differential interference contrast microscopy', 'What is the most likely microscopy submodality used to acquire this image? darkfield microscopy', 'What is the most likely microscopy submodality used to acquire this image? brightfield microscopy', 'What is the most likely microscopy submodality used to acquire this image? none of the above']",8177bfa2-a4d3-4731-b8c0-eaddcf49b6ab,brightfield microscopy,4,"{'pred': [4], 'probs': [[1.1685487646961867e-11, 3.766386953429901e-06, 6.067826916478225e-07, 6.531891472150164e-07, 0.9999949932098389, 1.5043671863779196e-10]], 'pred_prompt': ['What is the most likely microscopy submodality used to acquire this image? brightfield microscopy']}",2.0,,,,,
submodality,"['What is the most likely microscopy submodality used to acquire this image? brightfield microscopy', 'What is the most likely microscopy submodality used to acquire this image? synthetic', 'What is the most likely microscopy submodality used to acquire this image? mixed', 'What is the most likely microscopy submodality used to acquire this image? darkfield microscopy', 'What is the most likely microscopy submodality used to acquire this image? polarized light microscopy', 'What is the most likely microscopy submodality used to acquire this image? none of the above']",6884bedf-d2cd-471b-93d8-940936ef92b3,brightfield microscopy,0,"{'pred': [0], 'probs': [[0.9999969005584717, 5.782979428659019e-09, 8.61175522004487e-08, 7.675661208850215e-07, 2.1822177131980425e-06, 2.8780533511962858e-08]], 'pred_prompt': ['What is the most likely microscopy submodality used to acquire this image? brightfield microscopy']}",2.0,,,,,
stain,"['What is the most likely technique used to stain this micrograph? H&E', 'What is the most likely technique used to stain this micrograph? IHC(Red)', 'What is the most likely technique used to stain this micrograph? Wright-Giemsa', 'What is the most likely technique used to stain this micrograph? Masson Trichrome', 'What is the most likely technique used to stain this micrograph? Congo Red', 'What is the most likely technique used to stain this micrograph? none of the above']",86e4b32e-8264-4a18-bc61-40773a4d15ab,IHC(Red),1,"{'pred': [1], 'probs': [[3.0956766750023235e-07, 0.9986900687217712, 3.7914724089205265e-06, 5.965343916614074e-07, 0.0012589787365868688, 4.625659130397253e-05]], 'pred_prompt': ['What is the most likely technique used to stain this micrograph? IHC(Red)']}",2.0,,,,,
submodality,"['What is the most likely microscopy submodality used to acquire this image? mixed', 'What is the most likely microscopy submodality used to acquire this image? synthetic', 'What is the most likely microscopy submodality used to acquire this image? polarized light microscopy', 'What is the most likely microscopy submodality used to acquire this image? brightfield microscopy', 'What is the most likely microscopy submodality used to acquire this image? darkfield microscopy', 'What is the most likely microscopy submodality used to acquire this image? none of the above']",692b1faf-415e-4292-b3c6-7e65807daec8,brightfield microscopy,3,"{'pred': [3], 'probs': [[5.170213626115583e-07, 3.15196646560878e-09, 0.0001589056191733107, 0.9998396635055542, 8.594998348598892e-07, 5.105728462240222e-08]], 'pred_prompt': ['What is the most likely microscopy submodality used to acquire this image? brightfield microscopy']}",2.0,,,,,
stain,"['What is the most likely technique used to stain this micrograph? Alcian Blue', 'What is the most likely technique used to stain this micrograph? IHC(Red)', 'What is the most likely technique used to stain this micrograph? H&E', 'What is the most likely technique used to stain this micrograph? None', 'What is the most likely technique used to stain this micrograph? IHC(HDab)', 'What is the most likely technique used to stain this micrograph? none of the above']",15110b33-f9e3-41d3-8cbf-4be60edca186,IHC(HDab),4,"{'pred': [4], 'probs': [[1.1314718761923359e-07, 0.001227072556503117, 1.3069550277577946e-06, 2.0959107587259496e-06, 0.9987620115280151, 7.463275323971175e-06]], 'pred_prompt': ['What is the most likely technique used to stain this micrograph? IHC(HDab)']}",2.0,,,,,
modality,"['What is the most likely microscopy modality used to acquire this image? light microscopy', 'What is the most likely microscopy modality used to acquire this image? electron microscopy', 'What is the most likely microscopy modality used to acquire this image? fluorescence microscopy', 'What is the most likely microscopy modality used to acquire this image? none of the above']",6565a703-8bd0-4acf-838b-24b4ea244185,light microscopy,0,"{'pred': [0], 'probs': [[0.9999986886978149, 1.0979326816595858e-06, 1.5927750496302906e-07, 5.1589751137726125e-08]], 'pred_prompt': ['What is the most likely microscopy modality used to acquire this image? light microscopy']}",2.0,,,,,
submodality,"['What is the most likely microscopy submodality used to acquire this image? polarized light microscopy', 'What is the most likely microscopy submodality used to acquire this image? differential interference contrast microscopy', 'What is the most likely microscopy submodality used to acquire this image? brightfield microscopy', 'What is the most likely microscopy submodality used to acquire this image? darkfield microscopy', 'What is the most likely microscopy submodality used to acquire this image? synthetic', 'What is the most likely microscopy submodality used to acquire this image? none of the above']",b403507e-1923-4003-9d4a-dc4150f5711c,brightfield microscopy,2,"{'pred': [2], 'probs': [[1.7095634063934995e-07, 1.2578486519032595e-07, 0.9999980926513672, 1.5988533732524957e-06, 3.921668767503661e-09, 3.5573911816300097e-08]], 'pred_prompt': ['What is the most likely microscopy submodality used to acquire this image? brightfield microscopy']}",2.0,,,,,
modality,"['What is the most likely microscopy modality used to acquire this image? fluorescence microscopy', 'What is the most likely microscopy modality used to acquire this image? light microscopy', 'What is the most likely microscopy modality used to acquire this image? electron microscopy', 'What is the most likely microscopy modality used to acquire this image? none of the above']",10db48f5-30cb-4c51-af81-5859f765c15f,light microscopy,1,"{'pred': [1], 'probs': [[1.7454960470786318e-05, 0.999914288520813, 5.028830855735578e-06, 6.32298833806999e-05]], 'pred_prompt': ['What is the most likely microscopy modality used to acquire this image? light microscopy']}",2.0,,,,,
submodality,"['What is the most likely microscopy submodality used to acquire this image? differential interference contrast microscopy', 'What is the most likely microscopy submodality used to acquire this image? phase contrast microscopy', 'What is the most likely microscopy submodality used to acquire this image? darkfield microscopy', 'What is the most likely microscopy submodality used to acquire this image? polarized light microscopy', 'What is the most likely microscopy submodality used to acquire this image? brightfield microscopy', 'What is the most likely microscopy submodality used to acquire this image? none of the above']",8ae0a268-8f8e-4b97-9a13-ee9522078af6,brightfield microscopy,4,"{'pred': [4], 'probs': [[1.6371137689930038e-07, 4.3788928451249376e-05, 4.26787801188766e-06, 7.325383677425634e-08, 0.9999517202377319, 3.303798123965862e-09]], 'pred_prompt': ['What is the most likely microscopy submodality used to acquire this image? brightfield microscopy']}",2.0,,,,,
submodality,"['What is the most likely microscopy submodality used to acquire this image? differential interference contrast microscopy', 'What is the most likely microscopy submodality used to acquire this image? synthetic', 'What is the most likely microscopy submodality used to acquire this image? mixed', 'What is the most likely microscopy submodality used to acquire this image? darkfield microscopy', 'What is the most likely microscopy submodality used to acquire this image? brightfield microscopy', 'What is the most likely microscopy submodality used to acquire this image? none of the above']",24503192-d598-498a-a45f-29a3142e53c6,brightfield microscopy,4,"{'pred': [4], 'probs': [[0.0001556013012304902, 1.6857893569977023e-07, 1.7062051256289124e-06, 4.697837994172005e-06, 0.9998375177383423, 3.3600309734538314e-07]], 'pred_prompt': ['What is the most likely microscopy submodality used to acquire this image? brightfield microscopy']}",2.0,,,,,
submodality,"['What is the most likely microscopy submodality used to acquire this image? darkfield microscopy', 'What is the most likely microscopy submodality used to acquire this image? differential interference contrast microscopy', 'What is the most likely microscopy submodality used to acquire this image? brightfield microscopy', 'What is the most likely microscopy submodality used to acquire this image? mixed', 'What is the most likely microscopy submodality used to acquire this image? phase contrast microscopy', 'What is the most likely microscopy submodality used to acquire this image? none of the above']",2dc1f178-d887-4129-8e49-6cf1fa932f23,brightfield microscopy,2,"{'pred': [2], 'probs': [[3.4479432997613912e-06, 1.0748385648184922e-06, 0.9999498128890991, 2.552714795456268e-05, 1.8056181943393312e-05, 2.1663936422555707e-06]], 'pred_prompt': ['What is the most likely microscopy submodality used to acquire this image? brightfield microscopy']}",2.0,,,,,
submodality,"['What is the most likely microscopy submodality used to acquire this image? phase contrast microscopy', 'What is the most likely microscopy submodality used to acquire this image? mixed', 'What is the most likely microscopy submodality used to acquire this image? darkfield microscopy', 'What is the most likely microscopy submodality used to acquire this image? brightfield microscopy', 'What is the most likely microscopy submodality used to acquire this image? polarized light microscopy', 'What is the most likely microscopy submodality used to acquire this image? none of the above']",e3cb16a0-061c-4f99-aaa2-c05406b2443c,brightfield microscopy,3,"{'pred': [3], 'probs': [[2.217827159256558e-06, 2.318035149073694e-05, 1.0741770893218927e-05, 0.9999555349349976, 6.656131517956965e-06, 1.6553166233279626e-06]], 'pred_prompt': ['What is the most likely microscopy submodality used to acquire this image? brightfield microscopy']}",2.0,,,,,
stain,"['What is the most likely technique used to stain this micrograph? Gram', 'What is the most likely technique used to stain this micrograph? Ziehl-Neelsen', 'What is the most likely technique used to stain this micrograph? Giemsa', 'What is the most likely technique used to stain this micrograph? Masson Trichrome', 'What is the most likely technique used to stain this micrograph? IHC(HDab)', 'What is the most likely technique used to stain this micrograph? none of the above']",55c394f8-ed3f-49f6-9baa-8a19930ab53e,IHC(HDab),4,"{'pred': [4], 'probs': [[3.310566899017431e-05, 1.179586095467755e-09, 9.478471838519908e-07, 2.75813172301298e-09, 0.9999631643295288, 2.7521507490746444e-06]], 'pred_prompt': ['What is the most likely technique used to stain this micrograph? IHC(HDab)']}",2.0,,,,,
domain,"['What is the most likely field of study this micrograph would be used for? cytology', 'What is the most likely field of study this micrograph would be used for? dermatology', 'What is the most likely field of study this micrograph would be used for? biology', 'What is the most likely field of study this micrograph would be used for? ophthalmology', 'What is the most likely field of study this micrograph would be used for? pathology', 'What is the most likely field of study this micrograph would be used for? none of the above']",05dd81fd-d179-4bd3-a914-5777b9b37bd1,pathology,4,"{'pred': [4], 'probs': [[5.515868206629193e-09, 9.291637459440949e-10, 2.2055992587866058e-07, 2.274692434411918e-09, 0.9999996423721313, 7.787382827473266e-08]], 'pred_prompt': ['What is the most likely field of study this micrograph would be used for? pathology']}",2.0,,,,,
domain,"['What is the most likely field of study this micrograph would be used for? radiology', 'What is the most likely field of study this micrograph would be used for? pathology', 'What is the most likely field of study this micrograph would be used for? biology', 'What is the most likely field of study this micrograph would be used for? cytology', 'What is the most likely field of study this micrograph would be used for? dermatology', 'What is the most likely field of study this micrograph would be used for? none of the above']",f07c4ec9-2c4f-4056-90c2-bc9fdaacf728,pathology,1,"{'pred': [1], 'probs': [[2.5031116068774395e-10, 1.0, 5.866307439816865e-09, 1.0424997531899294e-09, 8.361922820832035e-10, 1.4716218244004153e-09]], 'pred_prompt': ['What is the most likely field of study this micrograph would be used for? pathology']}",2.0,,,,,
stain,"['What is the most likely technique used to stain this micrograph? IHC(Red)', 'What is the most likely technique used to stain this micrograph? Ziehl-Neelsen', 'What is the most likely technique used to stain this micrograph? Alcian Blue', 'What is the most likely technique used to stain this micrograph? IHC(HDab)', 'What is the most likely technique used to stain this micrograph? synthetic', 'What is the most likely technique used to stain this micrograph? none of the above']",aec68aec-7f3f-456e-9ad2-04043deb0cd3,IHC(HDab),3,"{'pred': [3], 'probs': [[0.010203882120549679, 1.1641505892612258e-07, 6.632627673752722e-07, 0.9897934198379517, 7.3602612893353125e-09, 1.8731403770289035e-06]], 'pred_prompt': ['What is the most likely technique used to stain this micrograph? IHC(HDab)']}",2.0,,,,,
submodality,"['What is the most likely microscopy submodality used to acquire this image? brightfield microscopy', 'What is the most likely microscopy submodality used to acquire this image? polarized light microscopy', 'What is the most likely microscopy submodality used to acquire this image? synthetic', 'What is the most likely microscopy submodality used to acquire this image? darkfield microscopy', 'What is the most likely microscopy submodality used to acquire this image? phase contrast microscopy', 'What is the most likely microscopy submodality used to acquire this image? none of the above']",d8645334-25f8-4f23-a954-c96aef90bc7f,brightfield microscopy,0,"{'pred': [0], 'probs': [[0.9999923706054688, 3.0673663786728866e-07, 7.137878395985231e-12, 2.2299002466752427e-06, 5.066358426120132e-06, 3.6014086157720726e-10]], 'pred_prompt': ['What is the most likely microscopy submodality used to acquire this image? brightfield microscopy']}",2.0,,,,,
submodality,"['What is the most likely microscopy submodality used to acquire this image? phase contrast microscopy', 'What is the most likely microscopy submodality used to acquire this image? polarized light microscopy', 'What is the most likely microscopy submodality used to acquire this image? darkfield microscopy', 'What is the most likely microscopy submodality used to acquire this image? brightfield microscopy', 'What is the most likely microscopy submodality used to acquire this image? differential interference contrast microscopy', 'What is the most likely microscopy submodality used to acquire this image? none of the above']",6aed9921-e584-4336-a17d-594090e91e2c,brightfield microscopy,3,"{'pred': [3], 'probs': [[1.0293544619344175e-05, 7.305825278081102e-08, 5.567626431002282e-07, 0.9999885559082031, 4.525507222297165e-07, 5.775336209268289e-09]], 'pred_prompt': ['What is the most likely microscopy submodality used to acquire this image? brightfield microscopy']}",2.0,,,,,
stain,"['What is the most likely technique used to stain this micrograph? Wright-Giemsa', 'What is the most likely technique used to stain this micrograph? Papanicolaou', 'What is the most likely technique used to stain this micrograph? Alcian Blue', 'What is the most likely technique used to stain this micrograph? Masson Trichrome', 'What is the most likely technique used to stain this micrograph? IHC(HDab)', 'What is the most likely technique used to stain this micrograph? none of the above']",952f9fa0-c6e8-40d9-89cb-68f9f0277bc3,IHC(HDab),4,"{'pred': [4], 'probs': [[9.968388781089743e-08, 5.8090442678349063e-08, 2.6082428661311496e-08, 5.713406969753976e-10, 0.9999997615814209, 7.5473018057437e-08]], 'pred_prompt': ['What is the most likely technique used to stain this micrograph? IHC(HDab)']}",2.0,,,,,
modality,"['What is the most likely microscopy modality used to acquire this image? light microscopy', 'What is the most likely microscopy modality used to acquire this image? fluorescence microscopy', 'What is the most likely microscopy modality used to acquire this image? electron microscopy', 'What is the most likely microscopy modality used to acquire this image? none of the above']",74aaccbc-36b5-442d-90ad-2b7fb9f8fa40,light microscopy,0,"{'pred': [0], 'probs': [[0.9999995231628418, 2.018033313788692e-07, 2.6867917313211365e-07, 7.320802808408189e-08]], 'pred_prompt': ['What is the most likely microscopy modality used to acquire this image? light microscopy']}",2.0,,,,,
domain,"['What is the most likely field of study this micrograph would be used for? radiology', 'What is the most likely field of study this micrograph would be used for? ophthalmology', 'What is the most likely field of study this micrograph would be used for? biology', 'What is the most likely field of study this micrograph would be used for? pathology', 'What is the most likely field of study this micrograph would be used for? cytology', 'What is the most likely field of study this micrograph would be used for? none of the above']",8264421e-4344-473a-8fd0-de48bca62c17,pathology,3,"{'pred': [3], 'probs': [[2.4252235775179543e-08, 3.3927992859617007e-08, 6.464575108111603e-06, 0.9999910593032837, 8.915375815377047e-07, 1.5165016975515755e-06]], 'pred_prompt': ['What is the most likely field of study this micrograph would be used for? pathology']}",2.0,,,,,
domain,"['What is the most likely field of study this micrograph would be used for? pathology', 'What is the most likely field of study this micrograph would be used for? biology', 'What is the most likely field of study this micrograph would be used for? radiology', 'What is the most likely field of study this micrograph would be used for? ophthalmology', 'What is the most likely field of study this micrograph would be used for? dermatology', 'What is the most likely field of study this micrograph would be used for? none of the above']",6aed9921-e584-4336-a17d-594090e91e2c,pathology,0,"{'pred': [0], 'probs': [[1.0, 3.398967995948965e-09, 1.7139978325531047e-10, 7.164742688026138e-10, 1.0271519190752088e-09, 2.7808039204657575e-10]], 'pred_prompt': ['What is the most likely field of study this micrograph would be used for? pathology']}",2.0,,,,,
domain,"['What is the most likely field of study this micrograph would be used for? radiology', 'What is the most likely field of study this micrograph would be used for? ophthalmology', 'What is the most likely field of study this micrograph would be used for? pathology', 'What is the most likely field of study this micrograph would be used for? dermatology', 'What is the most likely field of study this micrograph would be used for? biology', 'What is the most likely field of study this micrograph would be used for? none of the above']",4dac841c-727c-4d7f-bf7d-d24ee8ab91d9,pathology,2,"{'pred': [2], 'probs': [[3.895076206017478e-10, 5.446159079269819e-10, 1.0, 2.1486214196730913e-10, 6.9874377395251486e-09, 4.418132082406601e-09]], 'pred_prompt': ['What is the most likely field of study this micrograph would be used for? pathology']}",2.0,,,,,
stain,"['What is the most likely technique used to stain this micrograph? IHC(Red)', 'What is the most likely technique used to stain this micrograph? IHC(HDab)', 'What is the most likely technique used to stain this micrograph? synthetic', 'What is the most likely technique used to stain this micrograph? Giemsa', 'What is the most likely technique used to stain this micrograph? H&E', 'What is the most likely technique used to stain this micrograph? none of the above']",4c02c61d-4e79-4cda-8066-2c99e63b6d2a,IHC(HDab),1,"{'pred': [1], 'probs': [[2.2261372578213923e-05, 0.9999774694442749, 2.4723310204644022e-11, 1.741132109600585e-07, 1.3009509025607713e-09, 7.572511862008469e-08]], 'pred_prompt': ['What is the most likely technique used to stain this micrograph? IHC(HDab)']}",2.0,,,,,
stain,"['What is the most likely technique used to stain this micrograph? Alcian Blue', 'What is the most likely technique used to stain this micrograph? IHC(HDab)', 'What is the most likely technique used to stain this micrograph? synthetic', 'What is the most likely technique used to stain this micrograph? Wright-Giemsa', 'What is the most likely technique used to stain this micrograph? Gram', 'What is the most likely technique used to stain this micrograph? none of the above']",38533ad7-c75b-4d19-905b-65596d5ffcdc,IHC(HDab),1,"{'pred': [1], 'probs': [[1.2729615264106542e-06, 0.99986732006073, 1.943289476002974e-07, 4.851850690101855e-07, 7.71463819546625e-05, 5.3467410907614976e-05]], 'pred_prompt': ['What is the most likely technique used to stain this micrograph? IHC(HDab)']}",2.0,,,,,
submodality,"['What is the most likely microscopy submodality used to acquire this image? differential interference contrast microscopy', 'What is the most likely microscopy submodality used to acquire this image? brightfield microscopy', 'What is the most likely microscopy submodality used to acquire this image? mixed', 'What is the most likely microscopy submodality used to acquire this image? polarized light microscopy', 'What is the most likely microscopy submodality used to acquire this image? phase contrast microscopy', 'What is the most likely microscopy submodality used to acquire this image? none of the above']",bb148b97-bc72-4e5c-9b75-cc9c321608b1,brightfield microscopy,1,"{'pred': [1], 'probs': [[5.5079799494706094e-06, 0.9999402761459351, 6.5036940277707345e-09, 8.553503221264691e-07, 5.332485307008028e-05, 6.456426504541923e-10]], 'pred_prompt': ['What is the most likely microscopy submodality used to acquire this image? brightfield microscopy']}",2.0,,,,,
modality,"['What is the most likely microscopy modality used to acquire this image? fluorescence microscopy', 'What is the most likely microscopy modality used to acquire this image? light microscopy', 'What is the most likely microscopy modality used to acquire this image? electron microscopy', 'What is the most likely microscopy modality used to acquire this image? none of the above']",a3a62163-dcd9-4e11-845f-b6b5baa46e4b,light microscopy,1,"{'pred': [1], 'probs': [[1.1530574738571886e-05, 0.9999121427536011, 6.893332465551794e-05, 7.424414434353821e-06]], 'pred_prompt': ['What is the most likely microscopy modality used to acquire this image? light microscopy']}",2.0,,,,,
domain,"['What is the most likely field of study this micrograph would be used for? ophthalmology', 'What is the most likely field of study this micrograph would be used for? dermatology', 'What is the most likely field of study this micrograph would be used for? cytology', 'What is the most likely field of study this micrograph would be used for? radiology', 'What is the most likely field of study this micrograph would be used for? pathology', 'What is the most likely field of study this micrograph would be used for? none of the above']",abdb2a9d-cc7a-48a5-be6b-71fd769c7b6e,pathology,4,"{'pred': [4], 'probs': [[6.878762559558993e-10, 4.6398875852560195e-09, 1.850560815697122e-10, 9.563021381719938e-12, 1.0, 7.607389718167212e-10]], 'pred_prompt': ['What is the most likely field of study this micrograph would be used for? pathology']}",2.0,,,,,
submodality,"['What is the most likely microscopy submodality used to acquire this image? mixed', 'What is the most likely microscopy submodality used to acquire this image? darkfield microscopy', 'What is the most likely microscopy submodality used to acquire this image? phase contrast microscopy', 'What is the most likely microscopy submodality used to acquire this image? brightfield microscopy', 'What is the most likely microscopy submodality used to acquire this image? differential interference contrast microscopy', 'What is the most likely microscopy submodality used to acquire this image? none of the above']",8656c6c7-8f4a-44da-9b3a-7e6a2a98d23c,brightfield microscopy,3,"{'pred': [3], 'probs': [[4.988454520571395e-07, 1.0716072210925631e-05, 4.0510857957087865e-07, 0.999988317489624, 7.600434059895633e-08, 3.9415645858298376e-08]], 'pred_prompt': ['What is the most likely microscopy submodality used to acquire this image? brightfield microscopy']}",2.0,,,,,
domain,"['What is the most likely field of study this micrograph would be used for? ophthalmology', 'What is the most likely field of study this micrograph would be used for? biology', 'What is the most likely field of study this micrograph would be used for? pathology', 'What is the most likely field of study this micrograph would be used for? dermatology', 'What is the most likely field of study this micrograph would be used for? cytology', 'What is the most likely field of study this micrograph would be used for? none of the above']",126336f2-6d4d-4c68-965f-359fcd1b8f88,pathology,2,"{'pred': [2], 'probs': [[1.7214513148289257e-10, 3.927919323132301e-09, 1.0, 2.47180331758301e-10, 7.134278723341936e-10, 8.633564418936146e-10]], 'pred_prompt': ['What is the most likely field of study this micrograph would be used for? pathology']}",2.0,,,,,
domain,"['What is the most likely field of study this micrograph would be used for? ophthalmology', 'What is the most likely field of study this micrograph would be used for? radiology', 'What is the most likely field of study this micrograph would be used for? dermatology', 'What is the most likely field of study this micrograph would be used for? pathology', 'What is the most likely field of study this micrograph would be used for? cytology', 'What is the most likely field of study this micrograph would be used for? none of the above']",1e2b9124-91a7-491f-9a34-671a95504f4a,pathology,3,"{'pred': [3], 'probs': [[6.355586492645671e-07, 4.3834287311028675e-09, 9.943335044226842e-08, 0.9999991655349731, 3.3169069268979e-08, 1.2820594008644548e-07]], 'pred_prompt': ['What is the most likely field of study this micrograph would be used for? pathology']}",2.0,,,,,
