question_type,questions,image_id,correct_answer,correct_idx,model_answers,microns_per_pixel,domain,subdomain,modality,submodality,normal_or_abnormal
classification,"['IHC stained light micrograph of extracellular amyloid-beta deposition in the human brain tissue. Based on the image, what is the most likely amyloid beta morphology pattern? Negative', 'IHC stained light micrograph of extracellular amyloid-beta deposition in the human brain tissue. Based on the image, what is the most likely amyloid beta morphology pattern? Caa', 'IHC stained light micrograph of extracellular amyloid-beta deposition in the human brain tissue. Based on the image, what is the most likely amyloid beta morphology pattern? Cored', 'IHC stained light micrograph of extracellular amyloid-beta deposition in the human brain tissue. Based on the image, what is the most likely amyloid beta morphology pattern? Diffuse', 'IHC stained light micrograph of extracellular amyloid-beta deposition in the human brain tissue. Based on the image, what is the most likely amyloid beta morphology pattern? none of the above']",2524e87b-787f-4e22-b570-b69b4565e40d,Cored,2,"{'pred': [2], 'probs': [[0.006090763956308365, 0.03722316399216652, 0.9373162984848022, 0.01801712065935135, 0.0013525992399081588]], 'pred_prompt': ['IHC stained light micrograph of extracellular amyloid-beta deposition in the human brain tissue. Based on the image, what is the most likely amyloid beta morphology pattern? Cored']}",0.5026999711990356,pathology,neuropathology,light microscopy,brightfield microscopy,
classification,"['IHC stained light micrograph of extracellular amyloid-beta deposition in the human brain tissue. Based on the image, what is the most likely amyloid beta morphology pattern? Cored', 'IHC stained light micrograph of extracellular amyloid-beta deposition in the human brain tissue. Based on the image, what is the most likely amyloid beta morphology pattern? Caa', 'IHC stained light micrograph of extracellular amyloid-beta deposition in the human brain tissue. Based on the image, what is the most likely amyloid beta morphology pattern? Diffuse', 'IHC stained light micrograph of extracellular amyloid-beta deposition in the human brain tissue. Based on the image, what is the most likely amyloid beta morphology pattern? Negative', 'IHC stained light micrograph of extracellular amyloid-beta deposition in the human brain tissue. Based on the image, what is the most likely amyloid beta morphology pattern? none of the above']",9b2f76ac-3b55-4bc4-9a15-9d16e3223787,Diffuse,2,"{'pred': [0], 'probs': [[0.4707314670085907, 0.0559798888862133, 0.4167618751525879, 0.043696578592061996, 0.012830155901610851]], 'pred_prompt': ['IHC stained light micrograph of extracellular amyloid-beta deposition in the human brain tissue. Based on the image, what is the most likely amyloid beta morphology pattern? Cored']}",0.5026999711990356,pathology,neuropathology,light microscopy,brightfield microscopy,
classification,"['IHC stained light micrograph of extracellular amyloid-beta deposition in the human brain tissue. Based on the image, what is the most likely amyloid beta morphology pattern? Diffuse', 'IHC stained light micrograph of extracellular amyloid-beta deposition in the human brain tissue. Based on the image, what is the most likely amyloid beta morphology pattern? Cored', 'IHC stained light micrograph of extracellular amyloid-beta deposition in the human brain tissue. Based on the image, what is the most likely amyloid beta morphology pattern? Caa', 'IHC stained light micrograph of extracellular amyloid-beta deposition in the human brain tissue. Based on the image, what is the most likely amyloid beta morphology pattern? Negative', 'IHC stained light micrograph of extracellular amyloid-beta deposition in the human brain tissue. Based on the image, what is the most likely amyloid beta morphology pattern? none of the above']",0236f0ac-70d0-41af-b587-891fe4c6e91e,Cored,1,"{'pred': [1], 'probs': [[0.06499027460813522, 0.8113452196121216, 0.044579796493053436, 0.05580286681652069, 0.023281892761588097]], 'pred_prompt': ['IHC stained light micrograph of extracellular amyloid-beta deposition in the human brain tissue. Based on the image, what is the most likely amyloid beta morphology pattern? Cored']}",0.5026999711990356,pathology,neuropathology,light microscopy,brightfield microscopy,
classification,"['IHC stained light micrograph of extracellular amyloid-beta deposition in the human brain tissue. Based on the image, what is the most likely amyloid beta morphology pattern? Caa', 'IHC stained light micrograph of extracellular amyloid-beta deposition in the human brain tissue. Based on the image, what is the most likely amyloid beta morphology pattern? Diffuse', 'IHC stained light micrograph of extracellular amyloid-beta deposition in the human brain tissue. Based on the image, what is the most likely amyloid beta morphology pattern? Cored', 'IHC stained light micrograph of extracellular amyloid-beta deposition in the human brain tissue. Based on the image, what is the most likely amyloid beta morphology pattern? Negative', 'IHC stained light micrograph of extracellular amyloid-beta deposition in the human brain tissue. Based on the image, what is the most likely amyloid beta morphology pattern? none of the above']",0ae71915-7c7a-4357-8a58-365dce7730c3,Negative,3,"{'pred': [0], 'probs': [[0.9707425832748413, 0.00026371414423920214, 0.0015113941626623273, 0.015861686319112778, 0.011620516888797283]], 'pred_prompt': ['IHC stained light micrograph of extracellular amyloid-beta deposition in the human brain tissue. Based on the image, what is the most likely amyloid beta morphology pattern? Caa']}",0.5026999711990356,pathology,neuropathology,light microscopy,brightfield microscopy,
classification,"['IHC stained light micrograph of extracellular amyloid-beta deposition in the human brain tissue. Based on the image, what is the most likely amyloid beta morphology pattern? cored plaque', 'IHC stained light micrograph of extracellular amyloid-beta deposition in the human brain tissue. Based on the image, what is the most likely amyloid beta morphology pattern? negative', 'IHC stained light micrograph of extracellular amyloid-beta deposition in the human brain tissue. Based on the image, what is the most likely amyloid beta morphology pattern? diffuse plaque', 'IHC stained light micrograph of extracellular amyloid-beta deposition in the human brain tissue. Based on the image, what is the most likely amyloid beta morphology pattern? cerebral amyloid angiopathy', 'IHC stained light micrograph of extracellular amyloid-beta deposition in the human brain tissue. Based on the image, what is the most likely amyloid beta morphology pattern? none of the above']",3941ecea-a550-42b3-9cab-14c0e65dde39,negative,1,"{'pred': [3], 'probs': [[0.0028034180868417025, 0.28071340918540955, 0.002028467133641243, 0.4862454831600189, 0.2282092422246933]], 'pred_prompt': ['IHC stained light micrograph of extracellular amyloid-beta deposition in the human brain tissue. Based on the image, what is the most likely amyloid beta morphology pattern? cerebral amyloid angiopathy']}",0.5026999711990356,pathology,neuropathology,light microscopy,brightfield microscopy,
classification,"['IHC stained light micrograph of extracellular amyloid-beta deposition in the human brain tissue. Based on the image, what is the most likely amyloid beta morphology pattern? cored plaque', 'IHC stained light micrograph of extracellular amyloid-beta deposition in the human brain tissue. Based on the image, what is the most likely amyloid beta morphology pattern? diffuse plaque', 'IHC stained light micrograph of extracellular amyloid-beta deposition in the human brain tissue. Based on the image, what is the most likely amyloid beta morphology pattern? cerebral amyloid angiopathy', 'IHC stained light micrograph of extracellular amyloid-beta deposition in the human brain tissue. Based on the image, what is the most likely amyloid beta morphology pattern? negative', 'IHC stained light micrograph of extracellular amyloid-beta deposition in the human brain tissue. Based on the image, what is the most likely amyloid beta morphology pattern? none of the above']",8a6666b4-7936-4c7a-adab-fdc3c3165c11,diffuse plaque,1,"{'pred': [1], 'probs': [[0.14502470195293427, 0.844049334526062, 0.0010116123594343662, 0.0090148551389575, 0.0008995647658593953]], 'pred_prompt': ['IHC stained light micrograph of extracellular amyloid-beta deposition in the human brain tissue. Based on the image, what is the most likely amyloid beta morphology pattern? diffuse plaque']}",0.5026999711990356,pathology,neuropathology,light microscopy,brightfield microscopy,
classification,"['IHC stained light micrograph of extracellular amyloid-beta deposition in the human brain tissue. Based on the image, what is the most likely amyloid beta morphology pattern? Negative', 'IHC stained light micrograph of extracellular amyloid-beta deposition in the human brain tissue. Based on the image, what is the most likely amyloid beta morphology pattern? Cored', 'IHC stained light micrograph of extracellular amyloid-beta deposition in the human brain tissue. Based on the image, what is the most likely amyloid beta morphology pattern? Diffuse', 'IHC stained light micrograph of extracellular amyloid-beta deposition in the human brain tissue. Based on the image, what is the most likely amyloid beta morphology pattern? Caa', 'IHC stained light micrograph of extracellular amyloid-beta deposition in the human brain tissue. Based on the image, what is the most likely amyloid beta morphology pattern? none of the above']",47969bf4-a97b-4bd4-b6a2-2e3a14c7e864,Cored,1,"{'pred': [1], 'probs': [[0.009607696905732155, 0.8953658938407898, 0.06514102965593338, 0.023878449574112892, 0.006006886716932058]], 'pred_prompt': ['IHC stained light micrograph of extracellular amyloid-beta deposition in the human brain tissue. Based on the image, what is the most likely amyloid beta morphology pattern? Cored']}",0.5026999711990356,pathology,neuropathology,light microscopy,brightfield microscopy,
classification,"['IHC stained light micrograph of extracellular amyloid-beta deposition in the human brain tissue. Based on the image, what is the most likely amyloid beta morphology pattern? negative', 'IHC stained light micrograph of extracellular amyloid-beta deposition in the human brain tissue. Based on the image, what is the most likely amyloid beta morphology pattern? cerebral amyloid angiopathy', 'IHC stained light micrograph of extracellular amyloid-beta deposition in the human brain tissue. Based on the image, what is the most likely amyloid beta morphology pattern? diffuse plaque', 'IHC stained light micrograph of extracellular amyloid-beta deposition in the human brain tissue. Based on the image, what is the most likely amyloid beta morphology pattern? cored plaque', 'IHC stained light micrograph of extracellular amyloid-beta deposition in the human brain tissue. Based on the image, what is the most likely amyloid beta morphology pattern? none of the above']",06cffcdd-65fe-4224-8298-fb11650de886,negative,0,"{'pred': [2], 'probs': [[0.12867671251296997, 0.0033246048260480165, 0.6050731539726257, 0.24600306153297424, 0.016922488808631897]], 'pred_prompt': ['IHC stained light micrograph of extracellular amyloid-beta deposition in the human brain tissue. Based on the image, what is the most likely amyloid beta morphology pattern? diffuse plaque']}",0.5026999711990356,pathology,neuropathology,light microscopy,brightfield microscopy,
classification,"['IHC stained light micrograph of extracellular amyloid-beta deposition in the human brain tissue. Based on the image, what is the most likely amyloid beta morphology pattern? Cored', 'IHC stained light micrograph of extracellular amyloid-beta deposition in the human brain tissue. Based on the image, what is the most likely amyloid beta morphology pattern? Negative', 'IHC stained light micrograph of extracellular amyloid-beta deposition in the human brain tissue. Based on the image, what is the most likely amyloid beta morphology pattern? Diffuse', 'IHC stained light micrograph of extracellular amyloid-beta deposition in the human brain tissue. Based on the image, what is the most likely amyloid beta morphology pattern? Caa', 'IHC stained light micrograph of extracellular amyloid-beta deposition in the human brain tissue. Based on the image, what is the most likely amyloid beta morphology pattern? none of the above']",c8621a06-ee9d-4876-90c9-827970cd447c,Caa,3,"{'pred': [3], 'probs': [[0.015144211240112782, 0.030045168474316597, 0.0012058363063260913, 0.943954586982727, 0.009650218300521374]], 'pred_prompt': ['IHC stained light micrograph of extracellular amyloid-beta deposition in the human brain tissue. Based on the image, what is the most likely amyloid beta morphology pattern? Caa']}",0.5026999711990356,pathology,neuropathology,light microscopy,brightfield microscopy,
classification,"['IHC stained light micrograph of extracellular amyloid-beta deposition in the human brain tissue. Based on the image, what is the most likely amyloid beta morphology pattern? cerebral amyloid angiopathy', 'IHC stained light micrograph of extracellular amyloid-beta deposition in the human brain tissue. Based on the image, what is the most likely amyloid beta morphology pattern? negative', 'IHC stained light micrograph of extracellular amyloid-beta deposition in the human brain tissue. Based on the image, what is the most likely amyloid beta morphology pattern? diffuse plaque', 'IHC stained light micrograph of extracellular amyloid-beta deposition in the human brain tissue. Based on the image, what is the most likely amyloid beta morphology pattern? cored plaque', 'IHC stained light micrograph of extracellular amyloid-beta deposition in the human brain tissue. Based on the image, what is the most likely amyloid beta morphology pattern? none of the above']",fca43b01-6a27-4a54-8f0d-c679857d7357,negative,1,"{'pred': [1], 'probs': [[0.0005742813227698207, 0.8435953855514526, 0.04305868223309517, 0.029675958678126335, 0.08309566974639893]], 'pred_prompt': ['IHC stained light micrograph of extracellular amyloid-beta deposition in the human brain tissue. Based on the image, what is the most likely amyloid beta morphology pattern? negative']}",0.5026999711990356,pathology,neuropathology,light microscopy,brightfield microscopy,
classification,"['IHC stained light micrograph of extracellular amyloid-beta deposition in the human brain tissue. Based on the image, what is the most likely amyloid beta morphology pattern? cored plaque', 'IHC stained light micrograph of extracellular amyloid-beta deposition in the human brain tissue. Based on the image, what is the most likely amyloid beta morphology pattern? negative', 'IHC stained light micrograph of extracellular amyloid-beta deposition in the human brain tissue. Based on the image, what is the most likely amyloid beta morphology pattern? diffuse plaque', 'IHC stained light micrograph of extracellular amyloid-beta deposition in the human brain tissue. Based on the image, what is the most likely amyloid beta morphology pattern? cerebral amyloid angiopathy', 'IHC stained light micrograph of extracellular amyloid-beta deposition in the human brain tissue. Based on the image, what is the most likely amyloid beta morphology pattern? none of the above']",7446227e-3dd6-4cd0-8fb7-ec7e66575e73,diffuse plaque,2,"{'pred': [2], 'probs': [[0.19707068800926208, 0.051946740597486496, 0.7365964651107788, 0.0018635641317814589, 0.012522555887699127]], 'pred_prompt': ['IHC stained light micrograph of extracellular amyloid-beta deposition in the human brain tissue. Based on the image, what is the most likely amyloid beta morphology pattern? diffuse plaque']}",0.5026999711990356,pathology,neuropathology,light microscopy,brightfield microscopy,
classification,"['IHC stained light micrograph of extracellular amyloid-beta deposition in the human brain tissue. Based on the image, what is the most likely amyloid beta morphology pattern? Negative', 'IHC stained light micrograph of extracellular amyloid-beta deposition in the human brain tissue. Based on the image, what is the most likely amyloid beta morphology pattern? Diffuse', 'IHC stained light micrograph of extracellular amyloid-beta deposition in the human brain tissue. Based on the image, what is the most likely amyloid beta morphology pattern? Caa', 'IHC stained light micrograph of extracellular amyloid-beta deposition in the human brain tissue. Based on the image, what is the most likely amyloid beta morphology pattern? Cored', 'IHC stained light micrograph of extracellular amyloid-beta deposition in the human brain tissue. Based on the image, what is the most likely amyloid beta morphology pattern? none of the above']",4d143155-e3c7-4b7b-8fb8-bc9fe9c48bc8,Diffuse,1,"{'pred': [3], 'probs': [[0.004990329034626484, 0.037429794669151306, 0.011758054606616497, 0.9444628953933716, 0.0013588836882263422]], 'pred_prompt': ['IHC stained light micrograph of extracellular amyloid-beta deposition in the human brain tissue. Based on the image, what is the most likely amyloid beta morphology pattern? Cored']}",0.5026999711990356,pathology,neuropathology,light microscopy,brightfield microscopy,
classification,"['IHC stained light micrograph of extracellular amyloid-beta deposition in the human brain tissue. Based on the image, what is the most likely amyloid beta morphology pattern? Diffuse', 'IHC stained light micrograph of extracellular amyloid-beta deposition in the human brain tissue. Based on the image, what is the most likely amyloid beta morphology pattern? Caa', 'IHC stained light micrograph of extracellular amyloid-beta deposition in the human brain tissue. Based on the image, what is the most likely amyloid beta morphology pattern? Negative', 'IHC stained light micrograph of extracellular amyloid-beta deposition in the human brain tissue. Based on the image, what is the most likely amyloid beta morphology pattern? Cored', 'IHC stained light micrograph of extracellular amyloid-beta deposition in the human brain tissue. Based on the image, what is the most likely amyloid beta morphology pattern? none of the above']",079a4944-8ac5-4912-b731-63ab2df7a26f,Diffuse,0,"{'pred': [0], 'probs': [[0.574897825717926, 0.0029332763515412807, 0.1766740381717682, 0.21034015715122223, 0.035154715180397034]], 'pred_prompt': ['IHC stained light micrograph of extracellular amyloid-beta deposition in the human brain tissue. Based on the image, what is the most likely amyloid beta morphology pattern? Diffuse']}",0.5026999711990356,pathology,neuropathology,light microscopy,brightfield microscopy,
classification,"['IHC stained light micrograph of extracellular amyloid-beta deposition in the human brain tissue. Based on the image, what is the most likely amyloid beta morphology pattern? Cored', 'IHC stained light micrograph of extracellular amyloid-beta deposition in the human brain tissue. Based on the image, what is the most likely amyloid beta morphology pattern? Caa', 'IHC stained light micrograph of extracellular amyloid-beta deposition in the human brain tissue. Based on the image, what is the most likely amyloid beta morphology pattern? Diffuse', 'IHC stained light micrograph of extracellular amyloid-beta deposition in the human brain tissue. Based on the image, what is the most likely amyloid beta morphology pattern? Negative', 'IHC stained light micrograph of extracellular amyloid-beta deposition in the human brain tissue. Based on the image, what is the most likely amyloid beta morphology pattern? none of the above']",2fd63681-9bd6-4298-a347-fd1470d9b340,Negative,3,"{'pred': [2], 'probs': [[0.20631268620491028, 0.012529109604656696, 0.5213718414306641, 0.17073805630207062, 0.08904831856489182]], 'pred_prompt': ['IHC stained light micrograph of extracellular amyloid-beta deposition in the human brain tissue. Based on the image, what is the most likely amyloid beta morphology pattern? Diffuse']}",0.5026999711990356,pathology,neuropathology,light microscopy,brightfield microscopy,
classification,"['IHC stained light micrograph of extracellular amyloid-beta deposition in the human brain tissue. Based on the image, what is the most likely amyloid beta morphology pattern? Negative', 'IHC stained light micrograph of extracellular amyloid-beta deposition in the human brain tissue. Based on the image, what is the most likely amyloid beta morphology pattern? Diffuse', 'IHC stained light micrograph of extracellular amyloid-beta deposition in the human brain tissue. Based on the image, what is the most likely amyloid beta morphology pattern? Caa', 'IHC stained light micrograph of extracellular amyloid-beta deposition in the human brain tissue. Based on the image, what is the most likely amyloid beta morphology pattern? Cored', 'IHC stained light micrograph of extracellular amyloid-beta deposition in the human brain tissue. Based on the image, what is the most likely amyloid beta morphology pattern? none of the above']",111f30f4-7816-435d-94bf-ada3083aa261,Diffuse,1,"{'pred': [3], 'probs': [[0.09567341953516006, 0.16475296020507812, 0.05137288197875023, 0.6673252582550049, 0.02087547443807125]], 'pred_prompt': ['IHC stained light micrograph of extracellular amyloid-beta deposition in the human brain tissue. Based on the image, what is the most likely amyloid beta morphology pattern? Cored']}",0.5026999711990356,pathology,neuropathology,light microscopy,brightfield microscopy,
classification,"['IHC stained light micrograph of extracellular amyloid-beta deposition in the human brain tissue. Based on the image, what is the most likely amyloid beta morphology pattern? Cored', 'IHC stained light micrograph of extracellular amyloid-beta deposition in the human brain tissue. Based on the image, what is the most likely amyloid beta morphology pattern? Diffuse', 'IHC stained light micrograph of extracellular amyloid-beta deposition in the human brain tissue. Based on the image, what is the most likely amyloid beta morphology pattern? Negative', 'IHC stained light micrograph of extracellular amyloid-beta deposition in the human brain tissue. Based on the image, what is the most likely amyloid beta morphology pattern? Caa', 'IHC stained light micrograph of extracellular amyloid-beta deposition in the human brain tissue. Based on the image, what is the most likely amyloid beta morphology pattern? none of the above']",d9f8c163-4181-490b-ac00-ff07173ac715,Negative,2,"{'pred': [2], 'probs': [[0.28833597898483276, 0.2264496386051178, 0.3952542841434479, 0.004527011886239052, 0.08543312549591064]], 'pred_prompt': ['IHC stained light micrograph of extracellular amyloid-beta deposition in the human brain tissue. Based on the image, what is the most likely amyloid beta morphology pattern? Negative']}",0.5026999711990356,pathology,neuropathology,light microscopy,brightfield microscopy,
classification,"['IHC stained light micrograph of extracellular amyloid-beta deposition in the human brain tissue. Based on the image, what is the most likely amyloid beta morphology pattern? Caa', 'IHC stained light micrograph of extracellular amyloid-beta deposition in the human brain tissue. Based on the image, what is the most likely amyloid beta morphology pattern? Cored', 'IHC stained light micrograph of extracellular amyloid-beta deposition in the human brain tissue. Based on the image, what is the most likely amyloid beta morphology pattern? Diffuse', 'IHC stained light micrograph of extracellular amyloid-beta deposition in the human brain tissue. Based on the image, what is the most likely amyloid beta morphology pattern? Negative', 'IHC stained light micrograph of extracellular amyloid-beta deposition in the human brain tissue. Based on the image, what is the most likely amyloid beta morphology pattern? none of the above']",b00aae21-86dc-4bf5-b6a5-a970becbde6b,Negative,3,"{'pred': [0], 'probs': [[0.8896989226341248, 0.0007707889308221638, 0.0002993375528603792, 0.07533840090036392, 0.03389258682727814]], 'pred_prompt': ['IHC stained light micrograph of extracellular amyloid-beta deposition in the human brain tissue. Based on the image, what is the most likely amyloid beta morphology pattern? Caa']}",0.5026999711990356,pathology,neuropathology,light microscopy,brightfield microscopy,
classification,"['IHC stained light micrograph of extracellular amyloid-beta deposition in the human brain tissue. Based on the image, what is the most likely amyloid beta morphology pattern? diffuse plaque', 'IHC stained light micrograph of extracellular amyloid-beta deposition in the human brain tissue. Based on the image, what is the most likely amyloid beta morphology pattern? negative', 'IHC stained light micrograph of extracellular amyloid-beta deposition in the human brain tissue. Based on the image, what is the most likely amyloid beta morphology pattern? cored plaque', 'IHC stained light micrograph of extracellular amyloid-beta deposition in the human brain tissue. Based on the image, what is the most likely amyloid beta morphology pattern? cerebral amyloid angiopathy', 'IHC stained light micrograph of extracellular amyloid-beta deposition in the human brain tissue. Based on the image, what is the most likely amyloid beta morphology pattern? none of the above']",cc3a2574-9924-43e2-b217-974295d35841,diffuse plaque,0,"{'pred': [1], 'probs': [[0.22768685221672058, 0.43263939023017883, 0.16256596148014069, 0.023484349250793457, 0.15362340211868286]], 'pred_prompt': ['IHC stained light micrograph of extracellular amyloid-beta deposition in the human brain tissue. Based on the image, what is the most likely amyloid beta morphology pattern? negative']}",0.5026999711990356,pathology,neuropathology,light microscopy,brightfield microscopy,
classification,"['IHC stained light micrograph of extracellular amyloid-beta deposition in the human brain tissue. Based on the image, what is the most likely amyloid beta morphology pattern? Negative', 'IHC stained light micrograph of extracellular amyloid-beta deposition in the human brain tissue. Based on the image, what is the most likely amyloid beta morphology pattern? Cored', 'IHC stained light micrograph of extracellular amyloid-beta deposition in the human brain tissue. Based on the image, what is the most likely amyloid beta morphology pattern? Diffuse', 'IHC stained light micrograph of extracellular amyloid-beta deposition in the human brain tissue. Based on the image, what is the most likely amyloid beta morphology pattern? Caa', 'IHC stained light micrograph of extracellular amyloid-beta deposition in the human brain tissue. Based on the image, what is the most likely amyloid beta morphology pattern? none of the above']",b330b440-32b8-4ae6-9d94-f66b2c992984,Diffuse,2,"{'pred': [0], 'probs': [[0.39216259121894836, 0.1412053257226944, 0.3236515522003174, 0.003307922277599573, 0.13967262208461761]], 'pred_prompt': ['IHC stained light micrograph of extracellular amyloid-beta deposition in the human brain tissue. Based on the image, what is the most likely amyloid beta morphology pattern? Negative']}",0.5026999711990356,pathology,neuropathology,light microscopy,brightfield microscopy,
classification,"['IHC stained light micrograph of extracellular amyloid-beta deposition in the human brain tissue. Based on the image, what is the most likely amyloid beta morphology pattern? Caa', 'IHC stained light micrograph of extracellular amyloid-beta deposition in the human brain tissue. Based on the image, what is the most likely amyloid beta morphology pattern? Negative', 'IHC stained light micrograph of extracellular amyloid-beta deposition in the human brain tissue. Based on the image, what is the most likely amyloid beta morphology pattern? Diffuse', 'IHC stained light micrograph of extracellular amyloid-beta deposition in the human brain tissue. Based on the image, what is the most likely amyloid beta morphology pattern? Cored', 'IHC stained light micrograph of extracellular amyloid-beta deposition in the human brain tissue. Based on the image, what is the most likely amyloid beta morphology pattern? none of the above']",678f7635-bcca-4185-93c7-b3ff3b1b32ce,Cored,3,"{'pred': [3], 'probs': [[0.1356046497821808, 0.021541966125369072, 0.061127401888370514, 0.7726700901985168, 0.009055846370756626]], 'pred_prompt': ['IHC stained light micrograph of extracellular amyloid-beta deposition in the human brain tissue. Based on the image, what is the most likely amyloid beta morphology pattern? Cored']}",0.5026999711990356,pathology,neuropathology,light microscopy,brightfield microscopy,
classification,"['IHC stained light micrograph of extracellular amyloid-beta deposition in the human brain tissue. Based on the image, what is the most likely amyloid beta morphology pattern? Caa', 'IHC stained light micrograph of extracellular amyloid-beta deposition in the human brain tissue. Based on the image, what is the most likely amyloid beta morphology pattern? Diffuse', 'IHC stained light micrograph of extracellular amyloid-beta deposition in the human brain tissue. Based on the image, what is the most likely amyloid beta morphology pattern? Cored', 'IHC stained light micrograph of extracellular amyloid-beta deposition in the human brain tissue. Based on the image, what is the most likely amyloid beta morphology pattern? Negative', 'IHC stained light micrograph of extracellular amyloid-beta deposition in the human brain tissue. Based on the image, what is the most likely amyloid beta morphology pattern? none of the above']",f8900e8e-7ca9-46b7-a18e-299f9b97bfcf,Diffuse,1,"{'pred': [2], 'probs': [[0.020730597898364067, 0.15766745805740356, 0.37572523951530457, 0.3485325276851654, 0.09734419733285904]], 'pred_prompt': ['IHC stained light micrograph of extracellular amyloid-beta deposition in the human brain tissue. Based on the image, what is the most likely amyloid beta morphology pattern? Cored']}",0.5026999711990356,pathology,neuropathology,light microscopy,brightfield microscopy,
classification,"['IHC stained light micrograph of extracellular amyloid-beta deposition in the human brain tissue. Based on the image, what is the most likely amyloid beta morphology pattern? Caa', 'IHC stained light micrograph of extracellular amyloid-beta deposition in the human brain tissue. Based on the image, what is the most likely amyloid beta morphology pattern? Cored', 'IHC stained light micrograph of extracellular amyloid-beta deposition in the human brain tissue. Based on the image, what is the most likely amyloid beta morphology pattern? Negative', 'IHC stained light micrograph of extracellular amyloid-beta deposition in the human brain tissue. Based on the image, what is the most likely amyloid beta morphology pattern? Diffuse', 'IHC stained light micrograph of extracellular amyloid-beta deposition in the human brain tissue. Based on the image, what is the most likely amyloid beta morphology pattern? none of the above']",b43cd9e3-baa2-4bef-b2c3-d40e1a5188cf,Caa,0,"{'pred': [0], 'probs': [[0.9991581439971924, 0.0003403312584850937, 0.0004035879683215171, 3.814609044638928e-06, 9.418933041160926e-05]], 'pred_prompt': ['IHC stained light micrograph of extracellular amyloid-beta deposition in the human brain tissue. Based on the image, what is the most likely amyloid beta morphology pattern? Caa']}",0.5026999711990356,pathology,neuropathology,light microscopy,brightfield microscopy,
classification,"['IHC stained light micrograph of extracellular amyloid-beta deposition in the human brain tissue. Based on the image, what is the most likely amyloid beta morphology pattern? negative', 'IHC stained light micrograph of extracellular amyloid-beta deposition in the human brain tissue. Based on the image, what is the most likely amyloid beta morphology pattern? cerebral amyloid angiopathy', 'IHC stained light micrograph of extracellular amyloid-beta deposition in the human brain tissue. Based on the image, what is the most likely amyloid beta morphology pattern? diffuse plaque', 'IHC stained light micrograph of extracellular amyloid-beta deposition in the human brain tissue. Based on the image, what is the most likely amyloid beta morphology pattern? cored plaque', 'IHC stained light micrograph of extracellular amyloid-beta deposition in the human brain tissue. Based on the image, what is the most likely amyloid beta morphology pattern? none of the above']",7d856d3e-0bb5-40d6-9ebf-38b2c0498efe,negative,0,"{'pred': [0], 'probs': [[0.8766891360282898, 0.016643188893795013, 0.006363527849316597, 0.00894102081656456, 0.09136312454938889]], 'pred_prompt': ['IHC stained light micrograph of extracellular amyloid-beta deposition in the human brain tissue. Based on the image, what is the most likely amyloid beta morphology pattern? negative']}",0.5026999711990356,pathology,neuropathology,light microscopy,brightfield microscopy,
classification,"['IHC stained light micrograph of extracellular amyloid-beta deposition in the human brain tissue. Based on the image, what is the most likely amyloid beta morphology pattern? diffuse plaque', 'IHC stained light micrograph of extracellular amyloid-beta deposition in the human brain tissue. Based on the image, what is the most likely amyloid beta morphology pattern? cerebral amyloid angiopathy', 'IHC stained light micrograph of extracellular amyloid-beta deposition in the human brain tissue. Based on the image, what is the most likely amyloid beta morphology pattern? negative', 'IHC stained light micrograph of extracellular amyloid-beta deposition in the human brain tissue. Based on the image, what is the most likely amyloid beta morphology pattern? cored plaque', 'IHC stained light micrograph of extracellular amyloid-beta deposition in the human brain tissue. Based on the image, what is the most likely amyloid beta morphology pattern? none of the above']",117cdf8e-e1c5-4b15-986f-22eea892bc15,diffuse plaque,0,"{'pred': [0], 'probs': [[0.8595391511917114, 0.000704239762853831, 0.026636002585291862, 0.10936947166919708, 0.003751136362552643]], 'pred_prompt': ['IHC stained light micrograph of extracellular amyloid-beta deposition in the human brain tissue. Based on the image, what is the most likely amyloid beta morphology pattern? diffuse plaque']}",0.5026999711990356,pathology,neuropathology,light microscopy,brightfield microscopy,
classification,"['IHC stained light micrograph of extracellular amyloid-beta deposition in the human brain tissue. Based on the image, what is the most likely amyloid beta morphology pattern? Diffuse', 'IHC stained light micrograph of extracellular amyloid-beta deposition in the human brain tissue. Based on the image, what is the most likely amyloid beta morphology pattern? Caa', 'IHC stained light micrograph of extracellular amyloid-beta deposition in the human brain tissue. Based on the image, what is the most likely amyloid beta morphology pattern? Cored', 'IHC stained light micrograph of extracellular amyloid-beta deposition in the human brain tissue. Based on the image, what is the most likely amyloid beta morphology pattern? Negative', 'IHC stained light micrograph of extracellular amyloid-beta deposition in the human brain tissue. Based on the image, what is the most likely amyloid beta morphology pattern? none of the above']",14c85b44-d2af-4e28-a310-df73835e6f30,Diffuse,0,"{'pred': [2], 'probs': [[0.30846652388572693, 0.0009685754776000977, 0.6559372544288635, 0.027085334062576294, 0.007542385719716549]], 'pred_prompt': ['IHC stained light micrograph of extracellular amyloid-beta deposition in the human brain tissue. Based on the image, what is the most likely amyloid beta morphology pattern? Cored']}",0.5026999711990356,pathology,neuropathology,light microscopy,brightfield microscopy,
classification,"['IHC stained light micrograph of extracellular amyloid-beta deposition in the human brain tissue. Based on the image, what is the most likely amyloid beta morphology pattern? negative', 'IHC stained light micrograph of extracellular amyloid-beta deposition in the human brain tissue. Based on the image, what is the most likely amyloid beta morphology pattern? cored plaque', 'IHC stained light micrograph of extracellular amyloid-beta deposition in the human brain tissue. Based on the image, what is the most likely amyloid beta morphology pattern? cerebral amyloid angiopathy', 'IHC stained light micrograph of extracellular amyloid-beta deposition in the human brain tissue. Based on the image, what is the most likely amyloid beta morphology pattern? diffuse plaque', 'IHC stained light micrograph of extracellular amyloid-beta deposition in the human brain tissue. Based on the image, what is the most likely amyloid beta morphology pattern? none of the above']",2c32e096-39b8-49c0-b899-fd90ecf3bac6,negative,0,"{'pred': [1], 'probs': [[0.18400554358959198, 0.7035407423973083, 0.03719494491815567, 0.0500054731965065, 0.025253335013985634]], 'pred_prompt': ['IHC stained light micrograph of extracellular amyloid-beta deposition in the human brain tissue. Based on the image, what is the most likely amyloid beta morphology pattern? cored plaque']}",0.5026999711990356,pathology,neuropathology,light microscopy,brightfield microscopy,
classification,"['IHC stained light micrograph of extracellular amyloid-beta deposition in the human brain tissue. Based on the image, what is the most likely amyloid beta morphology pattern? cerebral amyloid angiopathy', 'IHC stained light micrograph of extracellular amyloid-beta deposition in the human brain tissue. Based on the image, what is the most likely amyloid beta morphology pattern? diffuse plaque', 'IHC stained light micrograph of extracellular amyloid-beta deposition in the human brain tissue. Based on the image, what is the most likely amyloid beta morphology pattern? negative', 'IHC stained light micrograph of extracellular amyloid-beta deposition in the human brain tissue. Based on the image, what is the most likely amyloid beta morphology pattern? cored plaque', 'IHC stained light micrograph of extracellular amyloid-beta deposition in the human brain tissue. Based on the image, what is the most likely amyloid beta morphology pattern? none of the above']",1d4b26fa-887a-4e17-9cfd-d16d7c3ad593,cored plaque,3,"{'pred': [3], 'probs': [[0.0003870277141686529, 0.08581779152154922, 0.004390237387269735, 0.9083276987075806, 0.001077237306162715]], 'pred_prompt': ['IHC stained light micrograph of extracellular amyloid-beta deposition in the human brain tissue. Based on the image, what is the most likely amyloid beta morphology pattern? cored plaque']}",0.5026999711990356,pathology,neuropathology,light microscopy,brightfield microscopy,
classification,"['IHC stained light micrograph of extracellular amyloid-beta deposition in the human brain tissue. Based on the image, what is the most likely amyloid beta morphology pattern? negative', 'IHC stained light micrograph of extracellular amyloid-beta deposition in the human brain tissue. Based on the image, what is the most likely amyloid beta morphology pattern? cored plaque', 'IHC stained light micrograph of extracellular amyloid-beta deposition in the human brain tissue. Based on the image, what is the most likely amyloid beta morphology pattern? diffuse plaque', 'IHC stained light micrograph of extracellular amyloid-beta deposition in the human brain tissue. Based on the image, what is the most likely amyloid beta morphology pattern? cerebral amyloid angiopathy', 'IHC stained light micrograph of extracellular amyloid-beta deposition in the human brain tissue. Based on the image, what is the most likely amyloid beta morphology pattern? none of the above']",52dee562-c9b5-456f-ae3f-65ac630ea75a,cored plaque,1,"{'pred': [1], 'probs': [[0.0005815185722894967, 0.9609091281890869, 0.036017242819070816, 0.0024164868518710136, 7.559818186564371e-05]], 'pred_prompt': ['IHC stained light micrograph of extracellular amyloid-beta deposition in the human brain tissue. Based on the image, what is the most likely amyloid beta morphology pattern? cored plaque']}",0.5026999711990356,pathology,neuropathology,light microscopy,brightfield microscopy,
classification,"['IHC stained light micrograph of extracellular amyloid-beta deposition in the human brain tissue. Based on the image, what is the most likely amyloid beta morphology pattern? Caa', 'IHC stained light micrograph of extracellular amyloid-beta deposition in the human brain tissue. Based on the image, what is the most likely amyloid beta morphology pattern? Negative', 'IHC stained light micrograph of extracellular amyloid-beta deposition in the human brain tissue. Based on the image, what is the most likely amyloid beta morphology pattern? Cored', 'IHC stained light micrograph of extracellular amyloid-beta deposition in the human brain tissue. Based on the image, what is the most likely amyloid beta morphology pattern? Diffuse', 'IHC stained light micrograph of extracellular amyloid-beta deposition in the human brain tissue. Based on the image, what is the most likely amyloid beta morphology pattern? none of the above']",72b208a7-59b0-46df-a7cd-4ec5ee3e4e32,Cored,2,"{'pred': [2], 'probs': [[0.005564016290009022, 0.16851451992988586, 0.44642385840415955, 0.34915584325790405, 0.03034176677465439]], 'pred_prompt': ['IHC stained light micrograph of extracellular amyloid-beta deposition in the human brain tissue. Based on the image, what is the most likely amyloid beta morphology pattern? Cored']}",0.5026999711990356,pathology,neuropathology,light microscopy,brightfield microscopy,
classification,"['IHC stained light micrograph of extracellular amyloid-beta deposition in the human brain tissue. Based on the image, what is the most likely amyloid beta morphology pattern? negative', 'IHC stained light micrograph of extracellular amyloid-beta deposition in the human brain tissue. Based on the image, what is the most likely amyloid beta morphology pattern? diffuse plaque', 'IHC stained light micrograph of extracellular amyloid-beta deposition in the human brain tissue. Based on the image, what is the most likely amyloid beta morphology pattern? cerebral amyloid angiopathy', 'IHC stained light micrograph of extracellular amyloid-beta deposition in the human brain tissue. Based on the image, what is the most likely amyloid beta morphology pattern? cored plaque', 'IHC stained light micrograph of extracellular amyloid-beta deposition in the human brain tissue. Based on the image, what is the most likely amyloid beta morphology pattern? none of the above']",1246cb21-cc22-4603-a0f5-e0a4e4cc2560,negative,0,"{'pred': [3], 'probs': [[0.2333664745092392, 0.14372794330120087, 0.013874155469238758, 0.5896178483963013, 0.019413653761148453]], 'pred_prompt': ['IHC stained light micrograph of extracellular amyloid-beta deposition in the human brain tissue. Based on the image, what is the most likely amyloid beta morphology pattern? cored plaque']}",0.5026999711990356,pathology,neuropathology,light microscopy,brightfield microscopy,
classification,"['IHC stained light micrograph of extracellular amyloid-beta deposition in the human brain tissue. Based on the image, what is the most likely amyloid beta morphology pattern? negative', 'IHC stained light micrograph of extracellular amyloid-beta deposition in the human brain tissue. Based on the image, what is the most likely amyloid beta morphology pattern? cored plaque', 'IHC stained light micrograph of extracellular amyloid-beta deposition in the human brain tissue. Based on the image, what is the most likely amyloid beta morphology pattern? cerebral amyloid angiopathy', 'IHC stained light micrograph of extracellular amyloid-beta deposition in the human brain tissue. Based on the image, what is the most likely amyloid beta morphology pattern? diffuse plaque', 'IHC stained light micrograph of extracellular amyloid-beta deposition in the human brain tissue. Based on the image, what is the most likely amyloid beta morphology pattern? none of the above']",513f8438-293e-450f-a5b3-1e8f891be93f,negative,0,"{'pred': [1], 'probs': [[0.3819209337234497, 0.5284475088119507, 0.005673995707184076, 0.042095500975847244, 0.04186202213168144]], 'pred_prompt': ['IHC stained light micrograph of extracellular amyloid-beta deposition in the human brain tissue. Based on the image, what is the most likely amyloid beta morphology pattern? cored plaque']}",0.5026999711990356,pathology,neuropathology,light microscopy,brightfield microscopy,
classification,"['IHC stained light micrograph of extracellular amyloid-beta deposition in the human brain tissue. Based on the image, what is the most likely amyloid beta morphology pattern? cored plaque', 'IHC stained light micrograph of extracellular amyloid-beta deposition in the human brain tissue. Based on the image, what is the most likely amyloid beta morphology pattern? negative', 'IHC stained light micrograph of extracellular amyloid-beta deposition in the human brain tissue. Based on the image, what is the most likely amyloid beta morphology pattern? cerebral amyloid angiopathy', 'IHC stained light micrograph of extracellular amyloid-beta deposition in the human brain tissue. Based on the image, what is the most likely amyloid beta morphology pattern? diffuse plaque', 'IHC stained light micrograph of extracellular amyloid-beta deposition in the human brain tissue. Based on the image, what is the most likely amyloid beta morphology pattern? none of the above']",ce5bb669-5734-4867-8678-5777dfb0197b,diffuse plaque,3,"{'pred': [3], 'probs': [[0.1725870668888092, 0.07870566099882126, 0.00029740348691120744, 0.7365537285804749, 0.01185619831085205]], 'pred_prompt': ['IHC stained light micrograph of extracellular amyloid-beta deposition in the human brain tissue. Based on the image, what is the most likely amyloid beta morphology pattern? diffuse plaque']}",0.5026999711990356,pathology,neuropathology,light microscopy,brightfield microscopy,
classification,"['IHC stained light micrograph of extracellular amyloid-beta deposition in the human brain tissue. Based on the image, what is the most likely amyloid beta morphology pattern? Diffuse', 'IHC stained light micrograph of extracellular amyloid-beta deposition in the human brain tissue. Based on the image, what is the most likely amyloid beta morphology pattern? Cored', 'IHC stained light micrograph of extracellular amyloid-beta deposition in the human brain tissue. Based on the image, what is the most likely amyloid beta morphology pattern? Caa', 'IHC stained light micrograph of extracellular amyloid-beta deposition in the human brain tissue. Based on the image, what is the most likely amyloid beta morphology pattern? Negative', 'IHC stained light micrograph of extracellular amyloid-beta deposition in the human brain tissue. Based on the image, what is the most likely amyloid beta morphology pattern? none of the above']",9c626377-7c94-4ba8-9ec1-de838c000d1e,Diffuse,0,"{'pred': [0], 'probs': [[0.5411754250526428, 0.38373178243637085, 0.01107136532664299, 0.048458099365234375, 0.015563355758786201]], 'pred_prompt': ['IHC stained light micrograph of extracellular amyloid-beta deposition in the human brain tissue. Based on the image, what is the most likely amyloid beta morphology pattern? Diffuse']}",0.5026999711990356,pathology,neuropathology,light microscopy,brightfield microscopy,
classification,"['IHC stained light micrograph of extracellular amyloid-beta deposition in the human brain tissue. Based on the image, what is the most likely amyloid beta morphology pattern? cerebral amyloid angiopathy', 'IHC stained light micrograph of extracellular amyloid-beta deposition in the human brain tissue. Based on the image, what is the most likely amyloid beta morphology pattern? negative', 'IHC stained light micrograph of extracellular amyloid-beta deposition in the human brain tissue. Based on the image, what is the most likely amyloid beta morphology pattern? cored plaque', 'IHC stained light micrograph of extracellular amyloid-beta deposition in the human brain tissue. Based on the image, what is the most likely amyloid beta morphology pattern? diffuse plaque', 'IHC stained light micrograph of extracellular amyloid-beta deposition in the human brain tissue. Based on the image, what is the most likely amyloid beta morphology pattern? none of the above']",4065ec52-0b62-47fc-b2f7-6b0bd266e535,diffuse plaque,3,"{'pred': [3], 'probs': [[0.0026879357174038887, 0.2433905005455017, 0.3299819827079773, 0.36567360162734985, 0.05826595053076744]], 'pred_prompt': ['IHC stained light micrograph of extracellular amyloid-beta deposition in the human brain tissue. Based on the image, what is the most likely amyloid beta morphology pattern? diffuse plaque']}",0.5026999711990356,pathology,neuropathology,light microscopy,brightfield microscopy,
classification,"['IHC stained light micrograph of extracellular amyloid-beta deposition in the human brain tissue. Based on the image, what is the most likely amyloid beta morphology pattern? Negative', 'IHC stained light micrograph of extracellular amyloid-beta deposition in the human brain tissue. Based on the image, what is the most likely amyloid beta morphology pattern? Caa', 'IHC stained light micrograph of extracellular amyloid-beta deposition in the human brain tissue. Based on the image, what is the most likely amyloid beta morphology pattern? Diffuse', 'IHC stained light micrograph of extracellular amyloid-beta deposition in the human brain tissue. Based on the image, what is the most likely amyloid beta morphology pattern? Cored', 'IHC stained light micrograph of extracellular amyloid-beta deposition in the human brain tissue. Based on the image, what is the most likely amyloid beta morphology pattern? none of the above']",1d051884-2f96-4447-b074-c02db4ec5aba,Diffuse,2,"{'pred': [2], 'probs': [[0.017516350373625755, 0.0003825203748419881, 0.7378883957862854, 0.23935997486114502, 0.004852753598242998]], 'pred_prompt': ['IHC stained light micrograph of extracellular amyloid-beta deposition in the human brain tissue. Based on the image, what is the most likely amyloid beta morphology pattern? Diffuse']}",0.5026999711990356,pathology,neuropathology,light microscopy,brightfield microscopy,
classification,"['IHC stained light micrograph of extracellular amyloid-beta deposition in the human brain tissue. Based on the image, what is the most likely amyloid beta morphology pattern? Negative', 'IHC stained light micrograph of extracellular amyloid-beta deposition in the human brain tissue. Based on the image, what is the most likely amyloid beta morphology pattern? Caa', 'IHC stained light micrograph of extracellular amyloid-beta deposition in the human brain tissue. Based on the image, what is the most likely amyloid beta morphology pattern? Cored', 'IHC stained light micrograph of extracellular amyloid-beta deposition in the human brain tissue. Based on the image, what is the most likely amyloid beta morphology pattern? Diffuse', 'IHC stained light micrograph of extracellular amyloid-beta deposition in the human brain tissue. Based on the image, what is the most likely amyloid beta morphology pattern? none of the above']",f653a926-ef9d-4799-99e8-d42523a2d407,Diffuse,3,"{'pred': [3], 'probs': [[0.018416915088891983, 0.00023829958809074014, 0.1620360016822815, 0.8165327906608582, 0.0027759703807532787]], 'pred_prompt': ['IHC stained light micrograph of extracellular amyloid-beta deposition in the human brain tissue. Based on the image, what is the most likely amyloid beta morphology pattern? Diffuse']}",0.5026999711990356,pathology,neuropathology,light microscopy,brightfield microscopy,
classification,"['IHC stained light micrograph of extracellular amyloid-beta deposition in the human brain tissue. Based on the image, what is the most likely amyloid beta morphology pattern? negative', 'IHC stained light micrograph of extracellular amyloid-beta deposition in the human brain tissue. Based on the image, what is the most likely amyloid beta morphology pattern? cored plaque', 'IHC stained light micrograph of extracellular amyloid-beta deposition in the human brain tissue. Based on the image, what is the most likely amyloid beta morphology pattern? cerebral amyloid angiopathy', 'IHC stained light micrograph of extracellular amyloid-beta deposition in the human brain tissue. Based on the image, what is the most likely amyloid beta morphology pattern? diffuse plaque', 'IHC stained light micrograph of extracellular amyloid-beta deposition in the human brain tissue. Based on the image, what is the most likely amyloid beta morphology pattern? none of the above']",8f9a529f-f2c8-40f1-8028-5a154292a7f5,diffuse plaque,3,"{'pred': [3], 'probs': [[0.003163981717079878, 0.48258814215660095, 0.0032526953145861626, 0.5104832649230957, 0.0005119392299093306]], 'pred_prompt': ['IHC stained light micrograph of extracellular amyloid-beta deposition in the human brain tissue. Based on the image, what is the most likely amyloid beta morphology pattern? diffuse plaque']}",0.5026999711990356,pathology,neuropathology,light microscopy,brightfield microscopy,
classification,"['IHC stained light micrograph of extracellular amyloid-beta deposition in the human brain tissue. Based on the image, what is the most likely amyloid beta morphology pattern? Cored', 'IHC stained light micrograph of extracellular amyloid-beta deposition in the human brain tissue. Based on the image, what is the most likely amyloid beta morphology pattern? Diffuse', 'IHC stained light micrograph of extracellular amyloid-beta deposition in the human brain tissue. Based on the image, what is the most likely amyloid beta morphology pattern? Caa', 'IHC stained light micrograph of extracellular amyloid-beta deposition in the human brain tissue. Based on the image, what is the most likely amyloid beta morphology pattern? Negative', 'IHC stained light micrograph of extracellular amyloid-beta deposition in the human brain tissue. Based on the image, what is the most likely amyloid beta morphology pattern? none of the above']",8587260e-3d65-48cf-a62d-f9c327a70e96,Diffuse,1,"{'pred': [0], 'probs': [[0.8817646503448486, 0.09875214844942093, 0.0016661271220073104, 0.0144838010892272, 0.0033332027960568666]], 'pred_prompt': ['IHC stained light micrograph of extracellular amyloid-beta deposition in the human brain tissue. Based on the image, what is the most likely amyloid beta morphology pattern? Cored']}",0.5026999711990356,pathology,neuropathology,light microscopy,brightfield microscopy,
classification,"['IHC stained light micrograph of extracellular amyloid-beta deposition in the human brain tissue. Based on the image, what is the most likely amyloid beta morphology pattern? cored plaque', 'IHC stained light micrograph of extracellular amyloid-beta deposition in the human brain tissue. Based on the image, what is the most likely amyloid beta morphology pattern? diffuse plaque', 'IHC stained light micrograph of extracellular amyloid-beta deposition in the human brain tissue. Based on the image, what is the most likely amyloid beta morphology pattern? negative', 'IHC stained light micrograph of extracellular amyloid-beta deposition in the human brain tissue. Based on the image, what is the most likely amyloid beta morphology pattern? cerebral amyloid angiopathy', 'IHC stained light micrograph of extracellular amyloid-beta deposition in the human brain tissue. Based on the image, what is the most likely amyloid beta morphology pattern? none of the above']",93a53036-4db6-4687-ab59-fe597a0a0ca7,negative,2,"{'pred': [2], 'probs': [[0.29355570673942566, 0.27165624499320984, 0.346235066652298, 0.029744675382971764, 0.058808304369449615]], 'pred_prompt': ['IHC stained light micrograph of extracellular amyloid-beta deposition in the human brain tissue. Based on the image, what is the most likely amyloid beta morphology pattern? negative']}",0.5026999711990356,pathology,neuropathology,light microscopy,brightfield microscopy,
classification,"['IHC stained light micrograph of extracellular amyloid-beta deposition in the human brain tissue. Based on the image, what is the most likely amyloid beta morphology pattern? Diffuse', 'IHC stained light micrograph of extracellular amyloid-beta deposition in the human brain tissue. Based on the image, what is the most likely amyloid beta morphology pattern? Negative', 'IHC stained light micrograph of extracellular amyloid-beta deposition in the human brain tissue. Based on the image, what is the most likely amyloid beta morphology pattern? Cored', 'IHC stained light micrograph of extracellular amyloid-beta deposition in the human brain tissue. Based on the image, what is the most likely amyloid beta morphology pattern? Caa', 'IHC stained light micrograph of extracellular amyloid-beta deposition in the human brain tissue. Based on the image, what is the most likely amyloid beta morphology pattern? none of the above']",f007ae5d-c675-40fe-84b9-44acb1329dd6,Negative,1,"{'pred': [2], 'probs': [[0.2028573751449585, 0.24347294867038727, 0.49869057536125183, 0.0068858289159834385, 0.04809323325753212]], 'pred_prompt': ['IHC stained light micrograph of extracellular amyloid-beta deposition in the human brain tissue. Based on the image, what is the most likely amyloid beta morphology pattern? Cored']}",0.5026999711990356,pathology,neuropathology,light microscopy,brightfield microscopy,
classification,"['IHC stained light micrograph of extracellular amyloid-beta deposition in the human brain tissue. Based on the image, what is the most likely amyloid beta morphology pattern? cerebral amyloid angiopathy', 'IHC stained light micrograph of extracellular amyloid-beta deposition in the human brain tissue. Based on the image, what is the most likely amyloid beta morphology pattern? cored plaque', 'IHC stained light micrograph of extracellular amyloid-beta deposition in the human brain tissue. Based on the image, what is the most likely amyloid beta morphology pattern? negative', 'IHC stained light micrograph of extracellular amyloid-beta deposition in the human brain tissue. Based on the image, what is the most likely amyloid beta morphology pattern? diffuse plaque', 'IHC stained light micrograph of extracellular amyloid-beta deposition in the human brain tissue. Based on the image, what is the most likely amyloid beta morphology pattern? none of the above']",c313f1a4-35f4-4f8c-8398-54416b438986,negative,2,"{'pred': [2], 'probs': [[0.0013257100945338607, 0.04333196580410004, 0.8995574712753296, 0.006080043967813253, 0.049704790115356445]], 'pred_prompt': ['IHC stained light micrograph of extracellular amyloid-beta deposition in the human brain tissue. Based on the image, what is the most likely amyloid beta morphology pattern? negative']}",0.5026999711990356,pathology,neuropathology,light microscopy,brightfield microscopy,
classification,"['IHC stained light micrograph of extracellular amyloid-beta deposition in the human brain tissue. Based on the image, what is the most likely amyloid beta morphology pattern? Negative', 'IHC stained light micrograph of extracellular amyloid-beta deposition in the human brain tissue. Based on the image, what is the most likely amyloid beta morphology pattern? Caa', 'IHC stained light micrograph of extracellular amyloid-beta deposition in the human brain tissue. Based on the image, what is the most likely amyloid beta morphology pattern? Diffuse', 'IHC stained light micrograph of extracellular amyloid-beta deposition in the human brain tissue. Based on the image, what is the most likely amyloid beta morphology pattern? Cored', 'IHC stained light micrograph of extracellular amyloid-beta deposition in the human brain tissue. Based on the image, what is the most likely amyloid beta morphology pattern? none of the above']",1f0fe4cb-5ddb-494c-a0ca-86d15f96ae71,Diffuse,2,"{'pred': [3], 'probs': [[0.003839628305286169, 0.00025860764435492456, 0.32405057549476624, 0.6711570620536804, 0.0006941666943021119]], 'pred_prompt': ['IHC stained light micrograph of extracellular amyloid-beta deposition in the human brain tissue. Based on the image, what is the most likely amyloid beta morphology pattern? Cored']}",0.5026999711990356,pathology,neuropathology,light microscopy,brightfield microscopy,
classification,"['IHC stained light micrograph of extracellular amyloid-beta deposition in the human brain tissue. Based on the image, what is the most likely amyloid beta morphology pattern? Caa', 'IHC stained light micrograph of extracellular amyloid-beta deposition in the human brain tissue. Based on the image, what is the most likely amyloid beta morphology pattern? Negative', 'IHC stained light micrograph of extracellular amyloid-beta deposition in the human brain tissue. Based on the image, what is the most likely amyloid beta morphology pattern? Cored', 'IHC stained light micrograph of extracellular amyloid-beta deposition in the human brain tissue. Based on the image, what is the most likely amyloid beta morphology pattern? Diffuse', 'IHC stained light micrograph of extracellular amyloid-beta deposition in the human brain tissue. Based on the image, what is the most likely amyloid beta morphology pattern? none of the above']",90c93d0e-71a7-460d-bde9-fccbcc407a10,Negative,1,"{'pred': [1], 'probs': [[0.029325084760785103, 0.44712361693382263, 0.24565863609313965, 0.16588270664215088, 0.11201002448797226]], 'pred_prompt': ['IHC stained light micrograph of extracellular amyloid-beta deposition in the human brain tissue. Based on the image, what is the most likely amyloid beta morphology pattern? Negative']}",0.5026999711990356,pathology,neuropathology,light microscopy,brightfield microscopy,
classification,"['IHC stained light micrograph of extracellular amyloid-beta deposition in the human brain tissue. Based on the image, what is the most likely amyloid beta morphology pattern? Caa', 'IHC stained light micrograph of extracellular amyloid-beta deposition in the human brain tissue. Based on the image, what is the most likely amyloid beta morphology pattern? Negative', 'IHC stained light micrograph of extracellular amyloid-beta deposition in the human brain tissue. Based on the image, what is the most likely amyloid beta morphology pattern? Cored', 'IHC stained light micrograph of extracellular amyloid-beta deposition in the human brain tissue. Based on the image, what is the most likely amyloid beta morphology pattern? Diffuse', 'IHC stained light micrograph of extracellular amyloid-beta deposition in the human brain tissue. Based on the image, what is the most likely amyloid beta morphology pattern? none of the above']",598b8f70-0f23-46b3-ab15-063dc6febe0a,Diffuse,3,"{'pred': [2], 'probs': [[0.0007089782739058137, 0.04218916594982147, 0.5411333441734314, 0.40793633460998535, 0.008032217621803284]], 'pred_prompt': ['IHC stained light micrograph of extracellular amyloid-beta deposition in the human brain tissue. Based on the image, what is the most likely amyloid beta morphology pattern? Cored']}",0.5026999711990356,pathology,neuropathology,light microscopy,brightfield microscopy,
classification,"['IHC stained light micrograph of extracellular amyloid-beta deposition in the human brain tissue. Based on the image, what is the most likely amyloid beta morphology pattern? cerebral amyloid angiopathy', 'IHC stained light micrograph of extracellular amyloid-beta deposition in the human brain tissue. Based on the image, what is the most likely amyloid beta morphology pattern? negative', 'IHC stained light micrograph of extracellular amyloid-beta deposition in the human brain tissue. Based on the image, what is the most likely amyloid beta morphology pattern? diffuse plaque', 'IHC stained light micrograph of extracellular amyloid-beta deposition in the human brain tissue. Based on the image, what is the most likely amyloid beta morphology pattern? cored plaque', 'IHC stained light micrograph of extracellular amyloid-beta deposition in the human brain tissue. Based on the image, what is the most likely amyloid beta morphology pattern? none of the above']",9478fb06-b000-4d93-bd73-edf6e28a4859,cored plaque,3,"{'pred': [3], 'probs': [[0.027042729780077934, 0.08350522071123123, 0.07028090953826904, 0.8146824836730957, 0.004488607868552208]], 'pred_prompt': ['IHC stained light micrograph of extracellular amyloid-beta deposition in the human brain tissue. Based on the image, what is the most likely amyloid beta morphology pattern? cored plaque']}",0.5026999711990356,pathology,neuropathology,light microscopy,brightfield microscopy,
classification,"['IHC stained light micrograph of extracellular amyloid-beta deposition in the human brain tissue. Based on the image, what is the most likely amyloid beta morphology pattern? Caa', 'IHC stained light micrograph of extracellular amyloid-beta deposition in the human brain tissue. Based on the image, what is the most likely amyloid beta morphology pattern? Cored', 'IHC stained light micrograph of extracellular amyloid-beta deposition in the human brain tissue. Based on the image, what is the most likely amyloid beta morphology pattern? Negative', 'IHC stained light micrograph of extracellular amyloid-beta deposition in the human brain tissue. Based on the image, what is the most likely amyloid beta morphology pattern? Diffuse', 'IHC stained light micrograph of extracellular amyloid-beta deposition in the human brain tissue. Based on the image, what is the most likely amyloid beta morphology pattern? none of the above']",92d6585b-0477-4f99-80ba-1e114ef2a30a,Diffuse,3,"{'pred': [2], 'probs': [[0.30557605624198914, 0.052446480840444565, 0.3387480080127716, 0.046051912009716034, 0.25717753171920776]], 'pred_prompt': ['IHC stained light micrograph of extracellular amyloid-beta deposition in the human brain tissue. Based on the image, what is the most likely amyloid beta morphology pattern? Negative']}",0.5026999711990356,pathology,neuropathology,light microscopy,brightfield microscopy,
classification,"['IHC stained light micrograph of extracellular amyloid-beta deposition in the human brain tissue. Based on the image, what is the most likely amyloid beta morphology pattern? Caa', 'IHC stained light micrograph of extracellular amyloid-beta deposition in the human brain tissue. Based on the image, what is the most likely amyloid beta morphology pattern? Diffuse', 'IHC stained light micrograph of extracellular amyloid-beta deposition in the human brain tissue. Based on the image, what is the most likely amyloid beta morphology pattern? Negative', 'IHC stained light micrograph of extracellular amyloid-beta deposition in the human brain tissue. Based on the image, what is the most likely amyloid beta morphology pattern? Cored', 'IHC stained light micrograph of extracellular amyloid-beta deposition in the human brain tissue. Based on the image, what is the most likely amyloid beta morphology pattern? none of the above']",f10b414b-22a4-4179-8750-917507c7ca08,Diffuse,1,"{'pred': [3], 'probs': [[0.0005046426667831838, 0.221048504114151, 0.01372505072504282, 0.7606493234634399, 0.004072405863553286]], 'pred_prompt': ['IHC stained light micrograph of extracellular amyloid-beta deposition in the human brain tissue. Based on the image, what is the most likely amyloid beta morphology pattern? Cored']}",0.5026999711990356,pathology,neuropathology,light microscopy,brightfield microscopy,
classification,"['IHC stained light micrograph of extracellular amyloid-beta deposition in the human brain tissue. Based on the image, what is the most likely amyloid beta morphology pattern? Cored', 'IHC stained light micrograph of extracellular amyloid-beta deposition in the human brain tissue. Based on the image, what is the most likely amyloid beta morphology pattern? Negative', 'IHC stained light micrograph of extracellular amyloid-beta deposition in the human brain tissue. Based on the image, what is the most likely amyloid beta morphology pattern? Diffuse', 'IHC stained light micrograph of extracellular amyloid-beta deposition in the human brain tissue. Based on the image, what is the most likely amyloid beta morphology pattern? Caa', 'IHC stained light micrograph of extracellular amyloid-beta deposition in the human brain tissue. Based on the image, what is the most likely amyloid beta morphology pattern? none of the above']",30940c42-6eb5-421f-abcb-73f69f1791b0,Caa,3,"{'pred': [3], 'probs': [[0.001676933723501861, 0.012250173836946487, 6.348466558847576e-05, 0.9699052572250366, 0.016104208305478096]], 'pred_prompt': ['IHC stained light micrograph of extracellular amyloid-beta deposition in the human brain tissue. Based on the image, what is the most likely amyloid beta morphology pattern? Caa']}",0.5026999711990356,pathology,neuropathology,light microscopy,brightfield microscopy,
classification,"['IHC stained light micrograph of extracellular amyloid-beta deposition in the human brain tissue. Based on the image, what is the most likely amyloid beta morphology pattern? diffuse plaque', 'IHC stained light micrograph of extracellular amyloid-beta deposition in the human brain tissue. Based on the image, what is the most likely amyloid beta morphology pattern? negative', 'IHC stained light micrograph of extracellular amyloid-beta deposition in the human brain tissue. Based on the image, what is the most likely amyloid beta morphology pattern? cored plaque', 'IHC stained light micrograph of extracellular amyloid-beta deposition in the human brain tissue. Based on the image, what is the most likely amyloid beta morphology pattern? cerebral amyloid angiopathy', 'IHC stained light micrograph of extracellular amyloid-beta deposition in the human brain tissue. Based on the image, what is the most likely amyloid beta morphology pattern? none of the above']",8177bfa2-a4d3-4731-b8c0-eaddcf49b6ab,negative,1,"{'pred': [1], 'probs': [[0.0059926169924438, 0.8161439299583435, 0.09940458089113235, 0.004402526654303074, 0.07405630499124527]], 'pred_prompt': ['IHC stained light micrograph of extracellular amyloid-beta deposition in the human brain tissue. Based on the image, what is the most likely amyloid beta morphology pattern? negative']}",0.5026999711990356,pathology,neuropathology,light microscopy,brightfield microscopy,
classification,"['IHC stained light micrograph of extracellular amyloid-beta deposition in the human brain tissue. Based on the image, what is the most likely amyloid beta morphology pattern? Negative', 'IHC stained light micrograph of extracellular amyloid-beta deposition in the human brain tissue. Based on the image, what is the most likely amyloid beta morphology pattern? Caa', 'IHC stained light micrograph of extracellular amyloid-beta deposition in the human brain tissue. Based on the image, what is the most likely amyloid beta morphology pattern? Diffuse', 'IHC stained light micrograph of extracellular amyloid-beta deposition in the human brain tissue. Based on the image, what is the most likely amyloid beta morphology pattern? Cored', 'IHC stained light micrograph of extracellular amyloid-beta deposition in the human brain tissue. Based on the image, what is the most likely amyloid beta morphology pattern? none of the above']",610aebb3-c677-4cfe-a67b-aac49d874fee,Negative,0,"{'pred': [2], 'probs': [[0.13817262649536133, 0.0004187965241726488, 0.4783360958099365, 0.3651866614818573, 0.017885835841298103]], 'pred_prompt': ['IHC stained light micrograph of extracellular amyloid-beta deposition in the human brain tissue. Based on the image, what is the most likely amyloid beta morphology pattern? Diffuse']}",0.5026999711990356,pathology,neuropathology,light microscopy,brightfield microscopy,
classification,"['IHC stained light micrograph of extracellular amyloid-beta deposition in the human brain tissue. Based on the image, what is the most likely amyloid beta morphology pattern? negative', 'IHC stained light micrograph of extracellular amyloid-beta deposition in the human brain tissue. Based on the image, what is the most likely amyloid beta morphology pattern? diffuse plaque', 'IHC stained light micrograph of extracellular amyloid-beta deposition in the human brain tissue. Based on the image, what is the most likely amyloid beta morphology pattern? cored plaque', 'IHC stained light micrograph of extracellular amyloid-beta deposition in the human brain tissue. Based on the image, what is the most likely amyloid beta morphology pattern? cerebral amyloid angiopathy', 'IHC stained light micrograph of extracellular amyloid-beta deposition in the human brain tissue. Based on the image, what is the most likely amyloid beta morphology pattern? none of the above']",eb00997e-5aaf-480b-8dd4-949c543e9e39,negative,0,"{'pred': [0], 'probs': [[0.6166883707046509, 0.04816311597824097, 0.05450230836868286, 0.02152525633573532, 0.2591208815574646]], 'pred_prompt': ['IHC stained light micrograph of extracellular amyloid-beta deposition in the human brain tissue. Based on the image, what is the most likely amyloid beta morphology pattern? negative']}",0.5026999711990356,pathology,neuropathology,light microscopy,brightfield microscopy,
classification,"['IHC stained light micrograph of extracellular amyloid-beta deposition in the human brain tissue. Based on the image, what is the most likely amyloid beta morphology pattern? Diffuse', 'IHC stained light micrograph of extracellular amyloid-beta deposition in the human brain tissue. Based on the image, what is the most likely amyloid beta morphology pattern? Negative', 'IHC stained light micrograph of extracellular amyloid-beta deposition in the human brain tissue. Based on the image, what is the most likely amyloid beta morphology pattern? Caa', 'IHC stained light micrograph of extracellular amyloid-beta deposition in the human brain tissue. Based on the image, what is the most likely amyloid beta morphology pattern? Cored', 'IHC stained light micrograph of extracellular amyloid-beta deposition in the human brain tissue. Based on the image, what is the most likely amyloid beta morphology pattern? none of the above']",10db48f5-30cb-4c51-af81-5859f765c15f,Negative,1,"{'pred': [2], 'probs': [[0.006146152503788471, 0.2698426842689514, 0.35631808638572693, 0.30379417538642883, 0.06389894336462021]], 'pred_prompt': ['IHC stained light micrograph of extracellular amyloid-beta deposition in the human brain tissue. Based on the image, what is the most likely amyloid beta morphology pattern? Caa']}",0.5026999711990356,pathology,neuropathology,light microscopy,brightfield microscopy,
classification,"['IHC stained light micrograph of extracellular amyloid-beta deposition in the human brain tissue. Based on the image, what is the most likely amyloid beta morphology pattern? Caa', 'IHC stained light micrograph of extracellular amyloid-beta deposition in the human brain tissue. Based on the image, what is the most likely amyloid beta morphology pattern? Cored', 'IHC stained light micrograph of extracellular amyloid-beta deposition in the human brain tissue. Based on the image, what is the most likely amyloid beta morphology pattern? Negative', 'IHC stained light micrograph of extracellular amyloid-beta deposition in the human brain tissue. Based on the image, what is the most likely amyloid beta morphology pattern? Diffuse', 'IHC stained light micrograph of extracellular amyloid-beta deposition in the human brain tissue. Based on the image, what is the most likely amyloid beta morphology pattern? none of the above']",670b52fa-7f34-4bba-9818-3a9437b9b241,Caa,0,"{'pred': [0], 'probs': [[0.999196469783783, 0.0003354674263391644, 0.0002776315959636122, 4.1439202504989225e-06, 0.00018624021322466433]], 'pred_prompt': ['IHC stained light micrograph of extracellular amyloid-beta deposition in the human brain tissue. Based on the image, what is the most likely amyloid beta morphology pattern? Caa']}",0.5026999711990356,pathology,neuropathology,light microscopy,brightfield microscopy,
classification,"['IHC stained light micrograph of extracellular amyloid-beta deposition in the human brain tissue. Based on the image, what is the most likely amyloid beta morphology pattern? diffuse plaque', 'IHC stained light micrograph of extracellular amyloid-beta deposition in the human brain tissue. Based on the image, what is the most likely amyloid beta morphology pattern? cerebral amyloid angiopathy', 'IHC stained light micrograph of extracellular amyloid-beta deposition in the human brain tissue. Based on the image, what is the most likely amyloid beta morphology pattern? cored plaque', 'IHC stained light micrograph of extracellular amyloid-beta deposition in the human brain tissue. Based on the image, what is the most likely amyloid beta morphology pattern? negative', 'IHC stained light micrograph of extracellular amyloid-beta deposition in the human brain tissue. Based on the image, what is the most likely amyloid beta morphology pattern? none of the above']",70334b51-6aa8-45cf-a4e6-553cd8c6c5ef,diffuse plaque,0,"{'pred': [2], 'probs': [[0.22796273231506348, 0.0031093473080545664, 0.7604782581329346, 0.007037829607725143, 0.0014118868857622147]], 'pred_prompt': ['IHC stained light micrograph of extracellular amyloid-beta deposition in the human brain tissue. Based on the image, what is the most likely amyloid beta morphology pattern? cored plaque']}",0.5026999711990356,pathology,neuropathology,light microscopy,brightfield microscopy,
classification,"['IHC stained light micrograph of extracellular amyloid-beta deposition in the human brain tissue. Based on the image, what is the most likely amyloid beta morphology pattern? Negative', 'IHC stained light micrograph of extracellular amyloid-beta deposition in the human brain tissue. Based on the image, what is the most likely amyloid beta morphology pattern? Diffuse', 'IHC stained light micrograph of extracellular amyloid-beta deposition in the human brain tissue. Based on the image, what is the most likely amyloid beta morphology pattern? Cored', 'IHC stained light micrograph of extracellular amyloid-beta deposition in the human brain tissue. Based on the image, what is the most likely amyloid beta morphology pattern? Caa', 'IHC stained light micrograph of extracellular amyloid-beta deposition in the human brain tissue. Based on the image, what is the most likely amyloid beta morphology pattern? none of the above']",1ee430e9-f4ed-4219-ac0f-f82e61df893a,Cored,2,"{'pred': [2], 'probs': [[0.006001811474561691, 0.013306714594364166, 0.649161696434021, 0.32986003160476685, 0.00166978663764894]], 'pred_prompt': ['IHC stained light micrograph of extracellular amyloid-beta deposition in the human brain tissue. Based on the image, what is the most likely amyloid beta morphology pattern? Cored']}",0.5026999711990356,pathology,neuropathology,light microscopy,brightfield microscopy,
classification,"['IHC stained light micrograph of extracellular amyloid-beta deposition in the human brain tissue. Based on the image, what is the most likely amyloid beta morphology pattern? diffuse plaque', 'IHC stained light micrograph of extracellular amyloid-beta deposition in the human brain tissue. Based on the image, what is the most likely amyloid beta morphology pattern? negative', 'IHC stained light micrograph of extracellular amyloid-beta deposition in the human brain tissue. Based on the image, what is the most likely amyloid beta morphology pattern? cored plaque', 'IHC stained light micrograph of extracellular amyloid-beta deposition in the human brain tissue. Based on the image, what is the most likely amyloid beta morphology pattern? cerebral amyloid angiopathy', 'IHC stained light micrograph of extracellular amyloid-beta deposition in the human brain tissue. Based on the image, what is the most likely amyloid beta morphology pattern? none of the above']",3ba94fb5-35c2-4ec3-b0e1-172e63b7bd5f,diffuse plaque,0,"{'pred': [2], 'probs': [[0.28063249588012695, 0.053355928510427475, 0.6202918887138367, 0.03867953643202782, 0.0070401448756456375]], 'pred_prompt': ['IHC stained light micrograph of extracellular amyloid-beta deposition in the human brain tissue. Based on the image, what is the most likely amyloid beta morphology pattern? cored plaque']}",0.5026999711990356,pathology,neuropathology,light microscopy,brightfield microscopy,
classification,"['IHC stained light micrograph of extracellular amyloid-beta deposition in the human brain tissue. Based on the image, what is the most likely amyloid beta morphology pattern? Diffuse', 'IHC stained light micrograph of extracellular amyloid-beta deposition in the human brain tissue. Based on the image, what is the most likely amyloid beta morphology pattern? Negative', 'IHC stained light micrograph of extracellular amyloid-beta deposition in the human brain tissue. Based on the image, what is the most likely amyloid beta morphology pattern? Cored', 'IHC stained light micrograph of extracellular amyloid-beta deposition in the human brain tissue. Based on the image, what is the most likely amyloid beta morphology pattern? Caa', 'IHC stained light micrograph of extracellular amyloid-beta deposition in the human brain tissue. Based on the image, what is the most likely amyloid beta morphology pattern? none of the above']",b2c1e494-8919-4ac7-b746-2afe2bf200a1,Negative,1,"{'pred': [1], 'probs': [[0.11852101236581802, 0.7266110181808472, 0.057585202157497406, 0.012574447318911552, 0.0847083106637001]], 'pred_prompt': ['IHC stained light micrograph of extracellular amyloid-beta deposition in the human brain tissue. Based on the image, what is the most likely amyloid beta morphology pattern? Negative']}",0.5026999711990356,pathology,neuropathology,light microscopy,brightfield microscopy,
classification,"['IHC stained light micrograph of extracellular amyloid-beta deposition in the human brain tissue. Based on the image, what is the most likely amyloid beta morphology pattern? negative', 'IHC stained light micrograph of extracellular amyloid-beta deposition in the human brain tissue. Based on the image, what is the most likely amyloid beta morphology pattern? cored plaque', 'IHC stained light micrograph of extracellular amyloid-beta deposition in the human brain tissue. Based on the image, what is the most likely amyloid beta morphology pattern? diffuse plaque', 'IHC stained light micrograph of extracellular amyloid-beta deposition in the human brain tissue. Based on the image, what is the most likely amyloid beta morphology pattern? cerebral amyloid angiopathy', 'IHC stained light micrograph of extracellular amyloid-beta deposition in the human brain tissue. Based on the image, what is the most likely amyloid beta morphology pattern? none of the above']",8667f677-c191-407f-978e-248199f783fd,negative,0,"{'pred': [0], 'probs': [[0.7882699370384216, 0.04356444254517555, 0.00015536387218162417, 0.07002274692058563, 0.09798746556043625]], 'pred_prompt': ['IHC stained light micrograph of extracellular amyloid-beta deposition in the human brain tissue. Based on the image, what is the most likely amyloid beta morphology pattern? negative']}",0.5026999711990356,pathology,neuropathology,light microscopy,brightfield microscopy,
classification,"['IHC stained light micrograph of extracellular amyloid-beta deposition in the human brain tissue. Based on the image, what is the most likely amyloid beta morphology pattern? Negative', 'IHC stained light micrograph of extracellular amyloid-beta deposition in the human brain tissue. Based on the image, what is the most likely amyloid beta morphology pattern? Cored', 'IHC stained light micrograph of extracellular amyloid-beta deposition in the human brain tissue. Based on the image, what is the most likely amyloid beta morphology pattern? Caa', 'IHC stained light micrograph of extracellular amyloid-beta deposition in the human brain tissue. Based on the image, what is the most likely amyloid beta morphology pattern? Diffuse', 'IHC stained light micrograph of extracellular amyloid-beta deposition in the human brain tissue. Based on the image, what is the most likely amyloid beta morphology pattern? none of the above']",9501cb53-7ad1-4d50-90a9-f6f1d2e832e4,Diffuse,3,"{'pred': [3], 'probs': [[0.09743228554725647, 0.15115325152873993, 0.18295475840568542, 0.5356395244598389, 0.03282012790441513]], 'pred_prompt': ['IHC stained light micrograph of extracellular amyloid-beta deposition in the human brain tissue. Based on the image, what is the most likely amyloid beta morphology pattern? Diffuse']}",0.5026999711990356,pathology,neuropathology,light microscopy,brightfield microscopy,
classification,"['IHC stained light micrograph of extracellular amyloid-beta deposition in the human brain tissue. Based on the image, what is the most likely amyloid beta morphology pattern? diffuse plaque', 'IHC stained light micrograph of extracellular amyloid-beta deposition in the human brain tissue. Based on the image, what is the most likely amyloid beta morphology pattern? negative', 'IHC stained light micrograph of extracellular amyloid-beta deposition in the human brain tissue. Based on the image, what is the most likely amyloid beta morphology pattern? cerebral amyloid angiopathy', 'IHC stained light micrograph of extracellular amyloid-beta deposition in the human brain tissue. Based on the image, what is the most likely amyloid beta morphology pattern? cored plaque', 'IHC stained light micrograph of extracellular amyloid-beta deposition in the human brain tissue. Based on the image, what is the most likely amyloid beta morphology pattern? none of the above']",4540fcbe-b30b-4ad9-b0c3-7601900ed1fc,diffuse plaque,0,"{'pred': [0], 'probs': [[0.524367094039917, 0.3136231601238251, 0.006482131313532591, 0.07036800682544708, 0.08515958487987518]], 'pred_prompt': ['IHC stained light micrograph of extracellular amyloid-beta deposition in the human brain tissue. Based on the image, what is the most likely amyloid beta morphology pattern? diffuse plaque']}",0.5026999711990356,pathology,neuropathology,light microscopy,brightfield microscopy,
classification,"['IHC stained light micrograph of extracellular amyloid-beta deposition in the human brain tissue. Based on the image, what is the most likely amyloid beta morphology pattern? Caa', 'IHC stained light micrograph of extracellular amyloid-beta deposition in the human brain tissue. Based on the image, what is the most likely amyloid beta morphology pattern? Diffuse', 'IHC stained light micrograph of extracellular amyloid-beta deposition in the human brain tissue. Based on the image, what is the most likely amyloid beta morphology pattern? Cored', 'IHC stained light micrograph of extracellular amyloid-beta deposition in the human brain tissue. Based on the image, what is the most likely amyloid beta morphology pattern? Negative', 'IHC stained light micrograph of extracellular amyloid-beta deposition in the human brain tissue. Based on the image, what is the most likely amyloid beta morphology pattern? none of the above']",b5411983-137f-4521-801c-e2de3f8cea75,Negative,3,"{'pred': [2], 'probs': [[0.004678309895098209, 0.4052514135837555, 0.4411027431488037, 0.1271226704120636, 0.021844906732439995]], 'pred_prompt': ['IHC stained light micrograph of extracellular amyloid-beta deposition in the human brain tissue. Based on the image, what is the most likely amyloid beta morphology pattern? Cored']}",0.5026999711990356,pathology,neuropathology,light microscopy,brightfield microscopy,
classification,"['IHC stained light micrograph of extracellular amyloid-beta deposition in the human brain tissue. Based on the image, what is the most likely amyloid beta morphology pattern? cored plaque', 'IHC stained light micrograph of extracellular amyloid-beta deposition in the human brain tissue. Based on the image, what is the most likely amyloid beta morphology pattern? diffuse plaque', 'IHC stained light micrograph of extracellular amyloid-beta deposition in the human brain tissue. Based on the image, what is the most likely amyloid beta morphology pattern? cerebral amyloid angiopathy', 'IHC stained light micrograph of extracellular amyloid-beta deposition in the human brain tissue. Based on the image, what is the most likely amyloid beta morphology pattern? negative', 'IHC stained light micrograph of extracellular amyloid-beta deposition in the human brain tissue. Based on the image, what is the most likely amyloid beta morphology pattern? none of the above']",dd32d9e8-a0a0-4c58-999e-4fd06fbf97dd,diffuse plaque,1,"{'pred': [1], 'probs': [[0.04955481365323067, 0.6366730332374573, 0.003134252270683646, 0.2546985149383545, 0.05593937635421753]], 'pred_prompt': ['IHC stained light micrograph of extracellular amyloid-beta deposition in the human brain tissue. Based on the image, what is the most likely amyloid beta morphology pattern? diffuse plaque']}",0.5026999711990356,pathology,neuropathology,light microscopy,brightfield microscopy,
classification,"['IHC stained light micrograph of extracellular amyloid-beta deposition in the human brain tissue. Based on the image, what is the most likely amyloid beta morphology pattern? cerebral amyloid angiopathy', 'IHC stained light micrograph of extracellular amyloid-beta deposition in the human brain tissue. Based on the image, what is the most likely amyloid beta morphology pattern? negative', 'IHC stained light micrograph of extracellular amyloid-beta deposition in the human brain tissue. Based on the image, what is the most likely amyloid beta morphology pattern? cored plaque', 'IHC stained light micrograph of extracellular amyloid-beta deposition in the human brain tissue. Based on the image, what is the most likely amyloid beta morphology pattern? diffuse plaque', 'IHC stained light micrograph of extracellular amyloid-beta deposition in the human brain tissue. Based on the image, what is the most likely amyloid beta morphology pattern? none of the above']",9cdb7dd9-5e7d-4906-96ac-9e6077608ae6,diffuse plaque,3,"{'pred': [3], 'probs': [[0.01446269080042839, 0.03874257206916809, 0.21029460430145264, 0.7316017746925354, 0.004898339509963989]], 'pred_prompt': ['IHC stained light micrograph of extracellular amyloid-beta deposition in the human brain tissue. Based on the image, what is the most likely amyloid beta morphology pattern? diffuse plaque']}",0.5026999711990356,pathology,neuropathology,light microscopy,brightfield microscopy,
classification,"['IHC stained light micrograph of extracellular amyloid-beta deposition in the human brain tissue. Based on the image, what is the most likely amyloid beta morphology pattern? cerebral amyloid angiopathy', 'IHC stained light micrograph of extracellular amyloid-beta deposition in the human brain tissue. Based on the image, what is the most likely amyloid beta morphology pattern? diffuse plaque', 'IHC stained light micrograph of extracellular amyloid-beta deposition in the human brain tissue. Based on the image, what is the most likely amyloid beta morphology pattern? negative', 'IHC stained light micrograph of extracellular amyloid-beta deposition in the human brain tissue. Based on the image, what is the most likely amyloid beta morphology pattern? cored plaque', 'IHC stained light micrograph of extracellular amyloid-beta deposition in the human brain tissue. Based on the image, what is the most likely amyloid beta morphology pattern? none of the above']",5cb048f2-f3a7-4c5b-9ae4-3837a51b9fa4,diffuse plaque,1,"{'pred': [1], 'probs': [[0.0011407813290134072, 0.7252420783042908, 0.03641197830438614, 0.23190034925937653, 0.005304825026541948]], 'pred_prompt': ['IHC stained light micrograph of extracellular amyloid-beta deposition in the human brain tissue. Based on the image, what is the most likely amyloid beta morphology pattern? diffuse plaque']}",0.5026999711990356,pathology,neuropathology,light microscopy,brightfield microscopy,
classification,"['IHC stained light micrograph of extracellular amyloid-beta deposition in the human brain tissue. Based on the image, what is the most likely amyloid beta morphology pattern? Diffuse', 'IHC stained light micrograph of extracellular amyloid-beta deposition in the human brain tissue. Based on the image, what is the most likely amyloid beta morphology pattern? Cored', 'IHC stained light micrograph of extracellular amyloid-beta deposition in the human brain tissue. Based on the image, what is the most likely amyloid beta morphology pattern? Negative', 'IHC stained light micrograph of extracellular amyloid-beta deposition in the human brain tissue. Based on the image, what is the most likely amyloid beta morphology pattern? Caa', 'IHC stained light micrograph of extracellular amyloid-beta deposition in the human brain tissue. Based on the image, what is the most likely amyloid beta morphology pattern? none of the above']",fdf13430-b3e2-4396-af53-77285152a530,Diffuse,0,"{'pred': [1], 'probs': [[0.13401749730110168, 0.8618301153182983, 0.0033296896144747734, 0.0002907298330683261, 0.0005319872288964689]], 'pred_prompt': ['IHC stained light micrograph of extracellular amyloid-beta deposition in the human brain tissue. Based on the image, what is the most likely amyloid beta morphology pattern? Cored']}",0.5026999711990356,pathology,neuropathology,light microscopy,brightfield microscopy,
classification,"['IHC stained light micrograph of extracellular amyloid-beta deposition in the human brain tissue. Based on the image, what is the most likely amyloid beta morphology pattern? Negative', 'IHC stained light micrograph of extracellular amyloid-beta deposition in the human brain tissue. Based on the image, what is the most likely amyloid beta morphology pattern? Cored', 'IHC stained light micrograph of extracellular amyloid-beta deposition in the human brain tissue. Based on the image, what is the most likely amyloid beta morphology pattern? Diffuse', 'IHC stained light micrograph of extracellular amyloid-beta deposition in the human brain tissue. Based on the image, what is the most likely amyloid beta morphology pattern? Caa', 'IHC stained light micrograph of extracellular amyloid-beta deposition in the human brain tissue. Based on the image, what is the most likely amyloid beta morphology pattern? none of the above']",2ff1485e-42d3-412d-be6d-17a94febda0e,Caa,3,"{'pred': [3], 'probs': [[0.13370990753173828, 0.15139706432819366, 0.00729114655405283, 0.6849222183227539, 0.022679656744003296]], 'pred_prompt': ['IHC stained light micrograph of extracellular amyloid-beta deposition in the human brain tissue. Based on the image, what is the most likely amyloid beta morphology pattern? Caa']}",0.5026999711990356,pathology,neuropathology,light microscopy,brightfield microscopy,
classification,"['IHC stained light micrograph of extracellular amyloid-beta deposition in the human brain tissue. Based on the image, what is the most likely amyloid beta morphology pattern? Negative', 'IHC stained light micrograph of extracellular amyloid-beta deposition in the human brain tissue. Based on the image, what is the most likely amyloid beta morphology pattern? Cored', 'IHC stained light micrograph of extracellular amyloid-beta deposition in the human brain tissue. Based on the image, what is the most likely amyloid beta morphology pattern? Diffuse', 'IHC stained light micrograph of extracellular amyloid-beta deposition in the human brain tissue. Based on the image, what is the most likely amyloid beta morphology pattern? Caa', 'IHC stained light micrograph of extracellular amyloid-beta deposition in the human brain tissue. Based on the image, what is the most likely amyloid beta morphology pattern? none of the above']",c68662b6-b4d6-4e3f-9056-6b13cf0d0304,Cored,1,"{'pred': [3], 'probs': [[0.0097882729023695, 0.429516464471817, 0.027997175231575966, 0.5307241082191467, 0.0019739384297281504]], 'pred_prompt': ['IHC stained light micrograph of extracellular amyloid-beta deposition in the human brain tissue. Based on the image, what is the most likely amyloid beta morphology pattern? Caa']}",0.5026999711990356,pathology,neuropathology,light microscopy,brightfield microscopy,
classification,"['IHC stained light micrograph of extracellular amyloid-beta deposition in the human brain tissue. Based on the image, what is the most likely amyloid beta morphology pattern? Cored', 'IHC stained light micrograph of extracellular amyloid-beta deposition in the human brain tissue. Based on the image, what is the most likely amyloid beta morphology pattern? Caa', 'IHC stained light micrograph of extracellular amyloid-beta deposition in the human brain tissue. Based on the image, what is the most likely amyloid beta morphology pattern? Negative', 'IHC stained light micrograph of extracellular amyloid-beta deposition in the human brain tissue. Based on the image, what is the most likely amyloid beta morphology pattern? Diffuse', 'IHC stained light micrograph of extracellular amyloid-beta deposition in the human brain tissue. Based on the image, what is the most likely amyloid beta morphology pattern? none of the above']",442abc45-a114-4637-8175-2d5c297c2ed7,Cored,0,"{'pred': [0], 'probs': [[0.9418667554855347, 0.007763226982206106, 0.011750854551792145, 0.03510044515132904, 0.0035187837202101946]], 'pred_prompt': ['IHC stained light micrograph of extracellular amyloid-beta deposition in the human brain tissue. Based on the image, what is the most likely amyloid beta morphology pattern? Cored']}",0.5026999711990356,pathology,neuropathology,light microscopy,brightfield microscopy,
classification,"['IHC stained light micrograph of extracellular amyloid-beta deposition in the human brain tissue. Based on the image, what is the most likely amyloid beta morphology pattern? Diffuse', 'IHC stained light micrograph of extracellular amyloid-beta deposition in the human brain tissue. Based on the image, what is the most likely amyloid beta morphology pattern? Negative', 'IHC stained light micrograph of extracellular amyloid-beta deposition in the human brain tissue. Based on the image, what is the most likely amyloid beta morphology pattern? Caa', 'IHC stained light micrograph of extracellular amyloid-beta deposition in the human brain tissue. Based on the image, what is the most likely amyloid beta morphology pattern? Cored', 'IHC stained light micrograph of extracellular amyloid-beta deposition in the human brain tissue. Based on the image, what is the most likely amyloid beta morphology pattern? none of the above']",256ec93a-155c-4b7d-b826-e7d1caa790b3,Caa,2,"{'pred': [2], 'probs': [[0.0014729787362739444, 0.04064289480447769, 0.9210544228553772, 0.01538055669516325, 0.021449187770485878]], 'pred_prompt': ['IHC stained light micrograph of extracellular amyloid-beta deposition in the human brain tissue. Based on the image, what is the most likely amyloid beta morphology pattern? Caa']}",0.5026999711990356,pathology,neuropathology,light microscopy,brightfield microscopy,
classification,"['IHC stained light micrograph of extracellular amyloid-beta deposition in the human brain tissue. Based on the image, what is the most likely amyloid beta morphology pattern? Negative', 'IHC stained light micrograph of extracellular amyloid-beta deposition in the human brain tissue. Based on the image, what is the most likely amyloid beta morphology pattern? Diffuse', 'IHC stained light micrograph of extracellular amyloid-beta deposition in the human brain tissue. Based on the image, what is the most likely amyloid beta morphology pattern? Cored', 'IHC stained light micrograph of extracellular amyloid-beta deposition in the human brain tissue. Based on the image, what is the most likely amyloid beta morphology pattern? Caa', 'IHC stained light micrograph of extracellular amyloid-beta deposition in the human brain tissue. Based on the image, what is the most likely amyloid beta morphology pattern? none of the above']",92417a08-8107-442e-bc63-3991d8eed836,Diffuse,1,"{'pred': [2], 'probs': [[0.006714130751788616, 0.13531243801116943, 0.8522601127624512, 0.0045113516971468925, 0.0012019234709441662]], 'pred_prompt': ['IHC stained light micrograph of extracellular amyloid-beta deposition in the human brain tissue. Based on the image, what is the most likely amyloid beta morphology pattern? Cored']}",0.5026999711990356,pathology,neuropathology,light microscopy,brightfield microscopy,
classification,"['IHC stained light micrograph of extracellular amyloid-beta deposition in the human brain tissue. Based on the image, what is the most likely amyloid beta morphology pattern? diffuse plaque', 'IHC stained light micrograph of extracellular amyloid-beta deposition in the human brain tissue. Based on the image, what is the most likely amyloid beta morphology pattern? cerebral amyloid angiopathy', 'IHC stained light micrograph of extracellular amyloid-beta deposition in the human brain tissue. Based on the image, what is the most likely amyloid beta morphology pattern? cored plaque', 'IHC stained light micrograph of extracellular amyloid-beta deposition in the human brain tissue. Based on the image, what is the most likely amyloid beta morphology pattern? negative', 'IHC stained light micrograph of extracellular amyloid-beta deposition in the human brain tissue. Based on the image, what is the most likely amyloid beta morphology pattern? none of the above']",15992e53-de46-413e-84ea-c6a0f78d8000,diffuse plaque,0,"{'pred': [0], 'probs': [[0.8061667084693909, 0.00012680870713666081, 0.18268771469593048, 0.010292391292750835, 0.0007263703737407923]], 'pred_prompt': ['IHC stained light micrograph of extracellular amyloid-beta deposition in the human brain tissue. Based on the image, what is the most likely amyloid beta morphology pattern? diffuse plaque']}",0.5026999711990356,pathology,neuropathology,light microscopy,brightfield microscopy,
classification,"['IHC stained light micrograph of extracellular amyloid-beta deposition in the human brain tissue. Based on the image, what is the most likely amyloid beta morphology pattern? Cored', 'IHC stained light micrograph of extracellular amyloid-beta deposition in the human brain tissue. Based on the image, what is the most likely amyloid beta morphology pattern? Negative', 'IHC stained light micrograph of extracellular amyloid-beta deposition in the human brain tissue. Based on the image, what is the most likely amyloid beta morphology pattern? Caa', 'IHC stained light micrograph of extracellular amyloid-beta deposition in the human brain tissue. Based on the image, what is the most likely amyloid beta morphology pattern? Diffuse', 'IHC stained light micrograph of extracellular amyloid-beta deposition in the human brain tissue. Based on the image, what is the most likely amyloid beta morphology pattern? none of the above']",6884bedf-d2cd-471b-93d8-940936ef92b3,Caa,2,"{'pred': [2], 'probs': [[0.0004008022078778595, 0.0026927751023322344, 0.9933730363845825, 5.1071972848149016e-05, 0.003482264932245016]], 'pred_prompt': ['IHC stained light micrograph of extracellular amyloid-beta deposition in the human brain tissue. Based on the image, what is the most likely amyloid beta morphology pattern? Caa']}",0.5026999711990356,pathology,neuropathology,light microscopy,brightfield microscopy,
classification,"['IHC stained light micrograph of extracellular amyloid-beta deposition in the human brain tissue. Based on the image, what is the most likely amyloid beta morphology pattern? Caa', 'IHC stained light micrograph of extracellular amyloid-beta deposition in the human brain tissue. Based on the image, what is the most likely amyloid beta morphology pattern? Cored', 'IHC stained light micrograph of extracellular amyloid-beta deposition in the human brain tissue. Based on the image, what is the most likely amyloid beta morphology pattern? Negative', 'IHC stained light micrograph of extracellular amyloid-beta deposition in the human brain tissue. Based on the image, what is the most likely amyloid beta morphology pattern? Diffuse', 'IHC stained light micrograph of extracellular amyloid-beta deposition in the human brain tissue. Based on the image, what is the most likely amyloid beta morphology pattern? none of the above']",e402ca9b-271e-4fc6-bc12-309020a3813f,Diffuse,3,"{'pred': [1], 'probs': [[0.017078720033168793, 0.7737971544265747, 0.10340413451194763, 0.08251930773258209, 0.023200733587145805]], 'pred_prompt': ['IHC stained light micrograph of extracellular amyloid-beta deposition in the human brain tissue. Based on the image, what is the most likely amyloid beta morphology pattern? Cored']}",0.5026999711990356,pathology,neuropathology,light microscopy,brightfield microscopy,
classification,"['IHC stained light micrograph of extracellular amyloid-beta deposition in the human brain tissue. Based on the image, what is the most likely amyloid beta morphology pattern? Cored', 'IHC stained light micrograph of extracellular amyloid-beta deposition in the human brain tissue. Based on the image, what is the most likely amyloid beta morphology pattern? Negative', 'IHC stained light micrograph of extracellular amyloid-beta deposition in the human brain tissue. Based on the image, what is the most likely amyloid beta morphology pattern? Caa', 'IHC stained light micrograph of extracellular amyloid-beta deposition in the human brain tissue. Based on the image, what is the most likely amyloid beta morphology pattern? Diffuse', 'IHC stained light micrograph of extracellular amyloid-beta deposition in the human brain tissue. Based on the image, what is the most likely amyloid beta morphology pattern? none of the above']",0464e256-43fe-4ef7-9504-9a3f70e8e80c,Caa,2,"{'pred': [2], 'probs': [[0.007246557157486677, 0.01086391881108284, 0.9777690172195435, 0.00032023873063735664, 0.0038002189248800278]], 'pred_prompt': ['IHC stained light micrograph of extracellular amyloid-beta deposition in the human brain tissue. Based on the image, what is the most likely amyloid beta morphology pattern? Caa']}",0.5026999711990356,pathology,neuropathology,light microscopy,brightfield microscopy,
classification,"['IHC stained light micrograph of extracellular amyloid-beta deposition in the human brain tissue. Based on the image, what is the most likely amyloid beta morphology pattern? cerebral amyloid angiopathy', 'IHC stained light micrograph of extracellular amyloid-beta deposition in the human brain tissue. Based on the image, what is the most likely amyloid beta morphology pattern? diffuse plaque', 'IHC stained light micrograph of extracellular amyloid-beta deposition in the human brain tissue. Based on the image, what is the most likely amyloid beta morphology pattern? negative', 'IHC stained light micrograph of extracellular amyloid-beta deposition in the human brain tissue. Based on the image, what is the most likely amyloid beta morphology pattern? cored plaque', 'IHC stained light micrograph of extracellular amyloid-beta deposition in the human brain tissue. Based on the image, what is the most likely amyloid beta morphology pattern? none of the above']",a7d566e5-5be1-4cea-b651-95e0ec41db65,diffuse plaque,1,"{'pred': [3], 'probs': [[0.0042905062437057495, 0.23447276651859283, 0.050250377506017685, 0.7024620175361633, 0.008524362929165363]], 'pred_prompt': ['IHC stained light micrograph of extracellular amyloid-beta deposition in the human brain tissue. Based on the image, what is the most likely amyloid beta morphology pattern? cored plaque']}",0.5026999711990356,pathology,neuropathology,light microscopy,brightfield microscopy,
classification,"['IHC stained light micrograph of extracellular amyloid-beta deposition in the human brain tissue. Based on the image, what is the most likely amyloid beta morphology pattern? cerebral amyloid angiopathy', 'IHC stained light micrograph of extracellular amyloid-beta deposition in the human brain tissue. Based on the image, what is the most likely amyloid beta morphology pattern? diffuse plaque', 'IHC stained light micrograph of extracellular amyloid-beta deposition in the human brain tissue. Based on the image, what is the most likely amyloid beta morphology pattern? cored plaque', 'IHC stained light micrograph of extracellular amyloid-beta deposition in the human brain tissue. Based on the image, what is the most likely amyloid beta morphology pattern? negative', 'IHC stained light micrograph of extracellular amyloid-beta deposition in the human brain tissue. Based on the image, what is the most likely amyloid beta morphology pattern? none of the above']",5eecb2b3-2f94-4eac-b354-04c21a092679,cored plaque,2,"{'pred': [2], 'probs': [[0.002946031279861927, 0.007231719791889191, 0.9866780042648315, 0.002501991344615817, 0.0006422876613214612]], 'pred_prompt': ['IHC stained light micrograph of extracellular amyloid-beta deposition in the human brain tissue. Based on the image, what is the most likely amyloid beta morphology pattern? cored plaque']}",0.5026999711990356,pathology,neuropathology,light microscopy,brightfield microscopy,
classification,"['IHC stained light micrograph of extracellular amyloid-beta deposition in the human brain tissue. Based on the image, what is the most likely amyloid beta morphology pattern? Caa', 'IHC stained light micrograph of extracellular amyloid-beta deposition in the human brain tissue. Based on the image, what is the most likely amyloid beta morphology pattern? Negative', 'IHC stained light micrograph of extracellular amyloid-beta deposition in the human brain tissue. Based on the image, what is the most likely amyloid beta morphology pattern? Diffuse', 'IHC stained light micrograph of extracellular amyloid-beta deposition in the human brain tissue. Based on the image, what is the most likely amyloid beta morphology pattern? Cored', 'IHC stained light micrograph of extracellular amyloid-beta deposition in the human brain tissue. Based on the image, what is the most likely amyloid beta morphology pattern? none of the above']",191d40cd-1670-49a2-a1f1-92dc2eb7e1ba,Diffuse,2,"{'pred': [1], 'probs': [[0.014871615916490555, 0.7314264178276062, 0.0694298967719078, 0.059396274387836456, 0.1248757615685463]], 'pred_prompt': ['IHC stained light micrograph of extracellular amyloid-beta deposition in the human brain tissue. Based on the image, what is the most likely amyloid beta morphology pattern? Negative']}",0.5026999711990356,pathology,neuropathology,light microscopy,brightfield microscopy,
classification,"['IHC stained light micrograph of extracellular amyloid-beta deposition in the human brain tissue. Based on the image, what is the most likely amyloid beta morphology pattern? Caa', 'IHC stained light micrograph of extracellular amyloid-beta deposition in the human brain tissue. Based on the image, what is the most likely amyloid beta morphology pattern? Diffuse', 'IHC stained light micrograph of extracellular amyloid-beta deposition in the human brain tissue. Based on the image, what is the most likely amyloid beta morphology pattern? Negative', 'IHC stained light micrograph of extracellular amyloid-beta deposition in the human brain tissue. Based on the image, what is the most likely amyloid beta morphology pattern? Cored', 'IHC stained light micrograph of extracellular amyloid-beta deposition in the human brain tissue. Based on the image, what is the most likely amyloid beta morphology pattern? none of the above']",313ce239-c11f-4378-a35a-8f2fa7e4f479,Cored,3,"{'pred': [3], 'probs': [[0.0023747466038912535, 0.39060500264167786, 0.014946754090487957, 0.5852435231208801, 0.006829953286796808]], 'pred_prompt': ['IHC stained light micrograph of extracellular amyloid-beta deposition in the human brain tissue. Based on the image, what is the most likely amyloid beta morphology pattern? Cored']}",0.5026999711990356,pathology,neuropathology,light microscopy,brightfield microscopy,
classification,"['IHC stained light micrograph of extracellular amyloid-beta deposition in the human brain tissue. Based on the image, what is the most likely amyloid beta morphology pattern? diffuse plaque', 'IHC stained light micrograph of extracellular amyloid-beta deposition in the human brain tissue. Based on the image, what is the most likely amyloid beta morphology pattern? cored plaque', 'IHC stained light micrograph of extracellular amyloid-beta deposition in the human brain tissue. Based on the image, what is the most likely amyloid beta morphology pattern? negative', 'IHC stained light micrograph of extracellular amyloid-beta deposition in the human brain tissue. Based on the image, what is the most likely amyloid beta morphology pattern? cerebral amyloid angiopathy', 'IHC stained light micrograph of extracellular amyloid-beta deposition in the human brain tissue. Based on the image, what is the most likely amyloid beta morphology pattern? none of the above']",1b250d16-66b3-42e9-a4ef-42b620897530,diffuse plaque,0,"{'pred': [1], 'probs': [[0.43384432792663574, 0.47777342796325684, 0.05021652579307556, 0.02600701153278351, 0.012158684432506561]], 'pred_prompt': ['IHC stained light micrograph of extracellular amyloid-beta deposition in the human brain tissue. Based on the image, what is the most likely amyloid beta morphology pattern? cored plaque']}",0.5026999711990356,pathology,neuropathology,light microscopy,brightfield microscopy,
classification,"['IHC stained light micrograph of extracellular amyloid-beta deposition in the human brain tissue. Based on the image, what is the most likely amyloid beta morphology pattern? cerebral amyloid angiopathy', 'IHC stained light micrograph of extracellular amyloid-beta deposition in the human brain tissue. Based on the image, what is the most likely amyloid beta morphology pattern? cored plaque', 'IHC stained light micrograph of extracellular amyloid-beta deposition in the human brain tissue. Based on the image, what is the most likely amyloid beta morphology pattern? diffuse plaque', 'IHC stained light micrograph of extracellular amyloid-beta deposition in the human brain tissue. Based on the image, what is the most likely amyloid beta morphology pattern? negative', 'IHC stained light micrograph of extracellular amyloid-beta deposition in the human brain tissue. Based on the image, what is the most likely amyloid beta morphology pattern? none of the above']",a34175de-31a7-4177-bc4a-2278dbd566ec,diffuse plaque,2,"{'pred': [2], 'probs': [[0.001212725997902453, 0.10160738974809647, 0.8920221924781799, 0.004816189408302307, 0.00034151357249356806]], 'pred_prompt': ['IHC stained light micrograph of extracellular amyloid-beta deposition in the human brain tissue. Based on the image, what is the most likely amyloid beta morphology pattern? diffuse plaque']}",0.5026999711990356,pathology,neuropathology,light microscopy,brightfield microscopy,
classification,"['IHC stained light micrograph of extracellular amyloid-beta deposition in the human brain tissue. Based on the image, what is the most likely amyloid beta morphology pattern? negative', 'IHC stained light micrograph of extracellular amyloid-beta deposition in the human brain tissue. Based on the image, what is the most likely amyloid beta morphology pattern? cerebral amyloid angiopathy', 'IHC stained light micrograph of extracellular amyloid-beta deposition in the human brain tissue. Based on the image, what is the most likely amyloid beta morphology pattern? cored plaque', 'IHC stained light micrograph of extracellular amyloid-beta deposition in the human brain tissue. Based on the image, what is the most likely amyloid beta morphology pattern? diffuse plaque', 'IHC stained light micrograph of extracellular amyloid-beta deposition in the human brain tissue. Based on the image, what is the most likely amyloid beta morphology pattern? none of the above']",698f9a28-0e7c-458e-80a4-83e1e561937f,negative,0,"{'pred': [0], 'probs': [[0.42719560861587524, 0.0012369928881525993, 0.31239399313926697, 0.1946718394756317, 0.0645015612244606]], 'pred_prompt': ['IHC stained light micrograph of extracellular amyloid-beta deposition in the human brain tissue. Based on the image, what is the most likely amyloid beta morphology pattern? negative']}",0.5026999711990356,pathology,neuropathology,light microscopy,brightfield microscopy,
classification,"['IHC stained light micrograph of extracellular amyloid-beta deposition in the human brain tissue. Based on the image, what is the most likely amyloid beta morphology pattern? Negative', 'IHC stained light micrograph of extracellular amyloid-beta deposition in the human brain tissue. Based on the image, what is the most likely amyloid beta morphology pattern? Caa', 'IHC stained light micrograph of extracellular amyloid-beta deposition in the human brain tissue. Based on the image, what is the most likely amyloid beta morphology pattern? Cored', 'IHC stained light micrograph of extracellular amyloid-beta deposition in the human brain tissue. Based on the image, what is the most likely amyloid beta morphology pattern? Diffuse', 'IHC stained light micrograph of extracellular amyloid-beta deposition in the human brain tissue. Based on the image, what is the most likely amyloid beta morphology pattern? none of the above']",e9e0cd86-0a5b-44f7-976c-79d5496c0101,Diffuse,3,"{'pred': [2], 'probs': [[0.06846628338098526, 0.015723640099167824, 0.68886798620224, 0.19272734224796295, 0.03421478345990181]], 'pred_prompt': ['IHC stained light micrograph of extracellular amyloid-beta deposition in the human brain tissue. Based on the image, what is the most likely amyloid beta morphology pattern? Cored']}",0.5026999711990356,pathology,neuropathology,light microscopy,brightfield microscopy,
classification,"['IHC stained light micrograph of extracellular amyloid-beta deposition in the human brain tissue. Based on the image, what is the most likely amyloid beta morphology pattern? cerebral amyloid angiopathy', 'IHC stained light micrograph of extracellular amyloid-beta deposition in the human brain tissue. Based on the image, what is the most likely amyloid beta morphology pattern? negative', 'IHC stained light micrograph of extracellular amyloid-beta deposition in the human brain tissue. Based on the image, what is the most likely amyloid beta morphology pattern? diffuse plaque', 'IHC stained light micrograph of extracellular amyloid-beta deposition in the human brain tissue. Based on the image, what is the most likely amyloid beta morphology pattern? cored plaque', 'IHC stained light micrograph of extracellular amyloid-beta deposition in the human brain tissue. Based on the image, what is the most likely amyloid beta morphology pattern? none of the above']",d1f1ebe4-4772-4d90-997a-ba530cea6faa,diffuse plaque,2,"{'pred': [2], 'probs': [[0.000622274586930871, 0.009040173143148422, 0.9386363625526428, 0.05027088522911072, 0.0014302594354376197]], 'pred_prompt': ['IHC stained light micrograph of extracellular amyloid-beta deposition in the human brain tissue. Based on the image, what is the most likely amyloid beta morphology pattern? diffuse plaque']}",0.5026999711990356,pathology,neuropathology,light microscopy,brightfield microscopy,
classification,"['IHC stained light micrograph of extracellular amyloid-beta deposition in the human brain tissue. Based on the image, what is the most likely amyloid beta morphology pattern? Caa', 'IHC stained light micrograph of extracellular amyloid-beta deposition in the human brain tissue. Based on the image, what is the most likely amyloid beta morphology pattern? Diffuse', 'IHC stained light micrograph of extracellular amyloid-beta deposition in the human brain tissue. Based on the image, what is the most likely amyloid beta morphology pattern? Negative', 'IHC stained light micrograph of extracellular amyloid-beta deposition in the human brain tissue. Based on the image, what is the most likely amyloid beta morphology pattern? Cored', 'IHC stained light micrograph of extracellular amyloid-beta deposition in the human brain tissue. Based on the image, what is the most likely amyloid beta morphology pattern? none of the above']",a45aef0e-b34a-434e-8f43-5110a863191e,Negative,2,"{'pred': [2], 'probs': [[0.009069054387509823, 0.020921887829899788, 0.6219602227210999, 0.030408089980483055, 0.3176407516002655]], 'pred_prompt': ['IHC stained light micrograph of extracellular amyloid-beta deposition in the human brain tissue. Based on the image, what is the most likely amyloid beta morphology pattern? Negative']}",0.5026999711990356,pathology,neuropathology,light microscopy,brightfield microscopy,
classification,"['IHC stained light micrograph of extracellular amyloid-beta deposition in the human brain tissue. Based on the image, what is the most likely amyloid beta morphology pattern? Caa', 'IHC stained light micrograph of extracellular amyloid-beta deposition in the human brain tissue. Based on the image, what is the most likely amyloid beta morphology pattern? Negative', 'IHC stained light micrograph of extracellular amyloid-beta deposition in the human brain tissue. Based on the image, what is the most likely amyloid beta morphology pattern? Diffuse', 'IHC stained light micrograph of extracellular amyloid-beta deposition in the human brain tissue. Based on the image, what is the most likely amyloid beta morphology pattern? Cored', 'IHC stained light micrograph of extracellular amyloid-beta deposition in the human brain tissue. Based on the image, what is the most likely amyloid beta morphology pattern? none of the above']",9e1991a8-c40e-4a25-ab5c-235360a2fdd4,Diffuse,2,"{'pred': [3], 'probs': [[0.00262642465531826, 0.10839821398258209, 0.3550446629524231, 0.49903804063796997, 0.03489271551370621]], 'pred_prompt': ['IHC stained light micrograph of extracellular amyloid-beta deposition in the human brain tissue. Based on the image, what is the most likely amyloid beta morphology pattern? Cored']}",0.5026999711990356,pathology,neuropathology,light microscopy,brightfield microscopy,
classification,"['IHC stained light micrograph of extracellular amyloid-beta deposition in the human brain tissue. Based on the image, what is the most likely amyloid beta morphology pattern? negative', 'IHC stained light micrograph of extracellular amyloid-beta deposition in the human brain tissue. Based on the image, what is the most likely amyloid beta morphology pattern? cerebral amyloid angiopathy', 'IHC stained light micrograph of extracellular amyloid-beta deposition in the human brain tissue. Based on the image, what is the most likely amyloid beta morphology pattern? diffuse plaque', 'IHC stained light micrograph of extracellular amyloid-beta deposition in the human brain tissue. Based on the image, what is the most likely amyloid beta morphology pattern? cored plaque', 'IHC stained light micrograph of extracellular amyloid-beta deposition in the human brain tissue. Based on the image, what is the most likely amyloid beta morphology pattern? none of the above']",017edc20-9c58-4737-804c-b418b3fe05be,diffuse plaque,2,"{'pred': [3], 'probs': [[0.31889474391937256, 0.007180477492511272, 0.297139436006546, 0.33454447984695435, 0.04224086552858353]], 'pred_prompt': ['IHC stained light micrograph of extracellular amyloid-beta deposition in the human brain tissue. Based on the image, what is the most likely amyloid beta morphology pattern? cored plaque']}",0.5026999711990356,pathology,neuropathology,light microscopy,brightfield microscopy,
classification,"['IHC stained light micrograph of extracellular amyloid-beta deposition in the human brain tissue. Based on the image, what is the most likely amyloid beta morphology pattern? Negative', 'IHC stained light micrograph of extracellular amyloid-beta deposition in the human brain tissue. Based on the image, what is the most likely amyloid beta morphology pattern? Diffuse', 'IHC stained light micrograph of extracellular amyloid-beta deposition in the human brain tissue. Based on the image, what is the most likely amyloid beta morphology pattern? Cored', 'IHC stained light micrograph of extracellular amyloid-beta deposition in the human brain tissue. Based on the image, what is the most likely amyloid beta morphology pattern? Caa', 'IHC stained light micrograph of extracellular amyloid-beta deposition in the human brain tissue. Based on the image, what is the most likely amyloid beta morphology pattern? none of the above']",25ca91a4-8541-47c9-8a90-ccca5b05fa6f,Negative,0,"{'pred': [2], 'probs': [[0.03679950535297394, 0.06767328083515167, 0.8782402276992798, 0.010401775129139423, 0.006885232403874397]], 'pred_prompt': ['IHC stained light micrograph of extracellular amyloid-beta deposition in the human brain tissue. Based on the image, what is the most likely amyloid beta morphology pattern? Cored']}",0.5026999711990356,pathology,neuropathology,light microscopy,brightfield microscopy,
classification,"['IHC stained light micrograph of extracellular amyloid-beta deposition in the human brain tissue. Based on the image, what is the most likely amyloid beta morphology pattern? cerebral amyloid angiopathy', 'IHC stained light micrograph of extracellular amyloid-beta deposition in the human brain tissue. Based on the image, what is the most likely amyloid beta morphology pattern? cored plaque', 'IHC stained light micrograph of extracellular amyloid-beta deposition in the human brain tissue. Based on the image, what is the most likely amyloid beta morphology pattern? negative', 'IHC stained light micrograph of extracellular amyloid-beta deposition in the human brain tissue. Based on the image, what is the most likely amyloid beta morphology pattern? diffuse plaque', 'IHC stained light micrograph of extracellular amyloid-beta deposition in the human brain tissue. Based on the image, what is the most likely amyloid beta morphology pattern? none of the above']",96067d5b-f58a-4b55-b464-f4360cff3860,negative,2,"{'pred': [2], 'probs': [[0.04978285729885101, 0.3278663456439972, 0.5797175765037537, 0.001511229551397264, 0.04112206771969795]], 'pred_prompt': ['IHC stained light micrograph of extracellular amyloid-beta deposition in the human brain tissue. Based on the image, what is the most likely amyloid beta morphology pattern? negative']}",0.5026999711990356,pathology,neuropathology,light microscopy,brightfield microscopy,
classification,"['IHC stained light micrograph of extracellular amyloid-beta deposition in the human brain tissue. Based on the image, what is the most likely amyloid beta morphology pattern? cored plaque', 'IHC stained light micrograph of extracellular amyloid-beta deposition in the human brain tissue. Based on the image, what is the most likely amyloid beta morphology pattern? negative', 'IHC stained light micrograph of extracellular amyloid-beta deposition in the human brain tissue. Based on the image, what is the most likely amyloid beta morphology pattern? diffuse plaque', 'IHC stained light micrograph of extracellular amyloid-beta deposition in the human brain tissue. Based on the image, what is the most likely amyloid beta morphology pattern? cerebral amyloid angiopathy', 'IHC stained light micrograph of extracellular amyloid-beta deposition in the human brain tissue. Based on the image, what is the most likely amyloid beta morphology pattern? none of the above']",d5aa29a2-2a58-414e-b5f0-3e27d9780fe4,cored plaque,0,"{'pred': [1], 'probs': [[0.07695583254098892, 0.8242691159248352, 0.014199981465935707, 0.0038598941173404455, 0.08071518689393997]], 'pred_prompt': ['IHC stained light micrograph of extracellular amyloid-beta deposition in the human brain tissue. Based on the image, what is the most likely amyloid beta morphology pattern? negative']}",0.5026999711990356,pathology,neuropathology,light microscopy,brightfield microscopy,
classification,"['IHC stained light micrograph of extracellular amyloid-beta deposition in the human brain tissue. Based on the image, what is the most likely amyloid beta morphology pattern? Negative', 'IHC stained light micrograph of extracellular amyloid-beta deposition in the human brain tissue. Based on the image, what is the most likely amyloid beta morphology pattern? Caa', 'IHC stained light micrograph of extracellular amyloid-beta deposition in the human brain tissue. Based on the image, what is the most likely amyloid beta morphology pattern? Cored', 'IHC stained light micrograph of extracellular amyloid-beta deposition in the human brain tissue. Based on the image, what is the most likely amyloid beta morphology pattern? Diffuse', 'IHC stained light micrograph of extracellular amyloid-beta deposition in the human brain tissue. Based on the image, what is the most likely amyloid beta morphology pattern? none of the above']",f2dcce86-ee47-4356-8ab0-567c672b355f,Cored,2,"{'pred': [2], 'probs': [[0.006497862748801708, 0.2414572685956955, 0.6782461404800415, 0.0719621405005455, 0.0018365717260167003]], 'pred_prompt': ['IHC stained light micrograph of extracellular amyloid-beta deposition in the human brain tissue. Based on the image, what is the most likely amyloid beta morphology pattern? Cored']}",0.5026999711990356,pathology,neuropathology,light microscopy,brightfield microscopy,
classification,"['IHC stained light micrograph of extracellular amyloid-beta deposition in the human brain tissue. Based on the image, what is the most likely amyloid beta morphology pattern? Caa', 'IHC stained light micrograph of extracellular amyloid-beta deposition in the human brain tissue. Based on the image, what is the most likely amyloid beta morphology pattern? Diffuse', 'IHC stained light micrograph of extracellular amyloid-beta deposition in the human brain tissue. Based on the image, what is the most likely amyloid beta morphology pattern? Negative', 'IHC stained light micrograph of extracellular amyloid-beta deposition in the human brain tissue. Based on the image, what is the most likely amyloid beta morphology pattern? Cored', 'IHC stained light micrograph of extracellular amyloid-beta deposition in the human brain tissue. Based on the image, what is the most likely amyloid beta morphology pattern? none of the above']",f156a4a6-5f0e-4b84-a11b-3a3f211f9657,Negative,2,"{'pred': [3], 'probs': [[0.002372103277593851, 0.3577386438846588, 0.19774450361728668, 0.39951276779174805, 0.04263200983405113]], 'pred_prompt': ['IHC stained light micrograph of extracellular amyloid-beta deposition in the human brain tissue. Based on the image, what is the most likely amyloid beta morphology pattern? Cored']}",0.5026999711990356,pathology,neuropathology,light microscopy,brightfield microscopy,
classification,"['IHC stained light micrograph of extracellular amyloid-beta deposition in the human brain tissue. Based on the image, what is the most likely amyloid beta morphology pattern? Caa', 'IHC stained light micrograph of extracellular amyloid-beta deposition in the human brain tissue. Based on the image, what is the most likely amyloid beta morphology pattern? Negative', 'IHC stained light micrograph of extracellular amyloid-beta deposition in the human brain tissue. Based on the image, what is the most likely amyloid beta morphology pattern? Cored', 'IHC stained light micrograph of extracellular amyloid-beta deposition in the human brain tissue. Based on the image, what is the most likely amyloid beta morphology pattern? Diffuse', 'IHC stained light micrograph of extracellular amyloid-beta deposition in the human brain tissue. Based on the image, what is the most likely amyloid beta morphology pattern? none of the above']",ee0e14bf-cc19-4cfd-97ec-482ff603a7f4,Cored,2,"{'pred': [2], 'probs': [[0.013160469010472298, 0.005688864272087812, 0.9392393827438354, 0.03980478271842003, 0.002106496598571539]], 'pred_prompt': ['IHC stained light micrograph of extracellular amyloid-beta deposition in the human brain tissue. Based on the image, what is the most likely amyloid beta morphology pattern? Cored']}",0.5026999711990356,pathology,neuropathology,light microscopy,brightfield microscopy,
classification,"['IHC stained light micrograph of extracellular amyloid-beta deposition in the human brain tissue. Based on the image, what is the most likely amyloid beta morphology pattern? Diffuse', 'IHC stained light micrograph of extracellular amyloid-beta deposition in the human brain tissue. Based on the image, what is the most likely amyloid beta morphology pattern? Cored', 'IHC stained light micrograph of extracellular amyloid-beta deposition in the human brain tissue. Based on the image, what is the most likely amyloid beta morphology pattern? Caa', 'IHC stained light micrograph of extracellular amyloid-beta deposition in the human brain tissue. Based on the image, what is the most likely amyloid beta morphology pattern? Negative', 'IHC stained light micrograph of extracellular amyloid-beta deposition in the human brain tissue. Based on the image, what is the most likely amyloid beta morphology pattern? none of the above']",e11e15a6-ec51-471b-831a-95f4b90a3888,Negative,3,"{'pred': [0], 'probs': [[0.34446626901626587, 0.27484312653541565, 0.006645734887570143, 0.33563295006752014, 0.03841199353337288]], 'pred_prompt': ['IHC stained light micrograph of extracellular amyloid-beta deposition in the human brain tissue. Based on the image, what is the most likely amyloid beta morphology pattern? Diffuse']}",0.5026999711990356,pathology,neuropathology,light microscopy,brightfield microscopy,
classification,"['IHC stained light micrograph of extracellular amyloid-beta deposition in the human brain tissue. Based on the image, what is the most likely amyloid beta morphology pattern? Negative', 'IHC stained light micrograph of extracellular amyloid-beta deposition in the human brain tissue. Based on the image, what is the most likely amyloid beta morphology pattern? Caa', 'IHC stained light micrograph of extracellular amyloid-beta deposition in the human brain tissue. Based on the image, what is the most likely amyloid beta morphology pattern? Cored', 'IHC stained light micrograph of extracellular amyloid-beta deposition in the human brain tissue. Based on the image, what is the most likely amyloid beta morphology pattern? Diffuse', 'IHC stained light micrograph of extracellular amyloid-beta deposition in the human brain tissue. Based on the image, what is the most likely amyloid beta morphology pattern? none of the above']",fcc47262-c885-4c70-a772-f1f987db0a30,Caa,1,"{'pred': [1], 'probs': [[0.00742641557008028, 0.988106369972229, 0.0013885960215702653, 0.00017207178461831063, 0.002906551118940115]], 'pred_prompt': ['IHC stained light micrograph of extracellular amyloid-beta deposition in the human brain tissue. Based on the image, what is the most likely amyloid beta morphology pattern? Caa']}",0.5026999711990356,pathology,neuropathology,light microscopy,brightfield microscopy,
classification,"['IHC stained light micrograph of extracellular amyloid-beta deposition in the human brain tissue. Based on the image, what is the most likely amyloid beta morphology pattern? Caa', 'IHC stained light micrograph of extracellular amyloid-beta deposition in the human brain tissue. Based on the image, what is the most likely amyloid beta morphology pattern? Negative', 'IHC stained light micrograph of extracellular amyloid-beta deposition in the human brain tissue. Based on the image, what is the most likely amyloid beta morphology pattern? Diffuse', 'IHC stained light micrograph of extracellular amyloid-beta deposition in the human brain tissue. Based on the image, what is the most likely amyloid beta morphology pattern? Cored', 'IHC stained light micrograph of extracellular amyloid-beta deposition in the human brain tissue. Based on the image, what is the most likely amyloid beta morphology pattern? none of the above']",58db2ffe-b37e-4a82-b1e6-69f53b82ec81,Cored,3,"{'pred': [3], 'probs': [[0.004702262580394745, 0.002714400179684162, 0.015781285241246223, 0.9754601120948792, 0.0013418967137113214]], 'pred_prompt': ['IHC stained light micrograph of extracellular amyloid-beta deposition in the human brain tissue. Based on the image, what is the most likely amyloid beta morphology pattern? Cored']}",0.5026999711990356,pathology,neuropathology,light microscopy,brightfield microscopy,
classification,"['IHC stained light micrograph of extracellular amyloid-beta deposition in the human brain tissue. Based on the image, what is the most likely amyloid beta morphology pattern? Caa', 'IHC stained light micrograph of extracellular amyloid-beta deposition in the human brain tissue. Based on the image, what is the most likely amyloid beta morphology pattern? Diffuse', 'IHC stained light micrograph of extracellular amyloid-beta deposition in the human brain tissue. Based on the image, what is the most likely amyloid beta morphology pattern? Cored', 'IHC stained light micrograph of extracellular amyloid-beta deposition in the human brain tissue. Based on the image, what is the most likely amyloid beta morphology pattern? Negative', 'IHC stained light micrograph of extracellular amyloid-beta deposition in the human brain tissue. Based on the image, what is the most likely amyloid beta morphology pattern? none of the above']",eacd996a-83c9-4fa8-82f7-14394c1e74ac,Diffuse,1,"{'pred': [2], 'probs': [[0.014213315211236477, 0.2609218657016754, 0.3044940233230591, 0.3017132580280304, 0.11865758895874023]], 'pred_prompt': ['IHC stained light micrograph of extracellular amyloid-beta deposition in the human brain tissue. Based on the image, what is the most likely amyloid beta morphology pattern? Cored']}",0.5026999711990356,pathology,neuropathology,light microscopy,brightfield microscopy,
classification,"['IHC stained light micrograph of extracellular amyloid-beta deposition in the human brain tissue. Based on the image, what is the most likely amyloid beta morphology pattern? Diffuse', 'IHC stained light micrograph of extracellular amyloid-beta deposition in the human brain tissue. Based on the image, what is the most likely amyloid beta morphology pattern? Cored', 'IHC stained light micrograph of extracellular amyloid-beta deposition in the human brain tissue. Based on the image, what is the most likely amyloid beta morphology pattern? Negative', 'IHC stained light micrograph of extracellular amyloid-beta deposition in the human brain tissue. Based on the image, what is the most likely amyloid beta morphology pattern? Caa', 'IHC stained light micrograph of extracellular amyloid-beta deposition in the human brain tissue. Based on the image, what is the most likely amyloid beta morphology pattern? none of the above']",ffe7c5e9-f950-4bff-9b83-7442b162e79c,Caa,3,"{'pred': [3], 'probs': [[7.667446334380656e-05, 0.0005003723781555891, 0.0004612857010215521, 0.998816967010498, 0.0001447410904802382]], 'pred_prompt': ['IHC stained light micrograph of extracellular amyloid-beta deposition in the human brain tissue. Based on the image, what is the most likely amyloid beta morphology pattern? Caa']}",0.5026999711990356,pathology,neuropathology,light microscopy,brightfield microscopy,
classification,"['IHC stained light micrograph of extracellular amyloid-beta deposition in the human brain tissue. Based on the image, what is the most likely amyloid beta morphology pattern? Caa', 'IHC stained light micrograph of extracellular amyloid-beta deposition in the human brain tissue. Based on the image, what is the most likely amyloid beta morphology pattern? Cored', 'IHC stained light micrograph of extracellular amyloid-beta deposition in the human brain tissue. Based on the image, what is the most likely amyloid beta morphology pattern? Diffuse', 'IHC stained light micrograph of extracellular amyloid-beta deposition in the human brain tissue. Based on the image, what is the most likely amyloid beta morphology pattern? Negative', 'IHC stained light micrograph of extracellular amyloid-beta deposition in the human brain tissue. Based on the image, what is the most likely amyloid beta morphology pattern? none of the above']",27ea4419-3d01-46fd-9485-7eab6b879601,Negative,3,"{'pred': [1], 'probs': [[0.0017209830693900585, 0.44669783115386963, 0.3480173647403717, 0.13157902657985687, 0.07198476046323776]], 'pred_prompt': ['IHC stained light micrograph of extracellular amyloid-beta deposition in the human brain tissue. Based on the image, what is the most likely amyloid beta morphology pattern? Cored']}",0.5026999711990356,pathology,neuropathology,light microscopy,brightfield microscopy,
classification,"['IHC stained light micrograph of extracellular amyloid-beta deposition in the human brain tissue. Based on the image, what is the most likely amyloid beta morphology pattern? Cored', 'IHC stained light micrograph of extracellular amyloid-beta deposition in the human brain tissue. Based on the image, what is the most likely amyloid beta morphology pattern? Diffuse', 'IHC stained light micrograph of extracellular amyloid-beta deposition in the human brain tissue. Based on the image, what is the most likely amyloid beta morphology pattern? Negative', 'IHC stained light micrograph of extracellular amyloid-beta deposition in the human brain tissue. Based on the image, what is the most likely amyloid beta morphology pattern? Caa', 'IHC stained light micrograph of extracellular amyloid-beta deposition in the human brain tissue. Based on the image, what is the most likely amyloid beta morphology pattern? none of the above']",86d37bad-69d7-439a-9a65-78690ccb2795,Diffuse,1,"{'pred': [0], 'probs': [[0.6972620487213135, 0.2825857996940613, 0.014341079629957676, 0.0013788624200969934, 0.004432215355336666]], 'pred_prompt': ['IHC stained light micrograph of extracellular amyloid-beta deposition in the human brain tissue. Based on the image, what is the most likely amyloid beta morphology pattern? Cored']}",0.5026999711990356,pathology,neuropathology,light microscopy,brightfield microscopy,
classification,"['IHC stained light micrograph of extracellular amyloid-beta deposition in the human brain tissue. Based on the image, what is the most likely amyloid beta morphology pattern? diffuse plaque', 'IHC stained light micrograph of extracellular amyloid-beta deposition in the human brain tissue. Based on the image, what is the most likely amyloid beta morphology pattern? cerebral amyloid angiopathy', 'IHC stained light micrograph of extracellular amyloid-beta deposition in the human brain tissue. Based on the image, what is the most likely amyloid beta morphology pattern? negative', 'IHC stained light micrograph of extracellular amyloid-beta deposition in the human brain tissue. Based on the image, what is the most likely amyloid beta morphology pattern? cored plaque', 'IHC stained light micrograph of extracellular amyloid-beta deposition in the human brain tissue. Based on the image, what is the most likely amyloid beta morphology pattern? none of the above']",ca57f28d-d4a3-4a29-a96b-075c3707c854,diffuse plaque,0,"{'pred': [0], 'probs': [[0.8349197506904602, 0.0007997326902113855, 0.05973116308450699, 0.10100404918193817, 0.0035454113967716694]], 'pred_prompt': ['IHC stained light micrograph of extracellular amyloid-beta deposition in the human brain tissue. Based on the image, what is the most likely amyloid beta morphology pattern? diffuse plaque']}",0.5026999711990356,pathology,neuropathology,light microscopy,brightfield microscopy,
classification,"['IHC stained light micrograph of extracellular amyloid-beta deposition in the human brain tissue. Based on the image, what is the most likely amyloid beta morphology pattern? Caa', 'IHC stained light micrograph of extracellular amyloid-beta deposition in the human brain tissue. Based on the image, what is the most likely amyloid beta morphology pattern? Negative', 'IHC stained light micrograph of extracellular amyloid-beta deposition in the human brain tissue. Based on the image, what is the most likely amyloid beta morphology pattern? Diffuse', 'IHC stained light micrograph of extracellular amyloid-beta deposition in the human brain tissue. Based on the image, what is the most likely amyloid beta morphology pattern? Cored', 'IHC stained light micrograph of extracellular amyloid-beta deposition in the human brain tissue. Based on the image, what is the most likely amyloid beta morphology pattern? none of the above']",e0f58cde-bc03-4cc7-b166-132196a09c0b,Negative,1,"{'pred': [2], 'probs': [[0.00031307744211517274, 0.33654022216796875, 0.4349309802055359, 0.20643749833106995, 0.021778199821710587]], 'pred_prompt': ['IHC stained light micrograph of extracellular amyloid-beta deposition in the human brain tissue. Based on the image, what is the most likely amyloid beta morphology pattern? Diffuse']}",0.5026999711990356,pathology,neuropathology,light microscopy,brightfield microscopy,
classification,"['IHC stained light micrograph of extracellular amyloid-beta deposition in the human brain tissue. Based on the image, what is the most likely amyloid beta morphology pattern? Diffuse', 'IHC stained light micrograph of extracellular amyloid-beta deposition in the human brain tissue. Based on the image, what is the most likely amyloid beta morphology pattern? Negative', 'IHC stained light micrograph of extracellular amyloid-beta deposition in the human brain tissue. Based on the image, what is the most likely amyloid beta morphology pattern? Caa', 'IHC stained light micrograph of extracellular amyloid-beta deposition in the human brain tissue. Based on the image, what is the most likely amyloid beta morphology pattern? Cored', 'IHC stained light micrograph of extracellular amyloid-beta deposition in the human brain tissue. Based on the image, what is the most likely amyloid beta morphology pattern? none of the above']",999104eb-accd-4584-b418-b4eb1f6542ec,Caa,2,"{'pred': [2], 'probs': [[0.00037709748721681535, 0.0660659521818161, 0.9064524173736572, 0.0075143170543015, 0.019590241834521294]], 'pred_prompt': ['IHC stained light micrograph of extracellular amyloid-beta deposition in the human brain tissue. Based on the image, what is the most likely amyloid beta morphology pattern? Caa']}",0.5026999711990356,pathology,neuropathology,light microscopy,brightfield microscopy,
classification,"['IHC stained light micrograph of extracellular amyloid-beta deposition in the human brain tissue. Based on the image, what is the most likely amyloid beta morphology pattern? Negative', 'IHC stained light micrograph of extracellular amyloid-beta deposition in the human brain tissue. Based on the image, what is the most likely amyloid beta morphology pattern? Cored', 'IHC stained light micrograph of extracellular amyloid-beta deposition in the human brain tissue. Based on the image, what is the most likely amyloid beta morphology pattern? Caa', 'IHC stained light micrograph of extracellular amyloid-beta deposition in the human brain tissue. Based on the image, what is the most likely amyloid beta morphology pattern? Diffuse', 'IHC stained light micrograph of extracellular amyloid-beta deposition in the human brain tissue. Based on the image, what is the most likely amyloid beta morphology pattern? none of the above']",cf721832-05ae-4f6c-87c0-84838ec828ee,Caa,2,"{'pred': [2], 'probs': [[0.020414816215634346, 0.18091917037963867, 0.7930414080619812, 0.0027552456595003605, 0.002869377378374338]], 'pred_prompt': ['IHC stained light micrograph of extracellular amyloid-beta deposition in the human brain tissue. Based on the image, what is the most likely amyloid beta morphology pattern? Caa']}",0.5026999711990356,pathology,neuropathology,light microscopy,brightfield microscopy,
classification,"['IHC stained light micrograph of extracellular amyloid-beta deposition in the human brain tissue. Based on the image, what is the most likely amyloid beta morphology pattern? Negative', 'IHC stained light micrograph of extracellular amyloid-beta deposition in the human brain tissue. Based on the image, what is the most likely amyloid beta morphology pattern? Diffuse', 'IHC stained light micrograph of extracellular amyloid-beta deposition in the human brain tissue. Based on the image, what is the most likely amyloid beta morphology pattern? Cored', 'IHC stained light micrograph of extracellular amyloid-beta deposition in the human brain tissue. Based on the image, what is the most likely amyloid beta morphology pattern? Caa', 'IHC stained light micrograph of extracellular amyloid-beta deposition in the human brain tissue. Based on the image, what is the most likely amyloid beta morphology pattern? none of the above']",8af65b12-daac-4330-bce5-de4b9904843e,Diffuse,1,"{'pred': [2], 'probs': [[0.010186702013015747, 0.203995943069458, 0.7745770812034607, 0.008293237537145615, 0.002946989145129919]], 'pred_prompt': ['IHC stained light micrograph of extracellular amyloid-beta deposition in the human brain tissue. Based on the image, what is the most likely amyloid beta morphology pattern? Cored']}",0.5026999711990356,pathology,neuropathology,light microscopy,brightfield microscopy,
classification,"['IHC stained light micrograph of extracellular amyloid-beta deposition in the human brain tissue. Based on the image, what is the most likely amyloid beta morphology pattern? Negative', 'IHC stained light micrograph of extracellular amyloid-beta deposition in the human brain tissue. Based on the image, what is the most likely amyloid beta morphology pattern? Diffuse', 'IHC stained light micrograph of extracellular amyloid-beta deposition in the human brain tissue. Based on the image, what is the most likely amyloid beta morphology pattern? Cored', 'IHC stained light micrograph of extracellular amyloid-beta deposition in the human brain tissue. Based on the image, what is the most likely amyloid beta morphology pattern? Caa', 'IHC stained light micrograph of extracellular amyloid-beta deposition in the human brain tissue. Based on the image, what is the most likely amyloid beta morphology pattern? none of the above']",60309e66-6d14-48d0-bd99-5a90b51ea723,Diffuse,1,"{'pred': [2], 'probs': [[0.047206517308950424, 0.1881166249513626, 0.6937846541404724, 0.045113902539014816, 0.025778284296393394]], 'pred_prompt': ['IHC stained light micrograph of extracellular amyloid-beta deposition in the human brain tissue. Based on the image, what is the most likely amyloid beta morphology pattern? Cored']}",0.5026999711990356,pathology,neuropathology,light microscopy,brightfield microscopy,
classification,"['IHC stained light micrograph of extracellular amyloid-beta deposition in the human brain tissue. Based on the image, what is the most likely amyloid beta morphology pattern? cored plaque', 'IHC stained light micrograph of extracellular amyloid-beta deposition in the human brain tissue. Based on the image, what is the most likely amyloid beta morphology pattern? cerebral amyloid angiopathy', 'IHC stained light micrograph of extracellular amyloid-beta deposition in the human brain tissue. Based on the image, what is the most likely amyloid beta morphology pattern? diffuse plaque', 'IHC stained light micrograph of extracellular amyloid-beta deposition in the human brain tissue. Based on the image, what is the most likely amyloid beta morphology pattern? negative', 'IHC stained light micrograph of extracellular amyloid-beta deposition in the human brain tissue. Based on the image, what is the most likely amyloid beta morphology pattern? none of the above']",c2fb675e-5108-4ba3-95d7-b9a484af5eb7,diffuse plaque,2,"{'pred': [2], 'probs': [[0.16606087982654572, 0.0004959773505106568, 0.825395405292511, 0.0074759298004209995, 0.0005717577878385782]], 'pred_prompt': ['IHC stained light micrograph of extracellular amyloid-beta deposition in the human brain tissue. Based on the image, what is the most likely amyloid beta morphology pattern? diffuse plaque']}",0.5026999711990356,pathology,neuropathology,light microscopy,brightfield microscopy,
classification,"['IHC stained light micrograph of extracellular amyloid-beta deposition in the human brain tissue. Based on the image, what is the most likely amyloid beta morphology pattern? Cored', 'IHC stained light micrograph of extracellular amyloid-beta deposition in the human brain tissue. Based on the image, what is the most likely amyloid beta morphology pattern? Caa', 'IHC stained light micrograph of extracellular amyloid-beta deposition in the human brain tissue. Based on the image, what is the most likely amyloid beta morphology pattern? Negative', 'IHC stained light micrograph of extracellular amyloid-beta deposition in the human brain tissue. Based on the image, what is the most likely amyloid beta morphology pattern? Diffuse', 'IHC stained light micrograph of extracellular amyloid-beta deposition in the human brain tissue. Based on the image, what is the most likely amyloid beta morphology pattern? none of the above']",a720c93f-8673-4c74-aa36-b624e07a76be,Cored,0,"{'pred': [0], 'probs': [[0.7353372573852539, 0.02400769107043743, 0.10885331779718399, 0.11523371934890747, 0.01656809262931347]], 'pred_prompt': ['IHC stained light micrograph of extracellular amyloid-beta deposition in the human brain tissue. Based on the image, what is the most likely amyloid beta morphology pattern? Cored']}",0.5026999711990356,pathology,neuropathology,light microscopy,brightfield microscopy,
classification,"['IHC stained light micrograph of extracellular amyloid-beta deposition in the human brain tissue. Based on the image, what is the most likely amyloid beta morphology pattern? Cored', 'IHC stained light micrograph of extracellular amyloid-beta deposition in the human brain tissue. Based on the image, what is the most likely amyloid beta morphology pattern? Diffuse', 'IHC stained light micrograph of extracellular amyloid-beta deposition in the human brain tissue. Based on the image, what is the most likely amyloid beta morphology pattern? Negative', 'IHC stained light micrograph of extracellular amyloid-beta deposition in the human brain tissue. Based on the image, what is the most likely amyloid beta morphology pattern? Caa', 'IHC stained light micrograph of extracellular amyloid-beta deposition in the human brain tissue. Based on the image, what is the most likely amyloid beta morphology pattern? none of the above']",9517f2ee-45c6-464c-abe5-404924a14f23,Negative,2,"{'pred': [2], 'probs': [[0.08104005455970764, 0.0969582125544548, 0.6007428169250488, 0.02116428315639496, 0.20009461045265198]], 'pred_prompt': ['IHC stained light micrograph of extracellular amyloid-beta deposition in the human brain tissue. Based on the image, what is the most likely amyloid beta morphology pattern? Negative']}",0.5026999711990356,pathology,neuropathology,light microscopy,brightfield microscopy,
classification,"['IHC stained light micrograph of extracellular amyloid-beta deposition in the human brain tissue. Based on the image, what is the most likely amyloid beta morphology pattern? Cored', 'IHC stained light micrograph of extracellular amyloid-beta deposition in the human brain tissue. Based on the image, what is the most likely amyloid beta morphology pattern? Diffuse', 'IHC stained light micrograph of extracellular amyloid-beta deposition in the human brain tissue. Based on the image, what is the most likely amyloid beta morphology pattern? Caa', 'IHC stained light micrograph of extracellular amyloid-beta deposition in the human brain tissue. Based on the image, what is the most likely amyloid beta morphology pattern? Negative', 'IHC stained light micrograph of extracellular amyloid-beta deposition in the human brain tissue. Based on the image, what is the most likely amyloid beta morphology pattern? none of the above']",152616c8-f841-4c80-83e7-5fe2f73402ba,Negative,3,"{'pred': [0], 'probs': [[0.5314865708351135, 0.3991507291793823, 0.001990774180740118, 0.044782619923353195, 0.02258935198187828]], 'pred_prompt': ['IHC stained light micrograph of extracellular amyloid-beta deposition in the human brain tissue. Based on the image, what is the most likely amyloid beta morphology pattern? Cored']}",0.5026999711990356,pathology,neuropathology,light microscopy,brightfield microscopy,
classification,"['IHC stained light micrograph of extracellular amyloid-beta deposition in the human brain tissue. Based on the image, what is the most likely amyloid beta morphology pattern? cerebral amyloid angiopathy', 'IHC stained light micrograph of extracellular amyloid-beta deposition in the human brain tissue. Based on the image, what is the most likely amyloid beta morphology pattern? cored plaque', 'IHC stained light micrograph of extracellular amyloid-beta deposition in the human brain tissue. Based on the image, what is the most likely amyloid beta morphology pattern? diffuse plaque', 'IHC stained light micrograph of extracellular amyloid-beta deposition in the human brain tissue. Based on the image, what is the most likely amyloid beta morphology pattern? negative', 'IHC stained light micrograph of extracellular amyloid-beta deposition in the human brain tissue. Based on the image, what is the most likely amyloid beta morphology pattern? none of the above']",0f70a636-2d0d-4725-a46e-2b6102d3c649,negative,3,"{'pred': [3], 'probs': [[0.0395469143986702, 0.04495343193411827, 0.01718638464808464, 0.6702237129211426, 0.22808955609798431]], 'pred_prompt': ['IHC stained light micrograph of extracellular amyloid-beta deposition in the human brain tissue. Based on the image, what is the most likely amyloid beta morphology pattern? negative']}",0.5026999711990356,pathology,neuropathology,light microscopy,brightfield microscopy,
classification,"['IHC stained light micrograph of extracellular amyloid-beta deposition in the human brain tissue. Based on the image, what is the most likely amyloid beta morphology pattern? Cored', 'IHC stained light micrograph of extracellular amyloid-beta deposition in the human brain tissue. Based on the image, what is the most likely amyloid beta morphology pattern? Negative', 'IHC stained light micrograph of extracellular amyloid-beta deposition in the human brain tissue. Based on the image, what is the most likely amyloid beta morphology pattern? Caa', 'IHC stained light micrograph of extracellular amyloid-beta deposition in the human brain tissue. Based on the image, what is the most likely amyloid beta morphology pattern? Diffuse', 'IHC stained light micrograph of extracellular amyloid-beta deposition in the human brain tissue. Based on the image, what is the most likely amyloid beta morphology pattern? none of the above']",2cf6fbf7-374a-41e8-b227-c0d764a81820,Cored,0,"{'pred': [0], 'probs': [[0.9222865104675293, 0.017642268911004066, 0.013963853009045124, 0.037520475685596466, 0.008586879819631577]], 'pred_prompt': ['IHC stained light micrograph of extracellular amyloid-beta deposition in the human brain tissue. Based on the image, what is the most likely amyloid beta morphology pattern? Cored']}",0.5026999711990356,pathology,neuropathology,light microscopy,brightfield microscopy,
classification,"['IHC stained light micrograph of extracellular amyloid-beta deposition in the human brain tissue. Based on the image, what is the most likely amyloid beta morphology pattern? Caa', 'IHC stained light micrograph of extracellular amyloid-beta deposition in the human brain tissue. Based on the image, what is the most likely amyloid beta morphology pattern? Cored', 'IHC stained light micrograph of extracellular amyloid-beta deposition in the human brain tissue. Based on the image, what is the most likely amyloid beta morphology pattern? Negative', 'IHC stained light micrograph of extracellular amyloid-beta deposition in the human brain tissue. Based on the image, what is the most likely amyloid beta morphology pattern? Diffuse', 'IHC stained light micrograph of extracellular amyloid-beta deposition in the human brain tissue. Based on the image, what is the most likely amyloid beta morphology pattern? none of the above']",1397784f-d8f4-4931-a41e-7f5c6df27bb9,Caa,0,"{'pred': [1], 'probs': [[0.34819790720939636, 0.4538602828979492, 0.09720883518457413, 0.05198828876018524, 0.048744671046733856]], 'pred_prompt': ['IHC stained light micrograph of extracellular amyloid-beta deposition in the human brain tissue. Based on the image, what is the most likely amyloid beta morphology pattern? Cored']}",0.5026999711990356,pathology,neuropathology,light microscopy,brightfield microscopy,
classification,"['IHC stained light micrograph of extracellular amyloid-beta deposition in the human brain tissue. Based on the image, what is the most likely amyloid beta morphology pattern? Caa', 'IHC stained light micrograph of extracellular amyloid-beta deposition in the human brain tissue. Based on the image, what is the most likely amyloid beta morphology pattern? Negative', 'IHC stained light micrograph of extracellular amyloid-beta deposition in the human brain tissue. Based on the image, what is the most likely amyloid beta morphology pattern? Cored', 'IHC stained light micrograph of extracellular amyloid-beta deposition in the human brain tissue. Based on the image, what is the most likely amyloid beta morphology pattern? Diffuse', 'IHC stained light micrograph of extracellular amyloid-beta deposition in the human brain tissue. Based on the image, what is the most likely amyloid beta morphology pattern? none of the above']",51bba0f7-4d2f-4059-b5bf-06b5c6323c3e,Diffuse,3,"{'pred': [2], 'probs': [[0.002065484644845128, 0.018207207322120667, 0.8042845129966736, 0.17287704348564148, 0.002565697766840458]], 'pred_prompt': ['IHC stained light micrograph of extracellular amyloid-beta deposition in the human brain tissue. Based on the image, what is the most likely amyloid beta morphology pattern? Cored']}",0.5026999711990356,pathology,neuropathology,light microscopy,brightfield microscopy,
classification,"['IHC stained light micrograph of extracellular amyloid-beta deposition in the human brain tissue. Based on the image, what is the most likely amyloid beta morphology pattern? Caa', 'IHC stained light micrograph of extracellular amyloid-beta deposition in the human brain tissue. Based on the image, what is the most likely amyloid beta morphology pattern? Cored', 'IHC stained light micrograph of extracellular amyloid-beta deposition in the human brain tissue. Based on the image, what is the most likely amyloid beta morphology pattern? Negative', 'IHC stained light micrograph of extracellular amyloid-beta deposition in the human brain tissue. Based on the image, what is the most likely amyloid beta morphology pattern? Diffuse', 'IHC stained light micrograph of extracellular amyloid-beta deposition in the human brain tissue. Based on the image, what is the most likely amyloid beta morphology pattern? none of the above']",692b1faf-415e-4292-b3c6-7e65807daec8,Negative,2,"{'pred': [0], 'probs': [[0.9605198502540588, 0.017565609887242317, 0.01567203365266323, 0.00042175219277851284, 0.005820787977427244]], 'pred_prompt': ['IHC stained light micrograph of extracellular amyloid-beta deposition in the human brain tissue. Based on the image, what is the most likely amyloid beta morphology pattern? Caa']}",0.5026999711990356,pathology,neuropathology,light microscopy,brightfield microscopy,
classification,"['IHC stained light micrograph of extracellular amyloid-beta deposition in the human brain tissue. Based on the image, what is the most likely amyloid beta morphology pattern? diffuse plaque', 'IHC stained light micrograph of extracellular amyloid-beta deposition in the human brain tissue. Based on the image, what is the most likely amyloid beta morphology pattern? negative', 'IHC stained light micrograph of extracellular amyloid-beta deposition in the human brain tissue. Based on the image, what is the most likely amyloid beta morphology pattern? cerebral amyloid angiopathy', 'IHC stained light micrograph of extracellular amyloid-beta deposition in the human brain tissue. Based on the image, what is the most likely amyloid beta morphology pattern? cored plaque', 'IHC stained light micrograph of extracellular amyloid-beta deposition in the human brain tissue. Based on the image, what is the most likely amyloid beta morphology pattern? none of the above']",a7391f36-df82-4495-af1f-5ddf29806f8d,diffuse plaque,0,"{'pred': [3], 'probs': [[0.23345433175563812, 0.0023962382692843676, 0.003417506581172347, 0.7603771686553955, 0.00035468576243147254]], 'pred_prompt': ['IHC stained light micrograph of extracellular amyloid-beta deposition in the human brain tissue. Based on the image, what is the most likely amyloid beta morphology pattern? cored plaque']}",0.5026999711990356,pathology,neuropathology,light microscopy,brightfield microscopy,
classification,"['IHC stained light micrograph of extracellular amyloid-beta deposition in the human brain tissue. Based on the image, what is the most likely amyloid beta morphology pattern? diffuse plaque', 'IHC stained light micrograph of extracellular amyloid-beta deposition in the human brain tissue. Based on the image, what is the most likely amyloid beta morphology pattern? cored plaque', 'IHC stained light micrograph of extracellular amyloid-beta deposition in the human brain tissue. Based on the image, what is the most likely amyloid beta morphology pattern? cerebral amyloid angiopathy', 'IHC stained light micrograph of extracellular amyloid-beta deposition in the human brain tissue. Based on the image, what is the most likely amyloid beta morphology pattern? negative', 'IHC stained light micrograph of extracellular amyloid-beta deposition in the human brain tissue. Based on the image, what is the most likely amyloid beta morphology pattern? none of the above']",a5acdf2c-5dfc-4e2d-a8cd-b6e08b6e74cd,negative,3,"{'pred': [3], 'probs': [[0.22556990385055542, 0.06318783760070801, 0.004806350450962782, 0.6142604947090149, 0.09217550605535507]], 'pred_prompt': ['IHC stained light micrograph of extracellular amyloid-beta deposition in the human brain tissue. Based on the image, what is the most likely amyloid beta morphology pattern? negative']}",0.5026999711990356,pathology,neuropathology,light microscopy,brightfield microscopy,
classification,"['IHC stained light micrograph of extracellular amyloid-beta deposition in the human brain tissue. Based on the image, what is the most likely amyloid beta morphology pattern? cored plaque', 'IHC stained light micrograph of extracellular amyloid-beta deposition in the human brain tissue. Based on the image, what is the most likely amyloid beta morphology pattern? cerebral amyloid angiopathy', 'IHC stained light micrograph of extracellular amyloid-beta deposition in the human brain tissue. Based on the image, what is the most likely amyloid beta morphology pattern? diffuse plaque', 'IHC stained light micrograph of extracellular amyloid-beta deposition in the human brain tissue. Based on the image, what is the most likely amyloid beta morphology pattern? negative', 'IHC stained light micrograph of extracellular amyloid-beta deposition in the human brain tissue. Based on the image, what is the most likely amyloid beta morphology pattern? none of the above']",8a77c4eb-ec50-4c13-84a7-00aaeb5d2c2b,negative,3,"{'pred': [2], 'probs': [[0.10455429553985596, 0.00042604273767210543, 0.8095345497131348, 0.07769252359867096, 0.0077925780788064]], 'pred_prompt': ['IHC stained light micrograph of extracellular amyloid-beta deposition in the human brain tissue. Based on the image, what is the most likely amyloid beta morphology pattern? diffuse plaque']}",0.5026999711990356,pathology,neuropathology,light microscopy,brightfield microscopy,
classification,"['IHC stained light micrograph of extracellular amyloid-beta deposition in the human brain tissue. Based on the image, what is the most likely amyloid beta morphology pattern? Diffuse', 'IHC stained light micrograph of extracellular amyloid-beta deposition in the human brain tissue. Based on the image, what is the most likely amyloid beta morphology pattern? Negative', 'IHC stained light micrograph of extracellular amyloid-beta deposition in the human brain tissue. Based on the image, what is the most likely amyloid beta morphology pattern? Cored', 'IHC stained light micrograph of extracellular amyloid-beta deposition in the human brain tissue. Based on the image, what is the most likely amyloid beta morphology pattern? Caa', 'IHC stained light micrograph of extracellular amyloid-beta deposition in the human brain tissue. Based on the image, what is the most likely amyloid beta morphology pattern? none of the above']",2fd6e27a-a46f-4119-84fc-fab367dfec5a,Diffuse,0,"{'pred': [2], 'probs': [[0.11806613951921463, 0.10149557143449783, 0.7309674620628357, 0.02442360110580921, 0.0250471830368042]], 'pred_prompt': ['IHC stained light micrograph of extracellular amyloid-beta deposition in the human brain tissue. Based on the image, what is the most likely amyloid beta morphology pattern? Cored']}",0.5026999711990356,pathology,neuropathology,light microscopy,brightfield microscopy,
classification,"['IHC stained light micrograph of extracellular amyloid-beta deposition in the human brain tissue. Based on the image, what is the most likely amyloid beta morphology pattern? cored plaque', 'IHC stained light micrograph of extracellular amyloid-beta deposition in the human brain tissue. Based on the image, what is the most likely amyloid beta morphology pattern? negative', 'IHC stained light micrograph of extracellular amyloid-beta deposition in the human brain tissue. Based on the image, what is the most likely amyloid beta morphology pattern? diffuse plaque', 'IHC stained light micrograph of extracellular amyloid-beta deposition in the human brain tissue. Based on the image, what is the most likely amyloid beta morphology pattern? cerebral amyloid angiopathy', 'IHC stained light micrograph of extracellular amyloid-beta deposition in the human brain tissue. Based on the image, what is the most likely amyloid beta morphology pattern? none of the above']",5a367c05-55fb-4e2c-a821-6a24410f91a1,negative,1,"{'pred': [1], 'probs': [[0.00611589290201664, 0.932790994644165, 0.01335176732391119, 0.0002731618587858975, 0.04746812582015991]], 'pred_prompt': ['IHC stained light micrograph of extracellular amyloid-beta deposition in the human brain tissue. Based on the image, what is the most likely amyloid beta morphology pattern? negative']}",0.5026999711990356,pathology,neuropathology,light microscopy,brightfield microscopy,
classification,"['IHC stained light micrograph of extracellular amyloid-beta deposition in the human brain tissue. Based on the image, what is the most likely amyloid beta morphology pattern? Diffuse', 'IHC stained light micrograph of extracellular amyloid-beta deposition in the human brain tissue. Based on the image, what is the most likely amyloid beta morphology pattern? Cored', 'IHC stained light micrograph of extracellular amyloid-beta deposition in the human brain tissue. Based on the image, what is the most likely amyloid beta morphology pattern? Caa', 'IHC stained light micrograph of extracellular amyloid-beta deposition in the human brain tissue. Based on the image, what is the most likely amyloid beta morphology pattern? Negative', 'IHC stained light micrograph of extracellular amyloid-beta deposition in the human brain tissue. Based on the image, what is the most likely amyloid beta morphology pattern? none of the above']",c0a0ba40-f718-4f30-86df-4e2f01cdf7b3,Negative,3,"{'pred': [3], 'probs': [[0.019629880785942078, 0.029381737112998962, 0.023919371888041496, 0.839169442653656, 0.08789955079555511]], 'pred_prompt': ['IHC stained light micrograph of extracellular amyloid-beta deposition in the human brain tissue. Based on the image, what is the most likely amyloid beta morphology pattern? Negative']}",0.5026999711990356,pathology,neuropathology,light microscopy,brightfield microscopy,
classification,"['IHC stained light micrograph of extracellular amyloid-beta deposition in the human brain tissue. Based on the image, what is the most likely amyloid beta morphology pattern? Diffuse', 'IHC stained light micrograph of extracellular amyloid-beta deposition in the human brain tissue. Based on the image, what is the most likely amyloid beta morphology pattern? Negative', 'IHC stained light micrograph of extracellular amyloid-beta deposition in the human brain tissue. Based on the image, what is the most likely amyloid beta morphology pattern? Caa', 'IHC stained light micrograph of extracellular amyloid-beta deposition in the human brain tissue. Based on the image, what is the most likely amyloid beta morphology pattern? Cored', 'IHC stained light micrograph of extracellular amyloid-beta deposition in the human brain tissue. Based on the image, what is the most likely amyloid beta morphology pattern? none of the above']",f1ca5888-661f-48bc-9f63-92610aabf0b0,Diffuse,0,"{'pred': [3], 'probs': [[0.16635353863239288, 0.028340671211481094, 0.0017845681868493557, 0.7997735738754272, 0.003747658571228385]], 'pred_prompt': ['IHC stained light micrograph of extracellular amyloid-beta deposition in the human brain tissue. Based on the image, what is the most likely amyloid beta morphology pattern? Cored']}",0.5026999711990356,pathology,neuropathology,light microscopy,brightfield microscopy,
classification,"['IHC stained light micrograph of extracellular amyloid-beta deposition in the human brain tissue. Based on the image, what is the most likely amyloid beta morphology pattern? Diffuse', 'IHC stained light micrograph of extracellular amyloid-beta deposition in the human brain tissue. Based on the image, what is the most likely amyloid beta morphology pattern? Negative', 'IHC stained light micrograph of extracellular amyloid-beta deposition in the human brain tissue. Based on the image, what is the most likely amyloid beta morphology pattern? Caa', 'IHC stained light micrograph of extracellular amyloid-beta deposition in the human brain tissue. Based on the image, what is the most likely amyloid beta morphology pattern? Cored', 'IHC stained light micrograph of extracellular amyloid-beta deposition in the human brain tissue. Based on the image, what is the most likely amyloid beta morphology pattern? none of the above']",f60efe99-2c3f-4a3f-bc59-66f2d2107568,Cored,3,"{'pred': [3], 'probs': [[0.04600553959608078, 0.00548381544649601, 0.005755479447543621, 0.9412544965744019, 0.0015006164321675897]], 'pred_prompt': ['IHC stained light micrograph of extracellular amyloid-beta deposition in the human brain tissue. Based on the image, what is the most likely amyloid beta morphology pattern? Cored']}",0.5026999711990356,pathology,neuropathology,light microscopy,brightfield microscopy,
classification,"['IHC stained light micrograph of extracellular amyloid-beta deposition in the human brain tissue. Based on the image, what is the most likely amyloid beta morphology pattern? diffuse plaque', 'IHC stained light micrograph of extracellular amyloid-beta deposition in the human brain tissue. Based on the image, what is the most likely amyloid beta morphology pattern? negative', 'IHC stained light micrograph of extracellular amyloid-beta deposition in the human brain tissue. Based on the image, what is the most likely amyloid beta morphology pattern? cored plaque', 'IHC stained light micrograph of extracellular amyloid-beta deposition in the human brain tissue. Based on the image, what is the most likely amyloid beta morphology pattern? cerebral amyloid angiopathy', 'IHC stained light micrograph of extracellular amyloid-beta deposition in the human brain tissue. Based on the image, what is the most likely amyloid beta morphology pattern? none of the above']",defc1a6d-f9c9-4aac-87ef-b2800c990e2f,negative,1,"{'pred': [1], 'probs': [[0.015889376401901245, 0.7744048237800598, 0.1068367287516594, 0.037471044808626175, 0.06539797782897949]], 'pred_prompt': ['IHC stained light micrograph of extracellular amyloid-beta deposition in the human brain tissue. Based on the image, what is the most likely amyloid beta morphology pattern? negative']}",0.5026999711990356,pathology,neuropathology,light microscopy,brightfield microscopy,
classification,"['IHC stained light micrograph of extracellular amyloid-beta deposition in the human brain tissue. Based on the image, what is the most likely amyloid beta morphology pattern? negative', 'IHC stained light micrograph of extracellular amyloid-beta deposition in the human brain tissue. Based on the image, what is the most likely amyloid beta morphology pattern? cored plaque', 'IHC stained light micrograph of extracellular amyloid-beta deposition in the human brain tissue. Based on the image, what is the most likely amyloid beta morphology pattern? cerebral amyloid angiopathy', 'IHC stained light micrograph of extracellular amyloid-beta deposition in the human brain tissue. Based on the image, what is the most likely amyloid beta morphology pattern? diffuse plaque', 'IHC stained light micrograph of extracellular amyloid-beta deposition in the human brain tissue. Based on the image, what is the most likely amyloid beta morphology pattern? none of the above']",41deb44c-12e1-433a-8d88-96ce02f75947,negative,0,"{'pred': [1], 'probs': [[0.15602153539657593, 0.7245721220970154, 0.013569296337664127, 0.08241917192935944, 0.023417839780449867]], 'pred_prompt': ['IHC stained light micrograph of extracellular amyloid-beta deposition in the human brain tissue. Based on the image, what is the most likely amyloid beta morphology pattern? cored plaque']}",0.5026999711990356,pathology,neuropathology,light microscopy,brightfield microscopy,
classification,"['IHC stained light micrograph of extracellular amyloid-beta deposition in the human brain tissue. Based on the image, what is the most likely amyloid beta morphology pattern? Caa', 'IHC stained light micrograph of extracellular amyloid-beta deposition in the human brain tissue. Based on the image, what is the most likely amyloid beta morphology pattern? Cored', 'IHC stained light micrograph of extracellular amyloid-beta deposition in the human brain tissue. Based on the image, what is the most likely amyloid beta morphology pattern? Diffuse', 'IHC stained light micrograph of extracellular amyloid-beta deposition in the human brain tissue. Based on the image, what is the most likely amyloid beta morphology pattern? Negative', 'IHC stained light micrograph of extracellular amyloid-beta deposition in the human brain tissue. Based on the image, what is the most likely amyloid beta morphology pattern? none of the above']",a3182a29-a98d-4bef-bb76-1eb82622009f,Diffuse,2,"{'pred': [1], 'probs': [[0.0037118999753147364, 0.8157987594604492, 0.15830069780349731, 0.01722504384815693, 0.0049635665491223335]], 'pred_prompt': ['IHC stained light micrograph of extracellular amyloid-beta deposition in the human brain tissue. Based on the image, what is the most likely amyloid beta morphology pattern? Cored']}",0.5026999711990356,pathology,neuropathology,light microscopy,brightfield microscopy,
classification,"['IHC stained light micrograph of extracellular amyloid-beta deposition in the human brain tissue. Based on the image, what is the most likely amyloid beta morphology pattern? Caa', 'IHC stained light micrograph of extracellular amyloid-beta deposition in the human brain tissue. Based on the image, what is the most likely amyloid beta morphology pattern? Cored', 'IHC stained light micrograph of extracellular amyloid-beta deposition in the human brain tissue. Based on the image, what is the most likely amyloid beta morphology pattern? Diffuse', 'IHC stained light micrograph of extracellular amyloid-beta deposition in the human brain tissue. Based on the image, what is the most likely amyloid beta morphology pattern? Negative', 'IHC stained light micrograph of extracellular amyloid-beta deposition in the human brain tissue. Based on the image, what is the most likely amyloid beta morphology pattern? none of the above']",81bcb37e-add5-43af-8420-c19ee45c700d,Cored,1,"{'pred': [1], 'probs': [[0.0034528824035078287, 0.8000410199165344, 0.16550956666469574, 0.022037634626030922, 0.008958829566836357]], 'pred_prompt': ['IHC stained light micrograph of extracellular amyloid-beta deposition in the human brain tissue. Based on the image, what is the most likely amyloid beta morphology pattern? Cored']}",0.5026999711990356,pathology,neuropathology,light microscopy,brightfield microscopy,
classification,"['IHC stained light micrograph of extracellular amyloid-beta deposition in the human brain tissue. Based on the image, what is the most likely amyloid beta morphology pattern? cored plaque', 'IHC stained light micrograph of extracellular amyloid-beta deposition in the human brain tissue. Based on the image, what is the most likely amyloid beta morphology pattern? cerebral amyloid angiopathy', 'IHC stained light micrograph of extracellular amyloid-beta deposition in the human brain tissue. Based on the image, what is the most likely amyloid beta morphology pattern? negative', 'IHC stained light micrograph of extracellular amyloid-beta deposition in the human brain tissue. Based on the image, what is the most likely amyloid beta morphology pattern? diffuse plaque', 'IHC stained light micrograph of extracellular amyloid-beta deposition in the human brain tissue. Based on the image, what is the most likely amyloid beta morphology pattern? none of the above']",02e8ae95-5b80-4656-b8a2-cd0e6502e8ed,negative,2,"{'pred': [3], 'probs': [[0.38941261172294617, 0.003395632840692997, 0.07392653822898865, 0.5264041423797607, 0.006861067842692137]], 'pred_prompt': ['IHC stained light micrograph of extracellular amyloid-beta deposition in the human brain tissue. Based on the image, what is the most likely amyloid beta morphology pattern? diffuse plaque']}",0.5026999711990356,pathology,neuropathology,light microscopy,brightfield microscopy,
classification,"['IHC stained light micrograph of extracellular amyloid-beta deposition in the human brain tissue. Based on the image, what is the most likely amyloid beta morphology pattern? Diffuse', 'IHC stained light micrograph of extracellular amyloid-beta deposition in the human brain tissue. Based on the image, what is the most likely amyloid beta morphology pattern? Negative', 'IHC stained light micrograph of extracellular amyloid-beta deposition in the human brain tissue. Based on the image, what is the most likely amyloid beta morphology pattern? Cored', 'IHC stained light micrograph of extracellular amyloid-beta deposition in the human brain tissue. Based on the image, what is the most likely amyloid beta morphology pattern? Caa', 'IHC stained light micrograph of extracellular amyloid-beta deposition in the human brain tissue. Based on the image, what is the most likely amyloid beta morphology pattern? none of the above']",13d9bf85-5b8b-4c91-b9d7-a81ab2d7ccef,Cored,2,"{'pred': [2], 'probs': [[0.15777970850467682, 0.1011696606874466, 0.6412978172302246, 0.07607465237379074, 0.023678209632635117]], 'pred_prompt': ['IHC stained light micrograph of extracellular amyloid-beta deposition in the human brain tissue. Based on the image, what is the most likely amyloid beta morphology pattern? Cored']}",0.5026999711990356,pathology,neuropathology,light microscopy,brightfield microscopy,
classification,"['IHC stained light micrograph of extracellular amyloid-beta deposition in the human brain tissue. Based on the image, what is the most likely amyloid beta morphology pattern? Cored', 'IHC stained light micrograph of extracellular amyloid-beta deposition in the human brain tissue. Based on the image, what is the most likely amyloid beta morphology pattern? Negative', 'IHC stained light micrograph of extracellular amyloid-beta deposition in the human brain tissue. Based on the image, what is the most likely amyloid beta morphology pattern? Caa', 'IHC stained light micrograph of extracellular amyloid-beta deposition in the human brain tissue. Based on the image, what is the most likely amyloid beta morphology pattern? Diffuse', 'IHC stained light micrograph of extracellular amyloid-beta deposition in the human brain tissue. Based on the image, what is the most likely amyloid beta morphology pattern? none of the above']",f73c5da6-de67-4dba-b955-d2ea44eff2e3,Caa,2,"{'pred': [0], 'probs': [[0.8807200789451599, 0.0020120746921747923, 0.04044228792190552, 0.07641848921775818, 0.0004070225986652076]], 'pred_prompt': ['IHC stained light micrograph of extracellular amyloid-beta deposition in the human brain tissue. Based on the image, what is the most likely amyloid beta morphology pattern? Cored']}",0.5026999711990356,pathology,neuropathology,light microscopy,brightfield microscopy,
classification,"['IHC stained light micrograph of extracellular amyloid-beta deposition in the human brain tissue. Based on the image, what is the most likely amyloid beta morphology pattern? Negative', 'IHC stained light micrograph of extracellular amyloid-beta deposition in the human brain tissue. Based on the image, what is the most likely amyloid beta morphology pattern? Caa', 'IHC stained light micrograph of extracellular amyloid-beta deposition in the human brain tissue. Based on the image, what is the most likely amyloid beta morphology pattern? Cored', 'IHC stained light micrograph of extracellular amyloid-beta deposition in the human brain tissue. Based on the image, what is the most likely amyloid beta morphology pattern? Diffuse', 'IHC stained light micrograph of extracellular amyloid-beta deposition in the human brain tissue. Based on the image, what is the most likely amyloid beta morphology pattern? none of the above']",40606d9b-a914-4f07-a99f-3880857b05a4,Caa,1,"{'pred': [1], 'probs': [[0.1108868271112442, 0.6951974034309387, 0.15603585541248322, 0.009502575732767582, 0.0283773485571146]], 'pred_prompt': ['IHC stained light micrograph of extracellular amyloid-beta deposition in the human brain tissue. Based on the image, what is the most likely amyloid beta morphology pattern? Caa']}",0.5026999711990356,pathology,neuropathology,light microscopy,brightfield microscopy,
classification,"['IHC stained light micrograph of extracellular amyloid-beta deposition in the human brain tissue. Based on the image, what is the most likely amyloid beta morphology pattern? diffuse plaque', 'IHC stained light micrograph of extracellular amyloid-beta deposition in the human brain tissue. Based on the image, what is the most likely amyloid beta morphology pattern? negative', 'IHC stained light micrograph of extracellular amyloid-beta deposition in the human brain tissue. Based on the image, what is the most likely amyloid beta morphology pattern? cored plaque', 'IHC stained light micrograph of extracellular amyloid-beta deposition in the human brain tissue. Based on the image, what is the most likely amyloid beta morphology pattern? cerebral amyloid angiopathy', 'IHC stained light micrograph of extracellular amyloid-beta deposition in the human brain tissue. Based on the image, what is the most likely amyloid beta morphology pattern? none of the above']",0a8f647e-dd2e-4cb2-a7d8-729a979b0d10,diffuse plaque,0,"{'pred': [0], 'probs': [[0.9098240733146667, 0.0010105106048285961, 0.08818918466567993, 0.0008782115764915943, 9.801226406125352e-05]], 'pred_prompt': ['IHC stained light micrograph of extracellular amyloid-beta deposition in the human brain tissue. Based on the image, what is the most likely amyloid beta morphology pattern? diffuse plaque']}",0.5026999711990356,pathology,neuropathology,light microscopy,brightfield microscopy,
classification,"['IHC stained light micrograph of extracellular amyloid-beta deposition in the human brain tissue. Based on the image, what is the most likely amyloid beta morphology pattern? cerebral amyloid angiopathy', 'IHC stained light micrograph of extracellular amyloid-beta deposition in the human brain tissue. Based on the image, what is the most likely amyloid beta morphology pattern? diffuse plaque', 'IHC stained light micrograph of extracellular amyloid-beta deposition in the human brain tissue. Based on the image, what is the most likely amyloid beta morphology pattern? negative', 'IHC stained light micrograph of extracellular amyloid-beta deposition in the human brain tissue. Based on the image, what is the most likely amyloid beta morphology pattern? cored plaque', 'IHC stained light micrograph of extracellular amyloid-beta deposition in the human brain tissue. Based on the image, what is the most likely amyloid beta morphology pattern? none of the above']",6584574a-ee80-45e5-8c17-f445e1d3e329,negative,2,"{'pred': [2], 'probs': [[9.892232628772035e-05, 0.016115542501211166, 0.8966888189315796, 0.019285276532173157, 0.06781144440174103]], 'pred_prompt': ['IHC stained light micrograph of extracellular amyloid-beta deposition in the human brain tissue. Based on the image, what is the most likely amyloid beta morphology pattern? negative']}",0.5026999711990356,pathology,neuropathology,light microscopy,brightfield microscopy,
classification,"['IHC stained light micrograph of extracellular amyloid-beta deposition in the human brain tissue. Based on the image, what is the most likely amyloid beta morphology pattern? cerebral amyloid angiopathy', 'IHC stained light micrograph of extracellular amyloid-beta deposition in the human brain tissue. Based on the image, what is the most likely amyloid beta morphology pattern? diffuse plaque', 'IHC stained light micrograph of extracellular amyloid-beta deposition in the human brain tissue. Based on the image, what is the most likely amyloid beta morphology pattern? negative', 'IHC stained light micrograph of extracellular amyloid-beta deposition in the human brain tissue. Based on the image, what is the most likely amyloid beta morphology pattern? cored plaque', 'IHC stained light micrograph of extracellular amyloid-beta deposition in the human brain tissue. Based on the image, what is the most likely amyloid beta morphology pattern? none of the above']",be65b214-1606-48d9-b4e6-541986e9543a,negative,2,"{'pred': [2], 'probs': [[0.0019762825686484575, 0.03249887004494667, 0.7814001441001892, 0.032199498265981674, 0.151925191283226]], 'pred_prompt': ['IHC stained light micrograph of extracellular amyloid-beta deposition in the human brain tissue. Based on the image, what is the most likely amyloid beta morphology pattern? negative']}",0.5026999711990356,pathology,neuropathology,light microscopy,brightfield microscopy,
classification,"['IHC stained light micrograph of extracellular amyloid-beta deposition in the human brain tissue. Based on the image, what is the most likely amyloid beta morphology pattern? cerebral amyloid angiopathy', 'IHC stained light micrograph of extracellular amyloid-beta deposition in the human brain tissue. Based on the image, what is the most likely amyloid beta morphology pattern? cored plaque', 'IHC stained light micrograph of extracellular amyloid-beta deposition in the human brain tissue. Based on the image, what is the most likely amyloid beta morphology pattern? diffuse plaque', 'IHC stained light micrograph of extracellular amyloid-beta deposition in the human brain tissue. Based on the image, what is the most likely amyloid beta morphology pattern? negative', 'IHC stained light micrograph of extracellular amyloid-beta deposition in the human brain tissue. Based on the image, what is the most likely amyloid beta morphology pattern? none of the above']",de716b3a-27be-4c6e-8ce2-46778a04180f,cored plaque,1,"{'pred': [1], 'probs': [[0.0023565867450088263, 0.9507330656051636, 0.04641638323664665, 0.0003744811983779073, 0.00011951663327636197]], 'pred_prompt': ['IHC stained light micrograph of extracellular amyloid-beta deposition in the human brain tissue. Based on the image, what is the most likely amyloid beta morphology pattern? cored plaque']}",0.5026999711990356,pathology,neuropathology,light microscopy,brightfield microscopy,
classification,"['IHC stained light micrograph of extracellular amyloid-beta deposition in the human brain tissue. Based on the image, what is the most likely amyloid beta morphology pattern? cerebral amyloid angiopathy', 'IHC stained light micrograph of extracellular amyloid-beta deposition in the human brain tissue. Based on the image, what is the most likely amyloid beta morphology pattern? diffuse plaque', 'IHC stained light micrograph of extracellular amyloid-beta deposition in the human brain tissue. Based on the image, what is the most likely amyloid beta morphology pattern? negative', 'IHC stained light micrograph of extracellular amyloid-beta deposition in the human brain tissue. Based on the image, what is the most likely amyloid beta morphology pattern? cored plaque', 'IHC stained light micrograph of extracellular amyloid-beta deposition in the human brain tissue. Based on the image, what is the most likely amyloid beta morphology pattern? none of the above']",48f98aa1-2357-4969-a96e-f79aac5dda7a,diffuse plaque,1,"{'pred': [1], 'probs': [[0.0024182081688195467, 0.9068899750709534, 0.010988186113536358, 0.07845241576433182, 0.0012512663379311562]], 'pred_prompt': ['IHC stained light micrograph of extracellular amyloid-beta deposition in the human brain tissue. Based on the image, what is the most likely amyloid beta morphology pattern? diffuse plaque']}",0.5026999711990356,pathology,neuropathology,light microscopy,brightfield microscopy,
classification,"['IHC stained light micrograph of extracellular amyloid-beta deposition in the human brain tissue. Based on the image, what is the most likely amyloid beta morphology pattern? negative', 'IHC stained light micrograph of extracellular amyloid-beta deposition in the human brain tissue. Based on the image, what is the most likely amyloid beta morphology pattern? cerebral amyloid angiopathy', 'IHC stained light micrograph of extracellular amyloid-beta deposition in the human brain tissue. Based on the image, what is the most likely amyloid beta morphology pattern? diffuse plaque', 'IHC stained light micrograph of extracellular amyloid-beta deposition in the human brain tissue. Based on the image, what is the most likely amyloid beta morphology pattern? cored plaque', 'IHC stained light micrograph of extracellular amyloid-beta deposition in the human brain tissue. Based on the image, what is the most likely amyloid beta morphology pattern? none of the above']",54a22311-e8bc-4115-9fe5-12565febbdda,diffuse plaque,2,"{'pred': [2], 'probs': [[0.00028878310695290565, 0.00025827859644778073, 0.9411948323249817, 0.05822424590587616, 3.385048694326542e-05]], 'pred_prompt': ['IHC stained light micrograph of extracellular amyloid-beta deposition in the human brain tissue. Based on the image, what is the most likely amyloid beta morphology pattern? diffuse plaque']}",0.5026999711990356,pathology,neuropathology,light microscopy,brightfield microscopy,
classification,"['IHC stained light micrograph of extracellular amyloid-beta deposition in the human brain tissue. Based on the image, what is the most likely amyloid beta morphology pattern? Negative', 'IHC stained light micrograph of extracellular amyloid-beta deposition in the human brain tissue. Based on the image, what is the most likely amyloid beta morphology pattern? Cored', 'IHC stained light micrograph of extracellular amyloid-beta deposition in the human brain tissue. Based on the image, what is the most likely amyloid beta morphology pattern? Caa', 'IHC stained light micrograph of extracellular amyloid-beta deposition in the human brain tissue. Based on the image, what is the most likely amyloid beta morphology pattern? Diffuse', 'IHC stained light micrograph of extracellular amyloid-beta deposition in the human brain tissue. Based on the image, what is the most likely amyloid beta morphology pattern? none of the above']",6d13d53b-794f-4ba3-b38c-6ac79ab3f93b,Cored,1,"{'pred': [1], 'probs': [[0.022528426721692085, 0.7591589093208313, 0.011310646310448647, 0.20061913132667542, 0.0063828835263848305]], 'pred_prompt': ['IHC stained light micrograph of extracellular amyloid-beta deposition in the human brain tissue. Based on the image, what is the most likely amyloid beta morphology pattern? Cored']}",0.5026999711990356,pathology,neuropathology,light microscopy,brightfield microscopy,
classification,"['IHC stained light micrograph of extracellular amyloid-beta deposition in the human brain tissue. Based on the image, what is the most likely amyloid beta morphology pattern? Negative', 'IHC stained light micrograph of extracellular amyloid-beta deposition in the human brain tissue. Based on the image, what is the most likely amyloid beta morphology pattern? Diffuse', 'IHC stained light micrograph of extracellular amyloid-beta deposition in the human brain tissue. Based on the image, what is the most likely amyloid beta morphology pattern? Caa', 'IHC stained light micrograph of extracellular amyloid-beta deposition in the human brain tissue. Based on the image, what is the most likely amyloid beta morphology pattern? Cored', 'IHC stained light micrograph of extracellular amyloid-beta deposition in the human brain tissue. Based on the image, what is the most likely amyloid beta morphology pattern? none of the above']",ec904349-17fd-485e-93fc-9d946217f28a,Cored,3,"{'pred': [3], 'probs': [[0.0070096873678267, 0.018874965608119965, 0.05314029008150101, 0.9171532392501831, 0.003821816062554717]], 'pred_prompt': ['IHC stained light micrograph of extracellular amyloid-beta deposition in the human brain tissue. Based on the image, what is the most likely amyloid beta morphology pattern? Cored']}",0.5026999711990356,pathology,neuropathology,light microscopy,brightfield microscopy,
classification,"['IHC stained light micrograph of extracellular amyloid-beta deposition in the human brain tissue. Based on the image, what is the most likely amyloid beta morphology pattern? Negative', 'IHC stained light micrograph of extracellular amyloid-beta deposition in the human brain tissue. Based on the image, what is the most likely amyloid beta morphology pattern? Cored', 'IHC stained light micrograph of extracellular amyloid-beta deposition in the human brain tissue. Based on the image, what is the most likely amyloid beta morphology pattern? Diffuse', 'IHC stained light micrograph of extracellular amyloid-beta deposition in the human brain tissue. Based on the image, what is the most likely amyloid beta morphology pattern? Caa', 'IHC stained light micrograph of extracellular amyloid-beta deposition in the human brain tissue. Based on the image, what is the most likely amyloid beta morphology pattern? none of the above']",f89d5c8a-8ade-4529-999f-3c6520f0dd3a,Cored,1,"{'pred': [1], 'probs': [[0.03611436486244202, 0.6634171009063721, 0.2819606065750122, 0.009123377501964569, 0.009384588338434696]], 'pred_prompt': ['IHC stained light micrograph of extracellular amyloid-beta deposition in the human brain tissue. Based on the image, what is the most likely amyloid beta morphology pattern? Cored']}",0.5026999711990356,pathology,neuropathology,light microscopy,brightfield microscopy,
classification,"['IHC stained light micrograph of extracellular amyloid-beta deposition in the human brain tissue. Based on the image, what is the most likely amyloid beta morphology pattern? negative', 'IHC stained light micrograph of extracellular amyloid-beta deposition in the human brain tissue. Based on the image, what is the most likely amyloid beta morphology pattern? diffuse plaque', 'IHC stained light micrograph of extracellular amyloid-beta deposition in the human brain tissue. Based on the image, what is the most likely amyloid beta morphology pattern? cerebral amyloid angiopathy', 'IHC stained light micrograph of extracellular amyloid-beta deposition in the human brain tissue. Based on the image, what is the most likely amyloid beta morphology pattern? cored plaque', 'IHC stained light micrograph of extracellular amyloid-beta deposition in the human brain tissue. Based on the image, what is the most likely amyloid beta morphology pattern? none of the above']",f0b51077-875c-4009-a3ab-4327cebc9286,negative,0,"{'pred': [0], 'probs': [[0.7671959400177002, 0.0367310494184494, 0.0004665606829803437, 0.022004516795277596, 0.17360195517539978]], 'pred_prompt': ['IHC stained light micrograph of extracellular amyloid-beta deposition in the human brain tissue. Based on the image, what is the most likely amyloid beta morphology pattern? negative']}",0.5026999711990356,pathology,neuropathology,light microscopy,brightfield microscopy,
classification,"['IHC stained light micrograph of extracellular amyloid-beta deposition in the human brain tissue. Based on the image, what is the most likely amyloid beta morphology pattern? negative', 'IHC stained light micrograph of extracellular amyloid-beta deposition in the human brain tissue. Based on the image, what is the most likely amyloid beta morphology pattern? cored plaque', 'IHC stained light micrograph of extracellular amyloid-beta deposition in the human brain tissue. Based on the image, what is the most likely amyloid beta morphology pattern? diffuse plaque', 'IHC stained light micrograph of extracellular amyloid-beta deposition in the human brain tissue. Based on the image, what is the most likely amyloid beta morphology pattern? cerebral amyloid angiopathy', 'IHC stained light micrograph of extracellular amyloid-beta deposition in the human brain tissue. Based on the image, what is the most likely amyloid beta morphology pattern? none of the above']",11c85898-16fb-4e4e-aa5b-4ac529d60035,negative,0,"{'pred': [1], 'probs': [[0.33591675758361816, 0.5096489191055298, 0.09238301217556, 0.0011025368003174663, 0.06094881147146225]], 'pred_prompt': ['IHC stained light micrograph of extracellular amyloid-beta deposition in the human brain tissue. Based on the image, what is the most likely amyloid beta morphology pattern? cored plaque']}",0.5026999711990356,pathology,neuropathology,light microscopy,brightfield microscopy,
classification,"['IHC stained light micrograph of extracellular amyloid-beta deposition in the human brain tissue. Based on the image, what is the most likely amyloid beta morphology pattern? cerebral amyloid angiopathy', 'IHC stained light micrograph of extracellular amyloid-beta deposition in the human brain tissue. Based on the image, what is the most likely amyloid beta morphology pattern? diffuse plaque', 'IHC stained light micrograph of extracellular amyloid-beta deposition in the human brain tissue. Based on the image, what is the most likely amyloid beta morphology pattern? cored plaque', 'IHC stained light micrograph of extracellular amyloid-beta deposition in the human brain tissue. Based on the image, what is the most likely amyloid beta morphology pattern? negative', 'IHC stained light micrograph of extracellular amyloid-beta deposition in the human brain tissue. Based on the image, what is the most likely amyloid beta morphology pattern? none of the above']",dfe70da6-aa6f-43d1-84d9-5b98257190f3,negative,3,"{'pred': [2], 'probs': [[0.021976200863718987, 0.2831031084060669, 0.4193483889102936, 0.22543495893478394, 0.05013735219836235]], 'pred_prompt': ['IHC stained light micrograph of extracellular amyloid-beta deposition in the human brain tissue. Based on the image, what is the most likely amyloid beta morphology pattern? cored plaque']}",0.5026999711990356,pathology,neuropathology,light microscopy,brightfield microscopy,
classification,"['IHC stained light micrograph of extracellular amyloid-beta deposition in the human brain tissue. Based on the image, what is the most likely amyloid beta morphology pattern? cored plaque', 'IHC stained light micrograph of extracellular amyloid-beta deposition in the human brain tissue. Based on the image, what is the most likely amyloid beta morphology pattern? cerebral amyloid angiopathy', 'IHC stained light micrograph of extracellular amyloid-beta deposition in the human brain tissue. Based on the image, what is the most likely amyloid beta morphology pattern? negative', 'IHC stained light micrograph of extracellular amyloid-beta deposition in the human brain tissue. Based on the image, what is the most likely amyloid beta morphology pattern? diffuse plaque', 'IHC stained light micrograph of extracellular amyloid-beta deposition in the human brain tissue. Based on the image, what is the most likely amyloid beta morphology pattern? none of the above']",c110375d-0233-45ba-8cd4-c626e6be30a6,negative,2,"{'pred': [2], 'probs': [[0.0109800910577178, 0.03276074305176735, 0.8637601733207703, 0.0070253945887088776, 0.08547361195087433]], 'pred_prompt': ['IHC stained light micrograph of extracellular amyloid-beta deposition in the human brain tissue. Based on the image, what is the most likely amyloid beta morphology pattern? negative']}",0.5026999711990356,pathology,neuropathology,light microscopy,brightfield microscopy,
classification,"['IHC stained light micrograph of extracellular amyloid-beta deposition in the human brain tissue. Based on the image, what is the most likely amyloid beta morphology pattern? cored plaque', 'IHC stained light micrograph of extracellular amyloid-beta deposition in the human brain tissue. Based on the image, what is the most likely amyloid beta morphology pattern? cerebral amyloid angiopathy', 'IHC stained light micrograph of extracellular amyloid-beta deposition in the human brain tissue. Based on the image, what is the most likely amyloid beta morphology pattern? negative', 'IHC stained light micrograph of extracellular amyloid-beta deposition in the human brain tissue. Based on the image, what is the most likely amyloid beta morphology pattern? diffuse plaque', 'IHC stained light micrograph of extracellular amyloid-beta deposition in the human brain tissue. Based on the image, what is the most likely amyloid beta morphology pattern? none of the above']",ffca05eb-af7b-4e27-9133-031e3814a77c,negative,2,"{'pred': [2], 'probs': [[0.018657609820365906, 0.02143099345266819, 0.6571829915046692, 0.1810743361711502, 0.12165407091379166]], 'pred_prompt': ['IHC stained light micrograph of extracellular amyloid-beta deposition in the human brain tissue. Based on the image, what is the most likely amyloid beta morphology pattern? negative']}",0.5026999711990356,pathology,neuropathology,light microscopy,brightfield microscopy,
classification,"['IHC stained light micrograph of extracellular amyloid-beta deposition in the human brain tissue. Based on the image, what is the most likely amyloid beta morphology pattern? Caa', 'IHC stained light micrograph of extracellular amyloid-beta deposition in the human brain tissue. Based on the image, what is the most likely amyloid beta morphology pattern? Diffuse', 'IHC stained light micrograph of extracellular amyloid-beta deposition in the human brain tissue. Based on the image, what is the most likely amyloid beta morphology pattern? Cored', 'IHC stained light micrograph of extracellular amyloid-beta deposition in the human brain tissue. Based on the image, what is the most likely amyloid beta morphology pattern? Negative', 'IHC stained light micrograph of extracellular amyloid-beta deposition in the human brain tissue. Based on the image, what is the most likely amyloid beta morphology pattern? none of the above']",657af7b7-367b-4ed0-8a41-e9bf627371df,Negative,3,"{'pred': [3], 'probs': [[0.28810957074165344, 0.011804833076894283, 0.057668864727020264, 0.5498523712158203, 0.09256433695554733]], 'pred_prompt': ['IHC stained light micrograph of extracellular amyloid-beta deposition in the human brain tissue. Based on the image, what is the most likely amyloid beta morphology pattern? Negative']}",0.5026999711990356,pathology,neuropathology,light microscopy,brightfield microscopy,
classification,"['IHC stained light micrograph of extracellular amyloid-beta deposition in the human brain tissue. Based on the image, what is the most likely amyloid beta morphology pattern? negative', 'IHC stained light micrograph of extracellular amyloid-beta deposition in the human brain tissue. Based on the image, what is the most likely amyloid beta morphology pattern? cerebral amyloid angiopathy', 'IHC stained light micrograph of extracellular amyloid-beta deposition in the human brain tissue. Based on the image, what is the most likely amyloid beta morphology pattern? cored plaque', 'IHC stained light micrograph of extracellular amyloid-beta deposition in the human brain tissue. Based on the image, what is the most likely amyloid beta morphology pattern? diffuse plaque', 'IHC stained light micrograph of extracellular amyloid-beta deposition in the human brain tissue. Based on the image, what is the most likely amyloid beta morphology pattern? none of the above']",952f9fa0-c6e8-40d9-89cb-68f9f0277bc3,diffuse plaque,3,"{'pred': [3], 'probs': [[0.019948678091168404, 0.0008173654205165803, 0.09075487405061722, 0.8872870802879333, 0.0011919892858713865]], 'pred_prompt': ['IHC stained light micrograph of extracellular amyloid-beta deposition in the human brain tissue. Based on the image, what is the most likely amyloid beta morphology pattern? diffuse plaque']}",0.5026999711990356,pathology,neuropathology,light microscopy,brightfield microscopy,
classification,"['IHC stained light micrograph of extracellular amyloid-beta deposition in the human brain tissue. Based on the image, what is the most likely amyloid beta morphology pattern? negative', 'IHC stained light micrograph of extracellular amyloid-beta deposition in the human brain tissue. Based on the image, what is the most likely amyloid beta morphology pattern? cored plaque', 'IHC stained light micrograph of extracellular amyloid-beta deposition in the human brain tissue. Based on the image, what is the most likely amyloid beta morphology pattern? diffuse plaque', 'IHC stained light micrograph of extracellular amyloid-beta deposition in the human brain tissue. Based on the image, what is the most likely amyloid beta morphology pattern? cerebral amyloid angiopathy', 'IHC stained light micrograph of extracellular amyloid-beta deposition in the human brain tissue. Based on the image, what is the most likely amyloid beta morphology pattern? none of the above']",6b2a9e4c-bd0b-406c-b90b-e4602f1e7ca1,negative,0,"{'pred': [2], 'probs': [[0.27063462138175964, 0.2661290168762207, 0.42245790362358093, 0.0024710064753890038, 0.03830750286579132]], 'pred_prompt': ['IHC stained light micrograph of extracellular amyloid-beta deposition in the human brain tissue. Based on the image, what is the most likely amyloid beta morphology pattern? diffuse plaque']}",0.5026999711990356,pathology,neuropathology,light microscopy,brightfield microscopy,
classification,"['IHC stained light micrograph of extracellular amyloid-beta deposition in the human brain tissue. Based on the image, what is the most likely amyloid beta morphology pattern? cored plaque', 'IHC stained light micrograph of extracellular amyloid-beta deposition in the human brain tissue. Based on the image, what is the most likely amyloid beta morphology pattern? cerebral amyloid angiopathy', 'IHC stained light micrograph of extracellular amyloid-beta deposition in the human brain tissue. Based on the image, what is the most likely amyloid beta morphology pattern? diffuse plaque', 'IHC stained light micrograph of extracellular amyloid-beta deposition in the human brain tissue. Based on the image, what is the most likely amyloid beta morphology pattern? negative', 'IHC stained light micrograph of extracellular amyloid-beta deposition in the human brain tissue. Based on the image, what is the most likely amyloid beta morphology pattern? none of the above']",f8ea01e6-53ee-44ff-ba6e-8bb88753cb0a,cored plaque,0,"{'pred': [0], 'probs': [[0.8784834146499634, 0.004191834945231676, 0.11665477603673935, 0.0006122367922216654, 5.780396895715967e-05]], 'pred_prompt': ['IHC stained light micrograph of extracellular amyloid-beta deposition in the human brain tissue. Based on the image, what is the most likely amyloid beta morphology pattern? cored plaque']}",0.5026999711990356,pathology,neuropathology,light microscopy,brightfield microscopy,
classification,"['IHC stained light micrograph of extracellular amyloid-beta deposition in the human brain tissue. Based on the image, what is the most likely amyloid beta morphology pattern? Caa', 'IHC stained light micrograph of extracellular amyloid-beta deposition in the human brain tissue. Based on the image, what is the most likely amyloid beta morphology pattern? Negative', 'IHC stained light micrograph of extracellular amyloid-beta deposition in the human brain tissue. Based on the image, what is the most likely amyloid beta morphology pattern? Diffuse', 'IHC stained light micrograph of extracellular amyloid-beta deposition in the human brain tissue. Based on the image, what is the most likely amyloid beta morphology pattern? Cored', 'IHC stained light micrograph of extracellular amyloid-beta deposition in the human brain tissue. Based on the image, what is the most likely amyloid beta morphology pattern? none of the above']",c55039dc-3bdc-4f2d-932c-277be97f932a,Negative,1,"{'pred': [3], 'probs': [[0.003712506266310811, 0.038615912199020386, 0.13543319702148438, 0.8085423707962036, 0.013696007430553436]], 'pred_prompt': ['IHC stained light micrograph of extracellular amyloid-beta deposition in the human brain tissue. Based on the image, what is the most likely amyloid beta morphology pattern? Cored']}",0.5026999711990356,pathology,neuropathology,light microscopy,brightfield microscopy,
classification,"['IHC stained light micrograph of extracellular amyloid-beta deposition in the human brain tissue. Based on the image, what is the most likely amyloid beta morphology pattern? negative', 'IHC stained light micrograph of extracellular amyloid-beta deposition in the human brain tissue. Based on the image, what is the most likely amyloid beta morphology pattern? diffuse plaque', 'IHC stained light micrograph of extracellular amyloid-beta deposition in the human brain tissue. Based on the image, what is the most likely amyloid beta morphology pattern? cerebral amyloid angiopathy', 'IHC stained light micrograph of extracellular amyloid-beta deposition in the human brain tissue. Based on the image, what is the most likely amyloid beta morphology pattern? cored plaque', 'IHC stained light micrograph of extracellular amyloid-beta deposition in the human brain tissue. Based on the image, what is the most likely amyloid beta morphology pattern? none of the above']",bfec8276-2a0d-418c-be7a-45fb014adfe0,diffuse plaque,1,"{'pred': [1], 'probs': [[0.002809138735756278, 0.7096478343009949, 0.004792836960405111, 0.282335489988327, 0.00041476942715235054]], 'pred_prompt': ['IHC stained light micrograph of extracellular amyloid-beta deposition in the human brain tissue. Based on the image, what is the most likely amyloid beta morphology pattern? diffuse plaque']}",0.5026999711990356,pathology,neuropathology,light microscopy,brightfield microscopy,
classification,"['IHC stained light micrograph of extracellular amyloid-beta deposition in the human brain tissue. Based on the image, what is the most likely amyloid beta morphology pattern? Negative', 'IHC stained light micrograph of extracellular amyloid-beta deposition in the human brain tissue. Based on the image, what is the most likely amyloid beta morphology pattern? Caa', 'IHC stained light micrograph of extracellular amyloid-beta deposition in the human brain tissue. Based on the image, what is the most likely amyloid beta morphology pattern? Cored', 'IHC stained light micrograph of extracellular amyloid-beta deposition in the human brain tissue. Based on the image, what is the most likely amyloid beta morphology pattern? Diffuse', 'IHC stained light micrograph of extracellular amyloid-beta deposition in the human brain tissue. Based on the image, what is the most likely amyloid beta morphology pattern? none of the above']",6884bedf-d2cd-471b-93d8-940936ef92b3,Caa,1,"{'pred': [1], 'probs': [[0.0026927755679935217, 0.9933731555938721, 0.0004008022660855204, 5.107198012410663e-05, 0.0034822653979063034]], 'pred_prompt': ['IHC stained light micrograph of extracellular amyloid-beta deposition in the human brain tissue. Based on the image, what is the most likely amyloid beta morphology pattern? Caa']}",0.5026999711990356,pathology,neuropathology,light microscopy,brightfield microscopy,
classification,"['IHC stained light micrograph of extracellular amyloid-beta deposition in the human brain tissue. Based on the image, what is the most likely amyloid beta morphology pattern? diffuse plaque', 'IHC stained light micrograph of extracellular amyloid-beta deposition in the human brain tissue. Based on the image, what is the most likely amyloid beta morphology pattern? cored plaque', 'IHC stained light micrograph of extracellular amyloid-beta deposition in the human brain tissue. Based on the image, what is the most likely amyloid beta morphology pattern? cerebral amyloid angiopathy', 'IHC stained light micrograph of extracellular amyloid-beta deposition in the human brain tissue. Based on the image, what is the most likely amyloid beta morphology pattern? negative', 'IHC stained light micrograph of extracellular amyloid-beta deposition in the human brain tissue. Based on the image, what is the most likely amyloid beta morphology pattern? none of the above']",80fac8e6-51a7-44af-b1b4-03599ea835d1,cored plaque,1,"{'pred': [1], 'probs': [[0.03608359768986702, 0.9405225515365601, 0.0034361386206001043, 0.01620296761393547, 0.0037547473330050707]], 'pred_prompt': ['IHC stained light micrograph of extracellular amyloid-beta deposition in the human brain tissue. Based on the image, what is the most likely amyloid beta morphology pattern? cored plaque']}",0.5026999711990356,pathology,neuropathology,light microscopy,brightfield microscopy,
classification,"['IHC stained light micrograph of extracellular amyloid-beta deposition in the human brain tissue. Based on the image, what is the most likely amyloid beta morphology pattern? Caa', 'IHC stained light micrograph of extracellular amyloid-beta deposition in the human brain tissue. Based on the image, what is the most likely amyloid beta morphology pattern? Negative', 'IHC stained light micrograph of extracellular amyloid-beta deposition in the human brain tissue. Based on the image, what is the most likely amyloid beta morphology pattern? Diffuse', 'IHC stained light micrograph of extracellular amyloid-beta deposition in the human brain tissue. Based on the image, what is the most likely amyloid beta morphology pattern? Cored', 'IHC stained light micrograph of extracellular amyloid-beta deposition in the human brain tissue. Based on the image, what is the most likely amyloid beta morphology pattern? none of the above']",1829ab5a-22a1-486f-94d4-c72cc262fae5,Caa,0,"{'pred': [0], 'probs': [[0.9816901087760925, 0.0020561551209539175, 0.00036424360587261617, 0.014865690842270851, 0.001023824792355299]], 'pred_prompt': ['IHC stained light micrograph of extracellular amyloid-beta deposition in the human brain tissue. Based on the image, what is the most likely amyloid beta morphology pattern? Caa']}",0.5026999711990356,pathology,neuropathology,light microscopy,brightfield microscopy,
classification,"['IHC stained light micrograph of extracellular amyloid-beta deposition in the human brain tissue. Based on the image, what is the most likely amyloid beta morphology pattern? Caa', 'IHC stained light micrograph of extracellular amyloid-beta deposition in the human brain tissue. Based on the image, what is the most likely amyloid beta morphology pattern? Negative', 'IHC stained light micrograph of extracellular amyloid-beta deposition in the human brain tissue. Based on the image, what is the most likely amyloid beta morphology pattern? Cored', 'IHC stained light micrograph of extracellular amyloid-beta deposition in the human brain tissue. Based on the image, what is the most likely amyloid beta morphology pattern? Diffuse', 'IHC stained light micrograph of extracellular amyloid-beta deposition in the human brain tissue. Based on the image, what is the most likely amyloid beta morphology pattern? none of the above']",447bf81c-143f-4672-b32f-f4b6f3d0086a,Diffuse,3,"{'pred': [1], 'probs': [[0.0016653654165565968, 0.6440017223358154, 0.08762286603450775, 0.10970849543809891, 0.1570015698671341]], 'pred_prompt': ['IHC stained light micrograph of extracellular amyloid-beta deposition in the human brain tissue. Based on the image, what is the most likely amyloid beta morphology pattern? Negative']}",0.5026999711990356,pathology,neuropathology,light microscopy,brightfield microscopy,
classification,"['IHC stained light micrograph of extracellular amyloid-beta deposition in the human brain tissue. Based on the image, what is the most likely amyloid beta morphology pattern? Cored', 'IHC stained light micrograph of extracellular amyloid-beta deposition in the human brain tissue. Based on the image, what is the most likely amyloid beta morphology pattern? Negative', 'IHC stained light micrograph of extracellular amyloid-beta deposition in the human brain tissue. Based on the image, what is the most likely amyloid beta morphology pattern? Diffuse', 'IHC stained light micrograph of extracellular amyloid-beta deposition in the human brain tissue. Based on the image, what is the most likely amyloid beta morphology pattern? Caa', 'IHC stained light micrograph of extracellular amyloid-beta deposition in the human brain tissue. Based on the image, what is the most likely amyloid beta morphology pattern? none of the above']",fca62714-8ea3-4c48-a69c-cf5339854a1d,Negative,1,"{'pred': [3], 'probs': [[0.36911794543266296, 0.06424225866794586, 0.01914599910378456, 0.5407246947288513, 0.006769147701561451]], 'pred_prompt': ['IHC stained light micrograph of extracellular amyloid-beta deposition in the human brain tissue. Based on the image, what is the most likely amyloid beta morphology pattern? Caa']}",0.5026999711990356,pathology,neuropathology,light microscopy,brightfield microscopy,
classification,"['IHC stained light micrograph of extracellular amyloid-beta deposition in the human brain tissue. Based on the image, what is the most likely amyloid beta morphology pattern? Caa', 'IHC stained light micrograph of extracellular amyloid-beta deposition in the human brain tissue. Based on the image, what is the most likely amyloid beta morphology pattern? Negative', 'IHC stained light micrograph of extracellular amyloid-beta deposition in the human brain tissue. Based on the image, what is the most likely amyloid beta morphology pattern? Cored', 'IHC stained light micrograph of extracellular amyloid-beta deposition in the human brain tissue. Based on the image, what is the most likely amyloid beta morphology pattern? Diffuse', 'IHC stained light micrograph of extracellular amyloid-beta deposition in the human brain tissue. Based on the image, what is the most likely amyloid beta morphology pattern? none of the above']",1175f5fd-b661-4fe4-8ea5-8ad1ba40a480,Caa,0,"{'pred': [0], 'probs': [[0.9094299077987671, 0.03995908424258232, 0.026472369208931923, 0.0013437713496387005, 0.022794855758547783]], 'pred_prompt': ['IHC stained light micrograph of extracellular amyloid-beta deposition in the human brain tissue. Based on the image, what is the most likely amyloid beta morphology pattern? Caa']}",0.5026999711990356,pathology,neuropathology,light microscopy,brightfield microscopy,
classification,"['IHC stained light micrograph of extracellular amyloid-beta deposition in the human brain tissue. Based on the image, what is the most likely amyloid beta morphology pattern? Caa', 'IHC stained light micrograph of extracellular amyloid-beta deposition in the human brain tissue. Based on the image, what is the most likely amyloid beta morphology pattern? Cored', 'IHC stained light micrograph of extracellular amyloid-beta deposition in the human brain tissue. Based on the image, what is the most likely amyloid beta morphology pattern? Diffuse', 'IHC stained light micrograph of extracellular amyloid-beta deposition in the human brain tissue. Based on the image, what is the most likely amyloid beta morphology pattern? Negative', 'IHC stained light micrograph of extracellular amyloid-beta deposition in the human brain tissue. Based on the image, what is the most likely amyloid beta morphology pattern? none of the above']",ea682cfc-36f8-4592-a055-664ae1ecb9df,Negative,3,"{'pred': [3], 'probs': [[0.006747280713170767, 0.010885359719395638, 0.014893341809511185, 0.7203275561332703, 0.24714644253253937]], 'pred_prompt': ['IHC stained light micrograph of extracellular amyloid-beta deposition in the human brain tissue. Based on the image, what is the most likely amyloid beta morphology pattern? Negative']}",0.5026999711990356,pathology,neuropathology,light microscopy,brightfield microscopy,
classification,"['IHC stained light micrograph of extracellular amyloid-beta deposition in the human brain tissue. Based on the image, what is the most likely amyloid beta morphology pattern? cored plaque', 'IHC stained light micrograph of extracellular amyloid-beta deposition in the human brain tissue. Based on the image, what is the most likely amyloid beta morphology pattern? cerebral amyloid angiopathy', 'IHC stained light micrograph of extracellular amyloid-beta deposition in the human brain tissue. Based on the image, what is the most likely amyloid beta morphology pattern? negative', 'IHC stained light micrograph of extracellular amyloid-beta deposition in the human brain tissue. Based on the image, what is the most likely amyloid beta morphology pattern? diffuse plaque', 'IHC stained light micrograph of extracellular amyloid-beta deposition in the human brain tissue. Based on the image, what is the most likely amyloid beta morphology pattern? none of the above']",6b140a6e-635a-4081-aac4-8e99ce298414,diffuse plaque,3,"{'pred': [0], 'probs': [[0.9019389152526855, 0.0012968097580596805, 0.0020761890336871147, 0.09439189732074738, 0.00029624300077557564]], 'pred_prompt': ['IHC stained light micrograph of extracellular amyloid-beta deposition in the human brain tissue. Based on the image, what is the most likely amyloid beta morphology pattern? cored plaque']}",0.5026999711990356,pathology,neuropathology,light microscopy,brightfield microscopy,
classification,"['IHC stained light micrograph of extracellular amyloid-beta deposition in the human brain tissue. Based on the image, what is the most likely amyloid beta morphology pattern? cored plaque', 'IHC stained light micrograph of extracellular amyloid-beta deposition in the human brain tissue. Based on the image, what is the most likely amyloid beta morphology pattern? diffuse plaque', 'IHC stained light micrograph of extracellular amyloid-beta deposition in the human brain tissue. Based on the image, what is the most likely amyloid beta morphology pattern? cerebral amyloid angiopathy', 'IHC stained light micrograph of extracellular amyloid-beta deposition in the human brain tissue. Based on the image, what is the most likely amyloid beta morphology pattern? negative', 'IHC stained light micrograph of extracellular amyloid-beta deposition in the human brain tissue. Based on the image, what is the most likely amyloid beta morphology pattern? none of the above']",cc432dd7-a84c-4398-aa83-89ba1ce70e33,negative,3,"{'pred': [3], 'probs': [[0.018230564892292023, 0.003815609496086836, 0.006385874003171921, 0.8306516408920288, 0.14091633260250092]], 'pred_prompt': ['IHC stained light micrograph of extracellular amyloid-beta deposition in the human brain tissue. Based on the image, what is the most likely amyloid beta morphology pattern? negative']}",0.5026999711990356,pathology,neuropathology,light microscopy,brightfield microscopy,
classification,"['IHC stained light micrograph of extracellular amyloid-beta deposition in the human brain tissue. Based on the image, what is the most likely amyloid beta morphology pattern? diffuse plaque', 'IHC stained light micrograph of extracellular amyloid-beta deposition in the human brain tissue. Based on the image, what is the most likely amyloid beta morphology pattern? cerebral amyloid angiopathy', 'IHC stained light micrograph of extracellular amyloid-beta deposition in the human brain tissue. Based on the image, what is the most likely amyloid beta morphology pattern? cored plaque', 'IHC stained light micrograph of extracellular amyloid-beta deposition in the human brain tissue. Based on the image, what is the most likely amyloid beta morphology pattern? negative', 'IHC stained light micrograph of extracellular amyloid-beta deposition in the human brain tissue. Based on the image, what is the most likely amyloid beta morphology pattern? none of the above']",5c4c2dc6-b251-4752-b9cc-2101ba10b16c,diffuse plaque,0,"{'pred': [0], 'probs': [[0.6758867502212524, 0.015252665616571903, 0.30122315883636475, 0.006282192189246416, 0.0013552546733990312]], 'pred_prompt': ['IHC stained light micrograph of extracellular amyloid-beta deposition in the human brain tissue. Based on the image, what is the most likely amyloid beta morphology pattern? diffuse plaque']}",0.5026999711990356,pathology,neuropathology,light microscopy,brightfield microscopy,
classification,"['IHC stained light micrograph of extracellular amyloid-beta deposition in the human brain tissue. Based on the image, what is the most likely amyloid beta morphology pattern? Cored', 'IHC stained light micrograph of extracellular amyloid-beta deposition in the human brain tissue. Based on the image, what is the most likely amyloid beta morphology pattern? Caa', 'IHC stained light micrograph of extracellular amyloid-beta deposition in the human brain tissue. Based on the image, what is the most likely amyloid beta morphology pattern? Negative', 'IHC stained light micrograph of extracellular amyloid-beta deposition in the human brain tissue. Based on the image, what is the most likely amyloid beta morphology pattern? Diffuse', 'IHC stained light micrograph of extracellular amyloid-beta deposition in the human brain tissue. Based on the image, what is the most likely amyloid beta morphology pattern? none of the above']",9d70a871-eb59-4922-aa1a-8e66b2ad4cbb,Diffuse,3,"{'pred': [0], 'probs': [[0.8668894171714783, 0.004217357374727726, 0.004405546002089977, 0.12333156913518906, 0.0011561015853658319]], 'pred_prompt': ['IHC stained light micrograph of extracellular amyloid-beta deposition in the human brain tissue. Based on the image, what is the most likely amyloid beta morphology pattern? Cored']}",0.5026999711990356,pathology,neuropathology,light microscopy,brightfield microscopy,
classification,"['IHC stained light micrograph of extracellular amyloid-beta deposition in the human brain tissue. Based on the image, what is the most likely amyloid beta morphology pattern? Diffuse', 'IHC stained light micrograph of extracellular amyloid-beta deposition in the human brain tissue. Based on the image, what is the most likely amyloid beta morphology pattern? Negative', 'IHC stained light micrograph of extracellular amyloid-beta deposition in the human brain tissue. Based on the image, what is the most likely amyloid beta morphology pattern? Cored', 'IHC stained light micrograph of extracellular amyloid-beta deposition in the human brain tissue. Based on the image, what is the most likely amyloid beta morphology pattern? Caa', 'IHC stained light micrograph of extracellular amyloid-beta deposition in the human brain tissue. Based on the image, what is the most likely amyloid beta morphology pattern? none of the above']",0c4ae80b-f367-4ef6-b659-cb0fea6ee383,Negative,1,"{'pred': [0], 'probs': [[0.6082483530044556, 0.1058514416217804, 0.2598300576210022, 0.007972759194672108, 0.018097445368766785]], 'pred_prompt': ['IHC stained light micrograph of extracellular amyloid-beta deposition in the human brain tissue. Based on the image, what is the most likely amyloid beta morphology pattern? Diffuse']}",0.5026999711990356,pathology,neuropathology,light microscopy,brightfield microscopy,
classification,"['IHC stained light micrograph of extracellular amyloid-beta deposition in the human brain tissue. Based on the image, what is the most likely amyloid beta morphology pattern? Caa', 'IHC stained light micrograph of extracellular amyloid-beta deposition in the human brain tissue. Based on the image, what is the most likely amyloid beta morphology pattern? Diffuse', 'IHC stained light micrograph of extracellular amyloid-beta deposition in the human brain tissue. Based on the image, what is the most likely amyloid beta morphology pattern? Negative', 'IHC stained light micrograph of extracellular amyloid-beta deposition in the human brain tissue. Based on the image, what is the most likely amyloid beta morphology pattern? Cored', 'IHC stained light micrograph of extracellular amyloid-beta deposition in the human brain tissue. Based on the image, what is the most likely amyloid beta morphology pattern? none of the above']",057ee5aa-b9c7-4287-9435-ba8c33f550d5,Diffuse,1,"{'pred': [3], 'probs': [[0.004714289214462042, 0.12169493734836578, 0.03302222862839699, 0.8317767977714539, 0.008791741915047169]], 'pred_prompt': ['IHC stained light micrograph of extracellular amyloid-beta deposition in the human brain tissue. Based on the image, what is the most likely amyloid beta morphology pattern? Cored']}",0.5026999711990356,pathology,neuropathology,light microscopy,brightfield microscopy,
classification,"['IHC stained light micrograph of extracellular amyloid-beta deposition in the human brain tissue. Based on the image, what is the most likely amyloid beta morphology pattern? negative', 'IHC stained light micrograph of extracellular amyloid-beta deposition in the human brain tissue. Based on the image, what is the most likely amyloid beta morphology pattern? cerebral amyloid angiopathy', 'IHC stained light micrograph of extracellular amyloid-beta deposition in the human brain tissue. Based on the image, what is the most likely amyloid beta morphology pattern? diffuse plaque', 'IHC stained light micrograph of extracellular amyloid-beta deposition in the human brain tissue. Based on the image, what is the most likely amyloid beta morphology pattern? cored plaque', 'IHC stained light micrograph of extracellular amyloid-beta deposition in the human brain tissue. Based on the image, what is the most likely amyloid beta morphology pattern? none of the above']",e1ce579e-bdaa-47d3-bc9a-56ffd4c29f66,diffuse plaque,2,"{'pred': [0], 'probs': [[0.5839439034461975, 0.004216058179736137, 0.17793326079845428, 0.07761269062757492, 0.1562940776348114]], 'pred_prompt': ['IHC stained light micrograph of extracellular amyloid-beta deposition in the human brain tissue. Based on the image, what is the most likely amyloid beta morphology pattern? negative']}",0.5026999711990356,pathology,neuropathology,light microscopy,brightfield microscopy,
classification,"['IHC stained light micrograph of extracellular amyloid-beta deposition in the human brain tissue. Based on the image, what is the most likely amyloid beta morphology pattern? cerebral amyloid angiopathy', 'IHC stained light micrograph of extracellular amyloid-beta deposition in the human brain tissue. Based on the image, what is the most likely amyloid beta morphology pattern? cored plaque', 'IHC stained light micrograph of extracellular amyloid-beta deposition in the human brain tissue. Based on the image, what is the most likely amyloid beta morphology pattern? negative', 'IHC stained light micrograph of extracellular amyloid-beta deposition in the human brain tissue. Based on the image, what is the most likely amyloid beta morphology pattern? diffuse plaque', 'IHC stained light micrograph of extracellular amyloid-beta deposition in the human brain tissue. Based on the image, what is the most likely amyloid beta morphology pattern? none of the above']",0b07424d-751d-48e8-9705-33c5a388526c,diffuse plaque,3,"{'pred': [3], 'probs': [[0.00023623053857591003, 0.05958651378750801, 0.014316647313535213, 0.9236376285552979, 0.002222985727712512]], 'pred_prompt': ['IHC stained light micrograph of extracellular amyloid-beta deposition in the human brain tissue. Based on the image, what is the most likely amyloid beta morphology pattern? diffuse plaque']}",0.5026999711990356,pathology,neuropathology,light microscopy,brightfield microscopy,
classification,"['IHC stained light micrograph of extracellular amyloid-beta deposition in the human brain tissue. Based on the image, what is the most likely amyloid beta morphology pattern? Diffuse', 'IHC stained light micrograph of extracellular amyloid-beta deposition in the human brain tissue. Based on the image, what is the most likely amyloid beta morphology pattern? Negative', 'IHC stained light micrograph of extracellular amyloid-beta deposition in the human brain tissue. Based on the image, what is the most likely amyloid beta morphology pattern? Caa', 'IHC stained light micrograph of extracellular amyloid-beta deposition in the human brain tissue. Based on the image, what is the most likely amyloid beta morphology pattern? Cored', 'IHC stained light micrograph of extracellular amyloid-beta deposition in the human brain tissue. Based on the image, what is the most likely amyloid beta morphology pattern? none of the above']",44ed1048-be39-4549-9c85-c73b43918c5e,Diffuse,0,"{'pred': [3], 'probs': [[0.3413987159729004, 0.08175772428512573, 0.0047121914103627205, 0.4895854592323303, 0.08254588395357132]], 'pred_prompt': ['IHC stained light micrograph of extracellular amyloid-beta deposition in the human brain tissue. Based on the image, what is the most likely amyloid beta morphology pattern? Cored']}",0.5026999711990356,pathology,neuropathology,light microscopy,brightfield microscopy,
classification,"['IHC stained light micrograph of extracellular amyloid-beta deposition in the human brain tissue. Based on the image, what is the most likely amyloid beta morphology pattern? negative', 'IHC stained light micrograph of extracellular amyloid-beta deposition in the human brain tissue. Based on the image, what is the most likely amyloid beta morphology pattern? cerebral amyloid angiopathy', 'IHC stained light micrograph of extracellular amyloid-beta deposition in the human brain tissue. Based on the image, what is the most likely amyloid beta morphology pattern? cored plaque', 'IHC stained light micrograph of extracellular amyloid-beta deposition in the human brain tissue. Based on the image, what is the most likely amyloid beta morphology pattern? diffuse plaque', 'IHC stained light micrograph of extracellular amyloid-beta deposition in the human brain tissue. Based on the image, what is the most likely amyloid beta morphology pattern? none of the above']",153829f9-a6a7-4c9f-9e43-4e44c204537d,negative,0,"{'pred': [3], 'probs': [[0.12082260847091675, 0.000967150554060936, 0.14753659069538116, 0.7216770648956299, 0.008996563032269478]], 'pred_prompt': ['IHC stained light micrograph of extracellular amyloid-beta deposition in the human brain tissue. Based on the image, what is the most likely amyloid beta morphology pattern? diffuse plaque']}",0.5026999711990356,pathology,neuropathology,light microscopy,brightfield microscopy,
classification,"['IHC stained light micrograph of extracellular amyloid-beta deposition in the human brain tissue. Based on the image, what is the most likely amyloid beta morphology pattern? Cored', 'IHC stained light micrograph of extracellular amyloid-beta deposition in the human brain tissue. Based on the image, what is the most likely amyloid beta morphology pattern? Caa', 'IHC stained light micrograph of extracellular amyloid-beta deposition in the human brain tissue. Based on the image, what is the most likely amyloid beta morphology pattern? Negative', 'IHC stained light micrograph of extracellular amyloid-beta deposition in the human brain tissue. Based on the image, what is the most likely amyloid beta morphology pattern? Diffuse', 'IHC stained light micrograph of extracellular amyloid-beta deposition in the human brain tissue. Based on the image, what is the most likely amyloid beta morphology pattern? none of the above']",c7aa5692-0fe5-40c5-a041-964cc192d09d,Negative,2,"{'pred': [2], 'probs': [[0.01906818151473999, 0.003485021647065878, 0.7922744154930115, 0.10242389142513275, 0.08274850994348526]], 'pred_prompt': ['IHC stained light micrograph of extracellular amyloid-beta deposition in the human brain tissue. Based on the image, what is the most likely amyloid beta morphology pattern? Negative']}",0.5026999711990356,pathology,neuropathology,light microscopy,brightfield microscopy,
classification,"['IHC stained light micrograph of extracellular amyloid-beta deposition in the human brain tissue. Based on the image, what is the most likely amyloid beta morphology pattern? diffuse plaque', 'IHC stained light micrograph of extracellular amyloid-beta deposition in the human brain tissue. Based on the image, what is the most likely amyloid beta morphology pattern? negative', 'IHC stained light micrograph of extracellular amyloid-beta deposition in the human brain tissue. Based on the image, what is the most likely amyloid beta morphology pattern? cerebral amyloid angiopathy', 'IHC stained light micrograph of extracellular amyloid-beta deposition in the human brain tissue. Based on the image, what is the most likely amyloid beta morphology pattern? cored plaque', 'IHC stained light micrograph of extracellular amyloid-beta deposition in the human brain tissue. Based on the image, what is the most likely amyloid beta morphology pattern? none of the above']",a6624ca0-7392-479c-b9c2-a0e0e50eb69a,cored plaque,3,"{'pred': [3], 'probs': [[0.02718951553106308, 0.003355675842612982, 0.004136268049478531, 0.964725136756897, 0.0005934427608735859]], 'pred_prompt': ['IHC stained light micrograph of extracellular amyloid-beta deposition in the human brain tissue. Based on the image, what is the most likely amyloid beta morphology pattern? cored plaque']}",0.5026999711990356,pathology,neuropathology,light microscopy,brightfield microscopy,
classification,"['IHC stained light micrograph of extracellular amyloid-beta deposition in the human brain tissue. Based on the image, what is the most likely amyloid beta morphology pattern? Caa', 'IHC stained light micrograph of extracellular amyloid-beta deposition in the human brain tissue. Based on the image, what is the most likely amyloid beta morphology pattern? Diffuse', 'IHC stained light micrograph of extracellular amyloid-beta deposition in the human brain tissue. Based on the image, what is the most likely amyloid beta morphology pattern? Negative', 'IHC stained light micrograph of extracellular amyloid-beta deposition in the human brain tissue. Based on the image, what is the most likely amyloid beta morphology pattern? Cored', 'IHC stained light micrograph of extracellular amyloid-beta deposition in the human brain tissue. Based on the image, what is the most likely amyloid beta morphology pattern? none of the above']",95f766c1-4cc0-441e-9b63-46ba96fe690e,Cored,3,"{'pred': [3], 'probs': [[0.001657890505157411, 0.13516052067279816, 0.010804743506014347, 0.8486088514328003, 0.003768002847209573]], 'pred_prompt': ['IHC stained light micrograph of extracellular amyloid-beta deposition in the human brain tissue. Based on the image, what is the most likely amyloid beta morphology pattern? Cored']}",0.5026999711990356,pathology,neuropathology,light microscopy,brightfield microscopy,
classification,"['IHC stained light micrograph of extracellular amyloid-beta deposition in the human brain tissue. Based on the image, what is the most likely amyloid beta morphology pattern? Diffuse', 'IHC stained light micrograph of extracellular amyloid-beta deposition in the human brain tissue. Based on the image, what is the most likely amyloid beta morphology pattern? Negative', 'IHC stained light micrograph of extracellular amyloid-beta deposition in the human brain tissue. Based on the image, what is the most likely amyloid beta morphology pattern? Cored', 'IHC stained light micrograph of extracellular amyloid-beta deposition in the human brain tissue. Based on the image, what is the most likely amyloid beta morphology pattern? Caa', 'IHC stained light micrograph of extracellular amyloid-beta deposition in the human brain tissue. Based on the image, what is the most likely amyloid beta morphology pattern? none of the above']",9d852141-2c49-4102-a677-b2a92ae958f1,Caa,3,"{'pred': [3], 'probs': [[0.03015497513115406, 0.04512108862400055, 0.08531340956687927, 0.8291543126106262, 0.010256191715598106]], 'pred_prompt': ['IHC stained light micrograph of extracellular amyloid-beta deposition in the human brain tissue. Based on the image, what is the most likely amyloid beta morphology pattern? Caa']}",0.5026999711990356,pathology,neuropathology,light microscopy,brightfield microscopy,
classification,"['IHC stained light micrograph of extracellular amyloid-beta deposition in the human brain tissue. Based on the image, what is the most likely amyloid beta morphology pattern? Caa', 'IHC stained light micrograph of extracellular amyloid-beta deposition in the human brain tissue. Based on the image, what is the most likely amyloid beta morphology pattern? Cored', 'IHC stained light micrograph of extracellular amyloid-beta deposition in the human brain tissue. Based on the image, what is the most likely amyloid beta morphology pattern? Negative', 'IHC stained light micrograph of extracellular amyloid-beta deposition in the human brain tissue. Based on the image, what is the most likely amyloid beta morphology pattern? Diffuse', 'IHC stained light micrograph of extracellular amyloid-beta deposition in the human brain tissue. Based on the image, what is the most likely amyloid beta morphology pattern? none of the above']",a5fd5b1d-57c5-41a4-b128-00720b7c8699,Negative,2,"{'pred': [0], 'probs': [[0.9704470038414001, 0.003454000921919942, 0.019987639039754868, 0.00021064716565888375, 0.005900811869651079]], 'pred_prompt': ['IHC stained light micrograph of extracellular amyloid-beta deposition in the human brain tissue. Based on the image, what is the most likely amyloid beta morphology pattern? Caa']}",0.5026999711990356,pathology,neuropathology,light microscopy,brightfield microscopy,
classification,"['IHC stained light micrograph of extracellular amyloid-beta deposition in the human brain tissue. Based on the image, what is the most likely amyloid beta morphology pattern? Diffuse', 'IHC stained light micrograph of extracellular amyloid-beta deposition in the human brain tissue. Based on the image, what is the most likely amyloid beta morphology pattern? Caa', 'IHC stained light micrograph of extracellular amyloid-beta deposition in the human brain tissue. Based on the image, what is the most likely amyloid beta morphology pattern? Cored', 'IHC stained light micrograph of extracellular amyloid-beta deposition in the human brain tissue. Based on the image, what is the most likely amyloid beta morphology pattern? Negative', 'IHC stained light micrograph of extracellular amyloid-beta deposition in the human brain tissue. Based on the image, what is the most likely amyloid beta morphology pattern? none of the above']",35bf037e-f30e-490d-91f0-dd83a3ea65cc,Cored,2,"{'pred': [2], 'probs': [[0.14690902829170227, 0.071380116045475, 0.761921763420105, 0.014556897804141045, 0.005232228431850672]], 'pred_prompt': ['IHC stained light micrograph of extracellular amyloid-beta deposition in the human brain tissue. Based on the image, what is the most likely amyloid beta morphology pattern? Cored']}",0.5026999711990356,pathology,neuropathology,light microscopy,brightfield microscopy,
classification,"['IHC stained light micrograph of extracellular amyloid-beta deposition in the human brain tissue. Based on the image, what is the most likely amyloid beta morphology pattern? Cored', 'IHC stained light micrograph of extracellular amyloid-beta deposition in the human brain tissue. Based on the image, what is the most likely amyloid beta morphology pattern? Diffuse', 'IHC stained light micrograph of extracellular amyloid-beta deposition in the human brain tissue. Based on the image, what is the most likely amyloid beta morphology pattern? Negative', 'IHC stained light micrograph of extracellular amyloid-beta deposition in the human brain tissue. Based on the image, what is the most likely amyloid beta morphology pattern? Caa', 'IHC stained light micrograph of extracellular amyloid-beta deposition in the human brain tissue. Based on the image, what is the most likely amyloid beta morphology pattern? none of the above']",933891e4-101c-4265-973e-b62290cddc75,Cored,0,"{'pred': [0], 'probs': [[0.8987134099006653, 0.07092393934726715, 0.018051251769065857, 0.008462872356176376, 0.003848467720672488]], 'pred_prompt': ['IHC stained light micrograph of extracellular amyloid-beta deposition in the human brain tissue. Based on the image, what is the most likely amyloid beta morphology pattern? Cored']}",0.5026999711990356,pathology,neuropathology,light microscopy,brightfield microscopy,
classification,"['IHC stained light micrograph of extracellular amyloid-beta deposition in the human brain tissue. Based on the image, what is the most likely amyloid beta morphology pattern? diffuse plaque', 'IHC stained light micrograph of extracellular amyloid-beta deposition in the human brain tissue. Based on the image, what is the most likely amyloid beta morphology pattern? negative', 'IHC stained light micrograph of extracellular amyloid-beta deposition in the human brain tissue. Based on the image, what is the most likely amyloid beta morphology pattern? cored plaque', 'IHC stained light micrograph of extracellular amyloid-beta deposition in the human brain tissue. Based on the image, what is the most likely amyloid beta morphology pattern? cerebral amyloid angiopathy', 'IHC stained light micrograph of extracellular amyloid-beta deposition in the human brain tissue. Based on the image, what is the most likely amyloid beta morphology pattern? none of the above']",c17570a3-2e52-44f4-9ee2-a224b30034de,diffuse plaque,0,"{'pred': [0], 'probs': [[0.9327093362808228, 0.0023038380313664675, 0.06468972563743591, 0.0001538085489301011, 0.00014320354966912419]], 'pred_prompt': ['IHC stained light micrograph of extracellular amyloid-beta deposition in the human brain tissue. Based on the image, what is the most likely amyloid beta morphology pattern? diffuse plaque']}",0.5026999711990356,pathology,neuropathology,light microscopy,brightfield microscopy,
classification,"['IHC stained light micrograph of extracellular amyloid-beta deposition in the human brain tissue. Based on the image, what is the most likely amyloid beta morphology pattern? Cored', 'IHC stained light micrograph of extracellular amyloid-beta deposition in the human brain tissue. Based on the image, what is the most likely amyloid beta morphology pattern? Caa', 'IHC stained light micrograph of extracellular amyloid-beta deposition in the human brain tissue. Based on the image, what is the most likely amyloid beta morphology pattern? Negative', 'IHC stained light micrograph of extracellular amyloid-beta deposition in the human brain tissue. Based on the image, what is the most likely amyloid beta morphology pattern? Diffuse', 'IHC stained light micrograph of extracellular amyloid-beta deposition in the human brain tissue. Based on the image, what is the most likely amyloid beta morphology pattern? none of the above']",ca23522c-a82e-44d2-a1cb-1a8dc142377e,Diffuse,3,"{'pred': [3], 'probs': [[0.34651878476142883, 0.00043331016786396503, 0.04908030107617378, 0.5920352935791016, 0.011932316236197948]], 'pred_prompt': ['IHC stained light micrograph of extracellular amyloid-beta deposition in the human brain tissue. Based on the image, what is the most likely amyloid beta morphology pattern? Diffuse']}",0.5026999711990356,pathology,neuropathology,light microscopy,brightfield microscopy,
classification,"['IHC stained light micrograph of extracellular amyloid-beta deposition in the human brain tissue. Based on the image, what is the most likely amyloid beta morphology pattern? Caa', 'IHC stained light micrograph of extracellular amyloid-beta deposition in the human brain tissue. Based on the image, what is the most likely amyloid beta morphology pattern? Diffuse', 'IHC stained light micrograph of extracellular amyloid-beta deposition in the human brain tissue. Based on the image, what is the most likely amyloid beta morphology pattern? Cored', 'IHC stained light micrograph of extracellular amyloid-beta deposition in the human brain tissue. Based on the image, what is the most likely amyloid beta morphology pattern? Negative', 'IHC stained light micrograph of extracellular amyloid-beta deposition in the human brain tissue. Based on the image, what is the most likely amyloid beta morphology pattern? none of the above']",93ad5c03-10a8-492c-b78a-71e555b3c7e3,Negative,3,"{'pred': [1], 'probs': [[0.0006315650534816086, 0.6059015989303589, 0.03068954311311245, 0.3392362594604492, 0.02354099228978157]], 'pred_prompt': ['IHC stained light micrograph of extracellular amyloid-beta deposition in the human brain tissue. Based on the image, what is the most likely amyloid beta morphology pattern? Diffuse']}",0.5026999711990356,pathology,neuropathology,light microscopy,brightfield microscopy,
classification,"['IHC stained light micrograph of extracellular amyloid-beta deposition in the human brain tissue. Based on the image, what is the most likely amyloid beta morphology pattern? negative', 'IHC stained light micrograph of extracellular amyloid-beta deposition in the human brain tissue. Based on the image, what is the most likely amyloid beta morphology pattern? cored plaque', 'IHC stained light micrograph of extracellular amyloid-beta deposition in the human brain tissue. Based on the image, what is the most likely amyloid beta morphology pattern? diffuse plaque', 'IHC stained light micrograph of extracellular amyloid-beta deposition in the human brain tissue. Based on the image, what is the most likely amyloid beta morphology pattern? cerebral amyloid angiopathy', 'IHC stained light micrograph of extracellular amyloid-beta deposition in the human brain tissue. Based on the image, what is the most likely amyloid beta morphology pattern? none of the above']",c58f95ed-2568-46d4-82d4-e0b962d858c2,negative,0,"{'pred': [0], 'probs': [[0.6814526915550232, 0.13319507241249084, 0.10068600624799728, 0.0034467580262571573, 0.08121950179338455]], 'pred_prompt': ['IHC stained light micrograph of extracellular amyloid-beta deposition in the human brain tissue. Based on the image, what is the most likely amyloid beta morphology pattern? negative']}",0.5026999711990356,pathology,neuropathology,light microscopy,brightfield microscopy,
classification,"['IHC stained light micrograph of extracellular amyloid-beta deposition in the human brain tissue. Based on the image, what is the most likely amyloid beta morphology pattern? Negative', 'IHC stained light micrograph of extracellular amyloid-beta deposition in the human brain tissue. Based on the image, what is the most likely amyloid beta morphology pattern? Caa', 'IHC stained light micrograph of extracellular amyloid-beta deposition in the human brain tissue. Based on the image, what is the most likely amyloid beta morphology pattern? Cored', 'IHC stained light micrograph of extracellular amyloid-beta deposition in the human brain tissue. Based on the image, what is the most likely amyloid beta morphology pattern? Diffuse', 'IHC stained light micrograph of extracellular amyloid-beta deposition in the human brain tissue. Based on the image, what is the most likely amyloid beta morphology pattern? none of the above']",623d3224-b78e-4a81-8d96-cff9b5b88fc5,Cored,2,"{'pred': [2], 'probs': [[0.0015653197187930346, 0.0065336949191987514, 0.9791163802146912, 0.011503136716783047, 0.0012814619112759829]], 'pred_prompt': ['IHC stained light micrograph of extracellular amyloid-beta deposition in the human brain tissue. Based on the image, what is the most likely amyloid beta morphology pattern? Cored']}",0.5026999711990356,pathology,neuropathology,light microscopy,brightfield microscopy,
classification,"['IHC stained light micrograph of extracellular amyloid-beta deposition in the human brain tissue. Based on the image, what is the most likely amyloid beta morphology pattern? cerebral amyloid angiopathy', 'IHC stained light micrograph of extracellular amyloid-beta deposition in the human brain tissue. Based on the image, what is the most likely amyloid beta morphology pattern? negative', 'IHC stained light micrograph of extracellular amyloid-beta deposition in the human brain tissue. Based on the image, what is the most likely amyloid beta morphology pattern? diffuse plaque', 'IHC stained light micrograph of extracellular amyloid-beta deposition in the human brain tissue. Based on the image, what is the most likely amyloid beta morphology pattern? cored plaque', 'IHC stained light micrograph of extracellular amyloid-beta deposition in the human brain tissue. Based on the image, what is the most likely amyloid beta morphology pattern? none of the above']",1da43743-38c8-44d3-a107-e658eb07fb04,negative,1,"{'pred': [1], 'probs': [[0.0023098206147551537, 0.6018885970115662, 0.09975571185350418, 0.1924353390932083, 0.10361049324274063]], 'pred_prompt': ['IHC stained light micrograph of extracellular amyloid-beta deposition in the human brain tissue. Based on the image, what is the most likely amyloid beta morphology pattern? negative']}",0.5026999711990356,pathology,neuropathology,light microscopy,brightfield microscopy,
classification,"['IHC stained light micrograph of extracellular amyloid-beta deposition in the human brain tissue. Based on the image, what is the most likely amyloid beta morphology pattern? negative', 'IHC stained light micrograph of extracellular amyloid-beta deposition in the human brain tissue. Based on the image, what is the most likely amyloid beta morphology pattern? cerebral amyloid angiopathy', 'IHC stained light micrograph of extracellular amyloid-beta deposition in the human brain tissue. Based on the image, what is the most likely amyloid beta morphology pattern? diffuse plaque', 'IHC stained light micrograph of extracellular amyloid-beta deposition in the human brain tissue. Based on the image, what is the most likely amyloid beta morphology pattern? cored plaque', 'IHC stained light micrograph of extracellular amyloid-beta deposition in the human brain tissue. Based on the image, what is the most likely amyloid beta morphology pattern? none of the above']",afcd9abf-f755-49b3-b05f-24b4c8e95c62,diffuse plaque,2,"{'pred': [2], 'probs': [[0.11576493829488754, 0.002595825819298625, 0.6051181554794312, 0.2646511495113373, 0.011869973503053188]], 'pred_prompt': ['IHC stained light micrograph of extracellular amyloid-beta deposition in the human brain tissue. Based on the image, what is the most likely amyloid beta morphology pattern? diffuse plaque']}",0.5026999711990356,pathology,neuropathology,light microscopy,brightfield microscopy,
classification,"['IHC stained light micrograph of extracellular amyloid-beta deposition in the human brain tissue. Based on the image, what is the most likely amyloid beta morphology pattern? negative', 'IHC stained light micrograph of extracellular amyloid-beta deposition in the human brain tissue. Based on the image, what is the most likely amyloid beta morphology pattern? cored plaque', 'IHC stained light micrograph of extracellular amyloid-beta deposition in the human brain tissue. Based on the image, what is the most likely amyloid beta morphology pattern? cerebral amyloid angiopathy', 'IHC stained light micrograph of extracellular amyloid-beta deposition in the human brain tissue. Based on the image, what is the most likely amyloid beta morphology pattern? diffuse plaque', 'IHC stained light micrograph of extracellular amyloid-beta deposition in the human brain tissue. Based on the image, what is the most likely amyloid beta morphology pattern? none of the above']",f20754d1-7b7b-451d-87c8-e3dbe24a35e7,diffuse plaque,3,"{'pred': [1], 'probs': [[0.015519392676651478, 0.9060544371604919, 0.0006002321606501937, 0.07667728513479233, 0.0011487407609820366]], 'pred_prompt': ['IHC stained light micrograph of extracellular amyloid-beta deposition in the human brain tissue. Based on the image, what is the most likely amyloid beta morphology pattern? cored plaque']}",0.5026999711990356,pathology,neuropathology,light microscopy,brightfield microscopy,
classification,"['IHC stained light micrograph of extracellular amyloid-beta deposition in the human brain tissue. Based on the image, what is the most likely amyloid beta morphology pattern? Caa', 'IHC stained light micrograph of extracellular amyloid-beta deposition in the human brain tissue. Based on the image, what is the most likely amyloid beta morphology pattern? Cored', 'IHC stained light micrograph of extracellular amyloid-beta deposition in the human brain tissue. Based on the image, what is the most likely amyloid beta morphology pattern? Negative', 'IHC stained light micrograph of extracellular amyloid-beta deposition in the human brain tissue. Based on the image, what is the most likely amyloid beta morphology pattern? Diffuse', 'IHC stained light micrograph of extracellular amyloid-beta deposition in the human brain tissue. Based on the image, what is the most likely amyloid beta morphology pattern? none of the above']",b2185680-06e6-4931-8390-187494ad41ea,Diffuse,3,"{'pred': [3], 'probs': [[0.001437863800674677, 0.3613400161266327, 0.08874597400426865, 0.5159496068954468, 0.032526496797800064]], 'pred_prompt': ['IHC stained light micrograph of extracellular amyloid-beta deposition in the human brain tissue. Based on the image, what is the most likely amyloid beta morphology pattern? Diffuse']}",0.5026999711990356,pathology,neuropathology,light microscopy,brightfield microscopy,
classification,"['IHC stained light micrograph of extracellular amyloid-beta deposition in the human brain tissue. Based on the image, what is the most likely amyloid beta morphology pattern? Diffuse', 'IHC stained light micrograph of extracellular amyloid-beta deposition in the human brain tissue. Based on the image, what is the most likely amyloid beta morphology pattern? Negative', 'IHC stained light micrograph of extracellular amyloid-beta deposition in the human brain tissue. Based on the image, what is the most likely amyloid beta morphology pattern? Cored', 'IHC stained light micrograph of extracellular amyloid-beta deposition in the human brain tissue. Based on the image, what is the most likely amyloid beta morphology pattern? Caa', 'IHC stained light micrograph of extracellular amyloid-beta deposition in the human brain tissue. Based on the image, what is the most likely amyloid beta morphology pattern? none of the above']",b4fb3ab1-7a28-4990-8e44-99033292b310,Cored,2,"{'pred': [2], 'probs': [[0.11390087008476257, 0.006845500320196152, 0.8692107796669006, 0.007580255623906851, 0.002462563803419471]], 'pred_prompt': ['IHC stained light micrograph of extracellular amyloid-beta deposition in the human brain tissue. Based on the image, what is the most likely amyloid beta morphology pattern? Cored']}",0.5026999711990356,pathology,neuropathology,light microscopy,brightfield microscopy,
classification,"['IHC stained light micrograph of extracellular amyloid-beta deposition in the human brain tissue. Based on the image, what is the most likely amyloid beta morphology pattern? cored plaque', 'IHC stained light micrograph of extracellular amyloid-beta deposition in the human brain tissue. Based on the image, what is the most likely amyloid beta morphology pattern? negative', 'IHC stained light micrograph of extracellular amyloid-beta deposition in the human brain tissue. Based on the image, what is the most likely amyloid beta morphology pattern? cerebral amyloid angiopathy', 'IHC stained light micrograph of extracellular amyloid-beta deposition in the human brain tissue. Based on the image, what is the most likely amyloid beta morphology pattern? diffuse plaque', 'IHC stained light micrograph of extracellular amyloid-beta deposition in the human brain tissue. Based on the image, what is the most likely amyloid beta morphology pattern? none of the above']",e37d9ae7-bf9e-48f5-a9af-5ea5baa92e98,diffuse plaque,3,"{'pred': [3], 'probs': [[0.31546181440353394, 0.007193326950073242, 0.0009436958935111761, 0.6757924556732178, 0.0006086826324462891]], 'pred_prompt': ['IHC stained light micrograph of extracellular amyloid-beta deposition in the human brain tissue. Based on the image, what is the most likely amyloid beta morphology pattern? diffuse plaque']}",0.5026999711990356,pathology,neuropathology,light microscopy,brightfield microscopy,
classification,"['IHC stained light micrograph of extracellular amyloid-beta deposition in the human brain tissue. Based on the image, what is the most likely amyloid beta morphology pattern? Diffuse', 'IHC stained light micrograph of extracellular amyloid-beta deposition in the human brain tissue. Based on the image, what is the most likely amyloid beta morphology pattern? Negative', 'IHC stained light micrograph of extracellular amyloid-beta deposition in the human brain tissue. Based on the image, what is the most likely amyloid beta morphology pattern? Cored', 'IHC stained light micrograph of extracellular amyloid-beta deposition in the human brain tissue. Based on the image, what is the most likely amyloid beta morphology pattern? Caa', 'IHC stained light micrograph of extracellular amyloid-beta deposition in the human brain tissue. Based on the image, what is the most likely amyloid beta morphology pattern? none of the above']",15164979-5012-4d7b-9b70-107b21869783,Negative,1,"{'pred': [1], 'probs': [[0.40071356296539307, 0.48381584882736206, 0.06874307245016098, 0.002694112015888095, 0.04403343051671982]], 'pred_prompt': ['IHC stained light micrograph of extracellular amyloid-beta deposition in the human brain tissue. Based on the image, what is the most likely amyloid beta morphology pattern? Negative']}",0.5026999711990356,pathology,neuropathology,light microscopy,brightfield microscopy,
classification,"['IHC stained light micrograph of extracellular amyloid-beta deposition in the human brain tissue. Based on the image, what is the most likely amyloid beta morphology pattern? diffuse plaque', 'IHC stained light micrograph of extracellular amyloid-beta deposition in the human brain tissue. Based on the image, what is the most likely amyloid beta morphology pattern? negative', 'IHC stained light micrograph of extracellular amyloid-beta deposition in the human brain tissue. Based on the image, what is the most likely amyloid beta morphology pattern? cerebral amyloid angiopathy', 'IHC stained light micrograph of extracellular amyloid-beta deposition in the human brain tissue. Based on the image, what is the most likely amyloid beta morphology pattern? cored plaque', 'IHC stained light micrograph of extracellular amyloid-beta deposition in the human brain tissue. Based on the image, what is the most likely amyloid beta morphology pattern? none of the above']",7c276d9b-92d7-4fb6-abf5-42126cce82d4,diffuse plaque,0,"{'pred': [3], 'probs': [[0.2442917376756668, 0.1284075230360031, 0.0013409322127699852, 0.6005934476852417, 0.02536638267338276]], 'pred_prompt': ['IHC stained light micrograph of extracellular amyloid-beta deposition in the human brain tissue. Based on the image, what is the most likely amyloid beta morphology pattern? cored plaque']}",0.5026999711990356,pathology,neuropathology,light microscopy,brightfield microscopy,
classification,"['IHC stained light micrograph of extracellular amyloid-beta deposition in the human brain tissue. Based on the image, what is the most likely amyloid beta morphology pattern? Caa', 'IHC stained light micrograph of extracellular amyloid-beta deposition in the human brain tissue. Based on the image, what is the most likely amyloid beta morphology pattern? Cored', 'IHC stained light micrograph of extracellular amyloid-beta deposition in the human brain tissue. Based on the image, what is the most likely amyloid beta morphology pattern? Diffuse', 'IHC stained light micrograph of extracellular amyloid-beta deposition in the human brain tissue. Based on the image, what is the most likely amyloid beta morphology pattern? Negative', 'IHC stained light micrograph of extracellular amyloid-beta deposition in the human brain tissue. Based on the image, what is the most likely amyloid beta morphology pattern? none of the above']",41d8d800-098f-4038-9791-c0981c0d0ab9,Diffuse,2,"{'pred': [2], 'probs': [[0.0026123495772480965, 0.22870680689811707, 0.3745463490486145, 0.29637080430984497, 0.09776367247104645]], 'pred_prompt': ['IHC stained light micrograph of extracellular amyloid-beta deposition in the human brain tissue. Based on the image, what is the most likely amyloid beta morphology pattern? Diffuse']}",0.5026999711990356,pathology,neuropathology,light microscopy,brightfield microscopy,
classification,"['IHC stained light micrograph of extracellular amyloid-beta deposition in the human brain tissue. Based on the image, what is the most likely amyloid beta morphology pattern? negative', 'IHC stained light micrograph of extracellular amyloid-beta deposition in the human brain tissue. Based on the image, what is the most likely amyloid beta morphology pattern? diffuse plaque', 'IHC stained light micrograph of extracellular amyloid-beta deposition in the human brain tissue. Based on the image, what is the most likely amyloid beta morphology pattern? cored plaque', 'IHC stained light micrograph of extracellular amyloid-beta deposition in the human brain tissue. Based on the image, what is the most likely amyloid beta morphology pattern? cerebral amyloid angiopathy', 'IHC stained light micrograph of extracellular amyloid-beta deposition in the human brain tissue. Based on the image, what is the most likely amyloid beta morphology pattern? none of the above']",33ea463c-3efc-48c4-921e-232e6d63ca5d,diffuse plaque,1,"{'pred': [1], 'probs': [[0.0012443488230928779, 0.6662613153457642, 0.33100682497024536, 0.0012741396203637123, 0.00021335776546038687]], 'pred_prompt': ['IHC stained light micrograph of extracellular amyloid-beta deposition in the human brain tissue. Based on the image, what is the most likely amyloid beta morphology pattern? diffuse plaque']}",0.5026999711990356,pathology,neuropathology,light microscopy,brightfield microscopy,
classification,"['IHC stained light micrograph of extracellular amyloid-beta deposition in the human brain tissue. Based on the image, what is the most likely amyloid beta morphology pattern? diffuse plaque', 'IHC stained light micrograph of extracellular amyloid-beta deposition in the human brain tissue. Based on the image, what is the most likely amyloid beta morphology pattern? negative', 'IHC stained light micrograph of extracellular amyloid-beta deposition in the human brain tissue. Based on the image, what is the most likely amyloid beta morphology pattern? cerebral amyloid angiopathy', 'IHC stained light micrograph of extracellular amyloid-beta deposition in the human brain tissue. Based on the image, what is the most likely amyloid beta morphology pattern? cored plaque', 'IHC stained light micrograph of extracellular amyloid-beta deposition in the human brain tissue. Based on the image, what is the most likely amyloid beta morphology pattern? none of the above']",1bcd3ad7-d8dc-4f76-92cc-152d83f48c94,negative,1,"{'pred': [0], 'probs': [[0.8217509388923645, 0.012976612895727158, 0.001792690483853221, 0.16267138719558716, 0.0008083896245807409]], 'pred_prompt': ['IHC stained light micrograph of extracellular amyloid-beta deposition in the human brain tissue. Based on the image, what is the most likely amyloid beta morphology pattern? diffuse plaque']}",0.5026999711990356,pathology,neuropathology,light microscopy,brightfield microscopy,
classification,"['IHC stained light micrograph of extracellular amyloid-beta deposition in the human brain tissue. Based on the image, what is the most likely amyloid beta morphology pattern? cerebral amyloid angiopathy', 'IHC stained light micrograph of extracellular amyloid-beta deposition in the human brain tissue. Based on the image, what is the most likely amyloid beta morphology pattern? negative', 'IHC stained light micrograph of extracellular amyloid-beta deposition in the human brain tissue. Based on the image, what is the most likely amyloid beta morphology pattern? diffuse plaque', 'IHC stained light micrograph of extracellular amyloid-beta deposition in the human brain tissue. Based on the image, what is the most likely amyloid beta morphology pattern? cored plaque', 'IHC stained light micrograph of extracellular amyloid-beta deposition in the human brain tissue. Based on the image, what is the most likely amyloid beta morphology pattern? none of the above']",bad16a2d-5766-4596-9ff4-8376fb6ed5a8,diffuse plaque,2,"{'pred': [0], 'probs': [[0.26020365953445435, 0.23070715367794037, 0.202692449092865, 0.19840005040168762, 0.10799670219421387]], 'pred_prompt': ['IHC stained light micrograph of extracellular amyloid-beta deposition in the human brain tissue. Based on the image, what is the most likely amyloid beta morphology pattern? cerebral amyloid angiopathy']}",0.5026999711990356,pathology,neuropathology,light microscopy,brightfield microscopy,
classification,"['IHC stained light micrograph of extracellular amyloid-beta deposition in the human brain tissue. Based on the image, what is the most likely amyloid beta morphology pattern? Caa', 'IHC stained light micrograph of extracellular amyloid-beta deposition in the human brain tissue. Based on the image, what is the most likely amyloid beta morphology pattern? Negative', 'IHC stained light micrograph of extracellular amyloid-beta deposition in the human brain tissue. Based on the image, what is the most likely amyloid beta morphology pattern? Diffuse', 'IHC stained light micrograph of extracellular amyloid-beta deposition in the human brain tissue. Based on the image, what is the most likely amyloid beta morphology pattern? Cored', 'IHC stained light micrograph of extracellular amyloid-beta deposition in the human brain tissue. Based on the image, what is the most likely amyloid beta morphology pattern? none of the above']",278bb97e-d02e-408a-a377-9b3055c01b8f,Negative,1,"{'pred': [1], 'probs': [[0.005265881773084402, 0.6901418566703796, 0.05900886654853821, 0.027785170823335648, 0.21779824793338776]], 'pred_prompt': ['IHC stained light micrograph of extracellular amyloid-beta deposition in the human brain tissue. Based on the image, what is the most likely amyloid beta morphology pattern? Negative']}",0.5026999711990356,pathology,neuropathology,light microscopy,brightfield microscopy,
classification,"['IHC stained light micrograph of extracellular amyloid-beta deposition in the human brain tissue. Based on the image, what is the most likely amyloid beta morphology pattern? Caa', 'IHC stained light micrograph of extracellular amyloid-beta deposition in the human brain tissue. Based on the image, what is the most likely amyloid beta morphology pattern? Cored', 'IHC stained light micrograph of extracellular amyloid-beta deposition in the human brain tissue. Based on the image, what is the most likely amyloid beta morphology pattern? Negative', 'IHC stained light micrograph of extracellular amyloid-beta deposition in the human brain tissue. Based on the image, what is the most likely amyloid beta morphology pattern? Diffuse', 'IHC stained light micrograph of extracellular amyloid-beta deposition in the human brain tissue. Based on the image, what is the most likely amyloid beta morphology pattern? none of the above']",c97332ab-1349-43cf-a7e4-285a5316ca84,Diffuse,3,"{'pred': [3], 'probs': [[0.03160291165113449, 0.03315635398030281, 0.35985270142555237, 0.5475139021873474, 0.027874158695340157]], 'pred_prompt': ['IHC stained light micrograph of extracellular amyloid-beta deposition in the human brain tissue. Based on the image, what is the most likely amyloid beta morphology pattern? Diffuse']}",0.5026999711990356,pathology,neuropathology,light microscopy,brightfield microscopy,
classification,"['IHC stained light micrograph of extracellular amyloid-beta deposition in the human brain tissue. Based on the image, what is the most likely amyloid beta morphology pattern? cerebral amyloid angiopathy', 'IHC stained light micrograph of extracellular amyloid-beta deposition in the human brain tissue. Based on the image, what is the most likely amyloid beta morphology pattern? negative', 'IHC stained light micrograph of extracellular amyloid-beta deposition in the human brain tissue. Based on the image, what is the most likely amyloid beta morphology pattern? cored plaque', 'IHC stained light micrograph of extracellular amyloid-beta deposition in the human brain tissue. Based on the image, what is the most likely amyloid beta morphology pattern? diffuse plaque', 'IHC stained light micrograph of extracellular amyloid-beta deposition in the human brain tissue. Based on the image, what is the most likely amyloid beta morphology pattern? none of the above']",40f0de2d-ee80-4315-be10-d652911dfe62,diffuse plaque,3,"{'pred': [3], 'probs': [[0.014829768799245358, 0.2175256758928299, 0.12331516295671463, 0.6221671104431152, 0.022162219509482384]], 'pred_prompt': ['IHC stained light micrograph of extracellular amyloid-beta deposition in the human brain tissue. Based on the image, what is the most likely amyloid beta morphology pattern? diffuse plaque']}",0.5026999711990356,pathology,neuropathology,light microscopy,brightfield microscopy,
