question_type,questions,image_id,correct_answer,correct_idx,model_answers,microns_per_pixel,domain,subdomain,modality,submodality,normal_or_abnormal
classification,"['IHC stained light micrograph of extracellular amyloid-beta deposition in the human brain tissue. Based on the image, what is the most likely amyloid beta morphology pattern? Negative', 'IHC stained light micrograph of extracellular amyloid-beta deposition in the human brain tissue. Based on the image, what is the most likely amyloid beta morphology pattern? Caa', 'IHC stained light micrograph of extracellular amyloid-beta deposition in the human brain tissue. Based on the image, what is the most likely amyloid beta morphology pattern? Cored', 'IHC stained light micrograph of extracellular amyloid-beta deposition in the human brain tissue. Based on the image, what is the most likely amyloid beta morphology pattern? Diffuse', 'IHC stained light micrograph of extracellular amyloid-beta deposition in the human brain tissue. Based on the image, what is the most likely amyloid beta morphology pattern? none of the above']",2524e87b-787f-4e22-b570-b69b4565e40d,Cored,2,"{'pred': [2], 'probs': [[0.07328177988529205, 0.2277972400188446, 0.5323424935340881, 0.04233400523662567, 0.12424444407224655]], 'pred_prompt': ['IHC stained light micrograph of extracellular amyloid-beta deposition in the human brain tissue. Based on the image, what is the most likely amyloid beta morphology pattern? Cored']}",0.5026999711990356,pathology,neuropathology,light microscopy,brightfield microscopy,
classification,"['IHC stained light micrograph of extracellular amyloid-beta deposition in the human brain tissue. Based on the image, what is the most likely amyloid beta morphology pattern? Cored', 'IHC stained light micrograph of extracellular amyloid-beta deposition in the human brain tissue. Based on the image, what is the most likely amyloid beta morphology pattern? Caa', 'IHC stained light micrograph of extracellular amyloid-beta deposition in the human brain tissue. Based on the image, what is the most likely amyloid beta morphology pattern? Diffuse', 'IHC stained light micrograph of extracellular amyloid-beta deposition in the human brain tissue. Based on the image, what is the most likely amyloid beta morphology pattern? Negative', 'IHC stained light micrograph of extracellular amyloid-beta deposition in the human brain tissue. Based on the image, what is the most likely amyloid beta morphology pattern? none of the above']",9b2f76ac-3b55-4bc4-9a15-9d16e3223787,Diffuse,2,"{'pred': [0], 'probs': [[0.48132941126823425, 0.21678340435028076, 0.15278589725494385, 0.034177862107753754, 0.11492349207401276]], 'pred_prompt': ['IHC stained light micrograph of extracellular amyloid-beta deposition in the human brain tissue. Based on the image, what is the most likely amyloid beta morphology pattern? Cored']}",0.5026999711990356,pathology,neuropathology,light microscopy,brightfield microscopy,
classification,"['IHC stained light micrograph of extracellular amyloid-beta deposition in the human brain tissue. Based on the image, what is the most likely amyloid beta morphology pattern? Diffuse', 'IHC stained light micrograph of extracellular amyloid-beta deposition in the human brain tissue. Based on the image, what is the most likely amyloid beta morphology pattern? Cored', 'IHC stained light micrograph of extracellular amyloid-beta deposition in the human brain tissue. Based on the image, what is the most likely amyloid beta morphology pattern? Caa', 'IHC stained light micrograph of extracellular amyloid-beta deposition in the human brain tissue. Based on the image, what is the most likely amyloid beta morphology pattern? Negative', 'IHC stained light micrograph of extracellular amyloid-beta deposition in the human brain tissue. Based on the image, what is the most likely amyloid beta morphology pattern? none of the above']",0236f0ac-70d0-41af-b587-891fe4c6e91e,Cored,1,"{'pred': [1], 'probs': [[0.060507774353027344, 0.5674757957458496, 0.113982193171978, 0.0794462189078331, 0.17858803272247314]], 'pred_prompt': ['IHC stained light micrograph of extracellular amyloid-beta deposition in the human brain tissue. Based on the image, what is the most likely amyloid beta morphology pattern? Cored']}",0.5026999711990356,pathology,neuropathology,light microscopy,brightfield microscopy,
classification,"['IHC stained light micrograph of extracellular amyloid-beta deposition in the human brain tissue. Based on the image, what is the most likely amyloid beta morphology pattern? Caa', 'IHC stained light micrograph of extracellular amyloid-beta deposition in the human brain tissue. Based on the image, what is the most likely amyloid beta morphology pattern? Diffuse', 'IHC stained light micrograph of extracellular amyloid-beta deposition in the human brain tissue. Based on the image, what is the most likely amyloid beta morphology pattern? Cored', 'IHC stained light micrograph of extracellular amyloid-beta deposition in the human brain tissue. Based on the image, what is the most likely amyloid beta morphology pattern? Negative', 'IHC stained light micrograph of extracellular amyloid-beta deposition in the human brain tissue. Based on the image, what is the most likely amyloid beta morphology pattern? none of the above']",0ae71915-7c7a-4357-8a58-365dce7730c3,Negative,3,"{'pred': [0], 'probs': [[0.3162948191165924, 0.09851839393377304, 0.1354546695947647, 0.1478380709886551, 0.3018941283226013]], 'pred_prompt': ['IHC stained light micrograph of extracellular amyloid-beta deposition in the human brain tissue. Based on the image, what is the most likely amyloid beta morphology pattern? Caa']}",0.5026999711990356,pathology,neuropathology,light microscopy,brightfield microscopy,
classification,"['IHC stained light micrograph of extracellular amyloid-beta deposition in the human brain tissue. Based on the image, what is the most likely amyloid beta morphology pattern? cored plaque', 'IHC stained light micrograph of extracellular amyloid-beta deposition in the human brain tissue. Based on the image, what is the most likely amyloid beta morphology pattern? negative', 'IHC stained light micrograph of extracellular amyloid-beta deposition in the human brain tissue. Based on the image, what is the most likely amyloid beta morphology pattern? diffuse plaque', 'IHC stained light micrograph of extracellular amyloid-beta deposition in the human brain tissue. Based on the image, what is the most likely amyloid beta morphology pattern? cerebral amyloid angiopathy', 'IHC stained light micrograph of extracellular amyloid-beta deposition in the human brain tissue. Based on the image, what is the most likely amyloid beta morphology pattern? none of the above']",3941ecea-a550-42b3-9cab-14c0e65dde39,negative,1,"{'pred': [4], 'probs': [[0.1799870729446411, 0.12017451226711273, 0.1359241008758545, 0.23357634246349335, 0.3303379416465759]], 'pred_prompt': ['IHC stained light micrograph of extracellular amyloid-beta deposition in the human brain tissue. Based on the image, what is the most likely amyloid beta morphology pattern? none of the above']}",0.5026999711990356,pathology,neuropathology,light microscopy,brightfield microscopy,
classification,"['IHC stained light micrograph of extracellular amyloid-beta deposition in the human brain tissue. Based on the image, what is the most likely amyloid beta morphology pattern? cored plaque', 'IHC stained light micrograph of extracellular amyloid-beta deposition in the human brain tissue. Based on the image, what is the most likely amyloid beta morphology pattern? diffuse plaque', 'IHC stained light micrograph of extracellular amyloid-beta deposition in the human brain tissue. Based on the image, what is the most likely amyloid beta morphology pattern? cerebral amyloid angiopathy', 'IHC stained light micrograph of extracellular amyloid-beta deposition in the human brain tissue. Based on the image, what is the most likely amyloid beta morphology pattern? negative', 'IHC stained light micrograph of extracellular amyloid-beta deposition in the human brain tissue. Based on the image, what is the most likely amyloid beta morphology pattern? none of the above']",8a6666b4-7936-4c7a-adab-fdc3c3165c11,diffuse plaque,1,"{'pred': [0], 'probs': [[0.505391001701355, 0.28822797536849976, 0.06837663054466248, 0.0522405169904232, 0.0857638269662857]], 'pred_prompt': ['IHC stained light micrograph of extracellular amyloid-beta deposition in the human brain tissue. Based on the image, what is the most likely amyloid beta morphology pattern? cored plaque']}",0.5026999711990356,pathology,neuropathology,light microscopy,brightfield microscopy,
classification,"['IHC stained light micrograph of extracellular amyloid-beta deposition in the human brain tissue. Based on the image, what is the most likely amyloid beta morphology pattern? Negative', 'IHC stained light micrograph of extracellular amyloid-beta deposition in the human brain tissue. Based on the image, what is the most likely amyloid beta morphology pattern? Cored', 'IHC stained light micrograph of extracellular amyloid-beta deposition in the human brain tissue. Based on the image, what is the most likely amyloid beta morphology pattern? Diffuse', 'IHC stained light micrograph of extracellular amyloid-beta deposition in the human brain tissue. Based on the image, what is the most likely amyloid beta morphology pattern? Caa', 'IHC stained light micrograph of extracellular amyloid-beta deposition in the human brain tissue. Based on the image, what is the most likely amyloid beta morphology pattern? none of the above']",47969bf4-a97b-4bd4-b6a2-2e3a14c7e864,Cored,1,"{'pred': [1], 'probs': [[0.04098024219274521, 0.5379546284675598, 0.05372181534767151, 0.229233056306839, 0.1381102204322815]], 'pred_prompt': ['IHC stained light micrograph of extracellular amyloid-beta deposition in the human brain tissue. Based on the image, what is the most likely amyloid beta morphology pattern? Cored']}",0.5026999711990356,pathology,neuropathology,light microscopy,brightfield microscopy,
classification,"['IHC stained light micrograph of extracellular amyloid-beta deposition in the human brain tissue. Based on the image, what is the most likely amyloid beta morphology pattern? negative', 'IHC stained light micrograph of extracellular amyloid-beta deposition in the human brain tissue. Based on the image, what is the most likely amyloid beta morphology pattern? cerebral amyloid angiopathy', 'IHC stained light micrograph of extracellular amyloid-beta deposition in the human brain tissue. Based on the image, what is the most likely amyloid beta morphology pattern? diffuse plaque', 'IHC stained light micrograph of extracellular amyloid-beta deposition in the human brain tissue. Based on the image, what is the most likely amyloid beta morphology pattern? cored plaque', 'IHC stained light micrograph of extracellular amyloid-beta deposition in the human brain tissue. Based on the image, what is the most likely amyloid beta morphology pattern? none of the above']",06cffcdd-65fe-4224-8298-fb11650de886,negative,0,"{'pred': [3], 'probs': [[0.12695132195949554, 0.11968814581632614, 0.19803597033023834, 0.29924532771110535, 0.25607919692993164]], 'pred_prompt': ['IHC stained light micrograph of extracellular amyloid-beta deposition in the human brain tissue. Based on the image, what is the most likely amyloid beta morphology pattern? cored plaque']}",0.5026999711990356,pathology,neuropathology,light microscopy,brightfield microscopy,
classification,"['IHC stained light micrograph of extracellular amyloid-beta deposition in the human brain tissue. Based on the image, what is the most likely amyloid beta morphology pattern? Cored', 'IHC stained light micrograph of extracellular amyloid-beta deposition in the human brain tissue. Based on the image, what is the most likely amyloid beta morphology pattern? Negative', 'IHC stained light micrograph of extracellular amyloid-beta deposition in the human brain tissue. Based on the image, what is the most likely amyloid beta morphology pattern? Diffuse', 'IHC stained light micrograph of extracellular amyloid-beta deposition in the human brain tissue. Based on the image, what is the most likely amyloid beta morphology pattern? Caa', 'IHC stained light micrograph of extracellular amyloid-beta deposition in the human brain tissue. Based on the image, what is the most likely amyloid beta morphology pattern? none of the above']",c8621a06-ee9d-4876-90c9-827970cd447c,Caa,3,"{'pred': [4], 'probs': [[0.20345433056354523, 0.2310396283864975, 0.08940732479095459, 0.16437561810016632, 0.31172314286231995]], 'pred_prompt': ['IHC stained light micrograph of extracellular amyloid-beta deposition in the human brain tissue. Based on the image, what is the most likely amyloid beta morphology pattern? none of the above']}",0.5026999711990356,pathology,neuropathology,light microscopy,brightfield microscopy,
classification,"['IHC stained light micrograph of extracellular amyloid-beta deposition in the human brain tissue. Based on the image, what is the most likely amyloid beta morphology pattern? cerebral amyloid angiopathy', 'IHC stained light micrograph of extracellular amyloid-beta deposition in the human brain tissue. Based on the image, what is the most likely amyloid beta morphology pattern? negative', 'IHC stained light micrograph of extracellular amyloid-beta deposition in the human brain tissue. Based on the image, what is the most likely amyloid beta morphology pattern? diffuse plaque', 'IHC stained light micrograph of extracellular amyloid-beta deposition in the human brain tissue. Based on the image, what is the most likely amyloid beta morphology pattern? cored plaque', 'IHC stained light micrograph of extracellular amyloid-beta deposition in the human brain tissue. Based on the image, what is the most likely amyloid beta morphology pattern? none of the above']",fca43b01-6a27-4a54-8f0d-c679857d7357,negative,1,"{'pred': [4], 'probs': [[0.1901019811630249, 0.23580996692180634, 0.1785338968038559, 0.059505756944417953, 0.336048424243927]], 'pred_prompt': ['IHC stained light micrograph of extracellular amyloid-beta deposition in the human brain tissue. Based on the image, what is the most likely amyloid beta morphology pattern? none of the above']}",0.5026999711990356,pathology,neuropathology,light microscopy,brightfield microscopy,
classification,"['IHC stained light micrograph of extracellular amyloid-beta deposition in the human brain tissue. Based on the image, what is the most likely amyloid beta morphology pattern? cored plaque', 'IHC stained light micrograph of extracellular amyloid-beta deposition in the human brain tissue. Based on the image, what is the most likely amyloid beta morphology pattern? negative', 'IHC stained light micrograph of extracellular amyloid-beta deposition in the human brain tissue. Based on the image, what is the most likely amyloid beta morphology pattern? diffuse plaque', 'IHC stained light micrograph of extracellular amyloid-beta deposition in the human brain tissue. Based on the image, what is the most likely amyloid beta morphology pattern? cerebral amyloid angiopathy', 'IHC stained light micrograph of extracellular amyloid-beta deposition in the human brain tissue. Based on the image, what is the most likely amyloid beta morphology pattern? none of the above']",7446227e-3dd6-4cd0-8fb7-ec7e66575e73,diffuse plaque,2,"{'pred': [4], 'probs': [[0.21236693859100342, 0.11497709900140762, 0.2738197147846222, 0.09863705188035965, 0.30019912123680115]], 'pred_prompt': ['IHC stained light micrograph of extracellular amyloid-beta deposition in the human brain tissue. Based on the image, what is the most likely amyloid beta morphology pattern? none of the above']}",0.5026999711990356,pathology,neuropathology,light microscopy,brightfield microscopy,
classification,"['IHC stained light micrograph of extracellular amyloid-beta deposition in the human brain tissue. Based on the image, what is the most likely amyloid beta morphology pattern? Negative', 'IHC stained light micrograph of extracellular amyloid-beta deposition in the human brain tissue. Based on the image, what is the most likely amyloid beta morphology pattern? Diffuse', 'IHC stained light micrograph of extracellular amyloid-beta deposition in the human brain tissue. Based on the image, what is the most likely amyloid beta morphology pattern? Caa', 'IHC stained light micrograph of extracellular amyloid-beta deposition in the human brain tissue. Based on the image, what is the most likely amyloid beta morphology pattern? Cored', 'IHC stained light micrograph of extracellular amyloid-beta deposition in the human brain tissue. Based on the image, what is the most likely amyloid beta morphology pattern? none of the above']",4d143155-e3c7-4b7b-8fb8-bc9fe9c48bc8,Diffuse,1,"{'pred': [3], 'probs': [[0.06683415174484253, 0.10601967573165894, 0.1455615907907486, 0.5553720593452454, 0.12621261179447174]], 'pred_prompt': ['IHC stained light micrograph of extracellular amyloid-beta deposition in the human brain tissue. Based on the image, what is the most likely amyloid beta morphology pattern? Cored']}",0.5026999711990356,pathology,neuropathology,light microscopy,brightfield microscopy,
classification,"['IHC stained light micrograph of extracellular amyloid-beta deposition in the human brain tissue. Based on the image, what is the most likely amyloid beta morphology pattern? Diffuse', 'IHC stained light micrograph of extracellular amyloid-beta deposition in the human brain tissue. Based on the image, what is the most likely amyloid beta morphology pattern? Caa', 'IHC stained light micrograph of extracellular amyloid-beta deposition in the human brain tissue. Based on the image, what is the most likely amyloid beta morphology pattern? Negative', 'IHC stained light micrograph of extracellular amyloid-beta deposition in the human brain tissue. Based on the image, what is the most likely amyloid beta morphology pattern? Cored', 'IHC stained light micrograph of extracellular amyloid-beta deposition in the human brain tissue. Based on the image, what is the most likely amyloid beta morphology pattern? none of the above']",079a4944-8ac5-4912-b731-63ab2df7a26f,Diffuse,0,"{'pred': [3], 'probs': [[0.1862112432718277, 0.07242457568645477, 0.13123805820941925, 0.3469235897064209, 0.2632026672363281]], 'pred_prompt': ['IHC stained light micrograph of extracellular amyloid-beta deposition in the human brain tissue. Based on the image, what is the most likely amyloid beta morphology pattern? Cored']}",0.5026999711990356,pathology,neuropathology,light microscopy,brightfield microscopy,
classification,"['IHC stained light micrograph of extracellular amyloid-beta deposition in the human brain tissue. Based on the image, what is the most likely amyloid beta morphology pattern? Cored', 'IHC stained light micrograph of extracellular amyloid-beta deposition in the human brain tissue. Based on the image, what is the most likely amyloid beta morphology pattern? Caa', 'IHC stained light micrograph of extracellular amyloid-beta deposition in the human brain tissue. Based on the image, what is the most likely amyloid beta morphology pattern? Diffuse', 'IHC stained light micrograph of extracellular amyloid-beta deposition in the human brain tissue. Based on the image, what is the most likely amyloid beta morphology pattern? Negative', 'IHC stained light micrograph of extracellular amyloid-beta deposition in the human brain tissue. Based on the image, what is the most likely amyloid beta morphology pattern? none of the above']",2fd63681-9bd6-4298-a347-fd1470d9b340,Negative,3,"{'pred': [0], 'probs': [[0.3781554400920868, 0.11784360557794571, 0.20245373249053955, 0.09718617796897888, 0.2043609619140625]], 'pred_prompt': ['IHC stained light micrograph of extracellular amyloid-beta deposition in the human brain tissue. Based on the image, what is the most likely amyloid beta morphology pattern? Cored']}",0.5026999711990356,pathology,neuropathology,light microscopy,brightfield microscopy,
classification,"['IHC stained light micrograph of extracellular amyloid-beta deposition in the human brain tissue. Based on the image, what is the most likely amyloid beta morphology pattern? Negative', 'IHC stained light micrograph of extracellular amyloid-beta deposition in the human brain tissue. Based on the image, what is the most likely amyloid beta morphology pattern? Diffuse', 'IHC stained light micrograph of extracellular amyloid-beta deposition in the human brain tissue. Based on the image, what is the most likely amyloid beta morphology pattern? Caa', 'IHC stained light micrograph of extracellular amyloid-beta deposition in the human brain tissue. Based on the image, what is the most likely amyloid beta morphology pattern? Cored', 'IHC stained light micrograph of extracellular amyloid-beta deposition in the human brain tissue. Based on the image, what is the most likely amyloid beta morphology pattern? none of the above']",111f30f4-7816-435d-94bf-ada3083aa261,Diffuse,1,"{'pred': [4], 'probs': [[0.1360914409160614, 0.10902807116508484, 0.22677506506443024, 0.2612077593803406, 0.26689767837524414]], 'pred_prompt': ['IHC stained light micrograph of extracellular amyloid-beta deposition in the human brain tissue. Based on the image, what is the most likely amyloid beta morphology pattern? none of the above']}",0.5026999711990356,pathology,neuropathology,light microscopy,brightfield microscopy,
classification,"['IHC stained light micrograph of extracellular amyloid-beta deposition in the human brain tissue. Based on the image, what is the most likely amyloid beta morphology pattern? Cored', 'IHC stained light micrograph of extracellular amyloid-beta deposition in the human brain tissue. Based on the image, what is the most likely amyloid beta morphology pattern? Diffuse', 'IHC stained light micrograph of extracellular amyloid-beta deposition in the human brain tissue. Based on the image, what is the most likely amyloid beta morphology pattern? Negative', 'IHC stained light micrograph of extracellular amyloid-beta deposition in the human brain tissue. Based on the image, what is the most likely amyloid beta morphology pattern? Caa', 'IHC stained light micrograph of extracellular amyloid-beta deposition in the human brain tissue. Based on the image, what is the most likely amyloid beta morphology pattern? none of the above']",d9f8c163-4181-490b-ac00-ff07173ac715,Negative,2,"{'pred': [0], 'probs': [[0.30363449454307556, 0.19322209060192108, 0.13598036766052246, 0.12552547454833984, 0.24163751304149628]], 'pred_prompt': ['IHC stained light micrograph of extracellular amyloid-beta deposition in the human brain tissue. Based on the image, what is the most likely amyloid beta morphology pattern? Cored']}",0.5026999711990356,pathology,neuropathology,light microscopy,brightfield microscopy,
classification,"['IHC stained light micrograph of extracellular amyloid-beta deposition in the human brain tissue. Based on the image, what is the most likely amyloid beta morphology pattern? Caa', 'IHC stained light micrograph of extracellular amyloid-beta deposition in the human brain tissue. Based on the image, what is the most likely amyloid beta morphology pattern? Cored', 'IHC stained light micrograph of extracellular amyloid-beta deposition in the human brain tissue. Based on the image, what is the most likely amyloid beta morphology pattern? Diffuse', 'IHC stained light micrograph of extracellular amyloid-beta deposition in the human brain tissue. Based on the image, what is the most likely amyloid beta morphology pattern? Negative', 'IHC stained light micrograph of extracellular amyloid-beta deposition in the human brain tissue. Based on the image, what is the most likely amyloid beta morphology pattern? none of the above']",b00aae21-86dc-4bf5-b6a5-a970becbde6b,Negative,3,"{'pred': [0], 'probs': [[0.4673207700252533, 0.04661863297224045, 0.06371016055345535, 0.2335270643234253, 0.18882331252098083]], 'pred_prompt': ['IHC stained light micrograph of extracellular amyloid-beta deposition in the human brain tissue. Based on the image, what is the most likely amyloid beta morphology pattern? Caa']}",0.5026999711990356,pathology,neuropathology,light microscopy,brightfield microscopy,
classification,"['IHC stained light micrograph of extracellular amyloid-beta deposition in the human brain tissue. Based on the image, what is the most likely amyloid beta morphology pattern? diffuse plaque', 'IHC stained light micrograph of extracellular amyloid-beta deposition in the human brain tissue. Based on the image, what is the most likely amyloid beta morphology pattern? negative', 'IHC stained light micrograph of extracellular amyloid-beta deposition in the human brain tissue. Based on the image, what is the most likely amyloid beta morphology pattern? cored plaque', 'IHC stained light micrograph of extracellular amyloid-beta deposition in the human brain tissue. Based on the image, what is the most likely amyloid beta morphology pattern? cerebral amyloid angiopathy', 'IHC stained light micrograph of extracellular amyloid-beta deposition in the human brain tissue. Based on the image, what is the most likely amyloid beta morphology pattern? none of the above']",cc3a2574-9924-43e2-b217-974295d35841,diffuse plaque,0,"{'pred': [4], 'probs': [[0.12775075435638428, 0.12565986812114716, 0.3010803759098053, 0.11878417432308197, 0.3267248868942261]], 'pred_prompt': ['IHC stained light micrograph of extracellular amyloid-beta deposition in the human brain tissue. Based on the image, what is the most likely amyloid beta morphology pattern? none of the above']}",0.5026999711990356,pathology,neuropathology,light microscopy,brightfield microscopy,
classification,"['IHC stained light micrograph of extracellular amyloid-beta deposition in the human brain tissue. Based on the image, what is the most likely amyloid beta morphology pattern? Negative', 'IHC stained light micrograph of extracellular amyloid-beta deposition in the human brain tissue. Based on the image, what is the most likely amyloid beta morphology pattern? Cored', 'IHC stained light micrograph of extracellular amyloid-beta deposition in the human brain tissue. Based on the image, what is the most likely amyloid beta morphology pattern? Diffuse', 'IHC stained light micrograph of extracellular amyloid-beta deposition in the human brain tissue. Based on the image, what is the most likely amyloid beta morphology pattern? Caa', 'IHC stained light micrograph of extracellular amyloid-beta deposition in the human brain tissue. Based on the image, what is the most likely amyloid beta morphology pattern? none of the above']",b330b440-32b8-4ae6-9d94-f66b2c992984,Diffuse,2,"{'pred': [1], 'probs': [[0.12373844534158707, 0.35182902216911316, 0.13777033984661102, 0.06767180562019348, 0.31899040937423706]], 'pred_prompt': ['IHC stained light micrograph of extracellular amyloid-beta deposition in the human brain tissue. Based on the image, what is the most likely amyloid beta morphology pattern? Cored']}",0.5026999711990356,pathology,neuropathology,light microscopy,brightfield microscopy,
classification,"['IHC stained light micrograph of extracellular amyloid-beta deposition in the human brain tissue. Based on the image, what is the most likely amyloid beta morphology pattern? Caa', 'IHC stained light micrograph of extracellular amyloid-beta deposition in the human brain tissue. Based on the image, what is the most likely amyloid beta morphology pattern? Negative', 'IHC stained light micrograph of extracellular amyloid-beta deposition in the human brain tissue. Based on the image, what is the most likely amyloid beta morphology pattern? Diffuse', 'IHC stained light micrograph of extracellular amyloid-beta deposition in the human brain tissue. Based on the image, what is the most likely amyloid beta morphology pattern? Cored', 'IHC stained light micrograph of extracellular amyloid-beta deposition in the human brain tissue. Based on the image, what is the most likely amyloid beta morphology pattern? none of the above']",678f7635-bcca-4185-93c7-b3ff3b1b32ce,Cored,3,"{'pred': [3], 'probs': [[0.20312920212745667, 0.07152380794286728, 0.1287464201450348, 0.4491446316242218, 0.14745596051216125]], 'pred_prompt': ['IHC stained light micrograph of extracellular amyloid-beta deposition in the human brain tissue. Based on the image, what is the most likely amyloid beta morphology pattern? Cored']}",0.5026999711990356,pathology,neuropathology,light microscopy,brightfield microscopy,
classification,"['IHC stained light micrograph of extracellular amyloid-beta deposition in the human brain tissue. Based on the image, what is the most likely amyloid beta morphology pattern? Caa', 'IHC stained light micrograph of extracellular amyloid-beta deposition in the human brain tissue. Based on the image, what is the most likely amyloid beta morphology pattern? Diffuse', 'IHC stained light micrograph of extracellular amyloid-beta deposition in the human brain tissue. Based on the image, what is the most likely amyloid beta morphology pattern? Cored', 'IHC stained light micrograph of extracellular amyloid-beta deposition in the human brain tissue. Based on the image, what is the most likely amyloid beta morphology pattern? Negative', 'IHC stained light micrograph of extracellular amyloid-beta deposition in the human brain tissue. Based on the image, what is the most likely amyloid beta morphology pattern? none of the above']",f8900e8e-7ca9-46b7-a18e-299f9b97bfcf,Diffuse,1,"{'pred': [2], 'probs': [[0.05396028980612755, 0.10168861597776413, 0.3584837019443512, 0.17103075981140137, 0.31483662128448486]], 'pred_prompt': ['IHC stained light micrograph of extracellular amyloid-beta deposition in the human brain tissue. Based on the image, what is the most likely amyloid beta morphology pattern? Cored']}",0.5026999711990356,pathology,neuropathology,light microscopy,brightfield microscopy,
classification,"['IHC stained light micrograph of extracellular amyloid-beta deposition in the human brain tissue. Based on the image, what is the most likely amyloid beta morphology pattern? Caa', 'IHC stained light micrograph of extracellular amyloid-beta deposition in the human brain tissue. Based on the image, what is the most likely amyloid beta morphology pattern? Cored', 'IHC stained light micrograph of extracellular amyloid-beta deposition in the human brain tissue. Based on the image, what is the most likely amyloid beta morphology pattern? Negative', 'IHC stained light micrograph of extracellular amyloid-beta deposition in the human brain tissue. Based on the image, what is the most likely amyloid beta morphology pattern? Diffuse', 'IHC stained light micrograph of extracellular amyloid-beta deposition in the human brain tissue. Based on the image, what is the most likely amyloid beta morphology pattern? none of the above']",b43cd9e3-baa2-4bef-b2c3-d40e1a5188cf,Caa,0,"{'pred': [0], 'probs': [[0.5527430176734924, 0.15435078740119934, 0.1341465711593628, 0.015738362446427345, 0.14302124083042145]], 'pred_prompt': ['IHC stained light micrograph of extracellular amyloid-beta deposition in the human brain tissue. Based on the image, what is the most likely amyloid beta morphology pattern? Caa']}",0.5026999711990356,pathology,neuropathology,light microscopy,brightfield microscopy,
classification,"['IHC stained light micrograph of extracellular amyloid-beta deposition in the human brain tissue. Based on the image, what is the most likely amyloid beta morphology pattern? negative', 'IHC stained light micrograph of extracellular amyloid-beta deposition in the human brain tissue. Based on the image, what is the most likely amyloid beta morphology pattern? cerebral amyloid angiopathy', 'IHC stained light micrograph of extracellular amyloid-beta deposition in the human brain tissue. Based on the image, what is the most likely amyloid beta morphology pattern? diffuse plaque', 'IHC stained light micrograph of extracellular amyloid-beta deposition in the human brain tissue. Based on the image, what is the most likely amyloid beta morphology pattern? cored plaque', 'IHC stained light micrograph of extracellular amyloid-beta deposition in the human brain tissue. Based on the image, what is the most likely amyloid beta morphology pattern? none of the above']",7d856d3e-0bb5-40d6-9ebf-38b2c0498efe,negative,0,"{'pred': [0], 'probs': [[0.38832515478134155, 0.1551222950220108, 0.09837443381547928, 0.08047239482402802, 0.2777056396007538]], 'pred_prompt': ['IHC stained light micrograph of extracellular amyloid-beta deposition in the human brain tissue. Based on the image, what is the most likely amyloid beta morphology pattern? negative']}",0.5026999711990356,pathology,neuropathology,light microscopy,brightfield microscopy,
classification,"['IHC stained light micrograph of extracellular amyloid-beta deposition in the human brain tissue. Based on the image, what is the most likely amyloid beta morphology pattern? diffuse plaque', 'IHC stained light micrograph of extracellular amyloid-beta deposition in the human brain tissue. Based on the image, what is the most likely amyloid beta morphology pattern? cerebral amyloid angiopathy', 'IHC stained light micrograph of extracellular amyloid-beta deposition in the human brain tissue. Based on the image, what is the most likely amyloid beta morphology pattern? negative', 'IHC stained light micrograph of extracellular amyloid-beta deposition in the human brain tissue. Based on the image, what is the most likely amyloid beta morphology pattern? cored plaque', 'IHC stained light micrograph of extracellular amyloid-beta deposition in the human brain tissue. Based on the image, what is the most likely amyloid beta morphology pattern? none of the above']",117cdf8e-e1c5-4b15-986f-22eea892bc15,diffuse plaque,0,"{'pred': [0], 'probs': [[0.3076280653476715, 0.09015476703643799, 0.13017596304416656, 0.27932602167129517, 0.19271519780158997]], 'pred_prompt': ['IHC stained light micrograph of extracellular amyloid-beta deposition in the human brain tissue. Based on the image, what is the most likely amyloid beta morphology pattern? diffuse plaque']}",0.5026999711990356,pathology,neuropathology,light microscopy,brightfield microscopy,
classification,"['IHC stained light micrograph of extracellular amyloid-beta deposition in the human brain tissue. Based on the image, what is the most likely amyloid beta morphology pattern? Diffuse', 'IHC stained light micrograph of extracellular amyloid-beta deposition in the human brain tissue. Based on the image, what is the most likely amyloid beta morphology pattern? Caa', 'IHC stained light micrograph of extracellular amyloid-beta deposition in the human brain tissue. Based on the image, what is the most likely amyloid beta morphology pattern? Cored', 'IHC stained light micrograph of extracellular amyloid-beta deposition in the human brain tissue. Based on the image, what is the most likely amyloid beta morphology pattern? Negative', 'IHC stained light micrograph of extracellular amyloid-beta deposition in the human brain tissue. Based on the image, what is the most likely amyloid beta morphology pattern? none of the above']",14c85b44-d2af-4e28-a310-df73835e6f30,Diffuse,0,"{'pred': [2], 'probs': [[0.0719975084066391, 0.0652984082698822, 0.6421598792076111, 0.07665644586086273, 0.1438877433538437]], 'pred_prompt': ['IHC stained light micrograph of extracellular amyloid-beta deposition in the human brain tissue. Based on the image, what is the most likely amyloid beta morphology pattern? Cored']}",0.5026999711990356,pathology,neuropathology,light microscopy,brightfield microscopy,
classification,"['IHC stained light micrograph of extracellular amyloid-beta deposition in the human brain tissue. Based on the image, what is the most likely amyloid beta morphology pattern? negative', 'IHC stained light micrograph of extracellular amyloid-beta deposition in the human brain tissue. Based on the image, what is the most likely amyloid beta morphology pattern? cored plaque', 'IHC stained light micrograph of extracellular amyloid-beta deposition in the human brain tissue. Based on the image, what is the most likely amyloid beta morphology pattern? cerebral amyloid angiopathy', 'IHC stained light micrograph of extracellular amyloid-beta deposition in the human brain tissue. Based on the image, what is the most likely amyloid beta morphology pattern? diffuse plaque', 'IHC stained light micrograph of extracellular amyloid-beta deposition in the human brain tissue. Based on the image, what is the most likely amyloid beta morphology pattern? none of the above']",2c32e096-39b8-49c0-b899-fd90ecf3bac6,negative,0,"{'pred': [1], 'probs': [[0.09952705353498459, 0.6672559976577759, 0.05663551390171051, 0.04067586734890938, 0.13590559363365173]], 'pred_prompt': ['IHC stained light micrograph of extracellular amyloid-beta deposition in the human brain tissue. Based on the image, what is the most likely amyloid beta morphology pattern? cored plaque']}",0.5026999711990356,pathology,neuropathology,light microscopy,brightfield microscopy,
classification,"['IHC stained light micrograph of extracellular amyloid-beta deposition in the human brain tissue. Based on the image, what is the most likely amyloid beta morphology pattern? cerebral amyloid angiopathy', 'IHC stained light micrograph of extracellular amyloid-beta deposition in the human brain tissue. Based on the image, what is the most likely amyloid beta morphology pattern? diffuse plaque', 'IHC stained light micrograph of extracellular amyloid-beta deposition in the human brain tissue. Based on the image, what is the most likely amyloid beta morphology pattern? negative', 'IHC stained light micrograph of extracellular amyloid-beta deposition in the human brain tissue. Based on the image, what is the most likely amyloid beta morphology pattern? cored plaque', 'IHC stained light micrograph of extracellular amyloid-beta deposition in the human brain tissue. Based on the image, what is the most likely amyloid beta morphology pattern? none of the above']",1d4b26fa-887a-4e17-9cfd-d16d7c3ad593,cored plaque,3,"{'pred': [3], 'probs': [[0.06203325092792511, 0.11376674473285675, 0.12515151500701904, 0.4525606334209442, 0.24648791551589966]], 'pred_prompt': ['IHC stained light micrograph of extracellular amyloid-beta deposition in the human brain tissue. Based on the image, what is the most likely amyloid beta morphology pattern? cored plaque']}",0.5026999711990356,pathology,neuropathology,light microscopy,brightfield microscopy,
classification,"['IHC stained light micrograph of extracellular amyloid-beta deposition in the human brain tissue. Based on the image, what is the most likely amyloid beta morphology pattern? negative', 'IHC stained light micrograph of extracellular amyloid-beta deposition in the human brain tissue. Based on the image, what is the most likely amyloid beta morphology pattern? cored plaque', 'IHC stained light micrograph of extracellular amyloid-beta deposition in the human brain tissue. Based on the image, what is the most likely amyloid beta morphology pattern? diffuse plaque', 'IHC stained light micrograph of extracellular amyloid-beta deposition in the human brain tissue. Based on the image, what is the most likely amyloid beta morphology pattern? cerebral amyloid angiopathy', 'IHC stained light micrograph of extracellular amyloid-beta deposition in the human brain tissue. Based on the image, what is the most likely amyloid beta morphology pattern? none of the above']",52dee562-c9b5-456f-ae3f-65ac630ea75a,cored plaque,1,"{'pred': [1], 'probs': [[0.05386451631784439, 0.6361071467399597, 0.17284514009952545, 0.04951472952961922, 0.0876685306429863]], 'pred_prompt': ['IHC stained light micrograph of extracellular amyloid-beta deposition in the human brain tissue. Based on the image, what is the most likely amyloid beta morphology pattern? cored plaque']}",0.5026999711990356,pathology,neuropathology,light microscopy,brightfield microscopy,
classification,"['IHC stained light micrograph of extracellular amyloid-beta deposition in the human brain tissue. Based on the image, what is the most likely amyloid beta morphology pattern? Caa', 'IHC stained light micrograph of extracellular amyloid-beta deposition in the human brain tissue. Based on the image, what is the most likely amyloid beta morphology pattern? Negative', 'IHC stained light micrograph of extracellular amyloid-beta deposition in the human brain tissue. Based on the image, what is the most likely amyloid beta morphology pattern? Cored', 'IHC stained light micrograph of extracellular amyloid-beta deposition in the human brain tissue. Based on the image, what is the most likely amyloid beta morphology pattern? Diffuse', 'IHC stained light micrograph of extracellular amyloid-beta deposition in the human brain tissue. Based on the image, what is the most likely amyloid beta morphology pattern? none of the above']",72b208a7-59b0-46df-a7cd-4ec5ee3e4e32,Cored,2,"{'pred': [2], 'probs': [[0.23422189056873322, 0.1292879581451416, 0.30885639786720276, 0.11343786865472794, 0.21419580280780792]], 'pred_prompt': ['IHC stained light micrograph of extracellular amyloid-beta deposition in the human brain tissue. Based on the image, what is the most likely amyloid beta morphology pattern? Cored']}",0.5026999711990356,pathology,neuropathology,light microscopy,brightfield microscopy,
classification,"['IHC stained light micrograph of extracellular amyloid-beta deposition in the human brain tissue. Based on the image, what is the most likely amyloid beta morphology pattern? negative', 'IHC stained light micrograph of extracellular amyloid-beta deposition in the human brain tissue. Based on the image, what is the most likely amyloid beta morphology pattern? diffuse plaque', 'IHC stained light micrograph of extracellular amyloid-beta deposition in the human brain tissue. Based on the image, what is the most likely amyloid beta morphology pattern? cerebral amyloid angiopathy', 'IHC stained light micrograph of extracellular amyloid-beta deposition in the human brain tissue. Based on the image, what is the most likely amyloid beta morphology pattern? cored plaque', 'IHC stained light micrograph of extracellular amyloid-beta deposition in the human brain tissue. Based on the image, what is the most likely amyloid beta morphology pattern? none of the above']",1246cb21-cc22-4603-a0f5-e0a4e4cc2560,negative,0,"{'pred': [3], 'probs': [[0.1870419979095459, 0.14196495711803436, 0.1751408874988556, 0.24842923879623413, 0.2474229484796524]], 'pred_prompt': ['IHC stained light micrograph of extracellular amyloid-beta deposition in the human brain tissue. Based on the image, what is the most likely amyloid beta morphology pattern? cored plaque']}",0.5026999711990356,pathology,neuropathology,light microscopy,brightfield microscopy,
classification,"['IHC stained light micrograph of extracellular amyloid-beta deposition in the human brain tissue. Based on the image, what is the most likely amyloid beta morphology pattern? negative', 'IHC stained light micrograph of extracellular amyloid-beta deposition in the human brain tissue. Based on the image, what is the most likely amyloid beta morphology pattern? cored plaque', 'IHC stained light micrograph of extracellular amyloid-beta deposition in the human brain tissue. Based on the image, what is the most likely amyloid beta morphology pattern? cerebral amyloid angiopathy', 'IHC stained light micrograph of extracellular amyloid-beta deposition in the human brain tissue. Based on the image, what is the most likely amyloid beta morphology pattern? diffuse plaque', 'IHC stained light micrograph of extracellular amyloid-beta deposition in the human brain tissue. Based on the image, what is the most likely amyloid beta morphology pattern? none of the above']",513f8438-293e-450f-a5b3-1e8f891be93f,negative,0,"{'pred': [4], 'probs': [[0.21011009812355042, 0.24121055006980896, 0.1503039002418518, 0.10589207708835602, 0.2924833595752716]], 'pred_prompt': ['IHC stained light micrograph of extracellular amyloid-beta deposition in the human brain tissue. Based on the image, what is the most likely amyloid beta morphology pattern? none of the above']}",0.5026999711990356,pathology,neuropathology,light microscopy,brightfield microscopy,
classification,"['IHC stained light micrograph of extracellular amyloid-beta deposition in the human brain tissue. Based on the image, what is the most likely amyloid beta morphology pattern? cored plaque', 'IHC stained light micrograph of extracellular amyloid-beta deposition in the human brain tissue. Based on the image, what is the most likely amyloid beta morphology pattern? negative', 'IHC stained light micrograph of extracellular amyloid-beta deposition in the human brain tissue. Based on the image, what is the most likely amyloid beta morphology pattern? cerebral amyloid angiopathy', 'IHC stained light micrograph of extracellular amyloid-beta deposition in the human brain tissue. Based on the image, what is the most likely amyloid beta morphology pattern? diffuse plaque', 'IHC stained light micrograph of extracellular amyloid-beta deposition in the human brain tissue. Based on the image, what is the most likely amyloid beta morphology pattern? none of the above']",ce5bb669-5734-4867-8678-5777dfb0197b,diffuse plaque,3,"{'pred': [4], 'probs': [[0.17292459309101105, 0.23799659311771393, 0.03578588366508484, 0.20832444727420807, 0.3449684977531433]], 'pred_prompt': ['IHC stained light micrograph of extracellular amyloid-beta deposition in the human brain tissue. Based on the image, what is the most likely amyloid beta morphology pattern? none of the above']}",0.5026999711990356,pathology,neuropathology,light microscopy,brightfield microscopy,
classification,"['IHC stained light micrograph of extracellular amyloid-beta deposition in the human brain tissue. Based on the image, what is the most likely amyloid beta morphology pattern? Diffuse', 'IHC stained light micrograph of extracellular amyloid-beta deposition in the human brain tissue. Based on the image, what is the most likely amyloid beta morphology pattern? Cored', 'IHC stained light micrograph of extracellular amyloid-beta deposition in the human brain tissue. Based on the image, what is the most likely amyloid beta morphology pattern? Caa', 'IHC stained light micrograph of extracellular amyloid-beta deposition in the human brain tissue. Based on the image, what is the most likely amyloid beta morphology pattern? Negative', 'IHC stained light micrograph of extracellular amyloid-beta deposition in the human brain tissue. Based on the image, what is the most likely amyloid beta morphology pattern? none of the above']",9c626377-7c94-4ba8-9ec1-de838c000d1e,Diffuse,0,"{'pred': [1], 'probs': [[0.23967233300209045, 0.342475026845932, 0.2232484072446823, 0.058117542415857315, 0.1364867240190506]], 'pred_prompt': ['IHC stained light micrograph of extracellular amyloid-beta deposition in the human brain tissue. Based on the image, what is the most likely amyloid beta morphology pattern? Cored']}",0.5026999711990356,pathology,neuropathology,light microscopy,brightfield microscopy,
classification,"['IHC stained light micrograph of extracellular amyloid-beta deposition in the human brain tissue. Based on the image, what is the most likely amyloid beta morphology pattern? cerebral amyloid angiopathy', 'IHC stained light micrograph of extracellular amyloid-beta deposition in the human brain tissue. Based on the image, what is the most likely amyloid beta morphology pattern? negative', 'IHC stained light micrograph of extracellular amyloid-beta deposition in the human brain tissue. Based on the image, what is the most likely amyloid beta morphology pattern? cored plaque', 'IHC stained light micrograph of extracellular amyloid-beta deposition in the human brain tissue. Based on the image, what is the most likely amyloid beta morphology pattern? diffuse plaque', 'IHC stained light micrograph of extracellular amyloid-beta deposition in the human brain tissue. Based on the image, what is the most likely amyloid beta morphology pattern? none of the above']",4065ec52-0b62-47fc-b2f7-6b0bd266e535,diffuse plaque,3,"{'pred': [4], 'probs': [[0.10094525665044785, 0.18302059173583984, 0.1741119772195816, 0.12844088673591614, 0.41348138451576233]], 'pred_prompt': ['IHC stained light micrograph of extracellular amyloid-beta deposition in the human brain tissue. Based on the image, what is the most likely amyloid beta morphology pattern? none of the above']}",0.5026999711990356,pathology,neuropathology,light microscopy,brightfield microscopy,
classification,"['IHC stained light micrograph of extracellular amyloid-beta deposition in the human brain tissue. Based on the image, what is the most likely amyloid beta morphology pattern? Negative', 'IHC stained light micrograph of extracellular amyloid-beta deposition in the human brain tissue. Based on the image, what is the most likely amyloid beta morphology pattern? Caa', 'IHC stained light micrograph of extracellular amyloid-beta deposition in the human brain tissue. Based on the image, what is the most likely amyloid beta morphology pattern? Diffuse', 'IHC stained light micrograph of extracellular amyloid-beta deposition in the human brain tissue. Based on the image, what is the most likely amyloid beta morphology pattern? Cored', 'IHC stained light micrograph of extracellular amyloid-beta deposition in the human brain tissue. Based on the image, what is the most likely amyloid beta morphology pattern? none of the above']",1d051884-2f96-4447-b074-c02db4ec5aba,Diffuse,2,"{'pred': [3], 'probs': [[0.033933382481336594, 0.04986129328608513, 0.21395403146743774, 0.6039782762527466, 0.09827305376529694]], 'pred_prompt': ['IHC stained light micrograph of extracellular amyloid-beta deposition in the human brain tissue. Based on the image, what is the most likely amyloid beta morphology pattern? Cored']}",0.5026999711990356,pathology,neuropathology,light microscopy,brightfield microscopy,
classification,"['IHC stained light micrograph of extracellular amyloid-beta deposition in the human brain tissue. Based on the image, what is the most likely amyloid beta morphology pattern? Negative', 'IHC stained light micrograph of extracellular amyloid-beta deposition in the human brain tissue. Based on the image, what is the most likely amyloid beta morphology pattern? Caa', 'IHC stained light micrograph of extracellular amyloid-beta deposition in the human brain tissue. Based on the image, what is the most likely amyloid beta morphology pattern? Cored', 'IHC stained light micrograph of extracellular amyloid-beta deposition in the human brain tissue. Based on the image, what is the most likely amyloid beta morphology pattern? Diffuse', 'IHC stained light micrograph of extracellular amyloid-beta deposition in the human brain tissue. Based on the image, what is the most likely amyloid beta morphology pattern? none of the above']",f653a926-ef9d-4799-99e8-d42523a2d407,Diffuse,3,"{'pred': [2], 'probs': [[0.04966294392943382, 0.026632392778992653, 0.6150198578834534, 0.21408556401729584, 0.09459920972585678]], 'pred_prompt': ['IHC stained light micrograph of extracellular amyloid-beta deposition in the human brain tissue. Based on the image, what is the most likely amyloid beta morphology pattern? Cored']}",0.5026999711990356,pathology,neuropathology,light microscopy,brightfield microscopy,
classification,"['IHC stained light micrograph of extracellular amyloid-beta deposition in the human brain tissue. Based on the image, what is the most likely amyloid beta morphology pattern? negative', 'IHC stained light micrograph of extracellular amyloid-beta deposition in the human brain tissue. Based on the image, what is the most likely amyloid beta morphology pattern? cored plaque', 'IHC stained light micrograph of extracellular amyloid-beta deposition in the human brain tissue. Based on the image, what is the most likely amyloid beta morphology pattern? cerebral amyloid angiopathy', 'IHC stained light micrograph of extracellular amyloid-beta deposition in the human brain tissue. Based on the image, what is the most likely amyloid beta morphology pattern? diffuse plaque', 'IHC stained light micrograph of extracellular amyloid-beta deposition in the human brain tissue. Based on the image, what is the most likely amyloid beta morphology pattern? none of the above']",8f9a529f-f2c8-40f1-8028-5a154292a7f5,diffuse plaque,3,"{'pred': [1], 'probs': [[0.05576501786708832, 0.4883621335029602, 0.1027132198214531, 0.26204437017440796, 0.09111522883176804]], 'pred_prompt': ['IHC stained light micrograph of extracellular amyloid-beta deposition in the human brain tissue. Based on the image, what is the most likely amyloid beta morphology pattern? cored plaque']}",0.5026999711990356,pathology,neuropathology,light microscopy,brightfield microscopy,
classification,"['IHC stained light micrograph of extracellular amyloid-beta deposition in the human brain tissue. Based on the image, what is the most likely amyloid beta morphology pattern? Cored', 'IHC stained light micrograph of extracellular amyloid-beta deposition in the human brain tissue. Based on the image, what is the most likely amyloid beta morphology pattern? Diffuse', 'IHC stained light micrograph of extracellular amyloid-beta deposition in the human brain tissue. Based on the image, what is the most likely amyloid beta morphology pattern? Caa', 'IHC stained light micrograph of extracellular amyloid-beta deposition in the human brain tissue. Based on the image, what is the most likely amyloid beta morphology pattern? Negative', 'IHC stained light micrograph of extracellular amyloid-beta deposition in the human brain tissue. Based on the image, what is the most likely amyloid beta morphology pattern? none of the above']",8587260e-3d65-48cf-a62d-f9c327a70e96,Diffuse,1,"{'pred': [0], 'probs': [[0.6360040307044983, 0.06825926899909973, 0.11190180480480194, 0.04952842742204666, 0.13430649042129517]], 'pred_prompt': ['IHC stained light micrograph of extracellular amyloid-beta deposition in the human brain tissue. Based on the image, what is the most likely amyloid beta morphology pattern? Cored']}",0.5026999711990356,pathology,neuropathology,light microscopy,brightfield microscopy,
classification,"['IHC stained light micrograph of extracellular amyloid-beta deposition in the human brain tissue. Based on the image, what is the most likely amyloid beta morphology pattern? cored plaque', 'IHC stained light micrograph of extracellular amyloid-beta deposition in the human brain tissue. Based on the image, what is the most likely amyloid beta morphology pattern? diffuse plaque', 'IHC stained light micrograph of extracellular amyloid-beta deposition in the human brain tissue. Based on the image, what is the most likely amyloid beta morphology pattern? negative', 'IHC stained light micrograph of extracellular amyloid-beta deposition in the human brain tissue. Based on the image, what is the most likely amyloid beta morphology pattern? cerebral amyloid angiopathy', 'IHC stained light micrograph of extracellular amyloid-beta deposition in the human brain tissue. Based on the image, what is the most likely amyloid beta morphology pattern? none of the above']",93a53036-4db6-4687-ab59-fe597a0a0ca7,negative,2,"{'pred': [4], 'probs': [[0.22201749682426453, 0.20789968967437744, 0.10455527901649475, 0.20097358524799347, 0.2645539939403534]], 'pred_prompt': ['IHC stained light micrograph of extracellular amyloid-beta deposition in the human brain tissue. Based on the image, what is the most likely amyloid beta morphology pattern? none of the above']}",0.5026999711990356,pathology,neuropathology,light microscopy,brightfield microscopy,
classification,"['IHC stained light micrograph of extracellular amyloid-beta deposition in the human brain tissue. Based on the image, what is the most likely amyloid beta morphology pattern? Diffuse', 'IHC stained light micrograph of extracellular amyloid-beta deposition in the human brain tissue. Based on the image, what is the most likely amyloid beta morphology pattern? Negative', 'IHC stained light micrograph of extracellular amyloid-beta deposition in the human brain tissue. Based on the image, what is the most likely amyloid beta morphology pattern? Cored', 'IHC stained light micrograph of extracellular amyloid-beta deposition in the human brain tissue. Based on the image, what is the most likely amyloid beta morphology pattern? Caa', 'IHC stained light micrograph of extracellular amyloid-beta deposition in the human brain tissue. Based on the image, what is the most likely amyloid beta morphology pattern? none of the above']",f007ae5d-c675-40fe-84b9-44acb1329dd6,Negative,1,"{'pred': [4], 'probs': [[0.15515680611133575, 0.18321244418621063, 0.23341959714889526, 0.1921229511499405, 0.23608821630477905]], 'pred_prompt': ['IHC stained light micrograph of extracellular amyloid-beta deposition in the human brain tissue. Based on the image, what is the most likely amyloid beta morphology pattern? none of the above']}",0.5026999711990356,pathology,neuropathology,light microscopy,brightfield microscopy,
classification,"['IHC stained light micrograph of extracellular amyloid-beta deposition in the human brain tissue. Based on the image, what is the most likely amyloid beta morphology pattern? cerebral amyloid angiopathy', 'IHC stained light micrograph of extracellular amyloid-beta deposition in the human brain tissue. Based on the image, what is the most likely amyloid beta morphology pattern? cored plaque', 'IHC stained light micrograph of extracellular amyloid-beta deposition in the human brain tissue. Based on the image, what is the most likely amyloid beta morphology pattern? negative', 'IHC stained light micrograph of extracellular amyloid-beta deposition in the human brain tissue. Based on the image, what is the most likely amyloid beta morphology pattern? diffuse plaque', 'IHC stained light micrograph of extracellular amyloid-beta deposition in the human brain tissue. Based on the image, what is the most likely amyloid beta morphology pattern? none of the above']",c313f1a4-35f4-4f8c-8398-54416b438986,negative,2,"{'pred': [1], 'probs': [[0.1552562713623047, 0.29044994711875916, 0.19508220255374908, 0.09056777507066727, 0.2686438262462616]], 'pred_prompt': ['IHC stained light micrograph of extracellular amyloid-beta deposition in the human brain tissue. Based on the image, what is the most likely amyloid beta morphology pattern? cored plaque']}",0.5026999711990356,pathology,neuropathology,light microscopy,brightfield microscopy,
classification,"['IHC stained light micrograph of extracellular amyloid-beta deposition in the human brain tissue. Based on the image, what is the most likely amyloid beta morphology pattern? Negative', 'IHC stained light micrograph of extracellular amyloid-beta deposition in the human brain tissue. Based on the image, what is the most likely amyloid beta morphology pattern? Caa', 'IHC stained light micrograph of extracellular amyloid-beta deposition in the human brain tissue. Based on the image, what is the most likely amyloid beta morphology pattern? Diffuse', 'IHC stained light micrograph of extracellular amyloid-beta deposition in the human brain tissue. Based on the image, what is the most likely amyloid beta morphology pattern? Cored', 'IHC stained light micrograph of extracellular amyloid-beta deposition in the human brain tissue. Based on the image, what is the most likely amyloid beta morphology pattern? none of the above']",1f0fe4cb-5ddb-494c-a0ca-86d15f96ae71,Diffuse,2,"{'pred': [3], 'probs': [[0.017402028664946556, 0.028650958091020584, 0.11883874982595444, 0.7899508476257324, 0.045157406479120255]], 'pred_prompt': ['IHC stained light micrograph of extracellular amyloid-beta deposition in the human brain tissue. Based on the image, what is the most likely amyloid beta morphology pattern? Cored']}",0.5026999711990356,pathology,neuropathology,light microscopy,brightfield microscopy,
classification,"['IHC stained light micrograph of extracellular amyloid-beta deposition in the human brain tissue. Based on the image, what is the most likely amyloid beta morphology pattern? Caa', 'IHC stained light micrograph of extracellular amyloid-beta deposition in the human brain tissue. Based on the image, what is the most likely amyloid beta morphology pattern? Negative', 'IHC stained light micrograph of extracellular amyloid-beta deposition in the human brain tissue. Based on the image, what is the most likely amyloid beta morphology pattern? Cored', 'IHC stained light micrograph of extracellular amyloid-beta deposition in the human brain tissue. Based on the image, what is the most likely amyloid beta morphology pattern? Diffuse', 'IHC stained light micrograph of extracellular amyloid-beta deposition in the human brain tissue. Based on the image, what is the most likely amyloid beta morphology pattern? none of the above']",90c93d0e-71a7-460d-bde9-fccbcc407a10,Negative,1,"{'pred': [2], 'probs': [[0.1320267766714096, 0.17260903120040894, 0.33520445227622986, 0.09368923306465149, 0.2664705514907837]], 'pred_prompt': ['IHC stained light micrograph of extracellular amyloid-beta deposition in the human brain tissue. Based on the image, what is the most likely amyloid beta morphology pattern? Cored']}",0.5026999711990356,pathology,neuropathology,light microscopy,brightfield microscopy,
classification,"['IHC stained light micrograph of extracellular amyloid-beta deposition in the human brain tissue. Based on the image, what is the most likely amyloid beta morphology pattern? Caa', 'IHC stained light micrograph of extracellular amyloid-beta deposition in the human brain tissue. Based on the image, what is the most likely amyloid beta morphology pattern? Negative', 'IHC stained light micrograph of extracellular amyloid-beta deposition in the human brain tissue. Based on the image, what is the most likely amyloid beta morphology pattern? Cored', 'IHC stained light micrograph of extracellular amyloid-beta deposition in the human brain tissue. Based on the image, what is the most likely amyloid beta morphology pattern? Diffuse', 'IHC stained light micrograph of extracellular amyloid-beta deposition in the human brain tissue. Based on the image, what is the most likely amyloid beta morphology pattern? none of the above']",598b8f70-0f23-46b3-ab15-063dc6febe0a,Diffuse,3,"{'pred': [2], 'probs': [[0.04245926812291145, 0.07638420164585114, 0.6319975256919861, 0.0807969942688942, 0.16836197674274445]], 'pred_prompt': ['IHC stained light micrograph of extracellular amyloid-beta deposition in the human brain tissue. Based on the image, what is the most likely amyloid beta morphology pattern? Cored']}",0.5026999711990356,pathology,neuropathology,light microscopy,brightfield microscopy,
classification,"['IHC stained light micrograph of extracellular amyloid-beta deposition in the human brain tissue. Based on the image, what is the most likely amyloid beta morphology pattern? cerebral amyloid angiopathy', 'IHC stained light micrograph of extracellular amyloid-beta deposition in the human brain tissue. Based on the image, what is the most likely amyloid beta morphology pattern? negative', 'IHC stained light micrograph of extracellular amyloid-beta deposition in the human brain tissue. Based on the image, what is the most likely amyloid beta morphology pattern? diffuse plaque', 'IHC stained light micrograph of extracellular amyloid-beta deposition in the human brain tissue. Based on the image, what is the most likely amyloid beta morphology pattern? cored plaque', 'IHC stained light micrograph of extracellular amyloid-beta deposition in the human brain tissue. Based on the image, what is the most likely amyloid beta morphology pattern? none of the above']",9478fb06-b000-4d93-bd73-edf6e28a4859,cored plaque,3,"{'pred': [3], 'probs': [[0.1691157966852188, 0.13336937129497528, 0.18991364538669586, 0.41098684072494507, 0.09661434590816498]], 'pred_prompt': ['IHC stained light micrograph of extracellular amyloid-beta deposition in the human brain tissue. Based on the image, what is the most likely amyloid beta morphology pattern? cored plaque']}",0.5026999711990356,pathology,neuropathology,light microscopy,brightfield microscopy,
classification,"['IHC stained light micrograph of extracellular amyloid-beta deposition in the human brain tissue. Based on the image, what is the most likely amyloid beta morphology pattern? Caa', 'IHC stained light micrograph of extracellular amyloid-beta deposition in the human brain tissue. Based on the image, what is the most likely amyloid beta morphology pattern? Cored', 'IHC stained light micrograph of extracellular amyloid-beta deposition in the human brain tissue. Based on the image, what is the most likely amyloid beta morphology pattern? Negative', 'IHC stained light micrograph of extracellular amyloid-beta deposition in the human brain tissue. Based on the image, what is the most likely amyloid beta morphology pattern? Diffuse', 'IHC stained light micrograph of extracellular amyloid-beta deposition in the human brain tissue. Based on the image, what is the most likely amyloid beta morphology pattern? none of the above']",92d6585b-0477-4f99-80ba-1e114ef2a30a,Diffuse,3,"{'pred': [4], 'probs': [[0.2532463073730469, 0.21714915335178375, 0.12648092210292816, 0.12821371853351593, 0.2749099135398865]], 'pred_prompt': ['IHC stained light micrograph of extracellular amyloid-beta deposition in the human brain tissue. Based on the image, what is the most likely amyloid beta morphology pattern? none of the above']}",0.5026999711990356,pathology,neuropathology,light microscopy,brightfield microscopy,
classification,"['IHC stained light micrograph of extracellular amyloid-beta deposition in the human brain tissue. Based on the image, what is the most likely amyloid beta morphology pattern? Caa', 'IHC stained light micrograph of extracellular amyloid-beta deposition in the human brain tissue. Based on the image, what is the most likely amyloid beta morphology pattern? Diffuse', 'IHC stained light micrograph of extracellular amyloid-beta deposition in the human brain tissue. Based on the image, what is the most likely amyloid beta morphology pattern? Negative', 'IHC stained light micrograph of extracellular amyloid-beta deposition in the human brain tissue. Based on the image, what is the most likely amyloid beta morphology pattern? Cored', 'IHC stained light micrograph of extracellular amyloid-beta deposition in the human brain tissue. Based on the image, what is the most likely amyloid beta morphology pattern? none of the above']",f10b414b-22a4-4179-8750-917507c7ca08,Diffuse,1,"{'pred': [3], 'probs': [[0.08425021916627884, 0.07531599700450897, 0.08324834704399109, 0.6042171120643616, 0.15296828746795654]], 'pred_prompt': ['IHC stained light micrograph of extracellular amyloid-beta deposition in the human brain tissue. Based on the image, what is the most likely amyloid beta morphology pattern? Cored']}",0.5026999711990356,pathology,neuropathology,light microscopy,brightfield microscopy,
classification,"['IHC stained light micrograph of extracellular amyloid-beta deposition in the human brain tissue. Based on the image, what is the most likely amyloid beta morphology pattern? Cored', 'IHC stained light micrograph of extracellular amyloid-beta deposition in the human brain tissue. Based on the image, what is the most likely amyloid beta morphology pattern? Negative', 'IHC stained light micrograph of extracellular amyloid-beta deposition in the human brain tissue. Based on the image, what is the most likely amyloid beta morphology pattern? Diffuse', 'IHC stained light micrograph of extracellular amyloid-beta deposition in the human brain tissue. Based on the image, what is the most likely amyloid beta morphology pattern? Caa', 'IHC stained light micrograph of extracellular amyloid-beta deposition in the human brain tissue. Based on the image, what is the most likely amyloid beta morphology pattern? none of the above']",30940c42-6eb5-421f-abcb-73f69f1791b0,Caa,3,"{'pred': [4], 'probs': [[0.09650862962007523, 0.19715078175067902, 0.035888347774744034, 0.29879945516586304, 0.371652752161026]], 'pred_prompt': ['IHC stained light micrograph of extracellular amyloid-beta deposition in the human brain tissue. Based on the image, what is the most likely amyloid beta morphology pattern? none of the above']}",0.5026999711990356,pathology,neuropathology,light microscopy,brightfield microscopy,
classification,"['IHC stained light micrograph of extracellular amyloid-beta deposition in the human brain tissue. Based on the image, what is the most likely amyloid beta morphology pattern? diffuse plaque', 'IHC stained light micrograph of extracellular amyloid-beta deposition in the human brain tissue. Based on the image, what is the most likely amyloid beta morphology pattern? negative', 'IHC stained light micrograph of extracellular amyloid-beta deposition in the human brain tissue. Based on the image, what is the most likely amyloid beta morphology pattern? cored plaque', 'IHC stained light micrograph of extracellular amyloid-beta deposition in the human brain tissue. Based on the image, what is the most likely amyloid beta morphology pattern? cerebral amyloid angiopathy', 'IHC stained light micrograph of extracellular amyloid-beta deposition in the human brain tissue. Based on the image, what is the most likely amyloid beta morphology pattern? none of the above']",8177bfa2-a4d3-4731-b8c0-eaddcf49b6ab,negative,1,"{'pred': [4], 'probs': [[0.07544749230146408, 0.2732820510864258, 0.11499236524105072, 0.21804407238960266, 0.31823405623435974]], 'pred_prompt': ['IHC stained light micrograph of extracellular amyloid-beta deposition in the human brain tissue. Based on the image, what is the most likely amyloid beta morphology pattern? none of the above']}",0.5026999711990356,pathology,neuropathology,light microscopy,brightfield microscopy,
classification,"['IHC stained light micrograph of extracellular amyloid-beta deposition in the human brain tissue. Based on the image, what is the most likely amyloid beta morphology pattern? Negative', 'IHC stained light micrograph of extracellular amyloid-beta deposition in the human brain tissue. Based on the image, what is the most likely amyloid beta morphology pattern? Caa', 'IHC stained light micrograph of extracellular amyloid-beta deposition in the human brain tissue. Based on the image, what is the most likely amyloid beta morphology pattern? Diffuse', 'IHC stained light micrograph of extracellular amyloid-beta deposition in the human brain tissue. Based on the image, what is the most likely amyloid beta morphology pattern? Cored', 'IHC stained light micrograph of extracellular amyloid-beta deposition in the human brain tissue. Based on the image, what is the most likely amyloid beta morphology pattern? none of the above']",610aebb3-c677-4cfe-a67b-aac49d874fee,Negative,0,"{'pred': [3], 'probs': [[0.12660786509513855, 0.10036849230527878, 0.17661577463150024, 0.4547981321811676, 0.14160975813865662]], 'pred_prompt': ['IHC stained light micrograph of extracellular amyloid-beta deposition in the human brain tissue. Based on the image, what is the most likely amyloid beta morphology pattern? Cored']}",0.5026999711990356,pathology,neuropathology,light microscopy,brightfield microscopy,
classification,"['IHC stained light micrograph of extracellular amyloid-beta deposition in the human brain tissue. Based on the image, what is the most likely amyloid beta morphology pattern? negative', 'IHC stained light micrograph of extracellular amyloid-beta deposition in the human brain tissue. Based on the image, what is the most likely amyloid beta morphology pattern? diffuse plaque', 'IHC stained light micrograph of extracellular amyloid-beta deposition in the human brain tissue. Based on the image, what is the most likely amyloid beta morphology pattern? cored plaque', 'IHC stained light micrograph of extracellular amyloid-beta deposition in the human brain tissue. Based on the image, what is the most likely amyloid beta morphology pattern? cerebral amyloid angiopathy', 'IHC stained light micrograph of extracellular amyloid-beta deposition in the human brain tissue. Based on the image, what is the most likely amyloid beta morphology pattern? none of the above']",eb00997e-5aaf-480b-8dd4-949c543e9e39,negative,0,"{'pred': [4], 'probs': [[0.1538659781217575, 0.15506863594055176, 0.19523781538009644, 0.13477428257465363, 0.3610532581806183]], 'pred_prompt': ['IHC stained light micrograph of extracellular amyloid-beta deposition in the human brain tissue. Based on the image, what is the most likely amyloid beta morphology pattern? none of the above']}",0.5026999711990356,pathology,neuropathology,light microscopy,brightfield microscopy,
classification,"['IHC stained light micrograph of extracellular amyloid-beta deposition in the human brain tissue. Based on the image, what is the most likely amyloid beta morphology pattern? Diffuse', 'IHC stained light micrograph of extracellular amyloid-beta deposition in the human brain tissue. Based on the image, what is the most likely amyloid beta morphology pattern? Negative', 'IHC stained light micrograph of extracellular amyloid-beta deposition in the human brain tissue. Based on the image, what is the most likely amyloid beta morphology pattern? Caa', 'IHC stained light micrograph of extracellular amyloid-beta deposition in the human brain tissue. Based on the image, what is the most likely amyloid beta morphology pattern? Cored', 'IHC stained light micrograph of extracellular amyloid-beta deposition in the human brain tissue. Based on the image, what is the most likely amyloid beta morphology pattern? none of the above']",10db48f5-30cb-4c51-af81-5859f765c15f,Negative,1,"{'pred': [4], 'probs': [[0.030666297301650047, 0.22084493935108185, 0.24685858190059662, 0.15894672274589539, 0.34268343448638916]], 'pred_prompt': ['IHC stained light micrograph of extracellular amyloid-beta deposition in the human brain tissue. Based on the image, what is the most likely amyloid beta morphology pattern? none of the above']}",0.5026999711990356,pathology,neuropathology,light microscopy,brightfield microscopy,
classification,"['IHC stained light micrograph of extracellular amyloid-beta deposition in the human brain tissue. Based on the image, what is the most likely amyloid beta morphology pattern? Caa', 'IHC stained light micrograph of extracellular amyloid-beta deposition in the human brain tissue. Based on the image, what is the most likely amyloid beta morphology pattern? Cored', 'IHC stained light micrograph of extracellular amyloid-beta deposition in the human brain tissue. Based on the image, what is the most likely amyloid beta morphology pattern? Negative', 'IHC stained light micrograph of extracellular amyloid-beta deposition in the human brain tissue. Based on the image, what is the most likely amyloid beta morphology pattern? Diffuse', 'IHC stained light micrograph of extracellular amyloid-beta deposition in the human brain tissue. Based on the image, what is the most likely amyloid beta morphology pattern? none of the above']",670b52fa-7f34-4bba-9818-3a9437b9b241,Caa,0,"{'pred': [0], 'probs': [[0.5717262625694275, 0.08353479951620102, 0.1401366889476776, 0.020801430568099022, 0.1838008314371109]], 'pred_prompt': ['IHC stained light micrograph of extracellular amyloid-beta deposition in the human brain tissue. Based on the image, what is the most likely amyloid beta morphology pattern? Caa']}",0.5026999711990356,pathology,neuropathology,light microscopy,brightfield microscopy,
classification,"['IHC stained light micrograph of extracellular amyloid-beta deposition in the human brain tissue. Based on the image, what is the most likely amyloid beta morphology pattern? diffuse plaque', 'IHC stained light micrograph of extracellular amyloid-beta deposition in the human brain tissue. Based on the image, what is the most likely amyloid beta morphology pattern? cerebral amyloid angiopathy', 'IHC stained light micrograph of extracellular amyloid-beta deposition in the human brain tissue. Based on the image, what is the most likely amyloid beta morphology pattern? cored plaque', 'IHC stained light micrograph of extracellular amyloid-beta deposition in the human brain tissue. Based on the image, what is the most likely amyloid beta morphology pattern? negative', 'IHC stained light micrograph of extracellular amyloid-beta deposition in the human brain tissue. Based on the image, what is the most likely amyloid beta morphology pattern? none of the above']",70334b51-6aa8-45cf-a4e6-553cd8c6c5ef,diffuse plaque,0,"{'pred': [2], 'probs': [[0.15653346478939056, 0.1051321029663086, 0.4837377071380615, 0.08259502798318863, 0.1720016896724701]], 'pred_prompt': ['IHC stained light micrograph of extracellular amyloid-beta deposition in the human brain tissue. Based on the image, what is the most likely amyloid beta morphology pattern? cored plaque']}",0.5026999711990356,pathology,neuropathology,light microscopy,brightfield microscopy,
classification,"['IHC stained light micrograph of extracellular amyloid-beta deposition in the human brain tissue. Based on the image, what is the most likely amyloid beta morphology pattern? Negative', 'IHC stained light micrograph of extracellular amyloid-beta deposition in the human brain tissue. Based on the image, what is the most likely amyloid beta morphology pattern? Diffuse', 'IHC stained light micrograph of extracellular amyloid-beta deposition in the human brain tissue. Based on the image, what is the most likely amyloid beta morphology pattern? Cored', 'IHC stained light micrograph of extracellular amyloid-beta deposition in the human brain tissue. Based on the image, what is the most likely amyloid beta morphology pattern? Caa', 'IHC stained light micrograph of extracellular amyloid-beta deposition in the human brain tissue. Based on the image, what is the most likely amyloid beta morphology pattern? none of the above']",1ee430e9-f4ed-4219-ac0f-f82e61df893a,Cored,2,"{'pred': [3], 'probs': [[0.055191174149513245, 0.02497749961912632, 0.3985370397567749, 0.4295787215232849, 0.09171554446220398]], 'pred_prompt': ['IHC stained light micrograph of extracellular amyloid-beta deposition in the human brain tissue. Based on the image, what is the most likely amyloid beta morphology pattern? Caa']}",0.5026999711990356,pathology,neuropathology,light microscopy,brightfield microscopy,
classification,"['IHC stained light micrograph of extracellular amyloid-beta deposition in the human brain tissue. Based on the image, what is the most likely amyloid beta morphology pattern? diffuse plaque', 'IHC stained light micrograph of extracellular amyloid-beta deposition in the human brain tissue. Based on the image, what is the most likely amyloid beta morphology pattern? negative', 'IHC stained light micrograph of extracellular amyloid-beta deposition in the human brain tissue. Based on the image, what is the most likely amyloid beta morphology pattern? cored plaque', 'IHC stained light micrograph of extracellular amyloid-beta deposition in the human brain tissue. Based on the image, what is the most likely amyloid beta morphology pattern? cerebral amyloid angiopathy', 'IHC stained light micrograph of extracellular amyloid-beta deposition in the human brain tissue. Based on the image, what is the most likely amyloid beta morphology pattern? none of the above']",3ba94fb5-35c2-4ec3-b0e1-172e63b7bd5f,diffuse plaque,0,"{'pred': [2], 'probs': [[0.0781388208270073, 0.09190299361944199, 0.4819048345088959, 0.16705723106861115, 0.1809961497783661]], 'pred_prompt': ['IHC stained light micrograph of extracellular amyloid-beta deposition in the human brain tissue. Based on the image, what is the most likely amyloid beta morphology pattern? cored plaque']}",0.5026999711990356,pathology,neuropathology,light microscopy,brightfield microscopy,
classification,"['IHC stained light micrograph of extracellular amyloid-beta deposition in the human brain tissue. Based on the image, what is the most likely amyloid beta morphology pattern? Diffuse', 'IHC stained light micrograph of extracellular amyloid-beta deposition in the human brain tissue. Based on the image, what is the most likely amyloid beta morphology pattern? Negative', 'IHC stained light micrograph of extracellular amyloid-beta deposition in the human brain tissue. Based on the image, what is the most likely amyloid beta morphology pattern? Cored', 'IHC stained light micrograph of extracellular amyloid-beta deposition in the human brain tissue. Based on the image, what is the most likely amyloid beta morphology pattern? Caa', 'IHC stained light micrograph of extracellular amyloid-beta deposition in the human brain tissue. Based on the image, what is the most likely amyloid beta morphology pattern? none of the above']",b2c1e494-8919-4ac7-b746-2afe2bf200a1,Negative,1,"{'pred': [4], 'probs': [[0.1310720145702362, 0.24057580530643463, 0.23635050654411316, 0.11555024236440659, 0.27645143866539]], 'pred_prompt': ['IHC stained light micrograph of extracellular amyloid-beta deposition in the human brain tissue. Based on the image, what is the most likely amyloid beta morphology pattern? none of the above']}",0.5026999711990356,pathology,neuropathology,light microscopy,brightfield microscopy,
classification,"['IHC stained light micrograph of extracellular amyloid-beta deposition in the human brain tissue. Based on the image, what is the most likely amyloid beta morphology pattern? negative', 'IHC stained light micrograph of extracellular amyloid-beta deposition in the human brain tissue. Based on the image, what is the most likely amyloid beta morphology pattern? cored plaque', 'IHC stained light micrograph of extracellular amyloid-beta deposition in the human brain tissue. Based on the image, what is the most likely amyloid beta morphology pattern? diffuse plaque', 'IHC stained light micrograph of extracellular amyloid-beta deposition in the human brain tissue. Based on the image, what is the most likely amyloid beta morphology pattern? cerebral amyloid angiopathy', 'IHC stained light micrograph of extracellular amyloid-beta deposition in the human brain tissue. Based on the image, what is the most likely amyloid beta morphology pattern? none of the above']",8667f677-c191-407f-978e-248199f783fd,negative,0,"{'pred': [4], 'probs': [[0.2561344504356384, 0.2704163193702698, 0.04948261380195618, 0.10754039138555527, 0.31642621755599976]], 'pred_prompt': ['IHC stained light micrograph of extracellular amyloid-beta deposition in the human brain tissue. Based on the image, what is the most likely amyloid beta morphology pattern? none of the above']}",0.5026999711990356,pathology,neuropathology,light microscopy,brightfield microscopy,
classification,"['IHC stained light micrograph of extracellular amyloid-beta deposition in the human brain tissue. Based on the image, what is the most likely amyloid beta morphology pattern? Negative', 'IHC stained light micrograph of extracellular amyloid-beta deposition in the human brain tissue. Based on the image, what is the most likely amyloid beta morphology pattern? Cored', 'IHC stained light micrograph of extracellular amyloid-beta deposition in the human brain tissue. Based on the image, what is the most likely amyloid beta morphology pattern? Caa', 'IHC stained light micrograph of extracellular amyloid-beta deposition in the human brain tissue. Based on the image, what is the most likely amyloid beta morphology pattern? Diffuse', 'IHC stained light micrograph of extracellular amyloid-beta deposition in the human brain tissue. Based on the image, what is the most likely amyloid beta morphology pattern? none of the above']",9501cb53-7ad1-4d50-90a9-f6f1d2e832e4,Diffuse,3,"{'pred': [2], 'probs': [[0.07298576086759567, 0.23962809145450592, 0.3474194407463074, 0.24193444848060608, 0.09803229570388794]], 'pred_prompt': ['IHC stained light micrograph of extracellular amyloid-beta deposition in the human brain tissue. Based on the image, what is the most likely amyloid beta morphology pattern? Caa']}",0.5026999711990356,pathology,neuropathology,light microscopy,brightfield microscopy,
classification,"['IHC stained light micrograph of extracellular amyloid-beta deposition in the human brain tissue. Based on the image, what is the most likely amyloid beta morphology pattern? diffuse plaque', 'IHC stained light micrograph of extracellular amyloid-beta deposition in the human brain tissue. Based on the image, what is the most likely amyloid beta morphology pattern? negative', 'IHC stained light micrograph of extracellular amyloid-beta deposition in the human brain tissue. Based on the image, what is the most likely amyloid beta morphology pattern? cerebral amyloid angiopathy', 'IHC stained light micrograph of extracellular amyloid-beta deposition in the human brain tissue. Based on the image, what is the most likely amyloid beta morphology pattern? cored plaque', 'IHC stained light micrograph of extracellular amyloid-beta deposition in the human brain tissue. Based on the image, what is the most likely amyloid beta morphology pattern? none of the above']",4540fcbe-b30b-4ad9-b0c3-7601900ed1fc,diffuse plaque,0,"{'pred': [4], 'probs': [[0.23123309016227722, 0.13594789803028107, 0.1710536777973175, 0.11705946922302246, 0.34470587968826294]], 'pred_prompt': ['IHC stained light micrograph of extracellular amyloid-beta deposition in the human brain tissue. Based on the image, what is the most likely amyloid beta morphology pattern? none of the above']}",0.5026999711990356,pathology,neuropathology,light microscopy,brightfield microscopy,
classification,"['IHC stained light micrograph of extracellular amyloid-beta deposition in the human brain tissue. Based on the image, what is the most likely amyloid beta morphology pattern? Caa', 'IHC stained light micrograph of extracellular amyloid-beta deposition in the human brain tissue. Based on the image, what is the most likely amyloid beta morphology pattern? Diffuse', 'IHC stained light micrograph of extracellular amyloid-beta deposition in the human brain tissue. Based on the image, what is the most likely amyloid beta morphology pattern? Cored', 'IHC stained light micrograph of extracellular amyloid-beta deposition in the human brain tissue. Based on the image, what is the most likely amyloid beta morphology pattern? Negative', 'IHC stained light micrograph of extracellular amyloid-beta deposition in the human brain tissue. Based on the image, what is the most likely amyloid beta morphology pattern? none of the above']",b5411983-137f-4521-801c-e2de3f8cea75,Negative,3,"{'pred': [2], 'probs': [[0.12638568878173828, 0.18984253704547882, 0.4737306237220764, 0.07701791822910309, 0.13302326202392578]], 'pred_prompt': ['IHC stained light micrograph of extracellular amyloid-beta deposition in the human brain tissue. Based on the image, what is the most likely amyloid beta morphology pattern? Cored']}",0.5026999711990356,pathology,neuropathology,light microscopy,brightfield microscopy,
classification,"['IHC stained light micrograph of extracellular amyloid-beta deposition in the human brain tissue. Based on the image, what is the most likely amyloid beta morphology pattern? cored plaque', 'IHC stained light micrograph of extracellular amyloid-beta deposition in the human brain tissue. Based on the image, what is the most likely amyloid beta morphology pattern? diffuse plaque', 'IHC stained light micrograph of extracellular amyloid-beta deposition in the human brain tissue. Based on the image, what is the most likely amyloid beta morphology pattern? cerebral amyloid angiopathy', 'IHC stained light micrograph of extracellular amyloid-beta deposition in the human brain tissue. Based on the image, what is the most likely amyloid beta morphology pattern? negative', 'IHC stained light micrograph of extracellular amyloid-beta deposition in the human brain tissue. Based on the image, what is the most likely amyloid beta morphology pattern? none of the above']",dd32d9e8-a0a0-4c58-999e-4fd06fbf97dd,diffuse plaque,1,"{'pred': [4], 'probs': [[0.12481006234884262, 0.29542046785354614, 0.11774168908596039, 0.1353612244129181, 0.3266665041446686]], 'pred_prompt': ['IHC stained light micrograph of extracellular amyloid-beta deposition in the human brain tissue. Based on the image, what is the most likely amyloid beta morphology pattern? none of the above']}",0.5026999711990356,pathology,neuropathology,light microscopy,brightfield microscopy,
classification,"['IHC stained light micrograph of extracellular amyloid-beta deposition in the human brain tissue. Based on the image, what is the most likely amyloid beta morphology pattern? cerebral amyloid angiopathy', 'IHC stained light micrograph of extracellular amyloid-beta deposition in the human brain tissue. Based on the image, what is the most likely amyloid beta morphology pattern? negative', 'IHC stained light micrograph of extracellular amyloid-beta deposition in the human brain tissue. Based on the image, what is the most likely amyloid beta morphology pattern? cored plaque', 'IHC stained light micrograph of extracellular amyloid-beta deposition in the human brain tissue. Based on the image, what is the most likely amyloid beta morphology pattern? diffuse plaque', 'IHC stained light micrograph of extracellular amyloid-beta deposition in the human brain tissue. Based on the image, what is the most likely amyloid beta morphology pattern? none of the above']",9cdb7dd9-5e7d-4906-96ac-9e6077608ae6,diffuse plaque,3,"{'pred': [3], 'probs': [[0.11355860531330109, 0.09123890846967697, 0.28916022181510925, 0.34649956226348877, 0.15954270958900452]], 'pred_prompt': ['IHC stained light micrograph of extracellular amyloid-beta deposition in the human brain tissue. Based on the image, what is the most likely amyloid beta morphology pattern? diffuse plaque']}",0.5026999711990356,pathology,neuropathology,light microscopy,brightfield microscopy,
classification,"['IHC stained light micrograph of extracellular amyloid-beta deposition in the human brain tissue. Based on the image, what is the most likely amyloid beta morphology pattern? cerebral amyloid angiopathy', 'IHC stained light micrograph of extracellular amyloid-beta deposition in the human brain tissue. Based on the image, what is the most likely amyloid beta morphology pattern? diffuse plaque', 'IHC stained light micrograph of extracellular amyloid-beta deposition in the human brain tissue. Based on the image, what is the most likely amyloid beta morphology pattern? negative', 'IHC stained light micrograph of extracellular amyloid-beta deposition in the human brain tissue. Based on the image, what is the most likely amyloid beta morphology pattern? cored plaque', 'IHC stained light micrograph of extracellular amyloid-beta deposition in the human brain tissue. Based on the image, what is the most likely amyloid beta morphology pattern? none of the above']",5cb048f2-f3a7-4c5b-9ae4-3837a51b9fa4,diffuse plaque,1,"{'pred': [1], 'probs': [[0.08542516827583313, 0.3297256529331207, 0.09430019557476044, 0.29878363013267517, 0.19176536798477173]], 'pred_prompt': ['IHC stained light micrograph of extracellular amyloid-beta deposition in the human brain tissue. Based on the image, what is the most likely amyloid beta morphology pattern? diffuse plaque']}",0.5026999711990356,pathology,neuropathology,light microscopy,brightfield microscopy,
classification,"['IHC stained light micrograph of extracellular amyloid-beta deposition in the human brain tissue. Based on the image, what is the most likely amyloid beta morphology pattern? Diffuse', 'IHC stained light micrograph of extracellular amyloid-beta deposition in the human brain tissue. Based on the image, what is the most likely amyloid beta morphology pattern? Cored', 'IHC stained light micrograph of extracellular amyloid-beta deposition in the human brain tissue. Based on the image, what is the most likely amyloid beta morphology pattern? Negative', 'IHC stained light micrograph of extracellular amyloid-beta deposition in the human brain tissue. Based on the image, what is the most likely amyloid beta morphology pattern? Caa', 'IHC stained light micrograph of extracellular amyloid-beta deposition in the human brain tissue. Based on the image, what is the most likely amyloid beta morphology pattern? none of the above']",fdf13430-b3e2-4396-af53-77285152a530,Diffuse,0,"{'pred': [1], 'probs': [[0.055742036551237106, 0.7940365672111511, 0.02685163915157318, 0.05169553682208061, 0.07167419046163559]], 'pred_prompt': ['IHC stained light micrograph of extracellular amyloid-beta deposition in the human brain tissue. Based on the image, what is the most likely amyloid beta morphology pattern? Cored']}",0.5026999711990356,pathology,neuropathology,light microscopy,brightfield microscopy,
classification,"['IHC stained light micrograph of extracellular amyloid-beta deposition in the human brain tissue. Based on the image, what is the most likely amyloid beta morphology pattern? Negative', 'IHC stained light micrograph of extracellular amyloid-beta deposition in the human brain tissue. Based on the image, what is the most likely amyloid beta morphology pattern? Cored', 'IHC stained light micrograph of extracellular amyloid-beta deposition in the human brain tissue. Based on the image, what is the most likely amyloid beta morphology pattern? Diffuse', 'IHC stained light micrograph of extracellular amyloid-beta deposition in the human brain tissue. Based on the image, what is the most likely amyloid beta morphology pattern? Caa', 'IHC stained light micrograph of extracellular amyloid-beta deposition in the human brain tissue. Based on the image, what is the most likely amyloid beta morphology pattern? none of the above']",2ff1485e-42d3-412d-be6d-17a94febda0e,Caa,3,"{'pred': [1], 'probs': [[0.1895444691181183, 0.35007020831108093, 0.04702556133270264, 0.16000747680664062, 0.2533522844314575]], 'pred_prompt': ['IHC stained light micrograph of extracellular amyloid-beta deposition in the human brain tissue. Based on the image, what is the most likely amyloid beta morphology pattern? Cored']}",0.5026999711990356,pathology,neuropathology,light microscopy,brightfield microscopy,
classification,"['IHC stained light micrograph of extracellular amyloid-beta deposition in the human brain tissue. Based on the image, what is the most likely amyloid beta morphology pattern? Negative', 'IHC stained light micrograph of extracellular amyloid-beta deposition in the human brain tissue. Based on the image, what is the most likely amyloid beta morphology pattern? Cored', 'IHC stained light micrograph of extracellular amyloid-beta deposition in the human brain tissue. Based on the image, what is the most likely amyloid beta morphology pattern? Diffuse', 'IHC stained light micrograph of extracellular amyloid-beta deposition in the human brain tissue. Based on the image, what is the most likely amyloid beta morphology pattern? Caa', 'IHC stained light micrograph of extracellular amyloid-beta deposition in the human brain tissue. Based on the image, what is the most likely amyloid beta morphology pattern? none of the above']",c68662b6-b4d6-4e3f-9056-6b13cf0d0304,Cored,1,"{'pred': [3], 'probs': [[0.05106448009610176, 0.23073190450668335, 0.03065807931125164, 0.5963854193687439, 0.09116015583276749]], 'pred_prompt': ['IHC stained light micrograph of extracellular amyloid-beta deposition in the human brain tissue. Based on the image, what is the most likely amyloid beta morphology pattern? Caa']}",0.5026999711990356,pathology,neuropathology,light microscopy,brightfield microscopy,
classification,"['IHC stained light micrograph of extracellular amyloid-beta deposition in the human brain tissue. Based on the image, what is the most likely amyloid beta morphology pattern? Cored', 'IHC stained light micrograph of extracellular amyloid-beta deposition in the human brain tissue. Based on the image, what is the most likely amyloid beta morphology pattern? Caa', 'IHC stained light micrograph of extracellular amyloid-beta deposition in the human brain tissue. Based on the image, what is the most likely amyloid beta morphology pattern? Negative', 'IHC stained light micrograph of extracellular amyloid-beta deposition in the human brain tissue. Based on the image, what is the most likely amyloid beta morphology pattern? Diffuse', 'IHC stained light micrograph of extracellular amyloid-beta deposition in the human brain tissue. Based on the image, what is the most likely amyloid beta morphology pattern? none of the above']",442abc45-a114-4637-8175-2d5c297c2ed7,Cored,0,"{'pred': [0], 'probs': [[0.5753896236419678, 0.11877505481243134, 0.08182986080646515, 0.04762962833046913, 0.17637582123279572]], 'pred_prompt': ['IHC stained light micrograph of extracellular amyloid-beta deposition in the human brain tissue. Based on the image, what is the most likely amyloid beta morphology pattern? Cored']}",0.5026999711990356,pathology,neuropathology,light microscopy,brightfield microscopy,
classification,"['IHC stained light micrograph of extracellular amyloid-beta deposition in the human brain tissue. Based on the image, what is the most likely amyloid beta morphology pattern? Diffuse', 'IHC stained light micrograph of extracellular amyloid-beta deposition in the human brain tissue. Based on the image, what is the most likely amyloid beta morphology pattern? Negative', 'IHC stained light micrograph of extracellular amyloid-beta deposition in the human brain tissue. Based on the image, what is the most likely amyloid beta morphology pattern? Caa', 'IHC stained light micrograph of extracellular amyloid-beta deposition in the human brain tissue. Based on the image, what is the most likely amyloid beta morphology pattern? Cored', 'IHC stained light micrograph of extracellular amyloid-beta deposition in the human brain tissue. Based on the image, what is the most likely amyloid beta morphology pattern? none of the above']",256ec93a-155c-4b7d-b826-e7d1caa790b3,Caa,2,"{'pred': [2], 'probs': [[0.06101606413722038, 0.08664757758378983, 0.3315945267677307, 0.2806316018104553, 0.24011020362377167]], 'pred_prompt': ['IHC stained light micrograph of extracellular amyloid-beta deposition in the human brain tissue. Based on the image, what is the most likely amyloid beta morphology pattern? Caa']}",0.5026999711990356,pathology,neuropathology,light microscopy,brightfield microscopy,
classification,"['IHC stained light micrograph of extracellular amyloid-beta deposition in the human brain tissue. Based on the image, what is the most likely amyloid beta morphology pattern? Negative', 'IHC stained light micrograph of extracellular amyloid-beta deposition in the human brain tissue. Based on the image, what is the most likely amyloid beta morphology pattern? Diffuse', 'IHC stained light micrograph of extracellular amyloid-beta deposition in the human brain tissue. Based on the image, what is the most likely amyloid beta morphology pattern? Cored', 'IHC stained light micrograph of extracellular amyloid-beta deposition in the human brain tissue. Based on the image, what is the most likely amyloid beta morphology pattern? Caa', 'IHC stained light micrograph of extracellular amyloid-beta deposition in the human brain tissue. Based on the image, what is the most likely amyloid beta morphology pattern? none of the above']",92417a08-8107-442e-bc63-3991d8eed836,Diffuse,1,"{'pred': [2], 'probs': [[0.05424428731203079, 0.06720362603664398, 0.6796420216560364, 0.11492499709129333, 0.08398507535457611]], 'pred_prompt': ['IHC stained light micrograph of extracellular amyloid-beta deposition in the human brain tissue. Based on the image, what is the most likely amyloid beta morphology pattern? Cored']}",0.5026999711990356,pathology,neuropathology,light microscopy,brightfield microscopy,
classification,"['IHC stained light micrograph of extracellular amyloid-beta deposition in the human brain tissue. Based on the image, what is the most likely amyloid beta morphology pattern? diffuse plaque', 'IHC stained light micrograph of extracellular amyloid-beta deposition in the human brain tissue. Based on the image, what is the most likely amyloid beta morphology pattern? cerebral amyloid angiopathy', 'IHC stained light micrograph of extracellular amyloid-beta deposition in the human brain tissue. Based on the image, what is the most likely amyloid beta morphology pattern? cored plaque', 'IHC stained light micrograph of extracellular amyloid-beta deposition in the human brain tissue. Based on the image, what is the most likely amyloid beta morphology pattern? negative', 'IHC stained light micrograph of extracellular amyloid-beta deposition in the human brain tissue. Based on the image, what is the most likely amyloid beta morphology pattern? none of the above']",15992e53-de46-413e-84ea-c6a0f78d8000,diffuse plaque,0,"{'pred': [2], 'probs': [[0.26014044880867004, 0.06841481477022171, 0.4066998064517975, 0.09621572494506836, 0.1685292273759842]], 'pred_prompt': ['IHC stained light micrograph of extracellular amyloid-beta deposition in the human brain tissue. Based on the image, what is the most likely amyloid beta morphology pattern? cored plaque']}",0.5026999711990356,pathology,neuropathology,light microscopy,brightfield microscopy,
classification,"['IHC stained light micrograph of extracellular amyloid-beta deposition in the human brain tissue. Based on the image, what is the most likely amyloid beta morphology pattern? Cored', 'IHC stained light micrograph of extracellular amyloid-beta deposition in the human brain tissue. Based on the image, what is the most likely amyloid beta morphology pattern? Negative', 'IHC stained light micrograph of extracellular amyloid-beta deposition in the human brain tissue. Based on the image, what is the most likely amyloid beta morphology pattern? Caa', 'IHC stained light micrograph of extracellular amyloid-beta deposition in the human brain tissue. Based on the image, what is the most likely amyloid beta morphology pattern? Diffuse', 'IHC stained light micrograph of extracellular amyloid-beta deposition in the human brain tissue. Based on the image, what is the most likely amyloid beta morphology pattern? none of the above']",6884bedf-d2cd-471b-93d8-940936ef92b3,Caa,2,"{'pred': [4], 'probs': [[0.16417010128498077, 0.15354494750499725, 0.19153057038784027, 0.09844810515642166, 0.3923061788082123]], 'pred_prompt': ['IHC stained light micrograph of extracellular amyloid-beta deposition in the human brain tissue. Based on the image, what is the most likely amyloid beta morphology pattern? none of the above']}",0.5026999711990356,pathology,neuropathology,light microscopy,brightfield microscopy,
classification,"['IHC stained light micrograph of extracellular amyloid-beta deposition in the human brain tissue. Based on the image, what is the most likely amyloid beta morphology pattern? Caa', 'IHC stained light micrograph of extracellular amyloid-beta deposition in the human brain tissue. Based on the image, what is the most likely amyloid beta morphology pattern? Cored', 'IHC stained light micrograph of extracellular amyloid-beta deposition in the human brain tissue. Based on the image, what is the most likely amyloid beta morphology pattern? Negative', 'IHC stained light micrograph of extracellular amyloid-beta deposition in the human brain tissue. Based on the image, what is the most likely amyloid beta morphology pattern? Diffuse', 'IHC stained light micrograph of extracellular amyloid-beta deposition in the human brain tissue. Based on the image, what is the most likely amyloid beta morphology pattern? none of the above']",e402ca9b-271e-4fc6-bc12-309020a3813f,Diffuse,3,"{'pred': [1], 'probs': [[0.2110658437013626, 0.4275798201560974, 0.15693403780460358, 0.04470085725188255, 0.15971945226192474]], 'pred_prompt': ['IHC stained light micrograph of extracellular amyloid-beta deposition in the human brain tissue. Based on the image, what is the most likely amyloid beta morphology pattern? Cored']}",0.5026999711990356,pathology,neuropathology,light microscopy,brightfield microscopy,
classification,"['IHC stained light micrograph of extracellular amyloid-beta deposition in the human brain tissue. Based on the image, what is the most likely amyloid beta morphology pattern? Cored', 'IHC stained light micrograph of extracellular amyloid-beta deposition in the human brain tissue. Based on the image, what is the most likely amyloid beta morphology pattern? Negative', 'IHC stained light micrograph of extracellular amyloid-beta deposition in the human brain tissue. Based on the image, what is the most likely amyloid beta morphology pattern? Caa', 'IHC stained light micrograph of extracellular amyloid-beta deposition in the human brain tissue. Based on the image, what is the most likely amyloid beta morphology pattern? Diffuse', 'IHC stained light micrograph of extracellular amyloid-beta deposition in the human brain tissue. Based on the image, what is the most likely amyloid beta morphology pattern? none of the above']",0464e256-43fe-4ef7-9504-9a3f70e8e80c,Caa,2,"{'pred': [2], 'probs': [[0.23683497309684753, 0.20147095620632172, 0.26806581020355225, 0.04191850870847702, 0.2517097592353821]], 'pred_prompt': ['IHC stained light micrograph of extracellular amyloid-beta deposition in the human brain tissue. Based on the image, what is the most likely amyloid beta morphology pattern? Caa']}",0.5026999711990356,pathology,neuropathology,light microscopy,brightfield microscopy,
classification,"['IHC stained light micrograph of extracellular amyloid-beta deposition in the human brain tissue. Based on the image, what is the most likely amyloid beta morphology pattern? cerebral amyloid angiopathy', 'IHC stained light micrograph of extracellular amyloid-beta deposition in the human brain tissue. Based on the image, what is the most likely amyloid beta morphology pattern? diffuse plaque', 'IHC stained light micrograph of extracellular amyloid-beta deposition in the human brain tissue. Based on the image, what is the most likely amyloid beta morphology pattern? negative', 'IHC stained light micrograph of extracellular amyloid-beta deposition in the human brain tissue. Based on the image, what is the most likely amyloid beta morphology pattern? cored plaque', 'IHC stained light micrograph of extracellular amyloid-beta deposition in the human brain tissue. Based on the image, what is the most likely amyloid beta morphology pattern? none of the above']",a7d566e5-5be1-4cea-b651-95e0ec41db65,diffuse plaque,1,"{'pred': [3], 'probs': [[0.1661357581615448, 0.19843609631061554, 0.15363286435604095, 0.2642686367034912, 0.2175266146659851]], 'pred_prompt': ['IHC stained light micrograph of extracellular amyloid-beta deposition in the human brain tissue. Based on the image, what is the most likely amyloid beta morphology pattern? cored plaque']}",0.5026999711990356,pathology,neuropathology,light microscopy,brightfield microscopy,
classification,"['IHC stained light micrograph of extracellular amyloid-beta deposition in the human brain tissue. Based on the image, what is the most likely amyloid beta morphology pattern? cerebral amyloid angiopathy', 'IHC stained light micrograph of extracellular amyloid-beta deposition in the human brain tissue. Based on the image, what is the most likely amyloid beta morphology pattern? diffuse plaque', 'IHC stained light micrograph of extracellular amyloid-beta deposition in the human brain tissue. Based on the image, what is the most likely amyloid beta morphology pattern? cored plaque', 'IHC stained light micrograph of extracellular amyloid-beta deposition in the human brain tissue. Based on the image, what is the most likely amyloid beta morphology pattern? negative', 'IHC stained light micrograph of extracellular amyloid-beta deposition in the human brain tissue. Based on the image, what is the most likely amyloid beta morphology pattern? none of the above']",5eecb2b3-2f94-4eac-b354-04c21a092679,cored plaque,2,"{'pred': [2], 'probs': [[0.10642235726118088, 0.06939658522605896, 0.41890794038772583, 0.14295423030853271, 0.2623189687728882]], 'pred_prompt': ['IHC stained light micrograph of extracellular amyloid-beta deposition in the human brain tissue. Based on the image, what is the most likely amyloid beta morphology pattern? cored plaque']}",0.5026999711990356,pathology,neuropathology,light microscopy,brightfield microscopy,
classification,"['IHC stained light micrograph of extracellular amyloid-beta deposition in the human brain tissue. Based on the image, what is the most likely amyloid beta morphology pattern? Caa', 'IHC stained light micrograph of extracellular amyloid-beta deposition in the human brain tissue. Based on the image, what is the most likely amyloid beta morphology pattern? Negative', 'IHC stained light micrograph of extracellular amyloid-beta deposition in the human brain tissue. Based on the image, what is the most likely amyloid beta morphology pattern? Diffuse', 'IHC stained light micrograph of extracellular amyloid-beta deposition in the human brain tissue. Based on the image, what is the most likely amyloid beta morphology pattern? Cored', 'IHC stained light micrograph of extracellular amyloid-beta deposition in the human brain tissue. Based on the image, what is the most likely amyloid beta morphology pattern? none of the above']",191d40cd-1670-49a2-a1f1-92dc2eb7e1ba,Diffuse,2,"{'pred': [4], 'probs': [[0.22647294402122498, 0.22279347479343414, 0.08680365979671478, 0.18002627789974213, 0.2839036285877228]], 'pred_prompt': ['IHC stained light micrograph of extracellular amyloid-beta deposition in the human brain tissue. Based on the image, what is the most likely amyloid beta morphology pattern? none of the above']}",0.5026999711990356,pathology,neuropathology,light microscopy,brightfield microscopy,
classification,"['IHC stained light micrograph of extracellular amyloid-beta deposition in the human brain tissue. Based on the image, what is the most likely amyloid beta morphology pattern? Caa', 'IHC stained light micrograph of extracellular amyloid-beta deposition in the human brain tissue. Based on the image, what is the most likely amyloid beta morphology pattern? Diffuse', 'IHC stained light micrograph of extracellular amyloid-beta deposition in the human brain tissue. Based on the image, what is the most likely amyloid beta morphology pattern? Negative', 'IHC stained light micrograph of extracellular amyloid-beta deposition in the human brain tissue. Based on the image, what is the most likely amyloid beta morphology pattern? Cored', 'IHC stained light micrograph of extracellular amyloid-beta deposition in the human brain tissue. Based on the image, what is the most likely amyloid beta morphology pattern? none of the above']",313ce239-c11f-4378-a35a-8f2fa7e4f479,Cored,3,"{'pred': [3], 'probs': [[0.13483956456184387, 0.11651375889778137, 0.03881075978279114, 0.6028307676315308, 0.10700512677431107]], 'pred_prompt': ['IHC stained light micrograph of extracellular amyloid-beta deposition in the human brain tissue. Based on the image, what is the most likely amyloid beta morphology pattern? Cored']}",0.5026999711990356,pathology,neuropathology,light microscopy,brightfield microscopy,
classification,"['IHC stained light micrograph of extracellular amyloid-beta deposition in the human brain tissue. Based on the image, what is the most likely amyloid beta morphology pattern? diffuse plaque', 'IHC stained light micrograph of extracellular amyloid-beta deposition in the human brain tissue. Based on the image, what is the most likely amyloid beta morphology pattern? cored plaque', 'IHC stained light micrograph of extracellular amyloid-beta deposition in the human brain tissue. Based on the image, what is the most likely amyloid beta morphology pattern? negative', 'IHC stained light micrograph of extracellular amyloid-beta deposition in the human brain tissue. Based on the image, what is the most likely amyloid beta morphology pattern? cerebral amyloid angiopathy', 'IHC stained light micrograph of extracellular amyloid-beta deposition in the human brain tissue. Based on the image, what is the most likely amyloid beta morphology pattern? none of the above']",1b250d16-66b3-42e9-a4ef-42b620897530,diffuse plaque,0,"{'pred': [1], 'probs': [[0.27674180269241333, 0.33494189381599426, 0.08213429152965546, 0.15810193121433258, 0.14808005094528198]], 'pred_prompt': ['IHC stained light micrograph of extracellular amyloid-beta deposition in the human brain tissue. Based on the image, what is the most likely amyloid beta morphology pattern? cored plaque']}",0.5026999711990356,pathology,neuropathology,light microscopy,brightfield microscopy,
classification,"['IHC stained light micrograph of extracellular amyloid-beta deposition in the human brain tissue. Based on the image, what is the most likely amyloid beta morphology pattern? cerebral amyloid angiopathy', 'IHC stained light micrograph of extracellular amyloid-beta deposition in the human brain tissue. Based on the image, what is the most likely amyloid beta morphology pattern? cored plaque', 'IHC stained light micrograph of extracellular amyloid-beta deposition in the human brain tissue. Based on the image, what is the most likely amyloid beta morphology pattern? diffuse plaque', 'IHC stained light micrograph of extracellular amyloid-beta deposition in the human brain tissue. Based on the image, what is the most likely amyloid beta morphology pattern? negative', 'IHC stained light micrograph of extracellular amyloid-beta deposition in the human brain tissue. Based on the image, what is the most likely amyloid beta morphology pattern? none of the above']",a34175de-31a7-4177-bc4a-2278dbd566ec,diffuse plaque,2,"{'pred': [1], 'probs': [[0.09991997480392456, 0.45855915546417236, 0.24971309304237366, 0.06603424996137619, 0.1257735937833786]], 'pred_prompt': ['IHC stained light micrograph of extracellular amyloid-beta deposition in the human brain tissue. Based on the image, what is the most likely amyloid beta morphology pattern? cored plaque']}",0.5026999711990356,pathology,neuropathology,light microscopy,brightfield microscopy,
classification,"['IHC stained light micrograph of extracellular amyloid-beta deposition in the human brain tissue. Based on the image, what is the most likely amyloid beta morphology pattern? negative', 'IHC stained light micrograph of extracellular amyloid-beta deposition in the human brain tissue. Based on the image, what is the most likely amyloid beta morphology pattern? cerebral amyloid angiopathy', 'IHC stained light micrograph of extracellular amyloid-beta deposition in the human brain tissue. Based on the image, what is the most likely amyloid beta morphology pattern? cored plaque', 'IHC stained light micrograph of extracellular amyloid-beta deposition in the human brain tissue. Based on the image, what is the most likely amyloid beta morphology pattern? diffuse plaque', 'IHC stained light micrograph of extracellular amyloid-beta deposition in the human brain tissue. Based on the image, what is the most likely amyloid beta morphology pattern? none of the above']",698f9a28-0e7c-458e-80a4-83e1e561937f,negative,0,"{'pred': [4], 'probs': [[0.22136758267879486, 0.15365831553936005, 0.14688153564929962, 0.18846586346626282, 0.28962671756744385]], 'pred_prompt': ['IHC stained light micrograph of extracellular amyloid-beta deposition in the human brain tissue. Based on the image, what is the most likely amyloid beta morphology pattern? none of the above']}",0.5026999711990356,pathology,neuropathology,light microscopy,brightfield microscopy,
classification,"['IHC stained light micrograph of extracellular amyloid-beta deposition in the human brain tissue. Based on the image, what is the most likely amyloid beta morphology pattern? Negative', 'IHC stained light micrograph of extracellular amyloid-beta deposition in the human brain tissue. Based on the image, what is the most likely amyloid beta morphology pattern? Caa', 'IHC stained light micrograph of extracellular amyloid-beta deposition in the human brain tissue. Based on the image, what is the most likely amyloid beta morphology pattern? Cored', 'IHC stained light micrograph of extracellular amyloid-beta deposition in the human brain tissue. Based on the image, what is the most likely amyloid beta morphology pattern? Diffuse', 'IHC stained light micrograph of extracellular amyloid-beta deposition in the human brain tissue. Based on the image, what is the most likely amyloid beta morphology pattern? none of the above']",e9e0cd86-0a5b-44f7-976c-79d5496c0101,Diffuse,3,"{'pred': [2], 'probs': [[0.11495275795459747, 0.2409137636423111, 0.3586087226867676, 0.07495629042387009, 0.21056844294071198]], 'pred_prompt': ['IHC stained light micrograph of extracellular amyloid-beta deposition in the human brain tissue. Based on the image, what is the most likely amyloid beta morphology pattern? Cored']}",0.5026999711990356,pathology,neuropathology,light microscopy,brightfield microscopy,
classification,"['IHC stained light micrograph of extracellular amyloid-beta deposition in the human brain tissue. Based on the image, what is the most likely amyloid beta morphology pattern? cerebral amyloid angiopathy', 'IHC stained light micrograph of extracellular amyloid-beta deposition in the human brain tissue. Based on the image, what is the most likely amyloid beta morphology pattern? negative', 'IHC stained light micrograph of extracellular amyloid-beta deposition in the human brain tissue. Based on the image, what is the most likely amyloid beta morphology pattern? diffuse plaque', 'IHC stained light micrograph of extracellular amyloid-beta deposition in the human brain tissue. Based on the image, what is the most likely amyloid beta morphology pattern? cored plaque', 'IHC stained light micrograph of extracellular amyloid-beta deposition in the human brain tissue. Based on the image, what is the most likely amyloid beta morphology pattern? none of the above']",d1f1ebe4-4772-4d90-997a-ba530cea6faa,diffuse plaque,2,"{'pred': [2], 'probs': [[0.1303798109292984, 0.04958334192633629, 0.4197680652141571, 0.3090975284576416, 0.09117129445075989]], 'pred_prompt': ['IHC stained light micrograph of extracellular amyloid-beta deposition in the human brain tissue. Based on the image, what is the most likely amyloid beta morphology pattern? diffuse plaque']}",0.5026999711990356,pathology,neuropathology,light microscopy,brightfield microscopy,
classification,"['IHC stained light micrograph of extracellular amyloid-beta deposition in the human brain tissue. Based on the image, what is the most likely amyloid beta morphology pattern? Caa', 'IHC stained light micrograph of extracellular amyloid-beta deposition in the human brain tissue. Based on the image, what is the most likely amyloid beta morphology pattern? Diffuse', 'IHC stained light micrograph of extracellular amyloid-beta deposition in the human brain tissue. Based on the image, what is the most likely amyloid beta morphology pattern? Negative', 'IHC stained light micrograph of extracellular amyloid-beta deposition in the human brain tissue. Based on the image, what is the most likely amyloid beta morphology pattern? Cored', 'IHC stained light micrograph of extracellular amyloid-beta deposition in the human brain tissue. Based on the image, what is the most likely amyloid beta morphology pattern? none of the above']",a45aef0e-b34a-434e-8f43-5110a863191e,Negative,2,"{'pred': [4], 'probs': [[0.038102343678474426, 0.07839132100343704, 0.20435650646686554, 0.1450401395559311, 0.5341097712516785]], 'pred_prompt': ['IHC stained light micrograph of extracellular amyloid-beta deposition in the human brain tissue. Based on the image, what is the most likely amyloid beta morphology pattern? none of the above']}",0.5026999711990356,pathology,neuropathology,light microscopy,brightfield microscopy,
classification,"['IHC stained light micrograph of extracellular amyloid-beta deposition in the human brain tissue. Based on the image, what is the most likely amyloid beta morphology pattern? Caa', 'IHC stained light micrograph of extracellular amyloid-beta deposition in the human brain tissue. Based on the image, what is the most likely amyloid beta morphology pattern? Negative', 'IHC stained light micrograph of extracellular amyloid-beta deposition in the human brain tissue. Based on the image, what is the most likely amyloid beta morphology pattern? Diffuse', 'IHC stained light micrograph of extracellular amyloid-beta deposition in the human brain tissue. Based on the image, what is the most likely amyloid beta morphology pattern? Cored', 'IHC stained light micrograph of extracellular amyloid-beta deposition in the human brain tissue. Based on the image, what is the most likely amyloid beta morphology pattern? none of the above']",9e1991a8-c40e-4a25-ab5c-235360a2fdd4,Diffuse,2,"{'pred': [3], 'probs': [[0.09958934783935547, 0.07951138913631439, 0.07477529346942902, 0.5432726144790649, 0.2028513252735138]], 'pred_prompt': ['IHC stained light micrograph of extracellular amyloid-beta deposition in the human brain tissue. Based on the image, what is the most likely amyloid beta morphology pattern? Cored']}",0.5026999711990356,pathology,neuropathology,light microscopy,brightfield microscopy,
classification,"['IHC stained light micrograph of extracellular amyloid-beta deposition in the human brain tissue. Based on the image, what is the most likely amyloid beta morphology pattern? negative', 'IHC stained light micrograph of extracellular amyloid-beta deposition in the human brain tissue. Based on the image, what is the most likely amyloid beta morphology pattern? cerebral amyloid angiopathy', 'IHC stained light micrograph of extracellular amyloid-beta deposition in the human brain tissue. Based on the image, what is the most likely amyloid beta morphology pattern? diffuse plaque', 'IHC stained light micrograph of extracellular amyloid-beta deposition in the human brain tissue. Based on the image, what is the most likely amyloid beta morphology pattern? cored plaque', 'IHC stained light micrograph of extracellular amyloid-beta deposition in the human brain tissue. Based on the image, what is the most likely amyloid beta morphology pattern? none of the above']",017edc20-9c58-4737-804c-b418b3fe05be,diffuse plaque,2,"{'pred': [2], 'probs': [[0.1739412546157837, 0.16278116405010223, 0.28151288628578186, 0.14019933342933655, 0.24156539142131805]], 'pred_prompt': ['IHC stained light micrograph of extracellular amyloid-beta deposition in the human brain tissue. Based on the image, what is the most likely amyloid beta morphology pattern? diffuse plaque']}",0.5026999711990356,pathology,neuropathology,light microscopy,brightfield microscopy,
classification,"['IHC stained light micrograph of extracellular amyloid-beta deposition in the human brain tissue. Based on the image, what is the most likely amyloid beta morphology pattern? Negative', 'IHC stained light micrograph of extracellular amyloid-beta deposition in the human brain tissue. Based on the image, what is the most likely amyloid beta morphology pattern? Diffuse', 'IHC stained light micrograph of extracellular amyloid-beta deposition in the human brain tissue. Based on the image, what is the most likely amyloid beta morphology pattern? Cored', 'IHC stained light micrograph of extracellular amyloid-beta deposition in the human brain tissue. Based on the image, what is the most likely amyloid beta morphology pattern? Caa', 'IHC stained light micrograph of extracellular amyloid-beta deposition in the human brain tissue. Based on the image, what is the most likely amyloid beta morphology pattern? none of the above']",25ca91a4-8541-47c9-8a90-ccca5b05fa6f,Negative,0,"{'pred': [2], 'probs': [[0.10260434448719025, 0.048643939197063446, 0.5272040367126465, 0.18390341103076935, 0.13764432072639465]], 'pred_prompt': ['IHC stained light micrograph of extracellular amyloid-beta deposition in the human brain tissue. Based on the image, what is the most likely amyloid beta morphology pattern? Cored']}",0.5026999711990356,pathology,neuropathology,light microscopy,brightfield microscopy,
classification,"['IHC stained light micrograph of extracellular amyloid-beta deposition in the human brain tissue. Based on the image, what is the most likely amyloid beta morphology pattern? cerebral amyloid angiopathy', 'IHC stained light micrograph of extracellular amyloid-beta deposition in the human brain tissue. Based on the image, what is the most likely amyloid beta morphology pattern? cored plaque', 'IHC stained light micrograph of extracellular amyloid-beta deposition in the human brain tissue. Based on the image, what is the most likely amyloid beta morphology pattern? negative', 'IHC stained light micrograph of extracellular amyloid-beta deposition in the human brain tissue. Based on the image, what is the most likely amyloid beta morphology pattern? diffuse plaque', 'IHC stained light micrograph of extracellular amyloid-beta deposition in the human brain tissue. Based on the image, what is the most likely amyloid beta morphology pattern? none of the above']",96067d5b-f58a-4b55-b464-f4360cff3860,negative,2,"{'pred': [1], 'probs': [[0.11177785694599152, 0.5702853798866272, 0.14075146615505219, 0.02376408874988556, 0.15342114865779877]], 'pred_prompt': ['IHC stained light micrograph of extracellular amyloid-beta deposition in the human brain tissue. Based on the image, what is the most likely amyloid beta morphology pattern? cored plaque']}",0.5026999711990356,pathology,neuropathology,light microscopy,brightfield microscopy,
classification,"['IHC stained light micrograph of extracellular amyloid-beta deposition in the human brain tissue. Based on the image, what is the most likely amyloid beta morphology pattern? cored plaque', 'IHC stained light micrograph of extracellular amyloid-beta deposition in the human brain tissue. Based on the image, what is the most likely amyloid beta morphology pattern? negative', 'IHC stained light micrograph of extracellular amyloid-beta deposition in the human brain tissue. Based on the image, what is the most likely amyloid beta morphology pattern? diffuse plaque', 'IHC stained light micrograph of extracellular amyloid-beta deposition in the human brain tissue. Based on the image, what is the most likely amyloid beta morphology pattern? cerebral amyloid angiopathy', 'IHC stained light micrograph of extracellular amyloid-beta deposition in the human brain tissue. Based on the image, what is the most likely amyloid beta morphology pattern? none of the above']",d5aa29a2-2a58-414e-b5f0-3e27d9780fe4,cored plaque,0,"{'pred': [4], 'probs': [[0.15065191686153412, 0.24525153636932373, 0.135874941945076, 0.14452727138996124, 0.3236943483352661]], 'pred_prompt': ['IHC stained light micrograph of extracellular amyloid-beta deposition in the human brain tissue. Based on the image, what is the most likely amyloid beta morphology pattern? none of the above']}",0.5026999711990356,pathology,neuropathology,light microscopy,brightfield microscopy,
classification,"['IHC stained light micrograph of extracellular amyloid-beta deposition in the human brain tissue. Based on the image, what is the most likely amyloid beta morphology pattern? Negative', 'IHC stained light micrograph of extracellular amyloid-beta deposition in the human brain tissue. Based on the image, what is the most likely amyloid beta morphology pattern? Caa', 'IHC stained light micrograph of extracellular amyloid-beta deposition in the human brain tissue. Based on the image, what is the most likely amyloid beta morphology pattern? Cored', 'IHC stained light micrograph of extracellular amyloid-beta deposition in the human brain tissue. Based on the image, what is the most likely amyloid beta morphology pattern? Diffuse', 'IHC stained light micrograph of extracellular amyloid-beta deposition in the human brain tissue. Based on the image, what is the most likely amyloid beta morphology pattern? none of the above']",f2dcce86-ee47-4356-8ab0-567c672b355f,Cored,2,"{'pred': [2], 'probs': [[0.023705070838332176, 0.33195069432258606, 0.5342614054679871, 0.04792686179280281, 0.06215602159500122]], 'pred_prompt': ['IHC stained light micrograph of extracellular amyloid-beta deposition in the human brain tissue. Based on the image, what is the most likely amyloid beta morphology pattern? Cored']}",0.5026999711990356,pathology,neuropathology,light microscopy,brightfield microscopy,
classification,"['IHC stained light micrograph of extracellular amyloid-beta deposition in the human brain tissue. Based on the image, what is the most likely amyloid beta morphology pattern? Caa', 'IHC stained light micrograph of extracellular amyloid-beta deposition in the human brain tissue. Based on the image, what is the most likely amyloid beta morphology pattern? Diffuse', 'IHC stained light micrograph of extracellular amyloid-beta deposition in the human brain tissue. Based on the image, what is the most likely amyloid beta morphology pattern? Negative', 'IHC stained light micrograph of extracellular amyloid-beta deposition in the human brain tissue. Based on the image, what is the most likely amyloid beta morphology pattern? Cored', 'IHC stained light micrograph of extracellular amyloid-beta deposition in the human brain tissue. Based on the image, what is the most likely amyloid beta morphology pattern? none of the above']",f156a4a6-5f0e-4b84-a11b-3a3f211f9657,Negative,2,"{'pred': [3], 'probs': [[0.13832229375839233, 0.1857443004846573, 0.11884347349405289, 0.3536376357078552, 0.20345230400562286]], 'pred_prompt': ['IHC stained light micrograph of extracellular amyloid-beta deposition in the human brain tissue. Based on the image, what is the most likely amyloid beta morphology pattern? Cored']}",0.5026999711990356,pathology,neuropathology,light microscopy,brightfield microscopy,
classification,"['IHC stained light micrograph of extracellular amyloid-beta deposition in the human brain tissue. Based on the image, what is the most likely amyloid beta morphology pattern? Caa', 'IHC stained light micrograph of extracellular amyloid-beta deposition in the human brain tissue. Based on the image, what is the most likely amyloid beta morphology pattern? Negative', 'IHC stained light micrograph of extracellular amyloid-beta deposition in the human brain tissue. Based on the image, what is the most likely amyloid beta morphology pattern? Cored', 'IHC stained light micrograph of extracellular amyloid-beta deposition in the human brain tissue. Based on the image, what is the most likely amyloid beta morphology pattern? Diffuse', 'IHC stained light micrograph of extracellular amyloid-beta deposition in the human brain tissue. Based on the image, what is the most likely amyloid beta morphology pattern? none of the above']",ee0e14bf-cc19-4cfd-97ec-482ff603a7f4,Cored,2,"{'pred': [2], 'probs': [[0.17155292630195618, 0.05706742778420448, 0.5877416729927063, 0.05193907767534256, 0.131698876619339]], 'pred_prompt': ['IHC stained light micrograph of extracellular amyloid-beta deposition in the human brain tissue. Based on the image, what is the most likely amyloid beta morphology pattern? Cored']}",0.5026999711990356,pathology,neuropathology,light microscopy,brightfield microscopy,
classification,"['IHC stained light micrograph of extracellular amyloid-beta deposition in the human brain tissue. Based on the image, what is the most likely amyloid beta morphology pattern? Diffuse', 'IHC stained light micrograph of extracellular amyloid-beta deposition in the human brain tissue. Based on the image, what is the most likely amyloid beta morphology pattern? Cored', 'IHC stained light micrograph of extracellular amyloid-beta deposition in the human brain tissue. Based on the image, what is the most likely amyloid beta morphology pattern? Caa', 'IHC stained light micrograph of extracellular amyloid-beta deposition in the human brain tissue. Based on the image, what is the most likely amyloid beta morphology pattern? Negative', 'IHC stained light micrograph of extracellular amyloid-beta deposition in the human brain tissue. Based on the image, what is the most likely amyloid beta morphology pattern? none of the above']",e11e15a6-ec51-471b-831a-95f4b90a3888,Negative,3,"{'pred': [1], 'probs': [[0.26869913935661316, 0.4150072932243347, 0.12048916518688202, 0.07273993641138077, 0.12306448072195053]], 'pred_prompt': ['IHC stained light micrograph of extracellular amyloid-beta deposition in the human brain tissue. Based on the image, what is the most likely amyloid beta morphology pattern? Cored']}",0.5026999711990356,pathology,neuropathology,light microscopy,brightfield microscopy,
classification,"['IHC stained light micrograph of extracellular amyloid-beta deposition in the human brain tissue. Based on the image, what is the most likely amyloid beta morphology pattern? Negative', 'IHC stained light micrograph of extracellular amyloid-beta deposition in the human brain tissue. Based on the image, what is the most likely amyloid beta morphology pattern? Caa', 'IHC stained light micrograph of extracellular amyloid-beta deposition in the human brain tissue. Based on the image, what is the most likely amyloid beta morphology pattern? Cored', 'IHC stained light micrograph of extracellular amyloid-beta deposition in the human brain tissue. Based on the image, what is the most likely amyloid beta morphology pattern? Diffuse', 'IHC stained light micrograph of extracellular amyloid-beta deposition in the human brain tissue. Based on the image, what is the most likely amyloid beta morphology pattern? none of the above']",fcc47262-c885-4c70-a772-f1f987db0a30,Caa,1,"{'pred': [1], 'probs': [[0.21251612901687622, 0.31054016947746277, 0.11205928027629852, 0.06042032688856125, 0.30446410179138184]], 'pred_prompt': ['IHC stained light micrograph of extracellular amyloid-beta deposition in the human brain tissue. Based on the image, what is the most likely amyloid beta morphology pattern? Caa']}",0.5026999711990356,pathology,neuropathology,light microscopy,brightfield microscopy,
classification,"['IHC stained light micrograph of extracellular amyloid-beta deposition in the human brain tissue. Based on the image, what is the most likely amyloid beta morphology pattern? Caa', 'IHC stained light micrograph of extracellular amyloid-beta deposition in the human brain tissue. Based on the image, what is the most likely amyloid beta morphology pattern? Negative', 'IHC stained light micrograph of extracellular amyloid-beta deposition in the human brain tissue. Based on the image, what is the most likely amyloid beta morphology pattern? Diffuse', 'IHC stained light micrograph of extracellular amyloid-beta deposition in the human brain tissue. Based on the image, what is the most likely amyloid beta morphology pattern? Cored', 'IHC stained light micrograph of extracellular amyloid-beta deposition in the human brain tissue. Based on the image, what is the most likely amyloid beta morphology pattern? none of the above']",58db2ffe-b37e-4a82-b1e6-69f53b82ec81,Cored,3,"{'pred': [3], 'probs': [[0.09951431304216385, 0.05917073041200638, 0.03818105533719063, 0.6412984728813171, 0.1618354618549347]], 'pred_prompt': ['IHC stained light micrograph of extracellular amyloid-beta deposition in the human brain tissue. Based on the image, what is the most likely amyloid beta morphology pattern? Cored']}",0.5026999711990356,pathology,neuropathology,light microscopy,brightfield microscopy,
classification,"['IHC stained light micrograph of extracellular amyloid-beta deposition in the human brain tissue. Based on the image, what is the most likely amyloid beta morphology pattern? Caa', 'IHC stained light micrograph of extracellular amyloid-beta deposition in the human brain tissue. Based on the image, what is the most likely amyloid beta morphology pattern? Diffuse', 'IHC stained light micrograph of extracellular amyloid-beta deposition in the human brain tissue. Based on the image, what is the most likely amyloid beta morphology pattern? Cored', 'IHC stained light micrograph of extracellular amyloid-beta deposition in the human brain tissue. Based on the image, what is the most likely amyloid beta morphology pattern? Negative', 'IHC stained light micrograph of extracellular amyloid-beta deposition in the human brain tissue. Based on the image, what is the most likely amyloid beta morphology pattern? none of the above']",eacd996a-83c9-4fa8-82f7-14394c1e74ac,Diffuse,1,"{'pred': [2], 'probs': [[0.11061499267816544, 0.18090781569480896, 0.3175903260707855, 0.13443312048912048, 0.2564537823200226]], 'pred_prompt': ['IHC stained light micrograph of extracellular amyloid-beta deposition in the human brain tissue. Based on the image, what is the most likely amyloid beta morphology pattern? Cored']}",0.5026999711990356,pathology,neuropathology,light microscopy,brightfield microscopy,
classification,"['IHC stained light micrograph of extracellular amyloid-beta deposition in the human brain tissue. Based on the image, what is the most likely amyloid beta morphology pattern? Diffuse', 'IHC stained light micrograph of extracellular amyloid-beta deposition in the human brain tissue. Based on the image, what is the most likely amyloid beta morphology pattern? Cored', 'IHC stained light micrograph of extracellular amyloid-beta deposition in the human brain tissue. Based on the image, what is the most likely amyloid beta morphology pattern? Negative', 'IHC stained light micrograph of extracellular amyloid-beta deposition in the human brain tissue. Based on the image, what is the most likely amyloid beta morphology pattern? Caa', 'IHC stained light micrograph of extracellular amyloid-beta deposition in the human brain tissue. Based on the image, what is the most likely amyloid beta morphology pattern? none of the above']",ffe7c5e9-f950-4bff-9b83-7442b162e79c,Caa,3,"{'pred': [3], 'probs': [[0.052842870354652405, 0.1536821871995926, 0.0662745013833046, 0.6115472316741943, 0.11565323919057846]], 'pred_prompt': ['IHC stained light micrograph of extracellular amyloid-beta deposition in the human brain tissue. Based on the image, what is the most likely amyloid beta morphology pattern? Caa']}",0.5026999711990356,pathology,neuropathology,light microscopy,brightfield microscopy,
classification,"['IHC stained light micrograph of extracellular amyloid-beta deposition in the human brain tissue. Based on the image, what is the most likely amyloid beta morphology pattern? Caa', 'IHC stained light micrograph of extracellular amyloid-beta deposition in the human brain tissue. Based on the image, what is the most likely amyloid beta morphology pattern? Cored', 'IHC stained light micrograph of extracellular amyloid-beta deposition in the human brain tissue. Based on the image, what is the most likely amyloid beta morphology pattern? Diffuse', 'IHC stained light micrograph of extracellular amyloid-beta deposition in the human brain tissue. Based on the image, what is the most likely amyloid beta morphology pattern? Negative', 'IHC stained light micrograph of extracellular amyloid-beta deposition in the human brain tissue. Based on the image, what is the most likely amyloid beta morphology pattern? none of the above']",27ea4419-3d01-46fd-9485-7eab6b879601,Negative,3,"{'pred': [1], 'probs': [[0.05517717823386192, 0.4077897071838379, 0.10487858206033707, 0.12258649617433548, 0.30956804752349854]], 'pred_prompt': ['IHC stained light micrograph of extracellular amyloid-beta deposition in the human brain tissue. Based on the image, what is the most likely amyloid beta morphology pattern? Cored']}",0.5026999711990356,pathology,neuropathology,light microscopy,brightfield microscopy,
classification,"['IHC stained light micrograph of extracellular amyloid-beta deposition in the human brain tissue. Based on the image, what is the most likely amyloid beta morphology pattern? Cored', 'IHC stained light micrograph of extracellular amyloid-beta deposition in the human brain tissue. Based on the image, what is the most likely amyloid beta morphology pattern? Diffuse', 'IHC stained light micrograph of extracellular amyloid-beta deposition in the human brain tissue. Based on the image, what is the most likely amyloid beta morphology pattern? Negative', 'IHC stained light micrograph of extracellular amyloid-beta deposition in the human brain tissue. Based on the image, what is the most likely amyloid beta morphology pattern? Caa', 'IHC stained light micrograph of extracellular amyloid-beta deposition in the human brain tissue. Based on the image, what is the most likely amyloid beta morphology pattern? none of the above']",86d37bad-69d7-439a-9a65-78690ccb2795,Diffuse,1,"{'pred': [0], 'probs': [[0.6786900758743286, 0.08077060431241989, 0.05719306319952011, 0.03786421939730644, 0.1454821079969406]], 'pred_prompt': ['IHC stained light micrograph of extracellular amyloid-beta deposition in the human brain tissue. Based on the image, what is the most likely amyloid beta morphology pattern? Cored']}",0.5026999711990356,pathology,neuropathology,light microscopy,brightfield microscopy,
classification,"['IHC stained light micrograph of extracellular amyloid-beta deposition in the human brain tissue. Based on the image, what is the most likely amyloid beta morphology pattern? diffuse plaque', 'IHC stained light micrograph of extracellular amyloid-beta deposition in the human brain tissue. Based on the image, what is the most likely amyloid beta morphology pattern? cerebral amyloid angiopathy', 'IHC stained light micrograph of extracellular amyloid-beta deposition in the human brain tissue. Based on the image, what is the most likely amyloid beta morphology pattern? negative', 'IHC stained light micrograph of extracellular amyloid-beta deposition in the human brain tissue. Based on the image, what is the most likely amyloid beta morphology pattern? cored plaque', 'IHC stained light micrograph of extracellular amyloid-beta deposition in the human brain tissue. Based on the image, what is the most likely amyloid beta morphology pattern? none of the above']",ca57f28d-d4a3-4a29-a96b-075c3707c854,diffuse plaque,0,"{'pred': [3], 'probs': [[0.18397384881973267, 0.09295783191919327, 0.11040068417787552, 0.43019023537635803, 0.18247739970684052]], 'pred_prompt': ['IHC stained light micrograph of extracellular amyloid-beta deposition in the human brain tissue. Based on the image, what is the most likely amyloid beta morphology pattern? cored plaque']}",0.5026999711990356,pathology,neuropathology,light microscopy,brightfield microscopy,
classification,"['IHC stained light micrograph of extracellular amyloid-beta deposition in the human brain tissue. Based on the image, what is the most likely amyloid beta morphology pattern? Caa', 'IHC stained light micrograph of extracellular amyloid-beta deposition in the human brain tissue. Based on the image, what is the most likely amyloid beta morphology pattern? Negative', 'IHC stained light micrograph of extracellular amyloid-beta deposition in the human brain tissue. Based on the image, what is the most likely amyloid beta morphology pattern? Diffuse', 'IHC stained light micrograph of extracellular amyloid-beta deposition in the human brain tissue. Based on the image, what is the most likely amyloid beta morphology pattern? Cored', 'IHC stained light micrograph of extracellular amyloid-beta deposition in the human brain tissue. Based on the image, what is the most likely amyloid beta morphology pattern? none of the above']",e0f58cde-bc03-4cc7-b166-132196a09c0b,Negative,1,"{'pred': [3], 'probs': [[0.06460253894329071, 0.16986514627933502, 0.19344820082187653, 0.37116679549217224, 0.2009173184633255]], 'pred_prompt': ['IHC stained light micrograph of extracellular amyloid-beta deposition in the human brain tissue. Based on the image, what is the most likely amyloid beta morphology pattern? Cored']}",0.5026999711990356,pathology,neuropathology,light microscopy,brightfield microscopy,
classification,"['IHC stained light micrograph of extracellular amyloid-beta deposition in the human brain tissue. Based on the image, what is the most likely amyloid beta morphology pattern? Diffuse', 'IHC stained light micrograph of extracellular amyloid-beta deposition in the human brain tissue. Based on the image, what is the most likely amyloid beta morphology pattern? Negative', 'IHC stained light micrograph of extracellular amyloid-beta deposition in the human brain tissue. Based on the image, what is the most likely amyloid beta morphology pattern? Caa', 'IHC stained light micrograph of extracellular amyloid-beta deposition in the human brain tissue. Based on the image, what is the most likely amyloid beta morphology pattern? Cored', 'IHC stained light micrograph of extracellular amyloid-beta deposition in the human brain tissue. Based on the image, what is the most likely amyloid beta morphology pattern? none of the above']",999104eb-accd-4584-b418-b4eb1f6542ec,Caa,2,"{'pred': [2], 'probs': [[0.013431464321911335, 0.09872136265039444, 0.5777754187583923, 0.13822036981582642, 0.17185142636299133]], 'pred_prompt': ['IHC stained light micrograph of extracellular amyloid-beta deposition in the human brain tissue. Based on the image, what is the most likely amyloid beta morphology pattern? Caa']}",0.5026999711990356,pathology,neuropathology,light microscopy,brightfield microscopy,
classification,"['IHC stained light micrograph of extracellular amyloid-beta deposition in the human brain tissue. Based on the image, what is the most likely amyloid beta morphology pattern? Negative', 'IHC stained light micrograph of extracellular amyloid-beta deposition in the human brain tissue. Based on the image, what is the most likely amyloid beta morphology pattern? Cored', 'IHC stained light micrograph of extracellular amyloid-beta deposition in the human brain tissue. Based on the image, what is the most likely amyloid beta morphology pattern? Caa', 'IHC stained light micrograph of extracellular amyloid-beta deposition in the human brain tissue. Based on the image, what is the most likely amyloid beta morphology pattern? Diffuse', 'IHC stained light micrograph of extracellular amyloid-beta deposition in the human brain tissue. Based on the image, what is the most likely amyloid beta morphology pattern? none of the above']",cf721832-05ae-4f6c-87c0-84838ec828ee,Caa,2,"{'pred': [2], 'probs': [[0.08056358993053436, 0.22761493921279907, 0.6057460904121399, 0.024449145421385765, 0.06162620708346367]], 'pred_prompt': ['IHC stained light micrograph of extracellular amyloid-beta deposition in the human brain tissue. Based on the image, what is the most likely amyloid beta morphology pattern? Caa']}",0.5026999711990356,pathology,neuropathology,light microscopy,brightfield microscopy,
classification,"['IHC stained light micrograph of extracellular amyloid-beta deposition in the human brain tissue. Based on the image, what is the most likely amyloid beta morphology pattern? Negative', 'IHC stained light micrograph of extracellular amyloid-beta deposition in the human brain tissue. Based on the image, what is the most likely amyloid beta morphology pattern? Diffuse', 'IHC stained light micrograph of extracellular amyloid-beta deposition in the human brain tissue. Based on the image, what is the most likely amyloid beta morphology pattern? Cored', 'IHC stained light micrograph of extracellular amyloid-beta deposition in the human brain tissue. Based on the image, what is the most likely amyloid beta morphology pattern? Caa', 'IHC stained light micrograph of extracellular amyloid-beta deposition in the human brain tissue. Based on the image, what is the most likely amyloid beta morphology pattern? none of the above']",8af65b12-daac-4330-bce5-de4b9904843e,Diffuse,1,"{'pred': [2], 'probs': [[0.034934550523757935, 0.09826195985078812, 0.6720598340034485, 0.09515523165464401, 0.09958839416503906]], 'pred_prompt': ['IHC stained light micrograph of extracellular amyloid-beta deposition in the human brain tissue. Based on the image, what is the most likely amyloid beta morphology pattern? Cored']}",0.5026999711990356,pathology,neuropathology,light microscopy,brightfield microscopy,
classification,"['IHC stained light micrograph of extracellular amyloid-beta deposition in the human brain tissue. Based on the image, what is the most likely amyloid beta morphology pattern? Negative', 'IHC stained light micrograph of extracellular amyloid-beta deposition in the human brain tissue. Based on the image, what is the most likely amyloid beta morphology pattern? Diffuse', 'IHC stained light micrograph of extracellular amyloid-beta deposition in the human brain tissue. Based on the image, what is the most likely amyloid beta morphology pattern? Cored', 'IHC stained light micrograph of extracellular amyloid-beta deposition in the human brain tissue. Based on the image, what is the most likely amyloid beta morphology pattern? Caa', 'IHC stained light micrograph of extracellular amyloid-beta deposition in the human brain tissue. Based on the image, what is the most likely amyloid beta morphology pattern? none of the above']",60309e66-6d14-48d0-bd99-5a90b51ea723,Diffuse,1,"{'pred': [2], 'probs': [[0.04886120185256004, 0.04997127875685692, 0.45257386565208435, 0.30282890796661377, 0.14576467871665955]], 'pred_prompt': ['IHC stained light micrograph of extracellular amyloid-beta deposition in the human brain tissue. Based on the image, what is the most likely amyloid beta morphology pattern? Cored']}",0.5026999711990356,pathology,neuropathology,light microscopy,brightfield microscopy,
classification,"['IHC stained light micrograph of extracellular amyloid-beta deposition in the human brain tissue. Based on the image, what is the most likely amyloid beta morphology pattern? cored plaque', 'IHC stained light micrograph of extracellular amyloid-beta deposition in the human brain tissue. Based on the image, what is the most likely amyloid beta morphology pattern? cerebral amyloid angiopathy', 'IHC stained light micrograph of extracellular amyloid-beta deposition in the human brain tissue. Based on the image, what is the most likely amyloid beta morphology pattern? diffuse plaque', 'IHC stained light micrograph of extracellular amyloid-beta deposition in the human brain tissue. Based on the image, what is the most likely amyloid beta morphology pattern? negative', 'IHC stained light micrograph of extracellular amyloid-beta deposition in the human brain tissue. Based on the image, what is the most likely amyloid beta morphology pattern? none of the above']",c2fb675e-5108-4ba3-95d7-b9a484af5eb7,diffuse plaque,2,"{'pred': [0], 'probs': [[0.46386027336120605, 0.08411316573619843, 0.1677243560552597, 0.12703943252563477, 0.15726280212402344]], 'pred_prompt': ['IHC stained light micrograph of extracellular amyloid-beta deposition in the human brain tissue. Based on the image, what is the most likely amyloid beta morphology pattern? cored plaque']}",0.5026999711990356,pathology,neuropathology,light microscopy,brightfield microscopy,
classification,"['IHC stained light micrograph of extracellular amyloid-beta deposition in the human brain tissue. Based on the image, what is the most likely amyloid beta morphology pattern? Cored', 'IHC stained light micrograph of extracellular amyloid-beta deposition in the human brain tissue. Based on the image, what is the most likely amyloid beta morphology pattern? Caa', 'IHC stained light micrograph of extracellular amyloid-beta deposition in the human brain tissue. Based on the image, what is the most likely amyloid beta morphology pattern? Negative', 'IHC stained light micrograph of extracellular amyloid-beta deposition in the human brain tissue. Based on the image, what is the most likely amyloid beta morphology pattern? Diffuse', 'IHC stained light micrograph of extracellular amyloid-beta deposition in the human brain tissue. Based on the image, what is the most likely amyloid beta morphology pattern? none of the above']",a720c93f-8673-4c74-aa36-b624e07a76be,Cored,0,"{'pred': [0], 'probs': [[0.40097275376319885, 0.14486970007419586, 0.1315576136112213, 0.06803906708955765, 0.2545608878135681]], 'pred_prompt': ['IHC stained light micrograph of extracellular amyloid-beta deposition in the human brain tissue. Based on the image, what is the most likely amyloid beta morphology pattern? Cored']}",0.5026999711990356,pathology,neuropathology,light microscopy,brightfield microscopy,
classification,"['IHC stained light micrograph of extracellular amyloid-beta deposition in the human brain tissue. Based on the image, what is the most likely amyloid beta morphology pattern? Cored', 'IHC stained light micrograph of extracellular amyloid-beta deposition in the human brain tissue. Based on the image, what is the most likely amyloid beta morphology pattern? Diffuse', 'IHC stained light micrograph of extracellular amyloid-beta deposition in the human brain tissue. Based on the image, what is the most likely amyloid beta morphology pattern? Negative', 'IHC stained light micrograph of extracellular amyloid-beta deposition in the human brain tissue. Based on the image, what is the most likely amyloid beta morphology pattern? Caa', 'IHC stained light micrograph of extracellular amyloid-beta deposition in the human brain tissue. Based on the image, what is the most likely amyloid beta morphology pattern? none of the above']",9517f2ee-45c6-464c-abe5-404924a14f23,Negative,2,"{'pred': [4], 'probs': [[0.20336955785751343, 0.10872392356395721, 0.2621087431907654, 0.12986068427562714, 0.29593709111213684]], 'pred_prompt': ['IHC stained light micrograph of extracellular amyloid-beta deposition in the human brain tissue. Based on the image, what is the most likely amyloid beta morphology pattern? none of the above']}",0.5026999711990356,pathology,neuropathology,light microscopy,brightfield microscopy,
classification,"['IHC stained light micrograph of extracellular amyloid-beta deposition in the human brain tissue. Based on the image, what is the most likely amyloid beta morphology pattern? Cored', 'IHC stained light micrograph of extracellular amyloid-beta deposition in the human brain tissue. Based on the image, what is the most likely amyloid beta morphology pattern? Diffuse', 'IHC stained light micrograph of extracellular amyloid-beta deposition in the human brain tissue. Based on the image, what is the most likely amyloid beta morphology pattern? Caa', 'IHC stained light micrograph of extracellular amyloid-beta deposition in the human brain tissue. Based on the image, what is the most likely amyloid beta morphology pattern? Negative', 'IHC stained light micrograph of extracellular amyloid-beta deposition in the human brain tissue. Based on the image, what is the most likely amyloid beta morphology pattern? none of the above']",152616c8-f841-4c80-83e7-5fe2f73402ba,Negative,3,"{'pred': [0], 'probs': [[0.5556474328041077, 0.07069683074951172, 0.0869390219449997, 0.08639516681432724, 0.2003215253353119]], 'pred_prompt': ['IHC stained light micrograph of extracellular amyloid-beta deposition in the human brain tissue. Based on the image, what is the most likely amyloid beta morphology pattern? Cored']}",0.5026999711990356,pathology,neuropathology,light microscopy,brightfield microscopy,
classification,"['IHC stained light micrograph of extracellular amyloid-beta deposition in the human brain tissue. Based on the image, what is the most likely amyloid beta morphology pattern? cerebral amyloid angiopathy', 'IHC stained light micrograph of extracellular amyloid-beta deposition in the human brain tissue. Based on the image, what is the most likely amyloid beta morphology pattern? cored plaque', 'IHC stained light micrograph of extracellular amyloid-beta deposition in the human brain tissue. Based on the image, what is the most likely amyloid beta morphology pattern? diffuse plaque', 'IHC stained light micrograph of extracellular amyloid-beta deposition in the human brain tissue. Based on the image, what is the most likely amyloid beta morphology pattern? negative', 'IHC stained light micrograph of extracellular amyloid-beta deposition in the human brain tissue. Based on the image, what is the most likely amyloid beta morphology pattern? none of the above']",0f70a636-2d0d-4725-a46e-2b6102d3c649,negative,3,"{'pred': [4], 'probs': [[0.20009972155094147, 0.21495921909809113, 0.1502581685781479, 0.1540193259716034, 0.28066354990005493]], 'pred_prompt': ['IHC stained light micrograph of extracellular amyloid-beta deposition in the human brain tissue. Based on the image, what is the most likely amyloid beta morphology pattern? none of the above']}",0.5026999711990356,pathology,neuropathology,light microscopy,brightfield microscopy,
classification,"['IHC stained light micrograph of extracellular amyloid-beta deposition in the human brain tissue. Based on the image, what is the most likely amyloid beta morphology pattern? Cored', 'IHC stained light micrograph of extracellular amyloid-beta deposition in the human brain tissue. Based on the image, what is the most likely amyloid beta morphology pattern? Negative', 'IHC stained light micrograph of extracellular amyloid-beta deposition in the human brain tissue. Based on the image, what is the most likely amyloid beta morphology pattern? Caa', 'IHC stained light micrograph of extracellular amyloid-beta deposition in the human brain tissue. Based on the image, what is the most likely amyloid beta morphology pattern? Diffuse', 'IHC stained light micrograph of extracellular amyloid-beta deposition in the human brain tissue. Based on the image, what is the most likely amyloid beta morphology pattern? none of the above']",2cf6fbf7-374a-41e8-b227-c0d764a81820,Cored,0,"{'pred': [0], 'probs': [[0.4956454634666443, 0.14792434871196747, 0.046630166471004486, 0.043415047228336334, 0.2663849890232086]], 'pred_prompt': ['IHC stained light micrograph of extracellular amyloid-beta deposition in the human brain tissue. Based on the image, what is the most likely amyloid beta morphology pattern? Cored']}",0.5026999711990356,pathology,neuropathology,light microscopy,brightfield microscopy,
classification,"['IHC stained light micrograph of extracellular amyloid-beta deposition in the human brain tissue. Based on the image, what is the most likely amyloid beta morphology pattern? Caa', 'IHC stained light micrograph of extracellular amyloid-beta deposition in the human brain tissue. Based on the image, what is the most likely amyloid beta morphology pattern? Cored', 'IHC stained light micrograph of extracellular amyloid-beta deposition in the human brain tissue. Based on the image, what is the most likely amyloid beta morphology pattern? Negative', 'IHC stained light micrograph of extracellular amyloid-beta deposition in the human brain tissue. Based on the image, what is the most likely amyloid beta morphology pattern? Diffuse', 'IHC stained light micrograph of extracellular amyloid-beta deposition in the human brain tissue. Based on the image, what is the most likely amyloid beta morphology pattern? none of the above']",1397784f-d8f4-4931-a41e-7f5c6df27bb9,Caa,0,"{'pred': [1], 'probs': [[0.2830267548561096, 0.33739617466926575, 0.10045922547578812, 0.12190069258213043, 0.1572171449661255]], 'pred_prompt': ['IHC stained light micrograph of extracellular amyloid-beta deposition in the human brain tissue. Based on the image, what is the most likely amyloid beta morphology pattern? Cored']}",0.5026999711990356,pathology,neuropathology,light microscopy,brightfield microscopy,
classification,"['IHC stained light micrograph of extracellular amyloid-beta deposition in the human brain tissue. Based on the image, what is the most likely amyloid beta morphology pattern? Caa', 'IHC stained light micrograph of extracellular amyloid-beta deposition in the human brain tissue. Based on the image, what is the most likely amyloid beta morphology pattern? Negative', 'IHC stained light micrograph of extracellular amyloid-beta deposition in the human brain tissue. Based on the image, what is the most likely amyloid beta morphology pattern? Cored', 'IHC stained light micrograph of extracellular amyloid-beta deposition in the human brain tissue. Based on the image, what is the most likely amyloid beta morphology pattern? Diffuse', 'IHC stained light micrograph of extracellular amyloid-beta deposition in the human brain tissue. Based on the image, what is the most likely amyloid beta morphology pattern? none of the above']",51bba0f7-4d2f-4059-b5bf-06b5c6323c3e,Diffuse,3,"{'pred': [2], 'probs': [[0.11285459250211716, 0.0818527415394783, 0.5010263919830322, 0.17311574518680573, 0.13115055859088898]], 'pred_prompt': ['IHC stained light micrograph of extracellular amyloid-beta deposition in the human brain tissue. Based on the image, what is the most likely amyloid beta morphology pattern? Cored']}",0.5026999711990356,pathology,neuropathology,light microscopy,brightfield microscopy,
classification,"['IHC stained light micrograph of extracellular amyloid-beta deposition in the human brain tissue. Based on the image, what is the most likely amyloid beta morphology pattern? Caa', 'IHC stained light micrograph of extracellular amyloid-beta deposition in the human brain tissue. Based on the image, what is the most likely amyloid beta morphology pattern? Cored', 'IHC stained light micrograph of extracellular amyloid-beta deposition in the human brain tissue. Based on the image, what is the most likely amyloid beta morphology pattern? Negative', 'IHC stained light micrograph of extracellular amyloid-beta deposition in the human brain tissue. Based on the image, what is the most likely amyloid beta morphology pattern? Diffuse', 'IHC stained light micrograph of extracellular amyloid-beta deposition in the human brain tissue. Based on the image, what is the most likely amyloid beta morphology pattern? none of the above']",692b1faf-415e-4292-b3c6-7e65807daec8,Negative,2,"{'pred': [2], 'probs': [[0.16853998601436615, 0.13881608843803406, 0.37928444147109985, 0.06785023957490921, 0.24550925195217133]], 'pred_prompt': ['IHC stained light micrograph of extracellular amyloid-beta deposition in the human brain tissue. Based on the image, what is the most likely amyloid beta morphology pattern? Negative']}",0.5026999711990356,pathology,neuropathology,light microscopy,brightfield microscopy,
classification,"['IHC stained light micrograph of extracellular amyloid-beta deposition in the human brain tissue. Based on the image, what is the most likely amyloid beta morphology pattern? diffuse plaque', 'IHC stained light micrograph of extracellular amyloid-beta deposition in the human brain tissue. Based on the image, what is the most likely amyloid beta morphology pattern? negative', 'IHC stained light micrograph of extracellular amyloid-beta deposition in the human brain tissue. Based on the image, what is the most likely amyloid beta morphology pattern? cerebral amyloid angiopathy', 'IHC stained light micrograph of extracellular amyloid-beta deposition in the human brain tissue. Based on the image, what is the most likely amyloid beta morphology pattern? cored plaque', 'IHC stained light micrograph of extracellular amyloid-beta deposition in the human brain tissue. Based on the image, what is the most likely amyloid beta morphology pattern? none of the above']",a7391f36-df82-4495-af1f-5ddf29806f8d,diffuse plaque,0,"{'pred': [3], 'probs': [[0.09376688301563263, 0.06914358586072922, 0.1405150592327118, 0.6076699495315552, 0.08890446275472641]], 'pred_prompt': ['IHC stained light micrograph of extracellular amyloid-beta deposition in the human brain tissue. Based on the image, what is the most likely amyloid beta morphology pattern? cored plaque']}",0.5026999711990356,pathology,neuropathology,light microscopy,brightfield microscopy,
classification,"['IHC stained light micrograph of extracellular amyloid-beta deposition in the human brain tissue. Based on the image, what is the most likely amyloid beta morphology pattern? diffuse plaque', 'IHC stained light micrograph of extracellular amyloid-beta deposition in the human brain tissue. Based on the image, what is the most likely amyloid beta morphology pattern? cored plaque', 'IHC stained light micrograph of extracellular amyloid-beta deposition in the human brain tissue. Based on the image, what is the most likely amyloid beta morphology pattern? cerebral amyloid angiopathy', 'IHC stained light micrograph of extracellular amyloid-beta deposition in the human brain tissue. Based on the image, what is the most likely amyloid beta morphology pattern? negative', 'IHC stained light micrograph of extracellular amyloid-beta deposition in the human brain tissue. Based on the image, what is the most likely amyloid beta morphology pattern? none of the above']",a5acdf2c-5dfc-4e2d-a8cd-b6e08b6e74cd,negative,3,"{'pred': [4], 'probs': [[0.22327139973640442, 0.19393347203731537, 0.10425471514463425, 0.17555350065231323, 0.3029869496822357]], 'pred_prompt': ['IHC stained light micrograph of extracellular amyloid-beta deposition in the human brain tissue. Based on the image, what is the most likely amyloid beta morphology pattern? none of the above']}",0.5026999711990356,pathology,neuropathology,light microscopy,brightfield microscopy,
classification,"['IHC stained light micrograph of extracellular amyloid-beta deposition in the human brain tissue. Based on the image, what is the most likely amyloid beta morphology pattern? cored plaque', 'IHC stained light micrograph of extracellular amyloid-beta deposition in the human brain tissue. Based on the image, what is the most likely amyloid beta morphology pattern? cerebral amyloid angiopathy', 'IHC stained light micrograph of extracellular amyloid-beta deposition in the human brain tissue. Based on the image, what is the most likely amyloid beta morphology pattern? diffuse plaque', 'IHC stained light micrograph of extracellular amyloid-beta deposition in the human brain tissue. Based on the image, what is the most likely amyloid beta morphology pattern? negative', 'IHC stained light micrograph of extracellular amyloid-beta deposition in the human brain tissue. Based on the image, what is the most likely amyloid beta morphology pattern? none of the above']",8a77c4eb-ec50-4c13-84a7-00aaeb5d2c2b,negative,3,"{'pred': [0], 'probs': [[0.2530602812767029, 0.08203231543302536, 0.2146187573671341, 0.21269285678863525, 0.23759576678276062]], 'pred_prompt': ['IHC stained light micrograph of extracellular amyloid-beta deposition in the human brain tissue. Based on the image, what is the most likely amyloid beta morphology pattern? cored plaque']}",0.5026999711990356,pathology,neuropathology,light microscopy,brightfield microscopy,
classification,"['IHC stained light micrograph of extracellular amyloid-beta deposition in the human brain tissue. Based on the image, what is the most likely amyloid beta morphology pattern? Diffuse', 'IHC stained light micrograph of extracellular amyloid-beta deposition in the human brain tissue. Based on the image, what is the most likely amyloid beta morphology pattern? Negative', 'IHC stained light micrograph of extracellular amyloid-beta deposition in the human brain tissue. Based on the image, what is the most likely amyloid beta morphology pattern? Cored', 'IHC stained light micrograph of extracellular amyloid-beta deposition in the human brain tissue. Based on the image, what is the most likely amyloid beta morphology pattern? Caa', 'IHC stained light micrograph of extracellular amyloid-beta deposition in the human brain tissue. Based on the image, what is the most likely amyloid beta morphology pattern? none of the above']",2fd6e27a-a46f-4119-84fc-fab367dfec5a,Diffuse,0,"{'pred': [2], 'probs': [[0.06300929933786392, 0.1569659262895584, 0.33625492453575134, 0.2683180570602417, 0.17545181512832642]], 'pred_prompt': ['IHC stained light micrograph of extracellular amyloid-beta deposition in the human brain tissue. Based on the image, what is the most likely amyloid beta morphology pattern? Cored']}",0.5026999711990356,pathology,neuropathology,light microscopy,brightfield microscopy,
classification,"['IHC stained light micrograph of extracellular amyloid-beta deposition in the human brain tissue. Based on the image, what is the most likely amyloid beta morphology pattern? cored plaque', 'IHC stained light micrograph of extracellular amyloid-beta deposition in the human brain tissue. Based on the image, what is the most likely amyloid beta morphology pattern? negative', 'IHC stained light micrograph of extracellular amyloid-beta deposition in the human brain tissue. Based on the image, what is the most likely amyloid beta morphology pattern? diffuse plaque', 'IHC stained light micrograph of extracellular amyloid-beta deposition in the human brain tissue. Based on the image, what is the most likely amyloid beta morphology pattern? cerebral amyloid angiopathy', 'IHC stained light micrograph of extracellular amyloid-beta deposition in the human brain tissue. Based on the image, what is the most likely amyloid beta morphology pattern? none of the above']",5a367c05-55fb-4e2c-a821-6a24410f91a1,negative,1,"{'pred': [1], 'probs': [[0.06532692909240723, 0.34741905331611633, 0.18881280720233917, 0.08111542463302612, 0.31732574105262756]], 'pred_prompt': ['IHC stained light micrograph of extracellular amyloid-beta deposition in the human brain tissue. Based on the image, what is the most likely amyloid beta morphology pattern? negative']}",0.5026999711990356,pathology,neuropathology,light microscopy,brightfield microscopy,
classification,"['IHC stained light micrograph of extracellular amyloid-beta deposition in the human brain tissue. Based on the image, what is the most likely amyloid beta morphology pattern? Diffuse', 'IHC stained light micrograph of extracellular amyloid-beta deposition in the human brain tissue. Based on the image, what is the most likely amyloid beta morphology pattern? Cored', 'IHC stained light micrograph of extracellular amyloid-beta deposition in the human brain tissue. Based on the image, what is the most likely amyloid beta morphology pattern? Caa', 'IHC stained light micrograph of extracellular amyloid-beta deposition in the human brain tissue. Based on the image, what is the most likely amyloid beta morphology pattern? Negative', 'IHC stained light micrograph of extracellular amyloid-beta deposition in the human brain tissue. Based on the image, what is the most likely amyloid beta morphology pattern? none of the above']",c0a0ba40-f718-4f30-86df-4e2f01cdf7b3,Negative,3,"{'pred': [4], 'probs': [[0.12988221645355225, 0.18795159459114075, 0.15455344319343567, 0.2241656333208084, 0.3034471273422241]], 'pred_prompt': ['IHC stained light micrograph of extracellular amyloid-beta deposition in the human brain tissue. Based on the image, what is the most likely amyloid beta morphology pattern? none of the above']}",0.5026999711990356,pathology,neuropathology,light microscopy,brightfield microscopy,
classification,"['IHC stained light micrograph of extracellular amyloid-beta deposition in the human brain tissue. Based on the image, what is the most likely amyloid beta morphology pattern? Diffuse', 'IHC stained light micrograph of extracellular amyloid-beta deposition in the human brain tissue. Based on the image, what is the most likely amyloid beta morphology pattern? Negative', 'IHC stained light micrograph of extracellular amyloid-beta deposition in the human brain tissue. Based on the image, what is the most likely amyloid beta morphology pattern? Caa', 'IHC stained light micrograph of extracellular amyloid-beta deposition in the human brain tissue. Based on the image, what is the most likely amyloid beta morphology pattern? Cored', 'IHC stained light micrograph of extracellular amyloid-beta deposition in the human brain tissue. Based on the image, what is the most likely amyloid beta morphology pattern? none of the above']",f1ca5888-661f-48bc-9f63-92610aabf0b0,Diffuse,0,"{'pred': [3], 'probs': [[0.10470399260520935, 0.06352823972702026, 0.12493433058261871, 0.588157057762146, 0.11867640167474747]], 'pred_prompt': ['IHC stained light micrograph of extracellular amyloid-beta deposition in the human brain tissue. Based on the image, what is the most likely amyloid beta morphology pattern? Cored']}",0.5026999711990356,pathology,neuropathology,light microscopy,brightfield microscopy,
classification,"['IHC stained light micrograph of extracellular amyloid-beta deposition in the human brain tissue. Based on the image, what is the most likely amyloid beta morphology pattern? Diffuse', 'IHC stained light micrograph of extracellular amyloid-beta deposition in the human brain tissue. Based on the image, what is the most likely amyloid beta morphology pattern? Negative', 'IHC stained light micrograph of extracellular amyloid-beta deposition in the human brain tissue. Based on the image, what is the most likely amyloid beta morphology pattern? Caa', 'IHC stained light micrograph of extracellular amyloid-beta deposition in the human brain tissue. Based on the image, what is the most likely amyloid beta morphology pattern? Cored', 'IHC stained light micrograph of extracellular amyloid-beta deposition in the human brain tissue. Based on the image, what is the most likely amyloid beta morphology pattern? none of the above']",f60efe99-2c3f-4a3f-bc59-66f2d2107568,Cored,3,"{'pred': [3], 'probs': [[0.0844728872179985, 0.07768689095973969, 0.21187689900398254, 0.43860772252082825, 0.18735554814338684]], 'pred_prompt': ['IHC stained light micrograph of extracellular amyloid-beta deposition in the human brain tissue. Based on the image, what is the most likely amyloid beta morphology pattern? Cored']}",0.5026999711990356,pathology,neuropathology,light microscopy,brightfield microscopy,
classification,"['IHC stained light micrograph of extracellular amyloid-beta deposition in the human brain tissue. Based on the image, what is the most likely amyloid beta morphology pattern? diffuse plaque', 'IHC stained light micrograph of extracellular amyloid-beta deposition in the human brain tissue. Based on the image, what is the most likely amyloid beta morphology pattern? negative', 'IHC stained light micrograph of extracellular amyloid-beta deposition in the human brain tissue. Based on the image, what is the most likely amyloid beta morphology pattern? cored plaque', 'IHC stained light micrograph of extracellular amyloid-beta deposition in the human brain tissue. Based on the image, what is the most likely amyloid beta morphology pattern? cerebral amyloid angiopathy', 'IHC stained light micrograph of extracellular amyloid-beta deposition in the human brain tissue. Based on the image, what is the most likely amyloid beta morphology pattern? none of the above']",defc1a6d-f9c9-4aac-87ef-b2800c990e2f,negative,1,"{'pred': [1], 'probs': [[0.10190896689891815, 0.3001481890678406, 0.15181496739387512, 0.2560691833496094, 0.1900586634874344]], 'pred_prompt': ['IHC stained light micrograph of extracellular amyloid-beta deposition in the human brain tissue. Based on the image, what is the most likely amyloid beta morphology pattern? negative']}",0.5026999711990356,pathology,neuropathology,light microscopy,brightfield microscopy,
classification,"['IHC stained light micrograph of extracellular amyloid-beta deposition in the human brain tissue. Based on the image, what is the most likely amyloid beta morphology pattern? negative', 'IHC stained light micrograph of extracellular amyloid-beta deposition in the human brain tissue. Based on the image, what is the most likely amyloid beta morphology pattern? cored plaque', 'IHC stained light micrograph of extracellular amyloid-beta deposition in the human brain tissue. Based on the image, what is the most likely amyloid beta morphology pattern? cerebral amyloid angiopathy', 'IHC stained light micrograph of extracellular amyloid-beta deposition in the human brain tissue. Based on the image, what is the most likely amyloid beta morphology pattern? diffuse plaque', 'IHC stained light micrograph of extracellular amyloid-beta deposition in the human brain tissue. Based on the image, what is the most likely amyloid beta morphology pattern? none of the above']",41deb44c-12e1-433a-8d88-96ce02f75947,negative,0,"{'pred': [1], 'probs': [[0.10384585708379745, 0.4520004689693451, 0.16602563858032227, 0.1166626438498497, 0.16146542131900787]], 'pred_prompt': ['IHC stained light micrograph of extracellular amyloid-beta deposition in the human brain tissue. Based on the image, what is the most likely amyloid beta morphology pattern? cored plaque']}",0.5026999711990356,pathology,neuropathology,light microscopy,brightfield microscopy,
classification,"['IHC stained light micrograph of extracellular amyloid-beta deposition in the human brain tissue. Based on the image, what is the most likely amyloid beta morphology pattern? Caa', 'IHC stained light micrograph of extracellular amyloid-beta deposition in the human brain tissue. Based on the image, what is the most likely amyloid beta morphology pattern? Cored', 'IHC stained light micrograph of extracellular amyloid-beta deposition in the human brain tissue. Based on the image, what is the most likely amyloid beta morphology pattern? Diffuse', 'IHC stained light micrograph of extracellular amyloid-beta deposition in the human brain tissue. Based on the image, what is the most likely amyloid beta morphology pattern? Negative', 'IHC stained light micrograph of extracellular amyloid-beta deposition in the human brain tissue. Based on the image, what is the most likely amyloid beta morphology pattern? none of the above']",a3182a29-a98d-4bef-bb76-1eb82622009f,Diffuse,2,"{'pred': [1], 'probs': [[0.17486968636512756, 0.5457097887992859, 0.06003103032708168, 0.07928828150033951, 0.14010122418403625]], 'pred_prompt': ['IHC stained light micrograph of extracellular amyloid-beta deposition in the human brain tissue. Based on the image, what is the most likely amyloid beta morphology pattern? Cored']}",0.5026999711990356,pathology,neuropathology,light microscopy,brightfield microscopy,
classification,"['IHC stained light micrograph of extracellular amyloid-beta deposition in the human brain tissue. Based on the image, what is the most likely amyloid beta morphology pattern? Caa', 'IHC stained light micrograph of extracellular amyloid-beta deposition in the human brain tissue. Based on the image, what is the most likely amyloid beta morphology pattern? Cored', 'IHC stained light micrograph of extracellular amyloid-beta deposition in the human brain tissue. Based on the image, what is the most likely amyloid beta morphology pattern? Diffuse', 'IHC stained light micrograph of extracellular amyloid-beta deposition in the human brain tissue. Based on the image, what is the most likely amyloid beta morphology pattern? Negative', 'IHC stained light micrograph of extracellular amyloid-beta deposition in the human brain tissue. Based on the image, what is the most likely amyloid beta morphology pattern? none of the above']",81bcb37e-add5-43af-8420-c19ee45c700d,Cored,1,"{'pred': [1], 'probs': [[0.10673046857118607, 0.4846899211406708, 0.08316300064325333, 0.06560240685939789, 0.25981414318084717]], 'pred_prompt': ['IHC stained light micrograph of extracellular amyloid-beta deposition in the human brain tissue. Based on the image, what is the most likely amyloid beta morphology pattern? Cored']}",0.5026999711990356,pathology,neuropathology,light microscopy,brightfield microscopy,
classification,"['IHC stained light micrograph of extracellular amyloid-beta deposition in the human brain tissue. Based on the image, what is the most likely amyloid beta morphology pattern? cored plaque', 'IHC stained light micrograph of extracellular amyloid-beta deposition in the human brain tissue. Based on the image, what is the most likely amyloid beta morphology pattern? cerebral amyloid angiopathy', 'IHC stained light micrograph of extracellular amyloid-beta deposition in the human brain tissue. Based on the image, what is the most likely amyloid beta morphology pattern? negative', 'IHC stained light micrograph of extracellular amyloid-beta deposition in the human brain tissue. Based on the image, what is the most likely amyloid beta morphology pattern? diffuse plaque', 'IHC stained light micrograph of extracellular amyloid-beta deposition in the human brain tissue. Based on the image, what is the most likely amyloid beta morphology pattern? none of the above']",02e8ae95-5b80-4656-b8a2-cd0e6502e8ed,negative,2,"{'pred': [0], 'probs': [[0.29849904775619507, 0.09339667111635208, 0.15693174302577972, 0.2107217013835907, 0.24045078456401825]], 'pred_prompt': ['IHC stained light micrograph of extracellular amyloid-beta deposition in the human brain tissue. Based on the image, what is the most likely amyloid beta morphology pattern? cored plaque']}",0.5026999711990356,pathology,neuropathology,light microscopy,brightfield microscopy,
classification,"['IHC stained light micrograph of extracellular amyloid-beta deposition in the human brain tissue. Based on the image, what is the most likely amyloid beta morphology pattern? Diffuse', 'IHC stained light micrograph of extracellular amyloid-beta deposition in the human brain tissue. Based on the image, what is the most likely amyloid beta morphology pattern? Negative', 'IHC stained light micrograph of extracellular amyloid-beta deposition in the human brain tissue. Based on the image, what is the most likely amyloid beta morphology pattern? Cored', 'IHC stained light micrograph of extracellular amyloid-beta deposition in the human brain tissue. Based on the image, what is the most likely amyloid beta morphology pattern? Caa', 'IHC stained light micrograph of extracellular amyloid-beta deposition in the human brain tissue. Based on the image, what is the most likely amyloid beta morphology pattern? none of the above']",13d9bf85-5b8b-4c91-b9d7-a81ab2d7ccef,Cored,2,"{'pred': [2], 'probs': [[0.12288311123847961, 0.13138650357723236, 0.31472688913345337, 0.2292511761188507, 0.2017524093389511]], 'pred_prompt': ['IHC stained light micrograph of extracellular amyloid-beta deposition in the human brain tissue. Based on the image, what is the most likely amyloid beta morphology pattern? Cored']}",0.5026999711990356,pathology,neuropathology,light microscopy,brightfield microscopy,
classification,"['IHC stained light micrograph of extracellular amyloid-beta deposition in the human brain tissue. Based on the image, what is the most likely amyloid beta morphology pattern? Cored', 'IHC stained light micrograph of extracellular amyloid-beta deposition in the human brain tissue. Based on the image, what is the most likely amyloid beta morphology pattern? Negative', 'IHC stained light micrograph of extracellular amyloid-beta deposition in the human brain tissue. Based on the image, what is the most likely amyloid beta morphology pattern? Caa', 'IHC stained light micrograph of extracellular amyloid-beta deposition in the human brain tissue. Based on the image, what is the most likely amyloid beta morphology pattern? Diffuse', 'IHC stained light micrograph of extracellular amyloid-beta deposition in the human brain tissue. Based on the image, what is the most likely amyloid beta morphology pattern? none of the above']",f73c5da6-de67-4dba-b955-d2ea44eff2e3,Caa,2,"{'pred': [0], 'probs': [[0.6078842878341675, 0.019190844148397446, 0.2623409330844879, 0.06658419966697693, 0.04399972781538963]], 'pred_prompt': ['IHC stained light micrograph of extracellular amyloid-beta deposition in the human brain tissue. Based on the image, what is the most likely amyloid beta morphology pattern? Cored']}",0.5026999711990356,pathology,neuropathology,light microscopy,brightfield microscopy,
classification,"['IHC stained light micrograph of extracellular amyloid-beta deposition in the human brain tissue. Based on the image, what is the most likely amyloid beta morphology pattern? Negative', 'IHC stained light micrograph of extracellular amyloid-beta deposition in the human brain tissue. Based on the image, what is the most likely amyloid beta morphology pattern? Caa', 'IHC stained light micrograph of extracellular amyloid-beta deposition in the human brain tissue. Based on the image, what is the most likely amyloid beta morphology pattern? Cored', 'IHC stained light micrograph of extracellular amyloid-beta deposition in the human brain tissue. Based on the image, what is the most likely amyloid beta morphology pattern? Diffuse', 'IHC stained light micrograph of extracellular amyloid-beta deposition in the human brain tissue. Based on the image, what is the most likely amyloid beta morphology pattern? none of the above']",40606d9b-a914-4f07-a99f-3880857b05a4,Caa,1,"{'pred': [1], 'probs': [[0.15599429607391357, 0.36686238646507263, 0.20627844333648682, 0.046920958906412125, 0.22394387423992157]], 'pred_prompt': ['IHC stained light micrograph of extracellular amyloid-beta deposition in the human brain tissue. Based on the image, what is the most likely amyloid beta morphology pattern? Caa']}",0.5026999711990356,pathology,neuropathology,light microscopy,brightfield microscopy,
classification,"['IHC stained light micrograph of extracellular amyloid-beta deposition in the human brain tissue. Based on the image, what is the most likely amyloid beta morphology pattern? diffuse plaque', 'IHC stained light micrograph of extracellular amyloid-beta deposition in the human brain tissue. Based on the image, what is the most likely amyloid beta morphology pattern? negative', 'IHC stained light micrograph of extracellular amyloid-beta deposition in the human brain tissue. Based on the image, what is the most likely amyloid beta morphology pattern? cored plaque', 'IHC stained light micrograph of extracellular amyloid-beta deposition in the human brain tissue. Based on the image, what is the most likely amyloid beta morphology pattern? cerebral amyloid angiopathy', 'IHC stained light micrograph of extracellular amyloid-beta deposition in the human brain tissue. Based on the image, what is the most likely amyloid beta morphology pattern? none of the above']",0a8f647e-dd2e-4cb2-a7d8-729a979b0d10,diffuse plaque,0,"{'pred': [2], 'probs': [[0.2830510437488556, 0.03280205279588699, 0.5145962834358215, 0.10491812974214554, 0.06463252007961273]], 'pred_prompt': ['IHC stained light micrograph of extracellular amyloid-beta deposition in the human brain tissue. Based on the image, what is the most likely amyloid beta morphology pattern? cored plaque']}",0.5026999711990356,pathology,neuropathology,light microscopy,brightfield microscopy,
classification,"['IHC stained light micrograph of extracellular amyloid-beta deposition in the human brain tissue. Based on the image, what is the most likely amyloid beta morphology pattern? cerebral amyloid angiopathy', 'IHC stained light micrograph of extracellular amyloid-beta deposition in the human brain tissue. Based on the image, what is the most likely amyloid beta morphology pattern? diffuse plaque', 'IHC stained light micrograph of extracellular amyloid-beta deposition in the human brain tissue. Based on the image, what is the most likely amyloid beta morphology pattern? negative', 'IHC stained light micrograph of extracellular amyloid-beta deposition in the human brain tissue. Based on the image, what is the most likely amyloid beta morphology pattern? cored plaque', 'IHC stained light micrograph of extracellular amyloid-beta deposition in the human brain tissue. Based on the image, what is the most likely amyloid beta morphology pattern? none of the above']",6584574a-ee80-45e5-8c17-f445e1d3e329,negative,2,"{'pred': [4], 'probs': [[0.055208176374435425, 0.11597058922052383, 0.3102918565273285, 0.146988645195961, 0.37154075503349304]], 'pred_prompt': ['IHC stained light micrograph of extracellular amyloid-beta deposition in the human brain tissue. Based on the image, what is the most likely amyloid beta morphology pattern? none of the above']}",0.5026999711990356,pathology,neuropathology,light microscopy,brightfield microscopy,
classification,"['IHC stained light micrograph of extracellular amyloid-beta deposition in the human brain tissue. Based on the image, what is the most likely amyloid beta morphology pattern? cerebral amyloid angiopathy', 'IHC stained light micrograph of extracellular amyloid-beta deposition in the human brain tissue. Based on the image, what is the most likely amyloid beta morphology pattern? diffuse plaque', 'IHC stained light micrograph of extracellular amyloid-beta deposition in the human brain tissue. Based on the image, what is the most likely amyloid beta morphology pattern? negative', 'IHC stained light micrograph of extracellular amyloid-beta deposition in the human brain tissue. Based on the image, what is the most likely amyloid beta morphology pattern? cored plaque', 'IHC stained light micrograph of extracellular amyloid-beta deposition in the human brain tissue. Based on the image, what is the most likely amyloid beta morphology pattern? none of the above']",be65b214-1606-48d9-b4e6-541986e9543a,negative,2,"{'pred': [4], 'probs': [[0.12612566351890564, 0.13289649784564972, 0.22134225070476532, 0.13119898736476898, 0.38843661546707153]], 'pred_prompt': ['IHC stained light micrograph of extracellular amyloid-beta deposition in the human brain tissue. Based on the image, what is the most likely amyloid beta morphology pattern? none of the above']}",0.5026999711990356,pathology,neuropathology,light microscopy,brightfield microscopy,
classification,"['IHC stained light micrograph of extracellular amyloid-beta deposition in the human brain tissue. Based on the image, what is the most likely amyloid beta morphology pattern? cerebral amyloid angiopathy', 'IHC stained light micrograph of extracellular amyloid-beta deposition in the human brain tissue. Based on the image, what is the most likely amyloid beta morphology pattern? cored plaque', 'IHC stained light micrograph of extracellular amyloid-beta deposition in the human brain tissue. Based on the image, what is the most likely amyloid beta morphology pattern? diffuse plaque', 'IHC stained light micrograph of extracellular amyloid-beta deposition in the human brain tissue. Based on the image, what is the most likely amyloid beta morphology pattern? negative', 'IHC stained light micrograph of extracellular amyloid-beta deposition in the human brain tissue. Based on the image, what is the most likely amyloid beta morphology pattern? none of the above']",de716b3a-27be-4c6e-8ce2-46778a04180f,cored plaque,1,"{'pred': [1], 'probs': [[0.10612370073795319, 0.6426034569740295, 0.13195373117923737, 0.030079394578933716, 0.08923975378274918]], 'pred_prompt': ['IHC stained light micrograph of extracellular amyloid-beta deposition in the human brain tissue. Based on the image, what is the most likely amyloid beta morphology pattern? cored plaque']}",0.5026999711990356,pathology,neuropathology,light microscopy,brightfield microscopy,
classification,"['IHC stained light micrograph of extracellular amyloid-beta deposition in the human brain tissue. Based on the image, what is the most likely amyloid beta morphology pattern? cerebral amyloid angiopathy', 'IHC stained light micrograph of extracellular amyloid-beta deposition in the human brain tissue. Based on the image, what is the most likely amyloid beta morphology pattern? diffuse plaque', 'IHC stained light micrograph of extracellular amyloid-beta deposition in the human brain tissue. Based on the image, what is the most likely amyloid beta morphology pattern? negative', 'IHC stained light micrograph of extracellular amyloid-beta deposition in the human brain tissue. Based on the image, what is the most likely amyloid beta morphology pattern? cored plaque', 'IHC stained light micrograph of extracellular amyloid-beta deposition in the human brain tissue. Based on the image, what is the most likely amyloid beta morphology pattern? none of the above']",48f98aa1-2357-4969-a96e-f79aac5dda7a,diffuse plaque,1,"{'pred': [3], 'probs': [[0.1590029001235962, 0.3047606348991394, 0.04567602649331093, 0.39277106523513794, 0.09778933972120285]], 'pred_prompt': ['IHC stained light micrograph of extracellular amyloid-beta deposition in the human brain tissue. Based on the image, what is the most likely amyloid beta morphology pattern? cored plaque']}",0.5026999711990356,pathology,neuropathology,light microscopy,brightfield microscopy,
classification,"['IHC stained light micrograph of extracellular amyloid-beta deposition in the human brain tissue. Based on the image, what is the most likely amyloid beta morphology pattern? negative', 'IHC stained light micrograph of extracellular amyloid-beta deposition in the human brain tissue. Based on the image, what is the most likely amyloid beta morphology pattern? cerebral amyloid angiopathy', 'IHC stained light micrograph of extracellular amyloid-beta deposition in the human brain tissue. Based on the image, what is the most likely amyloid beta morphology pattern? diffuse plaque', 'IHC stained light micrograph of extracellular amyloid-beta deposition in the human brain tissue. Based on the image, what is the most likely amyloid beta morphology pattern? cored plaque', 'IHC stained light micrograph of extracellular amyloid-beta deposition in the human brain tissue. Based on the image, what is the most likely amyloid beta morphology pattern? none of the above']",54a22311-e8bc-4115-9fe5-12565febbdda,diffuse plaque,2,"{'pred': [3], 'probs': [[0.026604903861880302, 0.04313018545508385, 0.23026129603385925, 0.6636653542518616, 0.03633824735879898]], 'pred_prompt': ['IHC stained light micrograph of extracellular amyloid-beta deposition in the human brain tissue. Based on the image, what is the most likely amyloid beta morphology pattern? cored plaque']}",0.5026999711990356,pathology,neuropathology,light microscopy,brightfield microscopy,
classification,"['IHC stained light micrograph of extracellular amyloid-beta deposition in the human brain tissue. Based on the image, what is the most likely amyloid beta morphology pattern? Negative', 'IHC stained light micrograph of extracellular amyloid-beta deposition in the human brain tissue. Based on the image, what is the most likely amyloid beta morphology pattern? Cored', 'IHC stained light micrograph of extracellular amyloid-beta deposition in the human brain tissue. Based on the image, what is the most likely amyloid beta morphology pattern? Caa', 'IHC stained light micrograph of extracellular amyloid-beta deposition in the human brain tissue. Based on the image, what is the most likely amyloid beta morphology pattern? Diffuse', 'IHC stained light micrograph of extracellular amyloid-beta deposition in the human brain tissue. Based on the image, what is the most likely amyloid beta morphology pattern? none of the above']",6d13d53b-794f-4ba3-b38c-6ac79ab3f93b,Cored,1,"{'pred': [1], 'probs': [[0.0678078755736351, 0.5800139307975769, 0.10338007658720016, 0.06652248650789261, 0.1822756975889206]], 'pred_prompt': ['IHC stained light micrograph of extracellular amyloid-beta deposition in the human brain tissue. Based on the image, what is the most likely amyloid beta morphology pattern? Cored']}",0.5026999711990356,pathology,neuropathology,light microscopy,brightfield microscopy,
classification,"['IHC stained light micrograph of extracellular amyloid-beta deposition in the human brain tissue. Based on the image, what is the most likely amyloid beta morphology pattern? Negative', 'IHC stained light micrograph of extracellular amyloid-beta deposition in the human brain tissue. Based on the image, what is the most likely amyloid beta morphology pattern? Diffuse', 'IHC stained light micrograph of extracellular amyloid-beta deposition in the human brain tissue. Based on the image, what is the most likely amyloid beta morphology pattern? Caa', 'IHC stained light micrograph of extracellular amyloid-beta deposition in the human brain tissue. Based on the image, what is the most likely amyloid beta morphology pattern? Cored', 'IHC stained light micrograph of extracellular amyloid-beta deposition in the human brain tissue. Based on the image, what is the most likely amyloid beta morphology pattern? none of the above']",ec904349-17fd-485e-93fc-9d946217f28a,Cored,3,"{'pred': [3], 'probs': [[0.08480916917324066, 0.034270185977220535, 0.3425673842430115, 0.3764161169528961, 0.1619371771812439]], 'pred_prompt': ['IHC stained light micrograph of extracellular amyloid-beta deposition in the human brain tissue. Based on the image, what is the most likely amyloid beta morphology pattern? Cored']}",0.5026999711990356,pathology,neuropathology,light microscopy,brightfield microscopy,
classification,"['IHC stained light micrograph of extracellular amyloid-beta deposition in the human brain tissue. Based on the image, what is the most likely amyloid beta morphology pattern? Negative', 'IHC stained light micrograph of extracellular amyloid-beta deposition in the human brain tissue. Based on the image, what is the most likely amyloid beta morphology pattern? Cored', 'IHC stained light micrograph of extracellular amyloid-beta deposition in the human brain tissue. Based on the image, what is the most likely amyloid beta morphology pattern? Diffuse', 'IHC stained light micrograph of extracellular amyloid-beta deposition in the human brain tissue. Based on the image, what is the most likely amyloid beta morphology pattern? Caa', 'IHC stained light micrograph of extracellular amyloid-beta deposition in the human brain tissue. Based on the image, what is the most likely amyloid beta morphology pattern? none of the above']",f89d5c8a-8ade-4529-999f-3c6520f0dd3a,Cored,1,"{'pred': [1], 'probs': [[0.06404172629117966, 0.5305705070495605, 0.14740774035453796, 0.09533966332674026, 0.16264040768146515]], 'pred_prompt': ['IHC stained light micrograph of extracellular amyloid-beta deposition in the human brain tissue. Based on the image, what is the most likely amyloid beta morphology pattern? Cored']}",0.5026999711990356,pathology,neuropathology,light microscopy,brightfield microscopy,
classification,"['IHC stained light micrograph of extracellular amyloid-beta deposition in the human brain tissue. Based on the image, what is the most likely amyloid beta morphology pattern? negative', 'IHC stained light micrograph of extracellular amyloid-beta deposition in the human brain tissue. Based on the image, what is the most likely amyloid beta morphology pattern? diffuse plaque', 'IHC stained light micrograph of extracellular amyloid-beta deposition in the human brain tissue. Based on the image, what is the most likely amyloid beta morphology pattern? cerebral amyloid angiopathy', 'IHC stained light micrograph of extracellular amyloid-beta deposition in the human brain tissue. Based on the image, what is the most likely amyloid beta morphology pattern? cored plaque', 'IHC stained light micrograph of extracellular amyloid-beta deposition in the human brain tissue. Based on the image, what is the most likely amyloid beta morphology pattern? none of the above']",f0b51077-875c-4009-a3ab-4327cebc9286,negative,0,"{'pred': [4], 'probs': [[0.24891901016235352, 0.1939789056777954, 0.09416812658309937, 0.0674968883395195, 0.3954370319843292]], 'pred_prompt': ['IHC stained light micrograph of extracellular amyloid-beta deposition in the human brain tissue. Based on the image, what is the most likely amyloid beta morphology pattern? none of the above']}",0.5026999711990356,pathology,neuropathology,light microscopy,brightfield microscopy,
classification,"['IHC stained light micrograph of extracellular amyloid-beta deposition in the human brain tissue. Based on the image, what is the most likely amyloid beta morphology pattern? negative', 'IHC stained light micrograph of extracellular amyloid-beta deposition in the human brain tissue. Based on the image, what is the most likely amyloid beta morphology pattern? cored plaque', 'IHC stained light micrograph of extracellular amyloid-beta deposition in the human brain tissue. Based on the image, what is the most likely amyloid beta morphology pattern? diffuse plaque', 'IHC stained light micrograph of extracellular amyloid-beta deposition in the human brain tissue. Based on the image, what is the most likely amyloid beta morphology pattern? cerebral amyloid angiopathy', 'IHC stained light micrograph of extracellular amyloid-beta deposition in the human brain tissue. Based on the image, what is the most likely amyloid beta morphology pattern? none of the above']",11c85898-16fb-4e4e-aa5b-4ac529d60035,negative,0,"{'pred': [4], 'probs': [[0.17816480994224548, 0.22489258646965027, 0.13970717787742615, 0.12697504460811615, 0.330260306596756]], 'pred_prompt': ['IHC stained light micrograph of extracellular amyloid-beta deposition in the human brain tissue. Based on the image, what is the most likely amyloid beta morphology pattern? none of the above']}",0.5026999711990356,pathology,neuropathology,light microscopy,brightfield microscopy,
classification,"['IHC stained light micrograph of extracellular amyloid-beta deposition in the human brain tissue. Based on the image, what is the most likely amyloid beta morphology pattern? cerebral amyloid angiopathy', 'IHC stained light micrograph of extracellular amyloid-beta deposition in the human brain tissue. Based on the image, what is the most likely amyloid beta morphology pattern? diffuse plaque', 'IHC stained light micrograph of extracellular amyloid-beta deposition in the human brain tissue. Based on the image, what is the most likely amyloid beta morphology pattern? cored plaque', 'IHC stained light micrograph of extracellular amyloid-beta deposition in the human brain tissue. Based on the image, what is the most likely amyloid beta morphology pattern? negative', 'IHC stained light micrograph of extracellular amyloid-beta deposition in the human brain tissue. Based on the image, what is the most likely amyloid beta morphology pattern? none of the above']",dfe70da6-aa6f-43d1-84d9-5b98257190f3,negative,3,"{'pred': [2], 'probs': [[0.2265157252550125, 0.15144214034080505, 0.25332972407341003, 0.12975144386291504, 0.23896098136901855]], 'pred_prompt': ['IHC stained light micrograph of extracellular amyloid-beta deposition in the human brain tissue. Based on the image, what is the most likely amyloid beta morphology pattern? cored plaque']}",0.5026999711990356,pathology,neuropathology,light microscopy,brightfield microscopy,
classification,"['IHC stained light micrograph of extracellular amyloid-beta deposition in the human brain tissue. Based on the image, what is the most likely amyloid beta morphology pattern? cored plaque', 'IHC stained light micrograph of extracellular amyloid-beta deposition in the human brain tissue. Based on the image, what is the most likely amyloid beta morphology pattern? cerebral amyloid angiopathy', 'IHC stained light micrograph of extracellular amyloid-beta deposition in the human brain tissue. Based on the image, what is the most likely amyloid beta morphology pattern? negative', 'IHC stained light micrograph of extracellular amyloid-beta deposition in the human brain tissue. Based on the image, what is the most likely amyloid beta morphology pattern? diffuse plaque', 'IHC stained light micrograph of extracellular amyloid-beta deposition in the human brain tissue. Based on the image, what is the most likely amyloid beta morphology pattern? none of the above']",c110375d-0233-45ba-8cd4-c626e6be30a6,negative,2,"{'pred': [1], 'probs': [[0.2479865849018097, 0.26184213161468506, 0.19681066274642944, 0.1197507232427597, 0.17360995709896088]], 'pred_prompt': ['IHC stained light micrograph of extracellular amyloid-beta deposition in the human brain tissue. Based on the image, what is the most likely amyloid beta morphology pattern? cerebral amyloid angiopathy']}",0.5026999711990356,pathology,neuropathology,light microscopy,brightfield microscopy,
classification,"['IHC stained light micrograph of extracellular amyloid-beta deposition in the human brain tissue. Based on the image, what is the most likely amyloid beta morphology pattern? cored plaque', 'IHC stained light micrograph of extracellular amyloid-beta deposition in the human brain tissue. Based on the image, what is the most likely amyloid beta morphology pattern? cerebral amyloid angiopathy', 'IHC stained light micrograph of extracellular amyloid-beta deposition in the human brain tissue. Based on the image, what is the most likely amyloid beta morphology pattern? negative', 'IHC stained light micrograph of extracellular amyloid-beta deposition in the human brain tissue. Based on the image, what is the most likely amyloid beta morphology pattern? diffuse plaque', 'IHC stained light micrograph of extracellular amyloid-beta deposition in the human brain tissue. Based on the image, what is the most likely amyloid beta morphology pattern? none of the above']",ffca05eb-af7b-4e27-9133-031e3814a77c,negative,2,"{'pred': [2], 'probs': [[0.12346261739730835, 0.10880044847726822, 0.3017042577266693, 0.2164638489484787, 0.24956881999969482]], 'pred_prompt': ['IHC stained light micrograph of extracellular amyloid-beta deposition in the human brain tissue. Based on the image, what is the most likely amyloid beta morphology pattern? negative']}",0.5026999711990356,pathology,neuropathology,light microscopy,brightfield microscopy,
classification,"['IHC stained light micrograph of extracellular amyloid-beta deposition in the human brain tissue. Based on the image, what is the most likely amyloid beta morphology pattern? Caa', 'IHC stained light micrograph of extracellular amyloid-beta deposition in the human brain tissue. Based on the image, what is the most likely amyloid beta morphology pattern? Diffuse', 'IHC stained light micrograph of extracellular amyloid-beta deposition in the human brain tissue. Based on the image, what is the most likely amyloid beta morphology pattern? Cored', 'IHC stained light micrograph of extracellular amyloid-beta deposition in the human brain tissue. Based on the image, what is the most likely amyloid beta morphology pattern? Negative', 'IHC stained light micrograph of extracellular amyloid-beta deposition in the human brain tissue. Based on the image, what is the most likely amyloid beta morphology pattern? none of the above']",657af7b7-367b-4ed0-8a41-e9bf627371df,Negative,3,"{'pred': [3], 'probs': [[0.18432506918907166, 0.06333926320075989, 0.04919730871915817, 0.45296090841293335, 0.25017741322517395]], 'pred_prompt': ['IHC stained light micrograph of extracellular amyloid-beta deposition in the human brain tissue. Based on the image, what is the most likely amyloid beta morphology pattern? Negative']}",0.5026999711990356,pathology,neuropathology,light microscopy,brightfield microscopy,
classification,"['IHC stained light micrograph of extracellular amyloid-beta deposition in the human brain tissue. Based on the image, what is the most likely amyloid beta morphology pattern? negative', 'IHC stained light micrograph of extracellular amyloid-beta deposition in the human brain tissue. Based on the image, what is the most likely amyloid beta morphology pattern? cerebral amyloid angiopathy', 'IHC stained light micrograph of extracellular amyloid-beta deposition in the human brain tissue. Based on the image, what is the most likely amyloid beta morphology pattern? cored plaque', 'IHC stained light micrograph of extracellular amyloid-beta deposition in the human brain tissue. Based on the image, what is the most likely amyloid beta morphology pattern? diffuse plaque', 'IHC stained light micrograph of extracellular amyloid-beta deposition in the human brain tissue. Based on the image, what is the most likely amyloid beta morphology pattern? none of the above']",952f9fa0-c6e8-40d9-89cb-68f9f0277bc3,diffuse plaque,3,"{'pred': [2], 'probs': [[0.1875346302986145, 0.07092425227165222, 0.33328139781951904, 0.2853502929210663, 0.12290942668914795]], 'pred_prompt': ['IHC stained light micrograph of extracellular amyloid-beta deposition in the human brain tissue. Based on the image, what is the most likely amyloid beta morphology pattern? cored plaque']}",0.5026999711990356,pathology,neuropathology,light microscopy,brightfield microscopy,
classification,"['IHC stained light micrograph of extracellular amyloid-beta deposition in the human brain tissue. Based on the image, what is the most likely amyloid beta morphology pattern? negative', 'IHC stained light micrograph of extracellular amyloid-beta deposition in the human brain tissue. Based on the image, what is the most likely amyloid beta morphology pattern? cored plaque', 'IHC stained light micrograph of extracellular amyloid-beta deposition in the human brain tissue. Based on the image, what is the most likely amyloid beta morphology pattern? diffuse plaque', 'IHC stained light micrograph of extracellular amyloid-beta deposition in the human brain tissue. Based on the image, what is the most likely amyloid beta morphology pattern? cerebral amyloid angiopathy', 'IHC stained light micrograph of extracellular amyloid-beta deposition in the human brain tissue. Based on the image, what is the most likely amyloid beta morphology pattern? none of the above']",6b2a9e4c-bd0b-406c-b90b-e4602f1e7ca1,negative,0,"{'pred': [4], 'probs': [[0.2182645946741104, 0.13761207461357117, 0.17400242388248444, 0.13495400547981262, 0.33516696095466614]], 'pred_prompt': ['IHC stained light micrograph of extracellular amyloid-beta deposition in the human brain tissue. Based on the image, what is the most likely amyloid beta morphology pattern? none of the above']}",0.5026999711990356,pathology,neuropathology,light microscopy,brightfield microscopy,
classification,"['IHC stained light micrograph of extracellular amyloid-beta deposition in the human brain tissue. Based on the image, what is the most likely amyloid beta morphology pattern? cored plaque', 'IHC stained light micrograph of extracellular amyloid-beta deposition in the human brain tissue. Based on the image, what is the most likely amyloid beta morphology pattern? cerebral amyloid angiopathy', 'IHC stained light micrograph of extracellular amyloid-beta deposition in the human brain tissue. Based on the image, what is the most likely amyloid beta morphology pattern? diffuse plaque', 'IHC stained light micrograph of extracellular amyloid-beta deposition in the human brain tissue. Based on the image, what is the most likely amyloid beta morphology pattern? negative', 'IHC stained light micrograph of extracellular amyloid-beta deposition in the human brain tissue. Based on the image, what is the most likely amyloid beta morphology pattern? none of the above']",f8ea01e6-53ee-44ff-ba6e-8bb88753cb0a,cored plaque,0,"{'pred': [0], 'probs': [[0.6398403644561768, 0.06987892836332321, 0.17800219357013702, 0.04132457077503204, 0.07095390558242798]], 'pred_prompt': ['IHC stained light micrograph of extracellular amyloid-beta deposition in the human brain tissue. Based on the image, what is the most likely amyloid beta morphology pattern? cored plaque']}",0.5026999711990356,pathology,neuropathology,light microscopy,brightfield microscopy,
classification,"['IHC stained light micrograph of extracellular amyloid-beta deposition in the human brain tissue. Based on the image, what is the most likely amyloid beta morphology pattern? Caa', 'IHC stained light micrograph of extracellular amyloid-beta deposition in the human brain tissue. Based on the image, what is the most likely amyloid beta morphology pattern? Negative', 'IHC stained light micrograph of extracellular amyloid-beta deposition in the human brain tissue. Based on the image, what is the most likely amyloid beta morphology pattern? Diffuse', 'IHC stained light micrograph of extracellular amyloid-beta deposition in the human brain tissue. Based on the image, what is the most likely amyloid beta morphology pattern? Cored', 'IHC stained light micrograph of extracellular amyloid-beta deposition in the human brain tissue. Based on the image, what is the most likely amyloid beta morphology pattern? none of the above']",c55039dc-3bdc-4f2d-932c-277be97f932a,Negative,1,"{'pred': [3], 'probs': [[0.13457521796226501, 0.1014324501156807, 0.09483803063631058, 0.48842117190361023, 0.18073323369026184]], 'pred_prompt': ['IHC stained light micrograph of extracellular amyloid-beta deposition in the human brain tissue. Based on the image, what is the most likely amyloid beta morphology pattern? Cored']}",0.5026999711990356,pathology,neuropathology,light microscopy,brightfield microscopy,
classification,"['IHC stained light micrograph of extracellular amyloid-beta deposition in the human brain tissue. Based on the image, what is the most likely amyloid beta morphology pattern? negative', 'IHC stained light micrograph of extracellular amyloid-beta deposition in the human brain tissue. Based on the image, what is the most likely amyloid beta morphology pattern? diffuse plaque', 'IHC stained light micrograph of extracellular amyloid-beta deposition in the human brain tissue. Based on the image, what is the most likely amyloid beta morphology pattern? cerebral amyloid angiopathy', 'IHC stained light micrograph of extracellular amyloid-beta deposition in the human brain tissue. Based on the image, what is the most likely amyloid beta morphology pattern? cored plaque', 'IHC stained light micrograph of extracellular amyloid-beta deposition in the human brain tissue. Based on the image, what is the most likely amyloid beta morphology pattern? none of the above']",bfec8276-2a0d-418c-be7a-45fb014adfe0,diffuse plaque,1,"{'pred': [3], 'probs': [[0.038900986313819885, 0.20854799449443817, 0.08098047971725464, 0.5674244165420532, 0.10414613783359528]], 'pred_prompt': ['IHC stained light micrograph of extracellular amyloid-beta deposition in the human brain tissue. Based on the image, what is the most likely amyloid beta morphology pattern? cored plaque']}",0.5026999711990356,pathology,neuropathology,light microscopy,brightfield microscopy,
classification,"['IHC stained light micrograph of extracellular amyloid-beta deposition in the human brain tissue. Based on the image, what is the most likely amyloid beta morphology pattern? Negative', 'IHC stained light micrograph of extracellular amyloid-beta deposition in the human brain tissue. Based on the image, what is the most likely amyloid beta morphology pattern? Caa', 'IHC stained light micrograph of extracellular amyloid-beta deposition in the human brain tissue. Based on the image, what is the most likely amyloid beta morphology pattern? Cored', 'IHC stained light micrograph of extracellular amyloid-beta deposition in the human brain tissue. Based on the image, what is the most likely amyloid beta morphology pattern? Diffuse', 'IHC stained light micrograph of extracellular amyloid-beta deposition in the human brain tissue. Based on the image, what is the most likely amyloid beta morphology pattern? none of the above']",6884bedf-d2cd-471b-93d8-940936ef92b3,Caa,1,"{'pred': [4], 'probs': [[0.15354496240615845, 0.19153058528900146, 0.16417011618614197, 0.09844812005758286, 0.39230623841285706]], 'pred_prompt': ['IHC stained light micrograph of extracellular amyloid-beta deposition in the human brain tissue. Based on the image, what is the most likely amyloid beta morphology pattern? none of the above']}",0.5026999711990356,pathology,neuropathology,light microscopy,brightfield microscopy,
classification,"['IHC stained light micrograph of extracellular amyloid-beta deposition in the human brain tissue. Based on the image, what is the most likely amyloid beta morphology pattern? diffuse plaque', 'IHC stained light micrograph of extracellular amyloid-beta deposition in the human brain tissue. Based on the image, what is the most likely amyloid beta morphology pattern? cored plaque', 'IHC stained light micrograph of extracellular amyloid-beta deposition in the human brain tissue. Based on the image, what is the most likely amyloid beta morphology pattern? cerebral amyloid angiopathy', 'IHC stained light micrograph of extracellular amyloid-beta deposition in the human brain tissue. Based on the image, what is the most likely amyloid beta morphology pattern? negative', 'IHC stained light micrograph of extracellular amyloid-beta deposition in the human brain tissue. Based on the image, what is the most likely amyloid beta morphology pattern? none of the above']",80fac8e6-51a7-44af-b1b4-03599ea835d1,cored plaque,1,"{'pred': [1], 'probs': [[0.13569901883602142, 0.28237903118133545, 0.15837430953979492, 0.1664738655090332, 0.2570737302303314]], 'pred_prompt': ['IHC stained light micrograph of extracellular amyloid-beta deposition in the human brain tissue. Based on the image, what is the most likely amyloid beta morphology pattern? cored plaque']}",0.5026999711990356,pathology,neuropathology,light microscopy,brightfield microscopy,
classification,"['IHC stained light micrograph of extracellular amyloid-beta deposition in the human brain tissue. Based on the image, what is the most likely amyloid beta morphology pattern? Caa', 'IHC stained light micrograph of extracellular amyloid-beta deposition in the human brain tissue. Based on the image, what is the most likely amyloid beta morphology pattern? Negative', 'IHC stained light micrograph of extracellular amyloid-beta deposition in the human brain tissue. Based on the image, what is the most likely amyloid beta morphology pattern? Diffuse', 'IHC stained light micrograph of extracellular amyloid-beta deposition in the human brain tissue. Based on the image, what is the most likely amyloid beta morphology pattern? Cored', 'IHC stained light micrograph of extracellular amyloid-beta deposition in the human brain tissue. Based on the image, what is the most likely amyloid beta morphology pattern? none of the above']",1829ab5a-22a1-486f-94d4-c72cc262fae5,Caa,0,"{'pred': [0], 'probs': [[0.3992767333984375, 0.1025145873427391, 0.06433751434087753, 0.2660680115222931, 0.16780313849449158]], 'pred_prompt': ['IHC stained light micrograph of extracellular amyloid-beta deposition in the human brain tissue. Based on the image, what is the most likely amyloid beta morphology pattern? Caa']}",0.5026999711990356,pathology,neuropathology,light microscopy,brightfield microscopy,
classification,"['IHC stained light micrograph of extracellular amyloid-beta deposition in the human brain tissue. Based on the image, what is the most likely amyloid beta morphology pattern? Caa', 'IHC stained light micrograph of extracellular amyloid-beta deposition in the human brain tissue. Based on the image, what is the most likely amyloid beta morphology pattern? Negative', 'IHC stained light micrograph of extracellular amyloid-beta deposition in the human brain tissue. Based on the image, what is the most likely amyloid beta morphology pattern? Cored', 'IHC stained light micrograph of extracellular amyloid-beta deposition in the human brain tissue. Based on the image, what is the most likely amyloid beta morphology pattern? Diffuse', 'IHC stained light micrograph of extracellular amyloid-beta deposition in the human brain tissue. Based on the image, what is the most likely amyloid beta morphology pattern? none of the above']",447bf81c-143f-4672-b32f-f4b6f3d0086a,Diffuse,3,"{'pred': [4], 'probs': [[0.09261342883110046, 0.25271928310394287, 0.2046310007572174, 0.13049232959747314, 0.31954389810562134]], 'pred_prompt': ['IHC stained light micrograph of extracellular amyloid-beta deposition in the human brain tissue. Based on the image, what is the most likely amyloid beta morphology pattern? none of the above']}",0.5026999711990356,pathology,neuropathology,light microscopy,brightfield microscopy,
classification,"['IHC stained light micrograph of extracellular amyloid-beta deposition in the human brain tissue. Based on the image, what is the most likely amyloid beta morphology pattern? Cored', 'IHC stained light micrograph of extracellular amyloid-beta deposition in the human brain tissue. Based on the image, what is the most likely amyloid beta morphology pattern? Negative', 'IHC stained light micrograph of extracellular amyloid-beta deposition in the human brain tissue. Based on the image, what is the most likely amyloid beta morphology pattern? Diffuse', 'IHC stained light micrograph of extracellular amyloid-beta deposition in the human brain tissue. Based on the image, what is the most likely amyloid beta morphology pattern? Caa', 'IHC stained light micrograph of extracellular amyloid-beta deposition in the human brain tissue. Based on the image, what is the most likely amyloid beta morphology pattern? none of the above']",fca62714-8ea3-4c48-a69c-cf5339854a1d,Negative,1,"{'pred': [3], 'probs': [[0.2921562194824219, 0.03399842604994774, 0.04435719922184944, 0.5819424986839294, 0.04754568636417389]], 'pred_prompt': ['IHC stained light micrograph of extracellular amyloid-beta deposition in the human brain tissue. Based on the image, what is the most likely amyloid beta morphology pattern? Caa']}",0.5026999711990356,pathology,neuropathology,light microscopy,brightfield microscopy,
classification,"['IHC stained light micrograph of extracellular amyloid-beta deposition in the human brain tissue. Based on the image, what is the most likely amyloid beta morphology pattern? Caa', 'IHC stained light micrograph of extracellular amyloid-beta deposition in the human brain tissue. Based on the image, what is the most likely amyloid beta morphology pattern? Negative', 'IHC stained light micrograph of extracellular amyloid-beta deposition in the human brain tissue. Based on the image, what is the most likely amyloid beta morphology pattern? Cored', 'IHC stained light micrograph of extracellular amyloid-beta deposition in the human brain tissue. Based on the image, what is the most likely amyloid beta morphology pattern? Diffuse', 'IHC stained light micrograph of extracellular amyloid-beta deposition in the human brain tissue. Based on the image, what is the most likely amyloid beta morphology pattern? none of the above']",1175f5fd-b661-4fe4-8ea5-8ad1ba40a480,Caa,0,"{'pred': [0], 'probs': [[0.4170226752758026, 0.11924722790718079, 0.1846521496772766, 0.0357137955725193, 0.2433641105890274]], 'pred_prompt': ['IHC stained light micrograph of extracellular amyloid-beta deposition in the human brain tissue. Based on the image, what is the most likely amyloid beta morphology pattern? Caa']}",0.5026999711990356,pathology,neuropathology,light microscopy,brightfield microscopy,
classification,"['IHC stained light micrograph of extracellular amyloid-beta deposition in the human brain tissue. Based on the image, what is the most likely amyloid beta morphology pattern? Caa', 'IHC stained light micrograph of extracellular amyloid-beta deposition in the human brain tissue. Based on the image, what is the most likely amyloid beta morphology pattern? Cored', 'IHC stained light micrograph of extracellular amyloid-beta deposition in the human brain tissue. Based on the image, what is the most likely amyloid beta morphology pattern? Diffuse', 'IHC stained light micrograph of extracellular amyloid-beta deposition in the human brain tissue. Based on the image, what is the most likely amyloid beta morphology pattern? Negative', 'IHC stained light micrograph of extracellular amyloid-beta deposition in the human brain tissue. Based on the image, what is the most likely amyloid beta morphology pattern? none of the above']",ea682cfc-36f8-4592-a055-664ae1ecb9df,Negative,3,"{'pred': [4], 'probs': [[0.07626621425151825, 0.09517442435026169, 0.09389352798461914, 0.2942345142364502, 0.4404314160346985]], 'pred_prompt': ['IHC stained light micrograph of extracellular amyloid-beta deposition in the human brain tissue. Based on the image, what is the most likely amyloid beta morphology pattern? none of the above']}",0.5026999711990356,pathology,neuropathology,light microscopy,brightfield microscopy,
classification,"['IHC stained light micrograph of extracellular amyloid-beta deposition in the human brain tissue. Based on the image, what is the most likely amyloid beta morphology pattern? cored plaque', 'IHC stained light micrograph of extracellular amyloid-beta deposition in the human brain tissue. Based on the image, what is the most likely amyloid beta morphology pattern? cerebral amyloid angiopathy', 'IHC stained light micrograph of extracellular amyloid-beta deposition in the human brain tissue. Based on the image, what is the most likely amyloid beta morphology pattern? negative', 'IHC stained light micrograph of extracellular amyloid-beta deposition in the human brain tissue. Based on the image, what is the most likely amyloid beta morphology pattern? diffuse plaque', 'IHC stained light micrograph of extracellular amyloid-beta deposition in the human brain tissue. Based on the image, what is the most likely amyloid beta morphology pattern? none of the above']",6b140a6e-635a-4081-aac4-8e99ce298414,diffuse plaque,3,"{'pred': [0], 'probs': [[0.5435757637023926, 0.11252806335687637, 0.06844282895326614, 0.1373525708913803, 0.13810071349143982]], 'pred_prompt': ['IHC stained light micrograph of extracellular amyloid-beta deposition in the human brain tissue. Based on the image, what is the most likely amyloid beta morphology pattern? cored plaque']}",0.5026999711990356,pathology,neuropathology,light microscopy,brightfield microscopy,
classification,"['IHC stained light micrograph of extracellular amyloid-beta deposition in the human brain tissue. Based on the image, what is the most likely amyloid beta morphology pattern? cored plaque', 'IHC stained light micrograph of extracellular amyloid-beta deposition in the human brain tissue. Based on the image, what is the most likely amyloid beta morphology pattern? diffuse plaque', 'IHC stained light micrograph of extracellular amyloid-beta deposition in the human brain tissue. Based on the image, what is the most likely amyloid beta morphology pattern? cerebral amyloid angiopathy', 'IHC stained light micrograph of extracellular amyloid-beta deposition in the human brain tissue. Based on the image, what is the most likely amyloid beta morphology pattern? negative', 'IHC stained light micrograph of extracellular amyloid-beta deposition in the human brain tissue. Based on the image, what is the most likely amyloid beta morphology pattern? none of the above']",cc432dd7-a84c-4398-aa83-89ba1ce70e33,negative,3,"{'pred': [4], 'probs': [[0.0717901736497879, 0.06406571716070175, 0.12295637279748917, 0.3015235364437103, 0.4396640956401825]], 'pred_prompt': ['IHC stained light micrograph of extracellular amyloid-beta deposition in the human brain tissue. Based on the image, what is the most likely amyloid beta morphology pattern? none of the above']}",0.5026999711990356,pathology,neuropathology,light microscopy,brightfield microscopy,
classification,"['IHC stained light micrograph of extracellular amyloid-beta deposition in the human brain tissue. Based on the image, what is the most likely amyloid beta morphology pattern? diffuse plaque', 'IHC stained light micrograph of extracellular amyloid-beta deposition in the human brain tissue. Based on the image, what is the most likely amyloid beta morphology pattern? cerebral amyloid angiopathy', 'IHC stained light micrograph of extracellular amyloid-beta deposition in the human brain tissue. Based on the image, what is the most likely amyloid beta morphology pattern? cored plaque', 'IHC stained light micrograph of extracellular amyloid-beta deposition in the human brain tissue. Based on the image, what is the most likely amyloid beta morphology pattern? negative', 'IHC stained light micrograph of extracellular amyloid-beta deposition in the human brain tissue. Based on the image, what is the most likely amyloid beta morphology pattern? none of the above']",5c4c2dc6-b251-4752-b9cc-2101ba10b16c,diffuse plaque,0,"{'pred': [2], 'probs': [[0.26871395111083984, 0.09353592991828918, 0.49306172132492065, 0.052043113857507706, 0.0926453173160553]], 'pred_prompt': ['IHC stained light micrograph of extracellular amyloid-beta deposition in the human brain tissue. Based on the image, what is the most likely amyloid beta morphology pattern? cored plaque']}",0.5026999711990356,pathology,neuropathology,light microscopy,brightfield microscopy,
classification,"['IHC stained light micrograph of extracellular amyloid-beta deposition in the human brain tissue. Based on the image, what is the most likely amyloid beta morphology pattern? Cored', 'IHC stained light micrograph of extracellular amyloid-beta deposition in the human brain tissue. Based on the image, what is the most likely amyloid beta morphology pattern? Caa', 'IHC stained light micrograph of extracellular amyloid-beta deposition in the human brain tissue. Based on the image, what is the most likely amyloid beta morphology pattern? Negative', 'IHC stained light micrograph of extracellular amyloid-beta deposition in the human brain tissue. Based on the image, what is the most likely amyloid beta morphology pattern? Diffuse', 'IHC stained light micrograph of extracellular amyloid-beta deposition in the human brain tissue. Based on the image, what is the most likely amyloid beta morphology pattern? none of the above']",9d70a871-eb59-4922-aa1a-8e66b2ad4cbb,Diffuse,3,"{'pred': [0], 'probs': [[0.6927031874656677, 0.12189681082963943, 0.022419815883040428, 0.09106935560703278, 0.07191082090139389]], 'pred_prompt': ['IHC stained light micrograph of extracellular amyloid-beta deposition in the human brain tissue. Based on the image, what is the most likely amyloid beta morphology pattern? Cored']}",0.5026999711990356,pathology,neuropathology,light microscopy,brightfield microscopy,
classification,"['IHC stained light micrograph of extracellular amyloid-beta deposition in the human brain tissue. Based on the image, what is the most likely amyloid beta morphology pattern? Diffuse', 'IHC stained light micrograph of extracellular amyloid-beta deposition in the human brain tissue. Based on the image, what is the most likely amyloid beta morphology pattern? Negative', 'IHC stained light micrograph of extracellular amyloid-beta deposition in the human brain tissue. Based on the image, what is the most likely amyloid beta morphology pattern? Cored', 'IHC stained light micrograph of extracellular amyloid-beta deposition in the human brain tissue. Based on the image, what is the most likely amyloid beta morphology pattern? Caa', 'IHC stained light micrograph of extracellular amyloid-beta deposition in the human brain tissue. Based on the image, what is the most likely amyloid beta morphology pattern? none of the above']",0c4ae80b-f367-4ef6-b659-cb0fea6ee383,Negative,1,"{'pred': [2], 'probs': [[0.1429130733013153, 0.06403108686208725, 0.5020915865898132, 0.1528322547674179, 0.13813194632530212]], 'pred_prompt': ['IHC stained light micrograph of extracellular amyloid-beta deposition in the human brain tissue. Based on the image, what is the most likely amyloid beta morphology pattern? Cored']}",0.5026999711990356,pathology,neuropathology,light microscopy,brightfield microscopy,
classification,"['IHC stained light micrograph of extracellular amyloid-beta deposition in the human brain tissue. Based on the image, what is the most likely amyloid beta morphology pattern? Caa', 'IHC stained light micrograph of extracellular amyloid-beta deposition in the human brain tissue. Based on the image, what is the most likely amyloid beta morphology pattern? Diffuse', 'IHC stained light micrograph of extracellular amyloid-beta deposition in the human brain tissue. Based on the image, what is the most likely amyloid beta morphology pattern? Negative', 'IHC stained light micrograph of extracellular amyloid-beta deposition in the human brain tissue. Based on the image, what is the most likely amyloid beta morphology pattern? Cored', 'IHC stained light micrograph of extracellular amyloid-beta deposition in the human brain tissue. Based on the image, what is the most likely amyloid beta morphology pattern? none of the above']",057ee5aa-b9c7-4287-9435-ba8c33f550d5,Diffuse,1,"{'pred': [3], 'probs': [[0.1215379387140274, 0.0340300127863884, 0.09996522963047028, 0.529550313949585, 0.21491639316082]], 'pred_prompt': ['IHC stained light micrograph of extracellular amyloid-beta deposition in the human brain tissue. Based on the image, what is the most likely amyloid beta morphology pattern? Cored']}",0.5026999711990356,pathology,neuropathology,light microscopy,brightfield microscopy,
classification,"['IHC stained light micrograph of extracellular amyloid-beta deposition in the human brain tissue. Based on the image, what is the most likely amyloid beta morphology pattern? negative', 'IHC stained light micrograph of extracellular amyloid-beta deposition in the human brain tissue. Based on the image, what is the most likely amyloid beta morphology pattern? cerebral amyloid angiopathy', 'IHC stained light micrograph of extracellular amyloid-beta deposition in the human brain tissue. Based on the image, what is the most likely amyloid beta morphology pattern? diffuse plaque', 'IHC stained light micrograph of extracellular amyloid-beta deposition in the human brain tissue. Based on the image, what is the most likely amyloid beta morphology pattern? cored plaque', 'IHC stained light micrograph of extracellular amyloid-beta deposition in the human brain tissue. Based on the image, what is the most likely amyloid beta morphology pattern? none of the above']",e1ce579e-bdaa-47d3-bc9a-56ffd4c29f66,diffuse plaque,2,"{'pred': [4], 'probs': [[0.16294319927692413, 0.1639983355998993, 0.2151831090450287, 0.10411332547664642, 0.35376206040382385]], 'pred_prompt': ['IHC stained light micrograph of extracellular amyloid-beta deposition in the human brain tissue. Based on the image, what is the most likely amyloid beta morphology pattern? none of the above']}",0.5026999711990356,pathology,neuropathology,light microscopy,brightfield microscopy,
classification,"['IHC stained light micrograph of extracellular amyloid-beta deposition in the human brain tissue. Based on the image, what is the most likely amyloid beta morphology pattern? cerebral amyloid angiopathy', 'IHC stained light micrograph of extracellular amyloid-beta deposition in the human brain tissue. Based on the image, what is the most likely amyloid beta morphology pattern? cored plaque', 'IHC stained light micrograph of extracellular amyloid-beta deposition in the human brain tissue. Based on the image, what is the most likely amyloid beta morphology pattern? negative', 'IHC stained light micrograph of extracellular amyloid-beta deposition in the human brain tissue. Based on the image, what is the most likely amyloid beta morphology pattern? diffuse plaque', 'IHC stained light micrograph of extracellular amyloid-beta deposition in the human brain tissue. Based on the image, what is the most likely amyloid beta morphology pattern? none of the above']",0b07424d-751d-48e8-9705-33c5a388526c,diffuse plaque,3,"{'pred': [1], 'probs': [[0.050322890281677246, 0.3138453960418701, 0.09221996366977692, 0.2593635022640228, 0.2842482626438141]], 'pred_prompt': ['IHC stained light micrograph of extracellular amyloid-beta deposition in the human brain tissue. Based on the image, what is the most likely amyloid beta morphology pattern? cored plaque']}",0.5026999711990356,pathology,neuropathology,light microscopy,brightfield microscopy,
classification,"['IHC stained light micrograph of extracellular amyloid-beta deposition in the human brain tissue. Based on the image, what is the most likely amyloid beta morphology pattern? Diffuse', 'IHC stained light micrograph of extracellular amyloid-beta deposition in the human brain tissue. Based on the image, what is the most likely amyloid beta morphology pattern? Negative', 'IHC stained light micrograph of extracellular amyloid-beta deposition in the human brain tissue. Based on the image, what is the most likely amyloid beta morphology pattern? Caa', 'IHC stained light micrograph of extracellular amyloid-beta deposition in the human brain tissue. Based on the image, what is the most likely amyloid beta morphology pattern? Cored', 'IHC stained light micrograph of extracellular amyloid-beta deposition in the human brain tissue. Based on the image, what is the most likely amyloid beta morphology pattern? none of the above']",44ed1048-be39-4549-9c85-c73b43918c5e,Diffuse,0,"{'pred': [3], 'probs': [[0.13736139237880707, 0.08087421208620071, 0.05537635460495949, 0.42756474018096924, 0.2988232374191284]], 'pred_prompt': ['IHC stained light micrograph of extracellular amyloid-beta deposition in the human brain tissue. Based on the image, what is the most likely amyloid beta morphology pattern? Cored']}",0.5026999711990356,pathology,neuropathology,light microscopy,brightfield microscopy,
classification,"['IHC stained light micrograph of extracellular amyloid-beta deposition in the human brain tissue. Based on the image, what is the most likely amyloid beta morphology pattern? negative', 'IHC stained light micrograph of extracellular amyloid-beta deposition in the human brain tissue. Based on the image, what is the most likely amyloid beta morphology pattern? cerebral amyloid angiopathy', 'IHC stained light micrograph of extracellular amyloid-beta deposition in the human brain tissue. Based on the image, what is the most likely amyloid beta morphology pattern? cored plaque', 'IHC stained light micrograph of extracellular amyloid-beta deposition in the human brain tissue. Based on the image, what is the most likely amyloid beta morphology pattern? diffuse plaque', 'IHC stained light micrograph of extracellular amyloid-beta deposition in the human brain tissue. Based on the image, what is the most likely amyloid beta morphology pattern? none of the above']",153829f9-a6a7-4c9f-9e43-4e44c204537d,negative,0,"{'pred': [2], 'probs': [[0.11316042393445969, 0.13811862468719482, 0.2955189645290375, 0.22954805195331573, 0.22365392744541168]], 'pred_prompt': ['IHC stained light micrograph of extracellular amyloid-beta deposition in the human brain tissue. Based on the image, what is the most likely amyloid beta morphology pattern? cored plaque']}",0.5026999711990356,pathology,neuropathology,light microscopy,brightfield microscopy,
classification,"['IHC stained light micrograph of extracellular amyloid-beta deposition in the human brain tissue. Based on the image, what is the most likely amyloid beta morphology pattern? Cored', 'IHC stained light micrograph of extracellular amyloid-beta deposition in the human brain tissue. Based on the image, what is the most likely amyloid beta morphology pattern? Caa', 'IHC stained light micrograph of extracellular amyloid-beta deposition in the human brain tissue. Based on the image, what is the most likely amyloid beta morphology pattern? Negative', 'IHC stained light micrograph of extracellular amyloid-beta deposition in the human brain tissue. Based on the image, what is the most likely amyloid beta morphology pattern? Diffuse', 'IHC stained light micrograph of extracellular amyloid-beta deposition in the human brain tissue. Based on the image, what is the most likely amyloid beta morphology pattern? none of the above']",c7aa5692-0fe5-40c5-a041-964cc192d09d,Negative,2,"{'pred': [4], 'probs': [[0.11617854982614517, 0.09409645944833755, 0.2643383741378784, 0.214401975274086, 0.31098467111587524]], 'pred_prompt': ['IHC stained light micrograph of extracellular amyloid-beta deposition in the human brain tissue. Based on the image, what is the most likely amyloid beta morphology pattern? none of the above']}",0.5026999711990356,pathology,neuropathology,light microscopy,brightfield microscopy,
classification,"['IHC stained light micrograph of extracellular amyloid-beta deposition in the human brain tissue. Based on the image, what is the most likely amyloid beta morphology pattern? diffuse plaque', 'IHC stained light micrograph of extracellular amyloid-beta deposition in the human brain tissue. Based on the image, what is the most likely amyloid beta morphology pattern? negative', 'IHC stained light micrograph of extracellular amyloid-beta deposition in the human brain tissue. Based on the image, what is the most likely amyloid beta morphology pattern? cerebral amyloid angiopathy', 'IHC stained light micrograph of extracellular amyloid-beta deposition in the human brain tissue. Based on the image, what is the most likely amyloid beta morphology pattern? cored plaque', 'IHC stained light micrograph of extracellular amyloid-beta deposition in the human brain tissue. Based on the image, what is the most likely amyloid beta morphology pattern? none of the above']",a6624ca0-7392-479c-b9c2-a0e0e50eb69a,cored plaque,3,"{'pred': [3], 'probs': [[0.0689578652381897, 0.07236846536397934, 0.1335504949092865, 0.5642797946929932, 0.16084334254264832]], 'pred_prompt': ['IHC stained light micrograph of extracellular amyloid-beta deposition in the human brain tissue. Based on the image, what is the most likely amyloid beta morphology pattern? cored plaque']}",0.5026999711990356,pathology,neuropathology,light microscopy,brightfield microscopy,
classification,"['IHC stained light micrograph of extracellular amyloid-beta deposition in the human brain tissue. Based on the image, what is the most likely amyloid beta morphology pattern? Caa', 'IHC stained light micrograph of extracellular amyloid-beta deposition in the human brain tissue. Based on the image, what is the most likely amyloid beta morphology pattern? Diffuse', 'IHC stained light micrograph of extracellular amyloid-beta deposition in the human brain tissue. Based on the image, what is the most likely amyloid beta morphology pattern? Negative', 'IHC stained light micrograph of extracellular amyloid-beta deposition in the human brain tissue. Based on the image, what is the most likely amyloid beta morphology pattern? Cored', 'IHC stained light micrograph of extracellular amyloid-beta deposition in the human brain tissue. Based on the image, what is the most likely amyloid beta morphology pattern? none of the above']",95f766c1-4cc0-441e-9b63-46ba96fe690e,Cored,3,"{'pred': [3], 'probs': [[0.07443629205226898, 0.07075446844100952, 0.0632709413766861, 0.6398090124130249, 0.1517293006181717]], 'pred_prompt': ['IHC stained light micrograph of extracellular amyloid-beta deposition in the human brain tissue. Based on the image, what is the most likely amyloid beta morphology pattern? Cored']}",0.5026999711990356,pathology,neuropathology,light microscopy,brightfield microscopy,
classification,"['IHC stained light micrograph of extracellular amyloid-beta deposition in the human brain tissue. Based on the image, what is the most likely amyloid beta morphology pattern? Diffuse', 'IHC stained light micrograph of extracellular amyloid-beta deposition in the human brain tissue. Based on the image, what is the most likely amyloid beta morphology pattern? Negative', 'IHC stained light micrograph of extracellular amyloid-beta deposition in the human brain tissue. Based on the image, what is the most likely amyloid beta morphology pattern? Cored', 'IHC stained light micrograph of extracellular amyloid-beta deposition in the human brain tissue. Based on the image, what is the most likely amyloid beta morphology pattern? Caa', 'IHC stained light micrograph of extracellular amyloid-beta deposition in the human brain tissue. Based on the image, what is the most likely amyloid beta morphology pattern? none of the above']",9d852141-2c49-4102-a677-b2a92ae958f1,Caa,3,"{'pred': [2], 'probs': [[0.09830152243375778, 0.0805874839425087, 0.4127879738807678, 0.19975215196609497, 0.20857083797454834]], 'pred_prompt': ['IHC stained light micrograph of extracellular amyloid-beta deposition in the human brain tissue. Based on the image, what is the most likely amyloid beta morphology pattern? Cored']}",0.5026999711990356,pathology,neuropathology,light microscopy,brightfield microscopy,
classification,"['IHC stained light micrograph of extracellular amyloid-beta deposition in the human brain tissue. Based on the image, what is the most likely amyloid beta morphology pattern? Caa', 'IHC stained light micrograph of extracellular amyloid-beta deposition in the human brain tissue. Based on the image, what is the most likely amyloid beta morphology pattern? Cored', 'IHC stained light micrograph of extracellular amyloid-beta deposition in the human brain tissue. Based on the image, what is the most likely amyloid beta morphology pattern? Negative', 'IHC stained light micrograph of extracellular amyloid-beta deposition in the human brain tissue. Based on the image, what is the most likely amyloid beta morphology pattern? Diffuse', 'IHC stained light micrograph of extracellular amyloid-beta deposition in the human brain tissue. Based on the image, what is the most likely amyloid beta morphology pattern? none of the above']",a5fd5b1d-57c5-41a4-b128-00720b7c8699,Negative,2,"{'pred': [0], 'probs': [[0.5468092560768127, 0.09764020144939423, 0.16120146214962006, 0.06144246459007263, 0.13290658593177795]], 'pred_prompt': ['IHC stained light micrograph of extracellular amyloid-beta deposition in the human brain tissue. Based on the image, what is the most likely amyloid beta morphology pattern? Caa']}",0.5026999711990356,pathology,neuropathology,light microscopy,brightfield microscopy,
classification,"['IHC stained light micrograph of extracellular amyloid-beta deposition in the human brain tissue. Based on the image, what is the most likely amyloid beta morphology pattern? Diffuse', 'IHC stained light micrograph of extracellular amyloid-beta deposition in the human brain tissue. Based on the image, what is the most likely amyloid beta morphology pattern? Caa', 'IHC stained light micrograph of extracellular amyloid-beta deposition in the human brain tissue. Based on the image, what is the most likely amyloid beta morphology pattern? Cored', 'IHC stained light micrograph of extracellular amyloid-beta deposition in the human brain tissue. Based on the image, what is the most likely amyloid beta morphology pattern? Negative', 'IHC stained light micrograph of extracellular amyloid-beta deposition in the human brain tissue. Based on the image, what is the most likely amyloid beta morphology pattern? none of the above']",35bf037e-f30e-490d-91f0-dd83a3ea65cc,Cored,2,"{'pred': [2], 'probs': [[0.12575897574424744, 0.18303337693214417, 0.48198777437210083, 0.05654212087392807, 0.1526777148246765]], 'pred_prompt': ['IHC stained light micrograph of extracellular amyloid-beta deposition in the human brain tissue. Based on the image, what is the most likely amyloid beta morphology pattern? Cored']}",0.5026999711990356,pathology,neuropathology,light microscopy,brightfield microscopy,
classification,"['IHC stained light micrograph of extracellular amyloid-beta deposition in the human brain tissue. Based on the image, what is the most likely amyloid beta morphology pattern? Cored', 'IHC stained light micrograph of extracellular amyloid-beta deposition in the human brain tissue. Based on the image, what is the most likely amyloid beta morphology pattern? Diffuse', 'IHC stained light micrograph of extracellular amyloid-beta deposition in the human brain tissue. Based on the image, what is the most likely amyloid beta morphology pattern? Negative', 'IHC stained light micrograph of extracellular amyloid-beta deposition in the human brain tissue. Based on the image, what is the most likely amyloid beta morphology pattern? Caa', 'IHC stained light micrograph of extracellular amyloid-beta deposition in the human brain tissue. Based on the image, what is the most likely amyloid beta morphology pattern? none of the above']",933891e4-101c-4265-973e-b62290cddc75,Cored,0,"{'pred': [0], 'probs': [[0.45206496119499207, 0.09792865067720413, 0.09855450689792633, 0.13641555607318878, 0.2150362879037857]], 'pred_prompt': ['IHC stained light micrograph of extracellular amyloid-beta deposition in the human brain tissue. Based on the image, what is the most likely amyloid beta morphology pattern? Cored']}",0.5026999711990356,pathology,neuropathology,light microscopy,brightfield microscopy,
classification,"['IHC stained light micrograph of extracellular amyloid-beta deposition in the human brain tissue. Based on the image, what is the most likely amyloid beta morphology pattern? diffuse plaque', 'IHC stained light micrograph of extracellular amyloid-beta deposition in the human brain tissue. Based on the image, what is the most likely amyloid beta morphology pattern? negative', 'IHC stained light micrograph of extracellular amyloid-beta deposition in the human brain tissue. Based on the image, what is the most likely amyloid beta morphology pattern? cored plaque', 'IHC stained light micrograph of extracellular amyloid-beta deposition in the human brain tissue. Based on the image, what is the most likely amyloid beta morphology pattern? cerebral amyloid angiopathy', 'IHC stained light micrograph of extracellular amyloid-beta deposition in the human brain tissue. Based on the image, what is the most likely amyloid beta morphology pattern? none of the above']",c17570a3-2e52-44f4-9ee2-a224b30034de,diffuse plaque,0,"{'pred': [2], 'probs': [[0.37373170256614685, 0.04304364696145058, 0.47297853231430054, 0.03426114469766617, 0.07598499953746796]], 'pred_prompt': ['IHC stained light micrograph of extracellular amyloid-beta deposition in the human brain tissue. Based on the image, what is the most likely amyloid beta morphology pattern? cored plaque']}",0.5026999711990356,pathology,neuropathology,light microscopy,brightfield microscopy,
classification,"['IHC stained light micrograph of extracellular amyloid-beta deposition in the human brain tissue. Based on the image, what is the most likely amyloid beta morphology pattern? Cored', 'IHC stained light micrograph of extracellular amyloid-beta deposition in the human brain tissue. Based on the image, what is the most likely amyloid beta morphology pattern? Caa', 'IHC stained light micrograph of extracellular amyloid-beta deposition in the human brain tissue. Based on the image, what is the most likely amyloid beta morphology pattern? Negative', 'IHC stained light micrograph of extracellular amyloid-beta deposition in the human brain tissue. Based on the image, what is the most likely amyloid beta morphology pattern? Diffuse', 'IHC stained light micrograph of extracellular amyloid-beta deposition in the human brain tissue. Based on the image, what is the most likely amyloid beta morphology pattern? none of the above']",ca23522c-a82e-44d2-a1cb-1a8dc142377e,Diffuse,3,"{'pred': [0], 'probs': [[0.6032670140266418, 0.04897923767566681, 0.053157128393650055, 0.151095911860466, 0.1435007005929947]], 'pred_prompt': ['IHC stained light micrograph of extracellular amyloid-beta deposition in the human brain tissue. Based on the image, what is the most likely amyloid beta morphology pattern? Cored']}",0.5026999711990356,pathology,neuropathology,light microscopy,brightfield microscopy,
classification,"['IHC stained light micrograph of extracellular amyloid-beta deposition in the human brain tissue. Based on the image, what is the most likely amyloid beta morphology pattern? Caa', 'IHC stained light micrograph of extracellular amyloid-beta deposition in the human brain tissue. Based on the image, what is the most likely amyloid beta morphology pattern? Diffuse', 'IHC stained light micrograph of extracellular amyloid-beta deposition in the human brain tissue. Based on the image, what is the most likely amyloid beta morphology pattern? Cored', 'IHC stained light micrograph of extracellular amyloid-beta deposition in the human brain tissue. Based on the image, what is the most likely amyloid beta morphology pattern? Negative', 'IHC stained light micrograph of extracellular amyloid-beta deposition in the human brain tissue. Based on the image, what is the most likely amyloid beta morphology pattern? none of the above']",93ad5c03-10a8-492c-b78a-71e555b3c7e3,Negative,3,"{'pred': [1], 'probs': [[0.027277477085590363, 0.46382346749305725, 0.20355604588985443, 0.12297461181879044, 0.18236835300922394]], 'pred_prompt': ['IHC stained light micrograph of extracellular amyloid-beta deposition in the human brain tissue. Based on the image, what is the most likely amyloid beta morphology pattern? Diffuse']}",0.5026999711990356,pathology,neuropathology,light microscopy,brightfield microscopy,
classification,"['IHC stained light micrograph of extracellular amyloid-beta deposition in the human brain tissue. Based on the image, what is the most likely amyloid beta morphology pattern? negative', 'IHC stained light micrograph of extracellular amyloid-beta deposition in the human brain tissue. Based on the image, what is the most likely amyloid beta morphology pattern? cored plaque', 'IHC stained light micrograph of extracellular amyloid-beta deposition in the human brain tissue. Based on the image, what is the most likely amyloid beta morphology pattern? diffuse plaque', 'IHC stained light micrograph of extracellular amyloid-beta deposition in the human brain tissue. Based on the image, what is the most likely amyloid beta morphology pattern? cerebral amyloid angiopathy', 'IHC stained light micrograph of extracellular amyloid-beta deposition in the human brain tissue. Based on the image, what is the most likely amyloid beta morphology pattern? none of the above']",c58f95ed-2568-46d4-82d4-e0b962d858c2,negative,0,"{'pred': [4], 'probs': [[0.26126688718795776, 0.16567397117614746, 0.14681540429592133, 0.14144867658615112, 0.2847950756549835]], 'pred_prompt': ['IHC stained light micrograph of extracellular amyloid-beta deposition in the human brain tissue. Based on the image, what is the most likely amyloid beta morphology pattern? none of the above']}",0.5026999711990356,pathology,neuropathology,light microscopy,brightfield microscopy,
classification,"['IHC stained light micrograph of extracellular amyloid-beta deposition in the human brain tissue. Based on the image, what is the most likely amyloid beta morphology pattern? Negative', 'IHC stained light micrograph of extracellular amyloid-beta deposition in the human brain tissue. Based on the image, what is the most likely amyloid beta morphology pattern? Caa', 'IHC stained light micrograph of extracellular amyloid-beta deposition in the human brain tissue. Based on the image, what is the most likely amyloid beta morphology pattern? Cored', 'IHC stained light micrograph of extracellular amyloid-beta deposition in the human brain tissue. Based on the image, what is the most likely amyloid beta morphology pattern? Diffuse', 'IHC stained light micrograph of extracellular amyloid-beta deposition in the human brain tissue. Based on the image, what is the most likely amyloid beta morphology pattern? none of the above']",623d3224-b78e-4a81-8d96-cff9b5b88fc5,Cored,2,"{'pred': [2], 'probs': [[0.045606136322021484, 0.1505073755979538, 0.6164125800132751, 0.03942924365401268, 0.14804460108280182]], 'pred_prompt': ['IHC stained light micrograph of extracellular amyloid-beta deposition in the human brain tissue. Based on the image, what is the most likely amyloid beta morphology pattern? Cored']}",0.5026999711990356,pathology,neuropathology,light microscopy,brightfield microscopy,
classification,"['IHC stained light micrograph of extracellular amyloid-beta deposition in the human brain tissue. Based on the image, what is the most likely amyloid beta morphology pattern? cerebral amyloid angiopathy', 'IHC stained light micrograph of extracellular amyloid-beta deposition in the human brain tissue. Based on the image, what is the most likely amyloid beta morphology pattern? negative', 'IHC stained light micrograph of extracellular amyloid-beta deposition in the human brain tissue. Based on the image, what is the most likely amyloid beta morphology pattern? diffuse plaque', 'IHC stained light micrograph of extracellular amyloid-beta deposition in the human brain tissue. Based on the image, what is the most likely amyloid beta morphology pattern? cored plaque', 'IHC stained light micrograph of extracellular amyloid-beta deposition in the human brain tissue. Based on the image, what is the most likely amyloid beta morphology pattern? none of the above']",1da43743-38c8-44d3-a107-e658eb07fb04,negative,1,"{'pred': [4], 'probs': [[0.054468583315610886, 0.37410280108451843, 0.048540350049734116, 0.10496171563863754, 0.41792652010917664]], 'pred_prompt': ['IHC stained light micrograph of extracellular amyloid-beta deposition in the human brain tissue. Based on the image, what is the most likely amyloid beta morphology pattern? none of the above']}",0.5026999711990356,pathology,neuropathology,light microscopy,brightfield microscopy,
classification,"['IHC stained light micrograph of extracellular amyloid-beta deposition in the human brain tissue. Based on the image, what is the most likely amyloid beta morphology pattern? negative', 'IHC stained light micrograph of extracellular amyloid-beta deposition in the human brain tissue. Based on the image, what is the most likely amyloid beta morphology pattern? cerebral amyloid angiopathy', 'IHC stained light micrograph of extracellular amyloid-beta deposition in the human brain tissue. Based on the image, what is the most likely amyloid beta morphology pattern? diffuse plaque', 'IHC stained light micrograph of extracellular amyloid-beta deposition in the human brain tissue. Based on the image, what is the most likely amyloid beta morphology pattern? cored plaque', 'IHC stained light micrograph of extracellular amyloid-beta deposition in the human brain tissue. Based on the image, what is the most likely amyloid beta morphology pattern? none of the above']",afcd9abf-f755-49b3-b05f-24b4c8e95c62,diffuse plaque,2,"{'pred': [3], 'probs': [[0.12829838693141937, 0.08518034964799881, 0.25816044211387634, 0.34456712007522583, 0.18379366397857666]], 'pred_prompt': ['IHC stained light micrograph of extracellular amyloid-beta deposition in the human brain tissue. Based on the image, what is the most likely amyloid beta morphology pattern? cored plaque']}",0.5026999711990356,pathology,neuropathology,light microscopy,brightfield microscopy,
classification,"['IHC stained light micrograph of extracellular amyloid-beta deposition in the human brain tissue. Based on the image, what is the most likely amyloid beta morphology pattern? negative', 'IHC stained light micrograph of extracellular amyloid-beta deposition in the human brain tissue. Based on the image, what is the most likely amyloid beta morphology pattern? cored plaque', 'IHC stained light micrograph of extracellular amyloid-beta deposition in the human brain tissue. Based on the image, what is the most likely amyloid beta morphology pattern? cerebral amyloid angiopathy', 'IHC stained light micrograph of extracellular amyloid-beta deposition in the human brain tissue. Based on the image, what is the most likely amyloid beta morphology pattern? diffuse plaque', 'IHC stained light micrograph of extracellular amyloid-beta deposition in the human brain tissue. Based on the image, what is the most likely amyloid beta morphology pattern? none of the above']",f20754d1-7b7b-451d-87c8-e3dbe24a35e7,diffuse plaque,3,"{'pred': [1], 'probs': [[0.21867522597312927, 0.3480358421802521, 0.07240168005228043, 0.1381489634513855, 0.22273828089237213]], 'pred_prompt': ['IHC stained light micrograph of extracellular amyloid-beta deposition in the human brain tissue. Based on the image, what is the most likely amyloid beta morphology pattern? cored plaque']}",0.5026999711990356,pathology,neuropathology,light microscopy,brightfield microscopy,
classification,"['IHC stained light micrograph of extracellular amyloid-beta deposition in the human brain tissue. Based on the image, what is the most likely amyloid beta morphology pattern? Caa', 'IHC stained light micrograph of extracellular amyloid-beta deposition in the human brain tissue. Based on the image, what is the most likely amyloid beta morphology pattern? Cored', 'IHC stained light micrograph of extracellular amyloid-beta deposition in the human brain tissue. Based on the image, what is the most likely amyloid beta morphology pattern? Negative', 'IHC stained light micrograph of extracellular amyloid-beta deposition in the human brain tissue. Based on the image, what is the most likely amyloid beta morphology pattern? Diffuse', 'IHC stained light micrograph of extracellular amyloid-beta deposition in the human brain tissue. Based on the image, what is the most likely amyloid beta morphology pattern? none of the above']",b2185680-06e6-4931-8390-187494ad41ea,Diffuse,3,"{'pred': [1], 'probs': [[0.030696621164679527, 0.46650272607803345, 0.10511352121829987, 0.1275157630443573, 0.2701713740825653]], 'pred_prompt': ['IHC stained light micrograph of extracellular amyloid-beta deposition in the human brain tissue. Based on the image, what is the most likely amyloid beta morphology pattern? Cored']}",0.5026999711990356,pathology,neuropathology,light microscopy,brightfield microscopy,
classification,"['IHC stained light micrograph of extracellular amyloid-beta deposition in the human brain tissue. Based on the image, what is the most likely amyloid beta morphology pattern? Diffuse', 'IHC stained light micrograph of extracellular amyloid-beta deposition in the human brain tissue. Based on the image, what is the most likely amyloid beta morphology pattern? Negative', 'IHC stained light micrograph of extracellular amyloid-beta deposition in the human brain tissue. Based on the image, what is the most likely amyloid beta morphology pattern? Cored', 'IHC stained light micrograph of extracellular amyloid-beta deposition in the human brain tissue. Based on the image, what is the most likely amyloid beta morphology pattern? Caa', 'IHC stained light micrograph of extracellular amyloid-beta deposition in the human brain tissue. Based on the image, what is the most likely amyloid beta morphology pattern? none of the above']",b4fb3ab1-7a28-4990-8e44-99033292b310,Cored,2,"{'pred': [2], 'probs': [[0.07769612967967987, 0.03419061377644539, 0.5912052392959595, 0.17255796492099762, 0.12435001879930496]], 'pred_prompt': ['IHC stained light micrograph of extracellular amyloid-beta deposition in the human brain tissue. Based on the image, what is the most likely amyloid beta morphology pattern? Cored']}",0.5026999711990356,pathology,neuropathology,light microscopy,brightfield microscopy,
classification,"['IHC stained light micrograph of extracellular amyloid-beta deposition in the human brain tissue. Based on the image, what is the most likely amyloid beta morphology pattern? cored plaque', 'IHC stained light micrograph of extracellular amyloid-beta deposition in the human brain tissue. Based on the image, what is the most likely amyloid beta morphology pattern? negative', 'IHC stained light micrograph of extracellular amyloid-beta deposition in the human brain tissue. Based on the image, what is the most likely amyloid beta morphology pattern? cerebral amyloid angiopathy', 'IHC stained light micrograph of extracellular amyloid-beta deposition in the human brain tissue. Based on the image, what is the most likely amyloid beta morphology pattern? diffuse plaque', 'IHC stained light micrograph of extracellular amyloid-beta deposition in the human brain tissue. Based on the image, what is the most likely amyloid beta morphology pattern? none of the above']",e37d9ae7-bf9e-48f5-a9af-5ea5baa92e98,diffuse plaque,3,"{'pred': [0], 'probs': [[0.6363800168037415, 0.1341896951198578, 0.050363097339868546, 0.08483213186264038, 0.09423505514860153]], 'pred_prompt': ['IHC stained light micrograph of extracellular amyloid-beta deposition in the human brain tissue. Based on the image, what is the most likely amyloid beta morphology pattern? cored plaque']}",0.5026999711990356,pathology,neuropathology,light microscopy,brightfield microscopy,
classification,"['IHC stained light micrograph of extracellular amyloid-beta deposition in the human brain tissue. Based on the image, what is the most likely amyloid beta morphology pattern? Diffuse', 'IHC stained light micrograph of extracellular amyloid-beta deposition in the human brain tissue. Based on the image, what is the most likely amyloid beta morphology pattern? Negative', 'IHC stained light micrograph of extracellular amyloid-beta deposition in the human brain tissue. Based on the image, what is the most likely amyloid beta morphology pattern? Cored', 'IHC stained light micrograph of extracellular amyloid-beta deposition in the human brain tissue. Based on the image, what is the most likely amyloid beta morphology pattern? Caa', 'IHC stained light micrograph of extracellular amyloid-beta deposition in the human brain tissue. Based on the image, what is the most likely amyloid beta morphology pattern? none of the above']",15164979-5012-4d7b-9b70-107b21869783,Negative,1,"{'pred': [0], 'probs': [[0.3448927402496338, 0.08607161045074463, 0.3330443203449249, 0.0871935561299324, 0.14879783987998962]], 'pred_prompt': ['IHC stained light micrograph of extracellular amyloid-beta deposition in the human brain tissue. Based on the image, what is the most likely amyloid beta morphology pattern? Diffuse']}",0.5026999711990356,pathology,neuropathology,light microscopy,brightfield microscopy,
classification,"['IHC stained light micrograph of extracellular amyloid-beta deposition in the human brain tissue. Based on the image, what is the most likely amyloid beta morphology pattern? diffuse plaque', 'IHC stained light micrograph of extracellular amyloid-beta deposition in the human brain tissue. Based on the image, what is the most likely amyloid beta morphology pattern? negative', 'IHC stained light micrograph of extracellular amyloid-beta deposition in the human brain tissue. Based on the image, what is the most likely amyloid beta morphology pattern? cerebral amyloid angiopathy', 'IHC stained light micrograph of extracellular amyloid-beta deposition in the human brain tissue. Based on the image, what is the most likely amyloid beta morphology pattern? cored plaque', 'IHC stained light micrograph of extracellular amyloid-beta deposition in the human brain tissue. Based on the image, what is the most likely amyloid beta morphology pattern? none of the above']",7c276d9b-92d7-4fb6-abf5-42126cce82d4,diffuse plaque,0,"{'pred': [4], 'probs': [[0.0917036160826683, 0.19333100318908691, 0.07580487430095673, 0.2556222081184387, 0.38353827595710754]], 'pred_prompt': ['IHC stained light micrograph of extracellular amyloid-beta deposition in the human brain tissue. Based on the image, what is the most likely amyloid beta morphology pattern? none of the above']}",0.5026999711990356,pathology,neuropathology,light microscopy,brightfield microscopy,
classification,"['IHC stained light micrograph of extracellular amyloid-beta deposition in the human brain tissue. Based on the image, what is the most likely amyloid beta morphology pattern? Caa', 'IHC stained light micrograph of extracellular amyloid-beta deposition in the human brain tissue. Based on the image, what is the most likely amyloid beta morphology pattern? Cored', 'IHC stained light micrograph of extracellular amyloid-beta deposition in the human brain tissue. Based on the image, what is the most likely amyloid beta morphology pattern? Diffuse', 'IHC stained light micrograph of extracellular amyloid-beta deposition in the human brain tissue. Based on the image, what is the most likely amyloid beta morphology pattern? Negative', 'IHC stained light micrograph of extracellular amyloid-beta deposition in the human brain tissue. Based on the image, what is the most likely amyloid beta morphology pattern? none of the above']",41d8d800-098f-4038-9791-c0981c0d0ab9,Diffuse,2,"{'pred': [1], 'probs': [[0.06651083379983902, 0.36535564064979553, 0.07700630277395248, 0.1801452934741974, 0.3109818696975708]], 'pred_prompt': ['IHC stained light micrograph of extracellular amyloid-beta deposition in the human brain tissue. Based on the image, what is the most likely amyloid beta morphology pattern? Cored']}",0.5026999711990356,pathology,neuropathology,light microscopy,brightfield microscopy,
classification,"['IHC stained light micrograph of extracellular amyloid-beta deposition in the human brain tissue. Based on the image, what is the most likely amyloid beta morphology pattern? negative', 'IHC stained light micrograph of extracellular amyloid-beta deposition in the human brain tissue. Based on the image, what is the most likely amyloid beta morphology pattern? diffuse plaque', 'IHC stained light micrograph of extracellular amyloid-beta deposition in the human brain tissue. Based on the image, what is the most likely amyloid beta morphology pattern? cored plaque', 'IHC stained light micrograph of extracellular amyloid-beta deposition in the human brain tissue. Based on the image, what is the most likely amyloid beta morphology pattern? cerebral amyloid angiopathy', 'IHC stained light micrograph of extracellular amyloid-beta deposition in the human brain tissue. Based on the image, what is the most likely amyloid beta morphology pattern? none of the above']",33ea463c-3efc-48c4-921e-232e6d63ca5d,diffuse plaque,1,"{'pred': [2], 'probs': [[0.03998604789376259, 0.22098077833652496, 0.5412891507148743, 0.09872208535671234, 0.09902193397283554]], 'pred_prompt': ['IHC stained light micrograph of extracellular amyloid-beta deposition in the human brain tissue. Based on the image, what is the most likely amyloid beta morphology pattern? cored plaque']}",0.5026999711990356,pathology,neuropathology,light microscopy,brightfield microscopy,
classification,"['IHC stained light micrograph of extracellular amyloid-beta deposition in the human brain tissue. Based on the image, what is the most likely amyloid beta morphology pattern? diffuse plaque', 'IHC stained light micrograph of extracellular amyloid-beta deposition in the human brain tissue. Based on the image, what is the most likely amyloid beta morphology pattern? negative', 'IHC stained light micrograph of extracellular amyloid-beta deposition in the human brain tissue. Based on the image, what is the most likely amyloid beta morphology pattern? cerebral amyloid angiopathy', 'IHC stained light micrograph of extracellular amyloid-beta deposition in the human brain tissue. Based on the image, what is the most likely amyloid beta morphology pattern? cored plaque', 'IHC stained light micrograph of extracellular amyloid-beta deposition in the human brain tissue. Based on the image, what is the most likely amyloid beta morphology pattern? none of the above']",1bcd3ad7-d8dc-4f76-92cc-152d83f48c94,negative,1,"{'pred': [3], 'probs': [[0.2634914219379425, 0.06458219140768051, 0.1584002524614334, 0.3972213566303253, 0.11630482971668243]], 'pred_prompt': ['IHC stained light micrograph of extracellular amyloid-beta deposition in the human brain tissue. Based on the image, what is the most likely amyloid beta morphology pattern? cored plaque']}",0.5026999711990356,pathology,neuropathology,light microscopy,brightfield microscopy,
classification,"['IHC stained light micrograph of extracellular amyloid-beta deposition in the human brain tissue. Based on the image, what is the most likely amyloid beta morphology pattern? cerebral amyloid angiopathy', 'IHC stained light micrograph of extracellular amyloid-beta deposition in the human brain tissue. Based on the image, what is the most likely amyloid beta morphology pattern? negative', 'IHC stained light micrograph of extracellular amyloid-beta deposition in the human brain tissue. Based on the image, what is the most likely amyloid beta morphology pattern? diffuse plaque', 'IHC stained light micrograph of extracellular amyloid-beta deposition in the human brain tissue. Based on the image, what is the most likely amyloid beta morphology pattern? cored plaque', 'IHC stained light micrograph of extracellular amyloid-beta deposition in the human brain tissue. Based on the image, what is the most likely amyloid beta morphology pattern? none of the above']",bad16a2d-5766-4596-9ff4-8376fb6ed5a8,diffuse plaque,2,"{'pred': [3], 'probs': [[0.13254956901073456, 0.07405690103769302, 0.15208539366722107, 0.4223695993423462, 0.21893861889839172]], 'pred_prompt': ['IHC stained light micrograph of extracellular amyloid-beta deposition in the human brain tissue. Based on the image, what is the most likely amyloid beta morphology pattern? cored plaque']}",0.5026999711990356,pathology,neuropathology,light microscopy,brightfield microscopy,
classification,"['IHC stained light micrograph of extracellular amyloid-beta deposition in the human brain tissue. Based on the image, what is the most likely amyloid beta morphology pattern? Caa', 'IHC stained light micrograph of extracellular amyloid-beta deposition in the human brain tissue. Based on the image, what is the most likely amyloid beta morphology pattern? Negative', 'IHC stained light micrograph of extracellular amyloid-beta deposition in the human brain tissue. Based on the image, what is the most likely amyloid beta morphology pattern? Diffuse', 'IHC stained light micrograph of extracellular amyloid-beta deposition in the human brain tissue. Based on the image, what is the most likely amyloid beta morphology pattern? Cored', 'IHC stained light micrograph of extracellular amyloid-beta deposition in the human brain tissue. Based on the image, what is the most likely amyloid beta morphology pattern? none of the above']",278bb97e-d02e-408a-a377-9b3055c01b8f,Negative,1,"{'pred': [4], 'probs': [[0.05608551204204559, 0.24160398542881012, 0.0779561772942543, 0.12011061608791351, 0.5042437314987183]], 'pred_prompt': ['IHC stained light micrograph of extracellular amyloid-beta deposition in the human brain tissue. Based on the image, what is the most likely amyloid beta morphology pattern? none of the above']}",0.5026999711990356,pathology,neuropathology,light microscopy,brightfield microscopy,
classification,"['IHC stained light micrograph of extracellular amyloid-beta deposition in the human brain tissue. Based on the image, what is the most likely amyloid beta morphology pattern? Caa', 'IHC stained light micrograph of extracellular amyloid-beta deposition in the human brain tissue. Based on the image, what is the most likely amyloid beta morphology pattern? Cored', 'IHC stained light micrograph of extracellular amyloid-beta deposition in the human brain tissue. Based on the image, what is the most likely amyloid beta morphology pattern? Negative', 'IHC stained light micrograph of extracellular amyloid-beta deposition in the human brain tissue. Based on the image, what is the most likely amyloid beta morphology pattern? Diffuse', 'IHC stained light micrograph of extracellular amyloid-beta deposition in the human brain tissue. Based on the image, what is the most likely amyloid beta morphology pattern? none of the above']",c97332ab-1349-43cf-a7e4-285a5316ca84,Diffuse,3,"{'pred': [3], 'probs': [[0.12091255187988281, 0.17220641672611237, 0.13477763533592224, 0.37869176268577576, 0.1934116631746292]], 'pred_prompt': ['IHC stained light micrograph of extracellular amyloid-beta deposition in the human brain tissue. Based on the image, what is the most likely amyloid beta morphology pattern? Diffuse']}",0.5026999711990356,pathology,neuropathology,light microscopy,brightfield microscopy,
classification,"['IHC stained light micrograph of extracellular amyloid-beta deposition in the human brain tissue. Based on the image, what is the most likely amyloid beta morphology pattern? cerebral amyloid angiopathy', 'IHC stained light micrograph of extracellular amyloid-beta deposition in the human brain tissue. Based on the image, what is the most likely amyloid beta morphology pattern? negative', 'IHC stained light micrograph of extracellular amyloid-beta deposition in the human brain tissue. Based on the image, what is the most likely amyloid beta morphology pattern? cored plaque', 'IHC stained light micrograph of extracellular amyloid-beta deposition in the human brain tissue. Based on the image, what is the most likely amyloid beta morphology pattern? diffuse plaque', 'IHC stained light micrograph of extracellular amyloid-beta deposition in the human brain tissue. Based on the image, what is the most likely amyloid beta morphology pattern? none of the above']",40f0de2d-ee80-4315-be10-d652911dfe62,diffuse plaque,3,"{'pred': [2], 'probs': [[0.1512722373008728, 0.09104800969362259, 0.38266313076019287, 0.16949833929538727, 0.20551827549934387]], 'pred_prompt': ['IHC stained light micrograph of extracellular amyloid-beta deposition in the human brain tissue. Based on the image, what is the most likely amyloid beta morphology pattern? cored plaque']}",0.5026999711990356,pathology,neuropathology,light microscopy,brightfield microscopy,
