question_type,questions,image_id,correct_answer,correct_idx,model_answers,microns_per_pixel,domain,subdomain,modality,submodality,normal_or_abnormal
classification,"['IHC stained light micrograph of extracellular amyloid-beta deposition in the human brain tissue. Based on the image, what is the most likely amyloid beta morphology pattern? Negative', 'IHC stained light micrograph of extracellular amyloid-beta deposition in the human brain tissue. Based on the image, what is the most likely amyloid beta morphology pattern? Caa', 'IHC stained light micrograph of extracellular amyloid-beta deposition in the human brain tissue. Based on the image, what is the most likely amyloid beta morphology pattern? Cored', 'IHC stained light micrograph of extracellular amyloid-beta deposition in the human brain tissue. Based on the image, what is the most likely amyloid beta morphology pattern? Diffuse', 'IHC stained light micrograph of extracellular amyloid-beta deposition in the human brain tissue. Based on the image, what is the most likely amyloid beta morphology pattern? none of the above']",2524e87b-787f-4e22-b570-b69b4565e40d,Cored,2,"{'pred': [2], 'probs': [[0.08562435209751129, 0.1711779236793518, 0.5483317375183105, 0.0944044217467308, 0.10046155005693436]], 'pred_prompt': ['IHC stained light micrograph of extracellular amyloid-beta deposition in the human brain tissue. Based on the image, what is the most likely amyloid beta morphology pattern? Cored']}",0.5026999711990356,pathology,neuropathology,light microscopy,brightfield microscopy,
classification,"['IHC stained light micrograph of extracellular amyloid-beta deposition in the human brain tissue. Based on the image, what is the most likely amyloid beta morphology pattern? Cored', 'IHC stained light micrograph of extracellular amyloid-beta deposition in the human brain tissue. Based on the image, what is the most likely amyloid beta morphology pattern? Caa', 'IHC stained light micrograph of extracellular amyloid-beta deposition in the human brain tissue. Based on the image, what is the most likely amyloid beta morphology pattern? Diffuse', 'IHC stained light micrograph of extracellular amyloid-beta deposition in the human brain tissue. Based on the image, what is the most likely amyloid beta morphology pattern? Negative', 'IHC stained light micrograph of extracellular amyloid-beta deposition in the human brain tissue. Based on the image, what is the most likely amyloid beta morphology pattern? none of the above']",9b2f76ac-3b55-4bc4-9a15-9d16e3223787,Diffuse,2,"{'pred': [2], 'probs': [[0.3316350281238556, 0.1202918291091919, 0.3406723141670227, 0.050736770033836365, 0.15666405856609344]], 'pred_prompt': ['IHC stained light micrograph of extracellular amyloid-beta deposition in the human brain tissue. Based on the image, what is the most likely amyloid beta morphology pattern? Diffuse']}",0.5026999711990356,pathology,neuropathology,light microscopy,brightfield microscopy,
classification,"['IHC stained light micrograph of extracellular amyloid-beta deposition in the human brain tissue. Based on the image, what is the most likely amyloid beta morphology pattern? Diffuse', 'IHC stained light micrograph of extracellular amyloid-beta deposition in the human brain tissue. Based on the image, what is the most likely amyloid beta morphology pattern? Cored', 'IHC stained light micrograph of extracellular amyloid-beta deposition in the human brain tissue. Based on the image, what is the most likely amyloid beta morphology pattern? Caa', 'IHC stained light micrograph of extracellular amyloid-beta deposition in the human brain tissue. Based on the image, what is the most likely amyloid beta morphology pattern? Negative', 'IHC stained light micrograph of extracellular amyloid-beta deposition in the human brain tissue. Based on the image, what is the most likely amyloid beta morphology pattern? none of the above']",0236f0ac-70d0-41af-b587-891fe4c6e91e,Cored,1,"{'pred': [1], 'probs': [[0.15073968470096588, 0.4517972469329834, 0.061815083026885986, 0.1326538324356079, 0.20299412310123444]], 'pred_prompt': ['IHC stained light micrograph of extracellular amyloid-beta deposition in the human brain tissue. Based on the image, what is the most likely amyloid beta morphology pattern? Cored']}",0.5026999711990356,pathology,neuropathology,light microscopy,brightfield microscopy,
classification,"['IHC stained light micrograph of extracellular amyloid-beta deposition in the human brain tissue. Based on the image, what is the most likely amyloid beta morphology pattern? Caa', 'IHC stained light micrograph of extracellular amyloid-beta deposition in the human brain tissue. Based on the image, what is the most likely amyloid beta morphology pattern? Diffuse', 'IHC stained light micrograph of extracellular amyloid-beta deposition in the human brain tissue. Based on the image, what is the most likely amyloid beta morphology pattern? Cored', 'IHC stained light micrograph of extracellular amyloid-beta deposition in the human brain tissue. Based on the image, what is the most likely amyloid beta morphology pattern? Negative', 'IHC stained light micrograph of extracellular amyloid-beta deposition in the human brain tissue. Based on the image, what is the most likely amyloid beta morphology pattern? none of the above']",0ae71915-7c7a-4357-8a58-365dce7730c3,Negative,3,"{'pred': [4], 'probs': [[0.14091487228870392, 0.164089173078537, 0.19314783811569214, 0.13051599264144897, 0.371332049369812]], 'pred_prompt': ['IHC stained light micrograph of extracellular amyloid-beta deposition in the human brain tissue. Based on the image, what is the most likely amyloid beta morphology pattern? none of the above']}",0.5026999711990356,pathology,neuropathology,light microscopy,brightfield microscopy,
classification,"['IHC stained light micrograph of extracellular amyloid-beta deposition in the human brain tissue. Based on the image, what is the most likely amyloid beta morphology pattern? cored plaque', 'IHC stained light micrograph of extracellular amyloid-beta deposition in the human brain tissue. Based on the image, what is the most likely amyloid beta morphology pattern? negative', 'IHC stained light micrograph of extracellular amyloid-beta deposition in the human brain tissue. Based on the image, what is the most likely amyloid beta morphology pattern? diffuse plaque', 'IHC stained light micrograph of extracellular amyloid-beta deposition in the human brain tissue. Based on the image, what is the most likely amyloid beta morphology pattern? cerebral amyloid angiopathy', 'IHC stained light micrograph of extracellular amyloid-beta deposition in the human brain tissue. Based on the image, what is the most likely amyloid beta morphology pattern? none of the above']",3941ecea-a550-42b3-9cab-14c0e65dde39,negative,1,"{'pred': [4], 'probs': [[0.15182308852672577, 0.1294407844543457, 0.1784905195236206, 0.1196213960647583, 0.4206242263317108]], 'pred_prompt': ['IHC stained light micrograph of extracellular amyloid-beta deposition in the human brain tissue. Based on the image, what is the most likely amyloid beta morphology pattern? none of the above']}",0.5026999711990356,pathology,neuropathology,light microscopy,brightfield microscopy,
classification,"['IHC stained light micrograph of extracellular amyloid-beta deposition in the human brain tissue. Based on the image, what is the most likely amyloid beta morphology pattern? cored plaque', 'IHC stained light micrograph of extracellular amyloid-beta deposition in the human brain tissue. Based on the image, what is the most likely amyloid beta morphology pattern? diffuse plaque', 'IHC stained light micrograph of extracellular amyloid-beta deposition in the human brain tissue. Based on the image, what is the most likely amyloid beta morphology pattern? cerebral amyloid angiopathy', 'IHC stained light micrograph of extracellular amyloid-beta deposition in the human brain tissue. Based on the image, what is the most likely amyloid beta morphology pattern? negative', 'IHC stained light micrograph of extracellular amyloid-beta deposition in the human brain tissue. Based on the image, what is the most likely amyloid beta morphology pattern? none of the above']",8a6666b4-7936-4c7a-adab-fdc3c3165c11,diffuse plaque,1,"{'pred': [0], 'probs': [[0.37760207056999207, 0.3191966116428375, 0.06579861789941788, 0.09950381517410278, 0.13789886236190796]], 'pred_prompt': ['IHC stained light micrograph of extracellular amyloid-beta deposition in the human brain tissue. Based on the image, what is the most likely amyloid beta morphology pattern? cored plaque']}",0.5026999711990356,pathology,neuropathology,light microscopy,brightfield microscopy,
classification,"['IHC stained light micrograph of extracellular amyloid-beta deposition in the human brain tissue. Based on the image, what is the most likely amyloid beta morphology pattern? Negative', 'IHC stained light micrograph of extracellular amyloid-beta deposition in the human brain tissue. Based on the image, what is the most likely amyloid beta morphology pattern? Cored', 'IHC stained light micrograph of extracellular amyloid-beta deposition in the human brain tissue. Based on the image, what is the most likely amyloid beta morphology pattern? Diffuse', 'IHC stained light micrograph of extracellular amyloid-beta deposition in the human brain tissue. Based on the image, what is the most likely amyloid beta morphology pattern? Caa', 'IHC stained light micrograph of extracellular amyloid-beta deposition in the human brain tissue. Based on the image, what is the most likely amyloid beta morphology pattern? none of the above']",47969bf4-a97b-4bd4-b6a2-2e3a14c7e864,Cored,1,"{'pred': [1], 'probs': [[0.07464716583490372, 0.45818251371383667, 0.16882169246673584, 0.13303083181381226, 0.1653178334236145]], 'pred_prompt': ['IHC stained light micrograph of extracellular amyloid-beta deposition in the human brain tissue. Based on the image, what is the most likely amyloid beta morphology pattern? Cored']}",0.5026999711990356,pathology,neuropathology,light microscopy,brightfield microscopy,
classification,"['IHC stained light micrograph of extracellular amyloid-beta deposition in the human brain tissue. Based on the image, what is the most likely amyloid beta morphology pattern? negative', 'IHC stained light micrograph of extracellular amyloid-beta deposition in the human brain tissue. Based on the image, what is the most likely amyloid beta morphology pattern? cerebral amyloid angiopathy', 'IHC stained light micrograph of extracellular amyloid-beta deposition in the human brain tissue. Based on the image, what is the most likely amyloid beta morphology pattern? diffuse plaque', 'IHC stained light micrograph of extracellular amyloid-beta deposition in the human brain tissue. Based on the image, what is the most likely amyloid beta morphology pattern? cored plaque', 'IHC stained light micrograph of extracellular amyloid-beta deposition in the human brain tissue. Based on the image, what is the most likely amyloid beta morphology pattern? none of the above']",06cffcdd-65fe-4224-8298-fb11650de886,negative,0,"{'pred': [3], 'probs': [[0.14063775539398193, 0.08592948317527771, 0.2697010934352875, 0.28218862414360046, 0.221543088555336]], 'pred_prompt': ['IHC stained light micrograph of extracellular amyloid-beta deposition in the human brain tissue. Based on the image, what is the most likely amyloid beta morphology pattern? cored plaque']}",0.5026999711990356,pathology,neuropathology,light microscopy,brightfield microscopy,
classification,"['IHC stained light micrograph of extracellular amyloid-beta deposition in the human brain tissue. Based on the image, what is the most likely amyloid beta morphology pattern? Cored', 'IHC stained light micrograph of extracellular amyloid-beta deposition in the human brain tissue. Based on the image, what is the most likely amyloid beta morphology pattern? Negative', 'IHC stained light micrograph of extracellular amyloid-beta deposition in the human brain tissue. Based on the image, what is the most likely amyloid beta morphology pattern? Diffuse', 'IHC stained light micrograph of extracellular amyloid-beta deposition in the human brain tissue. Based on the image, what is the most likely amyloid beta morphology pattern? Caa', 'IHC stained light micrograph of extracellular amyloid-beta deposition in the human brain tissue. Based on the image, what is the most likely amyloid beta morphology pattern? none of the above']",c8621a06-ee9d-4876-90c9-827970cd447c,Caa,3,"{'pred': [4], 'probs': [[0.26812291145324707, 0.24746759235858917, 0.1400453895330429, 0.06175260245800018, 0.2826114594936371]], 'pred_prompt': ['IHC stained light micrograph of extracellular amyloid-beta deposition in the human brain tissue. Based on the image, what is the most likely amyloid beta morphology pattern? none of the above']}",0.5026999711990356,pathology,neuropathology,light microscopy,brightfield microscopy,
classification,"['IHC stained light micrograph of extracellular amyloid-beta deposition in the human brain tissue. Based on the image, what is the most likely amyloid beta morphology pattern? cerebral amyloid angiopathy', 'IHC stained light micrograph of extracellular amyloid-beta deposition in the human brain tissue. Based on the image, what is the most likely amyloid beta morphology pattern? negative', 'IHC stained light micrograph of extracellular amyloid-beta deposition in the human brain tissue. Based on the image, what is the most likely amyloid beta morphology pattern? diffuse plaque', 'IHC stained light micrograph of extracellular amyloid-beta deposition in the human brain tissue. Based on the image, what is the most likely amyloid beta morphology pattern? cored plaque', 'IHC stained light micrograph of extracellular amyloid-beta deposition in the human brain tissue. Based on the image, what is the most likely amyloid beta morphology pattern? none of the above']",fca43b01-6a27-4a54-8f0d-c679857d7357,negative,1,"{'pred': [4], 'probs': [[0.1502770483493805, 0.19928383827209473, 0.2118276208639145, 0.13353432714939117, 0.3050771653652191]], 'pred_prompt': ['IHC stained light micrograph of extracellular amyloid-beta deposition in the human brain tissue. Based on the image, what is the most likely amyloid beta morphology pattern? none of the above']}",0.5026999711990356,pathology,neuropathology,light microscopy,brightfield microscopy,
classification,"['IHC stained light micrograph of extracellular amyloid-beta deposition in the human brain tissue. Based on the image, what is the most likely amyloid beta morphology pattern? cored plaque', 'IHC stained light micrograph of extracellular amyloid-beta deposition in the human brain tissue. Based on the image, what is the most likely amyloid beta morphology pattern? negative', 'IHC stained light micrograph of extracellular amyloid-beta deposition in the human brain tissue. Based on the image, what is the most likely amyloid beta morphology pattern? diffuse plaque', 'IHC stained light micrograph of extracellular amyloid-beta deposition in the human brain tissue. Based on the image, what is the most likely amyloid beta morphology pattern? cerebral amyloid angiopathy', 'IHC stained light micrograph of extracellular amyloid-beta deposition in the human brain tissue. Based on the image, what is the most likely amyloid beta morphology pattern? none of the above']",7446227e-3dd6-4cd0-8fb7-ec7e66575e73,diffuse plaque,2,"{'pred': [2], 'probs': [[0.234628364443779, 0.14905354380607605, 0.2870212495326996, 0.07427570223808289, 0.2550211250782013]], 'pred_prompt': ['IHC stained light micrograph of extracellular amyloid-beta deposition in the human brain tissue. Based on the image, what is the most likely amyloid beta morphology pattern? diffuse plaque']}",0.5026999711990356,pathology,neuropathology,light microscopy,brightfield microscopy,
classification,"['IHC stained light micrograph of extracellular amyloid-beta deposition in the human brain tissue. Based on the image, what is the most likely amyloid beta morphology pattern? Negative', 'IHC stained light micrograph of extracellular amyloid-beta deposition in the human brain tissue. Based on the image, what is the most likely amyloid beta morphology pattern? Diffuse', 'IHC stained light micrograph of extracellular amyloid-beta deposition in the human brain tissue. Based on the image, what is the most likely amyloid beta morphology pattern? Caa', 'IHC stained light micrograph of extracellular amyloid-beta deposition in the human brain tissue. Based on the image, what is the most likely amyloid beta morphology pattern? Cored', 'IHC stained light micrograph of extracellular amyloid-beta deposition in the human brain tissue. Based on the image, what is the most likely amyloid beta morphology pattern? none of the above']",4d143155-e3c7-4b7b-8fb8-bc9fe9c48bc8,Diffuse,1,"{'pred': [3], 'probs': [[0.07264372706413269, 0.26512739062309265, 0.07422160357236862, 0.46963566541671753, 0.11837165057659149]], 'pred_prompt': ['IHC stained light micrograph of extracellular amyloid-beta deposition in the human brain tissue. Based on the image, what is the most likely amyloid beta morphology pattern? Cored']}",0.5026999711990356,pathology,neuropathology,light microscopy,brightfield microscopy,
classification,"['IHC stained light micrograph of extracellular amyloid-beta deposition in the human brain tissue. Based on the image, what is the most likely amyloid beta morphology pattern? Diffuse', 'IHC stained light micrograph of extracellular amyloid-beta deposition in the human brain tissue. Based on the image, what is the most likely amyloid beta morphology pattern? Caa', 'IHC stained light micrograph of extracellular amyloid-beta deposition in the human brain tissue. Based on the image, what is the most likely amyloid beta morphology pattern? Negative', 'IHC stained light micrograph of extracellular amyloid-beta deposition in the human brain tissue. Based on the image, what is the most likely amyloid beta morphology pattern? Cored', 'IHC stained light micrograph of extracellular amyloid-beta deposition in the human brain tissue. Based on the image, what is the most likely amyloid beta morphology pattern? none of the above']",079a4944-8ac5-4912-b731-63ab2df7a26f,Diffuse,0,"{'pred': [0], 'probs': [[0.2963153123855591, 0.07591595500707626, 0.15207570791244507, 0.25846365094184875, 0.21722932159900665]], 'pred_prompt': ['IHC stained light micrograph of extracellular amyloid-beta deposition in the human brain tissue. Based on the image, what is the most likely amyloid beta morphology pattern? Diffuse']}",0.5026999711990356,pathology,neuropathology,light microscopy,brightfield microscopy,
classification,"['IHC stained light micrograph of extracellular amyloid-beta deposition in the human brain tissue. Based on the image, what is the most likely amyloid beta morphology pattern? Cored', 'IHC stained light micrograph of extracellular amyloid-beta deposition in the human brain tissue. Based on the image, what is the most likely amyloid beta morphology pattern? Caa', 'IHC stained light micrograph of extracellular amyloid-beta deposition in the human brain tissue. Based on the image, what is the most likely amyloid beta morphology pattern? Diffuse', 'IHC stained light micrograph of extracellular amyloid-beta deposition in the human brain tissue. Based on the image, what is the most likely amyloid beta morphology pattern? Negative', 'IHC stained light micrograph of extracellular amyloid-beta deposition in the human brain tissue. Based on the image, what is the most likely amyloid beta morphology pattern? none of the above']",2fd63681-9bd6-4298-a347-fd1470d9b340,Negative,3,"{'pred': [2], 'probs': [[0.3146952688694, 0.02988123707473278, 0.3179629445075989, 0.1035899817943573, 0.23387058079242706]], 'pred_prompt': ['IHC stained light micrograph of extracellular amyloid-beta deposition in the human brain tissue. Based on the image, what is the most likely amyloid beta morphology pattern? Diffuse']}",0.5026999711990356,pathology,neuropathology,light microscopy,brightfield microscopy,
classification,"['IHC stained light micrograph of extracellular amyloid-beta deposition in the human brain tissue. Based on the image, what is the most likely amyloid beta morphology pattern? Negative', 'IHC stained light micrograph of extracellular amyloid-beta deposition in the human brain tissue. Based on the image, what is the most likely amyloid beta morphology pattern? Diffuse', 'IHC stained light micrograph of extracellular amyloid-beta deposition in the human brain tissue. Based on the image, what is the most likely amyloid beta morphology pattern? Caa', 'IHC stained light micrograph of extracellular amyloid-beta deposition in the human brain tissue. Based on the image, what is the most likely amyloid beta morphology pattern? Cored', 'IHC stained light micrograph of extracellular amyloid-beta deposition in the human brain tissue. Based on the image, what is the most likely amyloid beta morphology pattern? none of the above']",111f30f4-7816-435d-94bf-ada3083aa261,Diffuse,1,"{'pred': [3], 'probs': [[0.11624075472354889, 0.2591586410999298, 0.14180909097194672, 0.2953537702560425, 0.1874377280473709]], 'pred_prompt': ['IHC stained light micrograph of extracellular amyloid-beta deposition in the human brain tissue. Based on the image, what is the most likely amyloid beta morphology pattern? Cored']}",0.5026999711990356,pathology,neuropathology,light microscopy,brightfield microscopy,
classification,"['IHC stained light micrograph of extracellular amyloid-beta deposition in the human brain tissue. Based on the image, what is the most likely amyloid beta morphology pattern? Cored', 'IHC stained light micrograph of extracellular amyloid-beta deposition in the human brain tissue. Based on the image, what is the most likely amyloid beta morphology pattern? Diffuse', 'IHC stained light micrograph of extracellular amyloid-beta deposition in the human brain tissue. Based on the image, what is the most likely amyloid beta morphology pattern? Negative', 'IHC stained light micrograph of extracellular amyloid-beta deposition in the human brain tissue. Based on the image, what is the most likely amyloid beta morphology pattern? Caa', 'IHC stained light micrograph of extracellular amyloid-beta deposition in the human brain tissue. Based on the image, what is the most likely amyloid beta morphology pattern? none of the above']",d9f8c163-4181-490b-ac00-ff07173ac715,Negative,2,"{'pred': [0], 'probs': [[0.35803064703941345, 0.2877010703086853, 0.10110165923833847, 0.0723486989736557, 0.1808178573846817]], 'pred_prompt': ['IHC stained light micrograph of extracellular amyloid-beta deposition in the human brain tissue. Based on the image, what is the most likely amyloid beta morphology pattern? Cored']}",0.5026999711990356,pathology,neuropathology,light microscopy,brightfield microscopy,
classification,"['IHC stained light micrograph of extracellular amyloid-beta deposition in the human brain tissue. Based on the image, what is the most likely amyloid beta morphology pattern? Caa', 'IHC stained light micrograph of extracellular amyloid-beta deposition in the human brain tissue. Based on the image, what is the most likely amyloid beta morphology pattern? Cored', 'IHC stained light micrograph of extracellular amyloid-beta deposition in the human brain tissue. Based on the image, what is the most likely amyloid beta morphology pattern? Diffuse', 'IHC stained light micrograph of extracellular amyloid-beta deposition in the human brain tissue. Based on the image, what is the most likely amyloid beta morphology pattern? Negative', 'IHC stained light micrograph of extracellular amyloid-beta deposition in the human brain tissue. Based on the image, what is the most likely amyloid beta morphology pattern? none of the above']",b00aae21-86dc-4bf5-b6a5-a970becbde6b,Negative,3,"{'pred': [4], 'probs': [[0.19621728360652924, 0.09421631693840027, 0.19089879095554352, 0.19941827654838562, 0.3192492723464966]], 'pred_prompt': ['IHC stained light micrograph of extracellular amyloid-beta deposition in the human brain tissue. Based on the image, what is the most likely amyloid beta morphology pattern? none of the above']}",0.5026999711990356,pathology,neuropathology,light microscopy,brightfield microscopy,
classification,"['IHC stained light micrograph of extracellular amyloid-beta deposition in the human brain tissue. Based on the image, what is the most likely amyloid beta morphology pattern? diffuse plaque', 'IHC stained light micrograph of extracellular amyloid-beta deposition in the human brain tissue. Based on the image, what is the most likely amyloid beta morphology pattern? negative', 'IHC stained light micrograph of extracellular amyloid-beta deposition in the human brain tissue. Based on the image, what is the most likely amyloid beta morphology pattern? cored plaque', 'IHC stained light micrograph of extracellular amyloid-beta deposition in the human brain tissue. Based on the image, what is the most likely amyloid beta morphology pattern? cerebral amyloid angiopathy', 'IHC stained light micrograph of extracellular amyloid-beta deposition in the human brain tissue. Based on the image, what is the most likely amyloid beta morphology pattern? none of the above']",cc3a2574-9924-43e2-b217-974295d35841,diffuse plaque,0,"{'pred': [4], 'probs': [[0.1857908070087433, 0.13135850429534912, 0.21447865664958954, 0.07738208770751953, 0.3909899592399597]], 'pred_prompt': ['IHC stained light micrograph of extracellular amyloid-beta deposition in the human brain tissue. Based on the image, what is the most likely amyloid beta morphology pattern? none of the above']}",0.5026999711990356,pathology,neuropathology,light microscopy,brightfield microscopy,
classification,"['IHC stained light micrograph of extracellular amyloid-beta deposition in the human brain tissue. Based on the image, what is the most likely amyloid beta morphology pattern? Negative', 'IHC stained light micrograph of extracellular amyloid-beta deposition in the human brain tissue. Based on the image, what is the most likely amyloid beta morphology pattern? Cored', 'IHC stained light micrograph of extracellular amyloid-beta deposition in the human brain tissue. Based on the image, what is the most likely amyloid beta morphology pattern? Diffuse', 'IHC stained light micrograph of extracellular amyloid-beta deposition in the human brain tissue. Based on the image, what is the most likely amyloid beta morphology pattern? Caa', 'IHC stained light micrograph of extracellular amyloid-beta deposition in the human brain tissue. Based on the image, what is the most likely amyloid beta morphology pattern? none of the above']",b330b440-32b8-4ae6-9d94-f66b2c992984,Diffuse,2,"{'pred': [1], 'probs': [[0.09626634418964386, 0.437843918800354, 0.20552904903888702, 0.05303388833999634, 0.20732679963111877]], 'pred_prompt': ['IHC stained light micrograph of extracellular amyloid-beta deposition in the human brain tissue. Based on the image, what is the most likely amyloid beta morphology pattern? Cored']}",0.5026999711990356,pathology,neuropathology,light microscopy,brightfield microscopy,
classification,"['IHC stained light micrograph of extracellular amyloid-beta deposition in the human brain tissue. Based on the image, what is the most likely amyloid beta morphology pattern? Caa', 'IHC stained light micrograph of extracellular amyloid-beta deposition in the human brain tissue. Based on the image, what is the most likely amyloid beta morphology pattern? Negative', 'IHC stained light micrograph of extracellular amyloid-beta deposition in the human brain tissue. Based on the image, what is the most likely amyloid beta morphology pattern? Diffuse', 'IHC stained light micrograph of extracellular amyloid-beta deposition in the human brain tissue. Based on the image, what is the most likely amyloid beta morphology pattern? Cored', 'IHC stained light micrograph of extracellular amyloid-beta deposition in the human brain tissue. Based on the image, what is the most likely amyloid beta morphology pattern? none of the above']",678f7635-bcca-4185-93c7-b3ff3b1b32ce,Cored,3,"{'pred': [3], 'probs': [[0.1153111681342125, 0.09159382432699203, 0.25479856133461, 0.37342363595962524, 0.16487281024456024]], 'pred_prompt': ['IHC stained light micrograph of extracellular amyloid-beta deposition in the human brain tissue. Based on the image, what is the most likely amyloid beta morphology pattern? Cored']}",0.5026999711990356,pathology,neuropathology,light microscopy,brightfield microscopy,
classification,"['IHC stained light micrograph of extracellular amyloid-beta deposition in the human brain tissue. Based on the image, what is the most likely amyloid beta morphology pattern? Caa', 'IHC stained light micrograph of extracellular amyloid-beta deposition in the human brain tissue. Based on the image, what is the most likely amyloid beta morphology pattern? Diffuse', 'IHC stained light micrograph of extracellular amyloid-beta deposition in the human brain tissue. Based on the image, what is the most likely amyloid beta morphology pattern? Cored', 'IHC stained light micrograph of extracellular amyloid-beta deposition in the human brain tissue. Based on the image, what is the most likely amyloid beta morphology pattern? Negative', 'IHC stained light micrograph of extracellular amyloid-beta deposition in the human brain tissue. Based on the image, what is the most likely amyloid beta morphology pattern? none of the above']",f8900e8e-7ca9-46b7-a18e-299f9b97bfcf,Diffuse,1,"{'pred': [2], 'probs': [[0.07541647553443909, 0.16568200290203094, 0.3445241153240204, 0.1604149043560028, 0.25396251678466797]], 'pred_prompt': ['IHC stained light micrograph of extracellular amyloid-beta deposition in the human brain tissue. Based on the image, what is the most likely amyloid beta morphology pattern? Cored']}",0.5026999711990356,pathology,neuropathology,light microscopy,brightfield microscopy,
classification,"['IHC stained light micrograph of extracellular amyloid-beta deposition in the human brain tissue. Based on the image, what is the most likely amyloid beta morphology pattern? Caa', 'IHC stained light micrograph of extracellular amyloid-beta deposition in the human brain tissue. Based on the image, what is the most likely amyloid beta morphology pattern? Cored', 'IHC stained light micrograph of extracellular amyloid-beta deposition in the human brain tissue. Based on the image, what is the most likely amyloid beta morphology pattern? Negative', 'IHC stained light micrograph of extracellular amyloid-beta deposition in the human brain tissue. Based on the image, what is the most likely amyloid beta morphology pattern? Diffuse', 'IHC stained light micrograph of extracellular amyloid-beta deposition in the human brain tissue. Based on the image, what is the most likely amyloid beta morphology pattern? none of the above']",b43cd9e3-baa2-4bef-b2c3-d40e1a5188cf,Caa,0,"{'pred': [1], 'probs': [[0.3236125409603119, 0.3274465799331665, 0.11169532686471939, 0.03676435351371765, 0.20048122107982635]], 'pred_prompt': ['IHC stained light micrograph of extracellular amyloid-beta deposition in the human brain tissue. Based on the image, what is the most likely amyloid beta morphology pattern? Cored']}",0.5026999711990356,pathology,neuropathology,light microscopy,brightfield microscopy,
classification,"['IHC stained light micrograph of extracellular amyloid-beta deposition in the human brain tissue. Based on the image, what is the most likely amyloid beta morphology pattern? negative', 'IHC stained light micrograph of extracellular amyloid-beta deposition in the human brain tissue. Based on the image, what is the most likely amyloid beta morphology pattern? cerebral amyloid angiopathy', 'IHC stained light micrograph of extracellular amyloid-beta deposition in the human brain tissue. Based on the image, what is the most likely amyloid beta morphology pattern? diffuse plaque', 'IHC stained light micrograph of extracellular amyloid-beta deposition in the human brain tissue. Based on the image, what is the most likely amyloid beta morphology pattern? cored plaque', 'IHC stained light micrograph of extracellular amyloid-beta deposition in the human brain tissue. Based on the image, what is the most likely amyloid beta morphology pattern? none of the above']",7d856d3e-0bb5-40d6-9ebf-38b2c0498efe,negative,0,"{'pred': [0], 'probs': [[0.2965557277202606, 0.16181127727031708, 0.15207085013389587, 0.11471906304359436, 0.27484312653541565]], 'pred_prompt': ['IHC stained light micrograph of extracellular amyloid-beta deposition in the human brain tissue. Based on the image, what is the most likely amyloid beta morphology pattern? negative']}",0.5026999711990356,pathology,neuropathology,light microscopy,brightfield microscopy,
classification,"['IHC stained light micrograph of extracellular amyloid-beta deposition in the human brain tissue. Based on the image, what is the most likely amyloid beta morphology pattern? diffuse plaque', 'IHC stained light micrograph of extracellular amyloid-beta deposition in the human brain tissue. Based on the image, what is the most likely amyloid beta morphology pattern? cerebral amyloid angiopathy', 'IHC stained light micrograph of extracellular amyloid-beta deposition in the human brain tissue. Based on the image, what is the most likely amyloid beta morphology pattern? negative', 'IHC stained light micrograph of extracellular amyloid-beta deposition in the human brain tissue. Based on the image, what is the most likely amyloid beta morphology pattern? cored plaque', 'IHC stained light micrograph of extracellular amyloid-beta deposition in the human brain tissue. Based on the image, what is the most likely amyloid beta morphology pattern? none of the above']",117cdf8e-e1c5-4b15-986f-22eea892bc15,diffuse plaque,0,"{'pred': [0], 'probs': [[0.3638041019439697, 0.061582986265420914, 0.13542193174362183, 0.2435440719127655, 0.19564688205718994]], 'pred_prompt': ['IHC stained light micrograph of extracellular amyloid-beta deposition in the human brain tissue. Based on the image, what is the most likely amyloid beta morphology pattern? diffuse plaque']}",0.5026999711990356,pathology,neuropathology,light microscopy,brightfield microscopy,
classification,"['IHC stained light micrograph of extracellular amyloid-beta deposition in the human brain tissue. Based on the image, what is the most likely amyloid beta morphology pattern? Diffuse', 'IHC stained light micrograph of extracellular amyloid-beta deposition in the human brain tissue. Based on the image, what is the most likely amyloid beta morphology pattern? Caa', 'IHC stained light micrograph of extracellular amyloid-beta deposition in the human brain tissue. Based on the image, what is the most likely amyloid beta morphology pattern? Cored', 'IHC stained light micrograph of extracellular amyloid-beta deposition in the human brain tissue. Based on the image, what is the most likely amyloid beta morphology pattern? Negative', 'IHC stained light micrograph of extracellular amyloid-beta deposition in the human brain tissue. Based on the image, what is the most likely amyloid beta morphology pattern? none of the above']",14c85b44-d2af-4e28-a310-df73835e6f30,Diffuse,0,"{'pred': [2], 'probs': [[0.11668269336223602, 0.0537126250565052, 0.6242386102676392, 0.07844022661447525, 0.12692582607269287]], 'pred_prompt': ['IHC stained light micrograph of extracellular amyloid-beta deposition in the human brain tissue. Based on the image, what is the most likely amyloid beta morphology pattern? Cored']}",0.5026999711990356,pathology,neuropathology,light microscopy,brightfield microscopy,
classification,"['IHC stained light micrograph of extracellular amyloid-beta deposition in the human brain tissue. Based on the image, what is the most likely amyloid beta morphology pattern? negative', 'IHC stained light micrograph of extracellular amyloid-beta deposition in the human brain tissue. Based on the image, what is the most likely amyloid beta morphology pattern? cored plaque', 'IHC stained light micrograph of extracellular amyloid-beta deposition in the human brain tissue. Based on the image, what is the most likely amyloid beta morphology pattern? cerebral amyloid angiopathy', 'IHC stained light micrograph of extracellular amyloid-beta deposition in the human brain tissue. Based on the image, what is the most likely amyloid beta morphology pattern? diffuse plaque', 'IHC stained light micrograph of extracellular amyloid-beta deposition in the human brain tissue. Based on the image, what is the most likely amyloid beta morphology pattern? none of the above']",2c32e096-39b8-49c0-b899-fd90ecf3bac6,negative,0,"{'pred': [1], 'probs': [[0.11213086545467377, 0.5502079725265503, 0.06326042115688324, 0.16029442846775055, 0.11410629004240036]], 'pred_prompt': ['IHC stained light micrograph of extracellular amyloid-beta deposition in the human brain tissue. Based on the image, what is the most likely amyloid beta morphology pattern? cored plaque']}",0.5026999711990356,pathology,neuropathology,light microscopy,brightfield microscopy,
classification,"['IHC stained light micrograph of extracellular amyloid-beta deposition in the human brain tissue. Based on the image, what is the most likely amyloid beta morphology pattern? cerebral amyloid angiopathy', 'IHC stained light micrograph of extracellular amyloid-beta deposition in the human brain tissue. Based on the image, what is the most likely amyloid beta morphology pattern? diffuse plaque', 'IHC stained light micrograph of extracellular amyloid-beta deposition in the human brain tissue. Based on the image, what is the most likely amyloid beta morphology pattern? negative', 'IHC stained light micrograph of extracellular amyloid-beta deposition in the human brain tissue. Based on the image, what is the most likely amyloid beta morphology pattern? cored plaque', 'IHC stained light micrograph of extracellular amyloid-beta deposition in the human brain tissue. Based on the image, what is the most likely amyloid beta morphology pattern? none of the above']",1d4b26fa-887a-4e17-9cfd-d16d7c3ad593,cored plaque,3,"{'pred': [3], 'probs': [[0.06570151448249817, 0.2305329591035843, 0.13239708542823792, 0.30316397547721863, 0.2682044506072998]], 'pred_prompt': ['IHC stained light micrograph of extracellular amyloid-beta deposition in the human brain tissue. Based on the image, what is the most likely amyloid beta morphology pattern? cored plaque']}",0.5026999711990356,pathology,neuropathology,light microscopy,brightfield microscopy,
classification,"['IHC stained light micrograph of extracellular amyloid-beta deposition in the human brain tissue. Based on the image, what is the most likely amyloid beta morphology pattern? negative', 'IHC stained light micrograph of extracellular amyloid-beta deposition in the human brain tissue. Based on the image, what is the most likely amyloid beta morphology pattern? cored plaque', 'IHC stained light micrograph of extracellular amyloid-beta deposition in the human brain tissue. Based on the image, what is the most likely amyloid beta morphology pattern? diffuse plaque', 'IHC stained light micrograph of extracellular amyloid-beta deposition in the human brain tissue. Based on the image, what is the most likely amyloid beta morphology pattern? cerebral amyloid angiopathy', 'IHC stained light micrograph of extracellular amyloid-beta deposition in the human brain tissue. Based on the image, what is the most likely amyloid beta morphology pattern? none of the above']",52dee562-c9b5-456f-ae3f-65ac630ea75a,cored plaque,1,"{'pred': [1], 'probs': [[0.08863674849271774, 0.5023778676986694, 0.27579015493392944, 0.03437752276659012, 0.09881770610809326]], 'pred_prompt': ['IHC stained light micrograph of extracellular amyloid-beta deposition in the human brain tissue. Based on the image, what is the most likely amyloid beta morphology pattern? cored plaque']}",0.5026999711990356,pathology,neuropathology,light microscopy,brightfield microscopy,
classification,"['IHC stained light micrograph of extracellular amyloid-beta deposition in the human brain tissue. Based on the image, what is the most likely amyloid beta morphology pattern? Caa', 'IHC stained light micrograph of extracellular amyloid-beta deposition in the human brain tissue. Based on the image, what is the most likely amyloid beta morphology pattern? Negative', 'IHC stained light micrograph of extracellular amyloid-beta deposition in the human brain tissue. Based on the image, what is the most likely amyloid beta morphology pattern? Cored', 'IHC stained light micrograph of extracellular amyloid-beta deposition in the human brain tissue. Based on the image, what is the most likely amyloid beta morphology pattern? Diffuse', 'IHC stained light micrograph of extracellular amyloid-beta deposition in the human brain tissue. Based on the image, what is the most likely amyloid beta morphology pattern? none of the above']",72b208a7-59b0-46df-a7cd-4ec5ee3e4e32,Cored,2,"{'pred': [2], 'probs': [[0.20662763714790344, 0.13073068857192993, 0.26292529702186584, 0.24551215767860413, 0.15420418977737427]], 'pred_prompt': ['IHC stained light micrograph of extracellular amyloid-beta deposition in the human brain tissue. Based on the image, what is the most likely amyloid beta morphology pattern? Cored']}",0.5026999711990356,pathology,neuropathology,light microscopy,brightfield microscopy,
classification,"['IHC stained light micrograph of extracellular amyloid-beta deposition in the human brain tissue. Based on the image, what is the most likely amyloid beta morphology pattern? negative', 'IHC stained light micrograph of extracellular amyloid-beta deposition in the human brain tissue. Based on the image, what is the most likely amyloid beta morphology pattern? diffuse plaque', 'IHC stained light micrograph of extracellular amyloid-beta deposition in the human brain tissue. Based on the image, what is the most likely amyloid beta morphology pattern? cerebral amyloid angiopathy', 'IHC stained light micrograph of extracellular amyloid-beta deposition in the human brain tissue. Based on the image, what is the most likely amyloid beta morphology pattern? cored plaque', 'IHC stained light micrograph of extracellular amyloid-beta deposition in the human brain tissue. Based on the image, what is the most likely amyloid beta morphology pattern? none of the above']",1246cb21-cc22-4603-a0f5-e0a4e4cc2560,negative,0,"{'pred': [3], 'probs': [[0.18304456770420074, 0.20164495706558228, 0.12513259053230286, 0.2682727873325348, 0.22190509736537933]], 'pred_prompt': ['IHC stained light micrograph of extracellular amyloid-beta deposition in the human brain tissue. Based on the image, what is the most likely amyloid beta morphology pattern? cored plaque']}",0.5026999711990356,pathology,neuropathology,light microscopy,brightfield microscopy,
classification,"['IHC stained light micrograph of extracellular amyloid-beta deposition in the human brain tissue. Based on the image, what is the most likely amyloid beta morphology pattern? negative', 'IHC stained light micrograph of extracellular amyloid-beta deposition in the human brain tissue. Based on the image, what is the most likely amyloid beta morphology pattern? cored plaque', 'IHC stained light micrograph of extracellular amyloid-beta deposition in the human brain tissue. Based on the image, what is the most likely amyloid beta morphology pattern? cerebral amyloid angiopathy', 'IHC stained light micrograph of extracellular amyloid-beta deposition in the human brain tissue. Based on the image, what is the most likely amyloid beta morphology pattern? diffuse plaque', 'IHC stained light micrograph of extracellular amyloid-beta deposition in the human brain tissue. Based on the image, what is the most likely amyloid beta morphology pattern? none of the above']",513f8438-293e-450f-a5b3-1e8f891be93f,negative,0,"{'pred': [1], 'probs': [[0.20907491445541382, 0.2647636830806732, 0.12446154654026031, 0.14665824174880981, 0.2550416588783264]], 'pred_prompt': ['IHC stained light micrograph of extracellular amyloid-beta deposition in the human brain tissue. Based on the image, what is the most likely amyloid beta morphology pattern? cored plaque']}",0.5026999711990356,pathology,neuropathology,light microscopy,brightfield microscopy,
classification,"['IHC stained light micrograph of extracellular amyloid-beta deposition in the human brain tissue. Based on the image, what is the most likely amyloid beta morphology pattern? cored plaque', 'IHC stained light micrograph of extracellular amyloid-beta deposition in the human brain tissue. Based on the image, what is the most likely amyloid beta morphology pattern? negative', 'IHC stained light micrograph of extracellular amyloid-beta deposition in the human brain tissue. Based on the image, what is the most likely amyloid beta morphology pattern? cerebral amyloid angiopathy', 'IHC stained light micrograph of extracellular amyloid-beta deposition in the human brain tissue. Based on the image, what is the most likely amyloid beta morphology pattern? diffuse plaque', 'IHC stained light micrograph of extracellular amyloid-beta deposition in the human brain tissue. Based on the image, what is the most likely amyloid beta morphology pattern? none of the above']",ce5bb669-5734-4867-8678-5777dfb0197b,diffuse plaque,3,"{'pred': [3], 'probs': [[0.20559275150299072, 0.2104971557855606, 0.03442227840423584, 0.2781441807746887, 0.2713436186313629]], 'pred_prompt': ['IHC stained light micrograph of extracellular amyloid-beta deposition in the human brain tissue. Based on the image, what is the most likely amyloid beta morphology pattern? diffuse plaque']}",0.5026999711990356,pathology,neuropathology,light microscopy,brightfield microscopy,
classification,"['IHC stained light micrograph of extracellular amyloid-beta deposition in the human brain tissue. Based on the image, what is the most likely amyloid beta morphology pattern? Diffuse', 'IHC stained light micrograph of extracellular amyloid-beta deposition in the human brain tissue. Based on the image, what is the most likely amyloid beta morphology pattern? Cored', 'IHC stained light micrograph of extracellular amyloid-beta deposition in the human brain tissue. Based on the image, what is the most likely amyloid beta morphology pattern? Caa', 'IHC stained light micrograph of extracellular amyloid-beta deposition in the human brain tissue. Based on the image, what is the most likely amyloid beta morphology pattern? Negative', 'IHC stained light micrograph of extracellular amyloid-beta deposition in the human brain tissue. Based on the image, what is the most likely amyloid beta morphology pattern? none of the above']",9c626377-7c94-4ba8-9ec1-de838c000d1e,Diffuse,0,"{'pred': [0], 'probs': [[0.35422515869140625, 0.3312755525112152, 0.0880979672074318, 0.06832372397184372, 0.15807762742042542]], 'pred_prompt': ['IHC stained light micrograph of extracellular amyloid-beta deposition in the human brain tissue. Based on the image, what is the most likely amyloid beta morphology pattern? Diffuse']}",0.5026999711990356,pathology,neuropathology,light microscopy,brightfield microscopy,
classification,"['IHC stained light micrograph of extracellular amyloid-beta deposition in the human brain tissue. Based on the image, what is the most likely amyloid beta morphology pattern? cerebral amyloid angiopathy', 'IHC stained light micrograph of extracellular amyloid-beta deposition in the human brain tissue. Based on the image, what is the most likely amyloid beta morphology pattern? negative', 'IHC stained light micrograph of extracellular amyloid-beta deposition in the human brain tissue. Based on the image, what is the most likely amyloid beta morphology pattern? cored plaque', 'IHC stained light micrograph of extracellular amyloid-beta deposition in the human brain tissue. Based on the image, what is the most likely amyloid beta morphology pattern? diffuse plaque', 'IHC stained light micrograph of extracellular amyloid-beta deposition in the human brain tissue. Based on the image, what is the most likely amyloid beta morphology pattern? none of the above']",4065ec52-0b62-47fc-b2f7-6b0bd266e535,diffuse plaque,3,"{'pred': [4], 'probs': [[0.07113997638225555, 0.22089911997318268, 0.17548775672912598, 0.15565751492977142, 0.37681567668914795]], 'pred_prompt': ['IHC stained light micrograph of extracellular amyloid-beta deposition in the human brain tissue. Based on the image, what is the most likely amyloid beta morphology pattern? none of the above']}",0.5026999711990356,pathology,neuropathology,light microscopy,brightfield microscopy,
classification,"['IHC stained light micrograph of extracellular amyloid-beta deposition in the human brain tissue. Based on the image, what is the most likely amyloid beta morphology pattern? Negative', 'IHC stained light micrograph of extracellular amyloid-beta deposition in the human brain tissue. Based on the image, what is the most likely amyloid beta morphology pattern? Caa', 'IHC stained light micrograph of extracellular amyloid-beta deposition in the human brain tissue. Based on the image, what is the most likely amyloid beta morphology pattern? Diffuse', 'IHC stained light micrograph of extracellular amyloid-beta deposition in the human brain tissue. Based on the image, what is the most likely amyloid beta morphology pattern? Cored', 'IHC stained light micrograph of extracellular amyloid-beta deposition in the human brain tissue. Based on the image, what is the most likely amyloid beta morphology pattern? none of the above']",1d051884-2f96-4447-b074-c02db4ec5aba,Diffuse,2,"{'pred': [3], 'probs': [[0.06359504163265228, 0.06207471713423729, 0.3256182372570038, 0.4023379981517792, 0.14637401700019836]], 'pred_prompt': ['IHC stained light micrograph of extracellular amyloid-beta deposition in the human brain tissue. Based on the image, what is the most likely amyloid beta morphology pattern? Cored']}",0.5026999711990356,pathology,neuropathology,light microscopy,brightfield microscopy,
classification,"['IHC stained light micrograph of extracellular amyloid-beta deposition in the human brain tissue. Based on the image, what is the most likely amyloid beta morphology pattern? Negative', 'IHC stained light micrograph of extracellular amyloid-beta deposition in the human brain tissue. Based on the image, what is the most likely amyloid beta morphology pattern? Caa', 'IHC stained light micrograph of extracellular amyloid-beta deposition in the human brain tissue. Based on the image, what is the most likely amyloid beta morphology pattern? Cored', 'IHC stained light micrograph of extracellular amyloid-beta deposition in the human brain tissue. Based on the image, what is the most likely amyloid beta morphology pattern? Diffuse', 'IHC stained light micrograph of extracellular amyloid-beta deposition in the human brain tissue. Based on the image, what is the most likely amyloid beta morphology pattern? none of the above']",f653a926-ef9d-4799-99e8-d42523a2d407,Diffuse,3,"{'pred': [3], 'probs': [[0.07530468702316284, 0.03694089874625206, 0.38317936658859253, 0.38945266604423523, 0.11512243002653122]], 'pred_prompt': ['IHC stained light micrograph of extracellular amyloid-beta deposition in the human brain tissue. Based on the image, what is the most likely amyloid beta morphology pattern? Diffuse']}",0.5026999711990356,pathology,neuropathology,light microscopy,brightfield microscopy,
classification,"['IHC stained light micrograph of extracellular amyloid-beta deposition in the human brain tissue. Based on the image, what is the most likely amyloid beta morphology pattern? negative', 'IHC stained light micrograph of extracellular amyloid-beta deposition in the human brain tissue. Based on the image, what is the most likely amyloid beta morphology pattern? cored plaque', 'IHC stained light micrograph of extracellular amyloid-beta deposition in the human brain tissue. Based on the image, what is the most likely amyloid beta morphology pattern? cerebral amyloid angiopathy', 'IHC stained light micrograph of extracellular amyloid-beta deposition in the human brain tissue. Based on the image, what is the most likely amyloid beta morphology pattern? diffuse plaque', 'IHC stained light micrograph of extracellular amyloid-beta deposition in the human brain tissue. Based on the image, what is the most likely amyloid beta morphology pattern? none of the above']",8f9a529f-f2c8-40f1-8028-5a154292a7f5,diffuse plaque,3,"{'pred': [1], 'probs': [[0.0687442198395729, 0.4335397779941559, 0.06312994658946991, 0.3520487844944, 0.08253728598356247]], 'pred_prompt': ['IHC stained light micrograph of extracellular amyloid-beta deposition in the human brain tissue. Based on the image, what is the most likely amyloid beta morphology pattern? cored plaque']}",0.5026999711990356,pathology,neuropathology,light microscopy,brightfield microscopy,
classification,"['IHC stained light micrograph of extracellular amyloid-beta deposition in the human brain tissue. Based on the image, what is the most likely amyloid beta morphology pattern? Cored', 'IHC stained light micrograph of extracellular amyloid-beta deposition in the human brain tissue. Based on the image, what is the most likely amyloid beta morphology pattern? Diffuse', 'IHC stained light micrograph of extracellular amyloid-beta deposition in the human brain tissue. Based on the image, what is the most likely amyloid beta morphology pattern? Caa', 'IHC stained light micrograph of extracellular amyloid-beta deposition in the human brain tissue. Based on the image, what is the most likely amyloid beta morphology pattern? Negative', 'IHC stained light micrograph of extracellular amyloid-beta deposition in the human brain tissue. Based on the image, what is the most likely amyloid beta morphology pattern? none of the above']",8587260e-3d65-48cf-a62d-f9c327a70e96,Diffuse,1,"{'pred': [0], 'probs': [[0.4586888551712036, 0.18033367395401, 0.11179673671722412, 0.09803711622953415, 0.15114359557628632]], 'pred_prompt': ['IHC stained light micrograph of extracellular amyloid-beta deposition in the human brain tissue. Based on the image, what is the most likely amyloid beta morphology pattern? Cored']}",0.5026999711990356,pathology,neuropathology,light microscopy,brightfield microscopy,
classification,"['IHC stained light micrograph of extracellular amyloid-beta deposition in the human brain tissue. Based on the image, what is the most likely amyloid beta morphology pattern? cored plaque', 'IHC stained light micrograph of extracellular amyloid-beta deposition in the human brain tissue. Based on the image, what is the most likely amyloid beta morphology pattern? diffuse plaque', 'IHC stained light micrograph of extracellular amyloid-beta deposition in the human brain tissue. Based on the image, what is the most likely amyloid beta morphology pattern? negative', 'IHC stained light micrograph of extracellular amyloid-beta deposition in the human brain tissue. Based on the image, what is the most likely amyloid beta morphology pattern? cerebral amyloid angiopathy', 'IHC stained light micrograph of extracellular amyloid-beta deposition in the human brain tissue. Based on the image, what is the most likely amyloid beta morphology pattern? none of the above']",93a53036-4db6-4687-ab59-fe597a0a0ca7,negative,2,"{'pred': [4], 'probs': [[0.22198210656642914, 0.22232192754745483, 0.1321093589067459, 0.14507050812244415, 0.27851611375808716]], 'pred_prompt': ['IHC stained light micrograph of extracellular amyloid-beta deposition in the human brain tissue. Based on the image, what is the most likely amyloid beta morphology pattern? none of the above']}",0.5026999711990356,pathology,neuropathology,light microscopy,brightfield microscopy,
classification,"['IHC stained light micrograph of extracellular amyloid-beta deposition in the human brain tissue. Based on the image, what is the most likely amyloid beta morphology pattern? Diffuse', 'IHC stained light micrograph of extracellular amyloid-beta deposition in the human brain tissue. Based on the image, what is the most likely amyloid beta morphology pattern? Negative', 'IHC stained light micrograph of extracellular amyloid-beta deposition in the human brain tissue. Based on the image, what is the most likely amyloid beta morphology pattern? Cored', 'IHC stained light micrograph of extracellular amyloid-beta deposition in the human brain tissue. Based on the image, what is the most likely amyloid beta morphology pattern? Caa', 'IHC stained light micrograph of extracellular amyloid-beta deposition in the human brain tissue. Based on the image, what is the most likely amyloid beta morphology pattern? none of the above']",f007ae5d-c675-40fe-84b9-44acb1329dd6,Negative,1,"{'pred': [2], 'probs': [[0.27588433027267456, 0.15791355073451996, 0.30508267879486084, 0.12552322447299957, 0.1355961710214615]], 'pred_prompt': ['IHC stained light micrograph of extracellular amyloid-beta deposition in the human brain tissue. Based on the image, what is the most likely amyloid beta morphology pattern? Cored']}",0.5026999711990356,pathology,neuropathology,light microscopy,brightfield microscopy,
classification,"['IHC stained light micrograph of extracellular amyloid-beta deposition in the human brain tissue. Based on the image, what is the most likely amyloid beta morphology pattern? cerebral amyloid angiopathy', 'IHC stained light micrograph of extracellular amyloid-beta deposition in the human brain tissue. Based on the image, what is the most likely amyloid beta morphology pattern? cored plaque', 'IHC stained light micrograph of extracellular amyloid-beta deposition in the human brain tissue. Based on the image, what is the most likely amyloid beta morphology pattern? negative', 'IHC stained light micrograph of extracellular amyloid-beta deposition in the human brain tissue. Based on the image, what is the most likely amyloid beta morphology pattern? diffuse plaque', 'IHC stained light micrograph of extracellular amyloid-beta deposition in the human brain tissue. Based on the image, what is the most likely amyloid beta morphology pattern? none of the above']",c313f1a4-35f4-4f8c-8398-54416b438986,negative,2,"{'pred': [1], 'probs': [[0.07007000595331192, 0.3053680956363678, 0.1634891927242279, 0.17470446228981018, 0.286368191242218]], 'pred_prompt': ['IHC stained light micrograph of extracellular amyloid-beta deposition in the human brain tissue. Based on the image, what is the most likely amyloid beta morphology pattern? cored plaque']}",0.5026999711990356,pathology,neuropathology,light microscopy,brightfield microscopy,
classification,"['IHC stained light micrograph of extracellular amyloid-beta deposition in the human brain tissue. Based on the image, what is the most likely amyloid beta morphology pattern? Negative', 'IHC stained light micrograph of extracellular amyloid-beta deposition in the human brain tissue. Based on the image, what is the most likely amyloid beta morphology pattern? Caa', 'IHC stained light micrograph of extracellular amyloid-beta deposition in the human brain tissue. Based on the image, what is the most likely amyloid beta morphology pattern? Diffuse', 'IHC stained light micrograph of extracellular amyloid-beta deposition in the human brain tissue. Based on the image, what is the most likely amyloid beta morphology pattern? Cored', 'IHC stained light micrograph of extracellular amyloid-beta deposition in the human brain tissue. Based on the image, what is the most likely amyloid beta morphology pattern? none of the above']",1f0fe4cb-5ddb-494c-a0ca-86d15f96ae71,Diffuse,2,"{'pred': [3], 'probs': [[0.05179673060774803, 0.05283888429403305, 0.27417489886283875, 0.5462403297424316, 0.0749492198228836]], 'pred_prompt': ['IHC stained light micrograph of extracellular amyloid-beta deposition in the human brain tissue. Based on the image, what is the most likely amyloid beta morphology pattern? Cored']}",0.5026999711990356,pathology,neuropathology,light microscopy,brightfield microscopy,
classification,"['IHC stained light micrograph of extracellular amyloid-beta deposition in the human brain tissue. Based on the image, what is the most likely amyloid beta morphology pattern? Caa', 'IHC stained light micrograph of extracellular amyloid-beta deposition in the human brain tissue. Based on the image, what is the most likely amyloid beta morphology pattern? Negative', 'IHC stained light micrograph of extracellular amyloid-beta deposition in the human brain tissue. Based on the image, what is the most likely amyloid beta morphology pattern? Cored', 'IHC stained light micrograph of extracellular amyloid-beta deposition in the human brain tissue. Based on the image, what is the most likely amyloid beta morphology pattern? Diffuse', 'IHC stained light micrograph of extracellular amyloid-beta deposition in the human brain tissue. Based on the image, what is the most likely amyloid beta morphology pattern? none of the above']",90c93d0e-71a7-460d-bde9-fccbcc407a10,Negative,1,"{'pred': [2], 'probs': [[0.1294497400522232, 0.1348809152841568, 0.4493163228034973, 0.123014435172081, 0.1633385866880417]], 'pred_prompt': ['IHC stained light micrograph of extracellular amyloid-beta deposition in the human brain tissue. Based on the image, what is the most likely amyloid beta morphology pattern? Cored']}",0.5026999711990356,pathology,neuropathology,light microscopy,brightfield microscopy,
classification,"['IHC stained light micrograph of extracellular amyloid-beta deposition in the human brain tissue. Based on the image, what is the most likely amyloid beta morphology pattern? Caa', 'IHC stained light micrograph of extracellular amyloid-beta deposition in the human brain tissue. Based on the image, what is the most likely amyloid beta morphology pattern? Negative', 'IHC stained light micrograph of extracellular amyloid-beta deposition in the human brain tissue. Based on the image, what is the most likely amyloid beta morphology pattern? Cored', 'IHC stained light micrograph of extracellular amyloid-beta deposition in the human brain tissue. Based on the image, what is the most likely amyloid beta morphology pattern? Diffuse', 'IHC stained light micrograph of extracellular amyloid-beta deposition in the human brain tissue. Based on the image, what is the most likely amyloid beta morphology pattern? none of the above']",598b8f70-0f23-46b3-ab15-063dc6febe0a,Diffuse,3,"{'pred': [2], 'probs': [[0.039585601538419724, 0.09557255357503891, 0.5991421341896057, 0.1255774348974228, 0.1401222199201584]], 'pred_prompt': ['IHC stained light micrograph of extracellular amyloid-beta deposition in the human brain tissue. Based on the image, what is the most likely amyloid beta morphology pattern? Cored']}",0.5026999711990356,pathology,neuropathology,light microscopy,brightfield microscopy,
classification,"['IHC stained light micrograph of extracellular amyloid-beta deposition in the human brain tissue. Based on the image, what is the most likely amyloid beta morphology pattern? cerebral amyloid angiopathy', 'IHC stained light micrograph of extracellular amyloid-beta deposition in the human brain tissue. Based on the image, what is the most likely amyloid beta morphology pattern? negative', 'IHC stained light micrograph of extracellular amyloid-beta deposition in the human brain tissue. Based on the image, what is the most likely amyloid beta morphology pattern? diffuse plaque', 'IHC stained light micrograph of extracellular amyloid-beta deposition in the human brain tissue. Based on the image, what is the most likely amyloid beta morphology pattern? cored plaque', 'IHC stained light micrograph of extracellular amyloid-beta deposition in the human brain tissue. Based on the image, what is the most likely amyloid beta morphology pattern? none of the above']",9478fb06-b000-4d93-bd73-edf6e28a4859,cored plaque,3,"{'pred': [3], 'probs': [[0.111990787088871, 0.13985037803649902, 0.24412654340267181, 0.36727088689804077, 0.13676144182682037]], 'pred_prompt': ['IHC stained light micrograph of extracellular amyloid-beta deposition in the human brain tissue. Based on the image, what is the most likely amyloid beta morphology pattern? cored plaque']}",0.5026999711990356,pathology,neuropathology,light microscopy,brightfield microscopy,
classification,"['IHC stained light micrograph of extracellular amyloid-beta deposition in the human brain tissue. Based on the image, what is the most likely amyloid beta morphology pattern? Caa', 'IHC stained light micrograph of extracellular amyloid-beta deposition in the human brain tissue. Based on the image, what is the most likely amyloid beta morphology pattern? Cored', 'IHC stained light micrograph of extracellular amyloid-beta deposition in the human brain tissue. Based on the image, what is the most likely amyloid beta morphology pattern? Negative', 'IHC stained light micrograph of extracellular amyloid-beta deposition in the human brain tissue. Based on the image, what is the most likely amyloid beta morphology pattern? Diffuse', 'IHC stained light micrograph of extracellular amyloid-beta deposition in the human brain tissue. Based on the image, what is the most likely amyloid beta morphology pattern? none of the above']",92d6585b-0477-4f99-80ba-1e114ef2a30a,Diffuse,3,"{'pred': [4], 'probs': [[0.11311877518892288, 0.23556919395923615, 0.10639423877000809, 0.22316856682300568, 0.32174915075302124]], 'pred_prompt': ['IHC stained light micrograph of extracellular amyloid-beta deposition in the human brain tissue. Based on the image, what is the most likely amyloid beta morphology pattern? none of the above']}",0.5026999711990356,pathology,neuropathology,light microscopy,brightfield microscopy,
classification,"['IHC stained light micrograph of extracellular amyloid-beta deposition in the human brain tissue. Based on the image, what is the most likely amyloid beta morphology pattern? Caa', 'IHC stained light micrograph of extracellular amyloid-beta deposition in the human brain tissue. Based on the image, what is the most likely amyloid beta morphology pattern? Diffuse', 'IHC stained light micrograph of extracellular amyloid-beta deposition in the human brain tissue. Based on the image, what is the most likely amyloid beta morphology pattern? Negative', 'IHC stained light micrograph of extracellular amyloid-beta deposition in the human brain tissue. Based on the image, what is the most likely amyloid beta morphology pattern? Cored', 'IHC stained light micrograph of extracellular amyloid-beta deposition in the human brain tissue. Based on the image, what is the most likely amyloid beta morphology pattern? none of the above']",f10b414b-22a4-4179-8750-917507c7ca08,Diffuse,1,"{'pred': [3], 'probs': [[0.06990168243646622, 0.11579836159944534, 0.09745250642299652, 0.6038100123405457, 0.11303738504648209]], 'pred_prompt': ['IHC stained light micrograph of extracellular amyloid-beta deposition in the human brain tissue. Based on the image, what is the most likely amyloid beta morphology pattern? Cored']}",0.5026999711990356,pathology,neuropathology,light microscopy,brightfield microscopy,
classification,"['IHC stained light micrograph of extracellular amyloid-beta deposition in the human brain tissue. Based on the image, what is the most likely amyloid beta morphology pattern? Cored', 'IHC stained light micrograph of extracellular amyloid-beta deposition in the human brain tissue. Based on the image, what is the most likely amyloid beta morphology pattern? Negative', 'IHC stained light micrograph of extracellular amyloid-beta deposition in the human brain tissue. Based on the image, what is the most likely amyloid beta morphology pattern? Diffuse', 'IHC stained light micrograph of extracellular amyloid-beta deposition in the human brain tissue. Based on the image, what is the most likely amyloid beta morphology pattern? Caa', 'IHC stained light micrograph of extracellular amyloid-beta deposition in the human brain tissue. Based on the image, what is the most likely amyloid beta morphology pattern? none of the above']",30940c42-6eb5-421f-abcb-73f69f1791b0,Caa,3,"{'pred': [4], 'probs': [[0.22064942121505737, 0.15580514073371887, 0.08059386909008026, 0.08514048904180527, 0.45781099796295166]], 'pred_prompt': ['IHC stained light micrograph of extracellular amyloid-beta deposition in the human brain tissue. Based on the image, what is the most likely amyloid beta morphology pattern? none of the above']}",0.5026999711990356,pathology,neuropathology,light microscopy,brightfield microscopy,
classification,"['IHC stained light micrograph of extracellular amyloid-beta deposition in the human brain tissue. Based on the image, what is the most likely amyloid beta morphology pattern? diffuse plaque', 'IHC stained light micrograph of extracellular amyloid-beta deposition in the human brain tissue. Based on the image, what is the most likely amyloid beta morphology pattern? negative', 'IHC stained light micrograph of extracellular amyloid-beta deposition in the human brain tissue. Based on the image, what is the most likely amyloid beta morphology pattern? cored plaque', 'IHC stained light micrograph of extracellular amyloid-beta deposition in the human brain tissue. Based on the image, what is the most likely amyloid beta morphology pattern? cerebral amyloid angiopathy', 'IHC stained light micrograph of extracellular amyloid-beta deposition in the human brain tissue. Based on the image, what is the most likely amyloid beta morphology pattern? none of the above']",8177bfa2-a4d3-4731-b8c0-eaddcf49b6ab,negative,1,"{'pred': [4], 'probs': [[0.12535183131694794, 0.22920948266983032, 0.14803168177604675, 0.16608387231826782, 0.33132311701774597]], 'pred_prompt': ['IHC stained light micrograph of extracellular amyloid-beta deposition in the human brain tissue. Based on the image, what is the most likely amyloid beta morphology pattern? none of the above']}",0.5026999711990356,pathology,neuropathology,light microscopy,brightfield microscopy,
classification,"['IHC stained light micrograph of extracellular amyloid-beta deposition in the human brain tissue. Based on the image, what is the most likely amyloid beta morphology pattern? Negative', 'IHC stained light micrograph of extracellular amyloid-beta deposition in the human brain tissue. Based on the image, what is the most likely amyloid beta morphology pattern? Caa', 'IHC stained light micrograph of extracellular amyloid-beta deposition in the human brain tissue. Based on the image, what is the most likely amyloid beta morphology pattern? Diffuse', 'IHC stained light micrograph of extracellular amyloid-beta deposition in the human brain tissue. Based on the image, what is the most likely amyloid beta morphology pattern? Cored', 'IHC stained light micrograph of extracellular amyloid-beta deposition in the human brain tissue. Based on the image, what is the most likely amyloid beta morphology pattern? none of the above']",610aebb3-c677-4cfe-a67b-aac49d874fee,Negative,0,"{'pred': [3], 'probs': [[0.11466661095619202, 0.048215318471193314, 0.30563244223594666, 0.40735897421836853, 0.1241266056895256]], 'pred_prompt': ['IHC stained light micrograph of extracellular amyloid-beta deposition in the human brain tissue. Based on the image, what is the most likely amyloid beta morphology pattern? Cored']}",0.5026999711990356,pathology,neuropathology,light microscopy,brightfield microscopy,
classification,"['IHC stained light micrograph of extracellular amyloid-beta deposition in the human brain tissue. Based on the image, what is the most likely amyloid beta morphology pattern? negative', 'IHC stained light micrograph of extracellular amyloid-beta deposition in the human brain tissue. Based on the image, what is the most likely amyloid beta morphology pattern? diffuse plaque', 'IHC stained light micrograph of extracellular amyloid-beta deposition in the human brain tissue. Based on the image, what is the most likely amyloid beta morphology pattern? cored plaque', 'IHC stained light micrograph of extracellular amyloid-beta deposition in the human brain tissue. Based on the image, what is the most likely amyloid beta morphology pattern? cerebral amyloid angiopathy', 'IHC stained light micrograph of extracellular amyloid-beta deposition in the human brain tissue. Based on the image, what is the most likely amyloid beta morphology pattern? none of the above']",eb00997e-5aaf-480b-8dd4-949c543e9e39,negative,0,"{'pred': [4], 'probs': [[0.14907203614711761, 0.2512815594673157, 0.24430972337722778, 0.0986265018582344, 0.2567101716995239]], 'pred_prompt': ['IHC stained light micrograph of extracellular amyloid-beta deposition in the human brain tissue. Based on the image, what is the most likely amyloid beta morphology pattern? none of the above']}",0.5026999711990356,pathology,neuropathology,light microscopy,brightfield microscopy,
classification,"['IHC stained light micrograph of extracellular amyloid-beta deposition in the human brain tissue. Based on the image, what is the most likely amyloid beta morphology pattern? Diffuse', 'IHC stained light micrograph of extracellular amyloid-beta deposition in the human brain tissue. Based on the image, what is the most likely amyloid beta morphology pattern? Negative', 'IHC stained light micrograph of extracellular amyloid-beta deposition in the human brain tissue. Based on the image, what is the most likely amyloid beta morphology pattern? Caa', 'IHC stained light micrograph of extracellular amyloid-beta deposition in the human brain tissue. Based on the image, what is the most likely amyloid beta morphology pattern? Cored', 'IHC stained light micrograph of extracellular amyloid-beta deposition in the human brain tissue. Based on the image, what is the most likely amyloid beta morphology pattern? none of the above']",10db48f5-30cb-4c51-af81-5859f765c15f,Negative,1,"{'pred': [1], 'probs': [[0.09758195281028748, 0.3149731755256653, 0.23792842030525208, 0.12216895818710327, 0.2273474931716919]], 'pred_prompt': ['IHC stained light micrograph of extracellular amyloid-beta deposition in the human brain tissue. Based on the image, what is the most likely amyloid beta morphology pattern? Negative']}",0.5026999711990356,pathology,neuropathology,light microscopy,brightfield microscopy,
classification,"['IHC stained light micrograph of extracellular amyloid-beta deposition in the human brain tissue. Based on the image, what is the most likely amyloid beta morphology pattern? Caa', 'IHC stained light micrograph of extracellular amyloid-beta deposition in the human brain tissue. Based on the image, what is the most likely amyloid beta morphology pattern? Cored', 'IHC stained light micrograph of extracellular amyloid-beta deposition in the human brain tissue. Based on the image, what is the most likely amyloid beta morphology pattern? Negative', 'IHC stained light micrograph of extracellular amyloid-beta deposition in the human brain tissue. Based on the image, what is the most likely amyloid beta morphology pattern? Diffuse', 'IHC stained light micrograph of extracellular amyloid-beta deposition in the human brain tissue. Based on the image, what is the most likely amyloid beta morphology pattern? none of the above']",670b52fa-7f34-4bba-9818-3a9437b9b241,Caa,0,"{'pred': [0], 'probs': [[0.561836302280426, 0.13396167755126953, 0.0724588930606842, 0.04313649609684944, 0.1886066347360611]], 'pred_prompt': ['IHC stained light micrograph of extracellular amyloid-beta deposition in the human brain tissue. Based on the image, what is the most likely amyloid beta morphology pattern? Caa']}",0.5026999711990356,pathology,neuropathology,light microscopy,brightfield microscopy,
classification,"['IHC stained light micrograph of extracellular amyloid-beta deposition in the human brain tissue. Based on the image, what is the most likely amyloid beta morphology pattern? diffuse plaque', 'IHC stained light micrograph of extracellular amyloid-beta deposition in the human brain tissue. Based on the image, what is the most likely amyloid beta morphology pattern? cerebral amyloid angiopathy', 'IHC stained light micrograph of extracellular amyloid-beta deposition in the human brain tissue. Based on the image, what is the most likely amyloid beta morphology pattern? cored plaque', 'IHC stained light micrograph of extracellular amyloid-beta deposition in the human brain tissue. Based on the image, what is the most likely amyloid beta morphology pattern? negative', 'IHC stained light micrograph of extracellular amyloid-beta deposition in the human brain tissue. Based on the image, what is the most likely amyloid beta morphology pattern? none of the above']",70334b51-6aa8-45cf-a4e6-553cd8c6c5ef,diffuse plaque,0,"{'pred': [2], 'probs': [[0.22678245604038239, 0.0901675745844841, 0.3936758041381836, 0.1305166631937027, 0.15885749459266663]], 'pred_prompt': ['IHC stained light micrograph of extracellular amyloid-beta deposition in the human brain tissue. Based on the image, what is the most likely amyloid beta morphology pattern? cored plaque']}",0.5026999711990356,pathology,neuropathology,light microscopy,brightfield microscopy,
classification,"['IHC stained light micrograph of extracellular amyloid-beta deposition in the human brain tissue. Based on the image, what is the most likely amyloid beta morphology pattern? Negative', 'IHC stained light micrograph of extracellular amyloid-beta deposition in the human brain tissue. Based on the image, what is the most likely amyloid beta morphology pattern? Diffuse', 'IHC stained light micrograph of extracellular amyloid-beta deposition in the human brain tissue. Based on the image, what is the most likely amyloid beta morphology pattern? Cored', 'IHC stained light micrograph of extracellular amyloid-beta deposition in the human brain tissue. Based on the image, what is the most likely amyloid beta morphology pattern? Caa', 'IHC stained light micrograph of extracellular amyloid-beta deposition in the human brain tissue. Based on the image, what is the most likely amyloid beta morphology pattern? none of the above']",1ee430e9-f4ed-4219-ac0f-f82e61df893a,Cored,2,"{'pred': [2], 'probs': [[0.10471750795841217, 0.1127408891916275, 0.3475129008293152, 0.3182395100593567, 0.11678919196128845]], 'pred_prompt': ['IHC stained light micrograph of extracellular amyloid-beta deposition in the human brain tissue. Based on the image, what is the most likely amyloid beta morphology pattern? Cored']}",0.5026999711990356,pathology,neuropathology,light microscopy,brightfield microscopy,
classification,"['IHC stained light micrograph of extracellular amyloid-beta deposition in the human brain tissue. Based on the image, what is the most likely amyloid beta morphology pattern? diffuse plaque', 'IHC stained light micrograph of extracellular amyloid-beta deposition in the human brain tissue. Based on the image, what is the most likely amyloid beta morphology pattern? negative', 'IHC stained light micrograph of extracellular amyloid-beta deposition in the human brain tissue. Based on the image, what is the most likely amyloid beta morphology pattern? cored plaque', 'IHC stained light micrograph of extracellular amyloid-beta deposition in the human brain tissue. Based on the image, what is the most likely amyloid beta morphology pattern? cerebral amyloid angiopathy', 'IHC stained light micrograph of extracellular amyloid-beta deposition in the human brain tissue. Based on the image, what is the most likely amyloid beta morphology pattern? none of the above']",3ba94fb5-35c2-4ec3-b0e1-172e63b7bd5f,diffuse plaque,0,"{'pred': [2], 'probs': [[0.15821659564971924, 0.1480252891778946, 0.359980970621109, 0.1687544584274292, 0.16502268612384796]], 'pred_prompt': ['IHC stained light micrograph of extracellular amyloid-beta deposition in the human brain tissue. Based on the image, what is the most likely amyloid beta morphology pattern? cored plaque']}",0.5026999711990356,pathology,neuropathology,light microscopy,brightfield microscopy,
classification,"['IHC stained light micrograph of extracellular amyloid-beta deposition in the human brain tissue. Based on the image, what is the most likely amyloid beta morphology pattern? Diffuse', 'IHC stained light micrograph of extracellular amyloid-beta deposition in the human brain tissue. Based on the image, what is the most likely amyloid beta morphology pattern? Negative', 'IHC stained light micrograph of extracellular amyloid-beta deposition in the human brain tissue. Based on the image, what is the most likely amyloid beta morphology pattern? Cored', 'IHC stained light micrograph of extracellular amyloid-beta deposition in the human brain tissue. Based on the image, what is the most likely amyloid beta morphology pattern? Caa', 'IHC stained light micrograph of extracellular amyloid-beta deposition in the human brain tissue. Based on the image, what is the most likely amyloid beta morphology pattern? none of the above']",b2c1e494-8919-4ac7-b746-2afe2bf200a1,Negative,1,"{'pred': [0], 'probs': [[0.24957019090652466, 0.19201676547527313, 0.24776597321033478, 0.10741949826478958, 0.20322756469249725]], 'pred_prompt': ['IHC stained light micrograph of extracellular amyloid-beta deposition in the human brain tissue. Based on the image, what is the most likely amyloid beta morphology pattern? Diffuse']}",0.5026999711990356,pathology,neuropathology,light microscopy,brightfield microscopy,
classification,"['IHC stained light micrograph of extracellular amyloid-beta deposition in the human brain tissue. Based on the image, what is the most likely amyloid beta morphology pattern? negative', 'IHC stained light micrograph of extracellular amyloid-beta deposition in the human brain tissue. Based on the image, what is the most likely amyloid beta morphology pattern? cored plaque', 'IHC stained light micrograph of extracellular amyloid-beta deposition in the human brain tissue. Based on the image, what is the most likely amyloid beta morphology pattern? diffuse plaque', 'IHC stained light micrograph of extracellular amyloid-beta deposition in the human brain tissue. Based on the image, what is the most likely amyloid beta morphology pattern? cerebral amyloid angiopathy', 'IHC stained light micrograph of extracellular amyloid-beta deposition in the human brain tissue. Based on the image, what is the most likely amyloid beta morphology pattern? none of the above']",8667f677-c191-407f-978e-248199f783fd,negative,0,"{'pred': [4], 'probs': [[0.1840001791715622, 0.2190551906824112, 0.07486715912818909, 0.12022779136896133, 0.4018496870994568]], 'pred_prompt': ['IHC stained light micrograph of extracellular amyloid-beta deposition in the human brain tissue. Based on the image, what is the most likely amyloid beta morphology pattern? none of the above']}",0.5026999711990356,pathology,neuropathology,light microscopy,brightfield microscopy,
classification,"['IHC stained light micrograph of extracellular amyloid-beta deposition in the human brain tissue. Based on the image, what is the most likely amyloid beta morphology pattern? Negative', 'IHC stained light micrograph of extracellular amyloid-beta deposition in the human brain tissue. Based on the image, what is the most likely amyloid beta morphology pattern? Cored', 'IHC stained light micrograph of extracellular amyloid-beta deposition in the human brain tissue. Based on the image, what is the most likely amyloid beta morphology pattern? Caa', 'IHC stained light micrograph of extracellular amyloid-beta deposition in the human brain tissue. Based on the image, what is the most likely amyloid beta morphology pattern? Diffuse', 'IHC stained light micrograph of extracellular amyloid-beta deposition in the human brain tissue. Based on the image, what is the most likely amyloid beta morphology pattern? none of the above']",9501cb53-7ad1-4d50-90a9-f6f1d2e832e4,Diffuse,3,"{'pred': [3], 'probs': [[0.09267840534448624, 0.28324589133262634, 0.09566959738731384, 0.4012703597545624, 0.12713579833507538]], 'pred_prompt': ['IHC stained light micrograph of extracellular amyloid-beta deposition in the human brain tissue. Based on the image, what is the most likely amyloid beta morphology pattern? Diffuse']}",0.5026999711990356,pathology,neuropathology,light microscopy,brightfield microscopy,
classification,"['IHC stained light micrograph of extracellular amyloid-beta deposition in the human brain tissue. Based on the image, what is the most likely amyloid beta morphology pattern? diffuse plaque', 'IHC stained light micrograph of extracellular amyloid-beta deposition in the human brain tissue. Based on the image, what is the most likely amyloid beta morphology pattern? negative', 'IHC stained light micrograph of extracellular amyloid-beta deposition in the human brain tissue. Based on the image, what is the most likely amyloid beta morphology pattern? cerebral amyloid angiopathy', 'IHC stained light micrograph of extracellular amyloid-beta deposition in the human brain tissue. Based on the image, what is the most likely amyloid beta morphology pattern? cored plaque', 'IHC stained light micrograph of extracellular amyloid-beta deposition in the human brain tissue. Based on the image, what is the most likely amyloid beta morphology pattern? none of the above']",4540fcbe-b30b-4ad9-b0c3-7601900ed1fc,diffuse plaque,0,"{'pred': [4], 'probs': [[0.2579311728477478, 0.13119922578334808, 0.13554945588111877, 0.17044958472251892, 0.30487051606178284]], 'pred_prompt': ['IHC stained light micrograph of extracellular amyloid-beta deposition in the human brain tissue. Based on the image, what is the most likely amyloid beta morphology pattern? none of the above']}",0.5026999711990356,pathology,neuropathology,light microscopy,brightfield microscopy,
classification,"['IHC stained light micrograph of extracellular amyloid-beta deposition in the human brain tissue. Based on the image, what is the most likely amyloid beta morphology pattern? Caa', 'IHC stained light micrograph of extracellular amyloid-beta deposition in the human brain tissue. Based on the image, what is the most likely amyloid beta morphology pattern? Diffuse', 'IHC stained light micrograph of extracellular amyloid-beta deposition in the human brain tissue. Based on the image, what is the most likely amyloid beta morphology pattern? Cored', 'IHC stained light micrograph of extracellular amyloid-beta deposition in the human brain tissue. Based on the image, what is the most likely amyloid beta morphology pattern? Negative', 'IHC stained light micrograph of extracellular amyloid-beta deposition in the human brain tissue. Based on the image, what is the most likely amyloid beta morphology pattern? none of the above']",b5411983-137f-4521-801c-e2de3f8cea75,Negative,3,"{'pred': [2], 'probs': [[0.08734513074159622, 0.2717236280441284, 0.44813841581344604, 0.08359717577695847, 0.10919568687677383]], 'pred_prompt': ['IHC stained light micrograph of extracellular amyloid-beta deposition in the human brain tissue. Based on the image, what is the most likely amyloid beta morphology pattern? Cored']}",0.5026999711990356,pathology,neuropathology,light microscopy,brightfield microscopy,
classification,"['IHC stained light micrograph of extracellular amyloid-beta deposition in the human brain tissue. Based on the image, what is the most likely amyloid beta morphology pattern? cored plaque', 'IHC stained light micrograph of extracellular amyloid-beta deposition in the human brain tissue. Based on the image, what is the most likely amyloid beta morphology pattern? diffuse plaque', 'IHC stained light micrograph of extracellular amyloid-beta deposition in the human brain tissue. Based on the image, what is the most likely amyloid beta morphology pattern? cerebral amyloid angiopathy', 'IHC stained light micrograph of extracellular amyloid-beta deposition in the human brain tissue. Based on the image, what is the most likely amyloid beta morphology pattern? negative', 'IHC stained light micrograph of extracellular amyloid-beta deposition in the human brain tissue. Based on the image, what is the most likely amyloid beta morphology pattern? none of the above']",dd32d9e8-a0a0-4c58-999e-4fd06fbf97dd,diffuse plaque,1,"{'pred': [4], 'probs': [[0.17001904547214508, 0.2831512689590454, 0.0832376703619957, 0.13513332605361938, 0.3284587264060974]], 'pred_prompt': ['IHC stained light micrograph of extracellular amyloid-beta deposition in the human brain tissue. Based on the image, what is the most likely amyloid beta morphology pattern? none of the above']}",0.5026999711990356,pathology,neuropathology,light microscopy,brightfield microscopy,
classification,"['IHC stained light micrograph of extracellular amyloid-beta deposition in the human brain tissue. Based on the image, what is the most likely amyloid beta morphology pattern? cerebral amyloid angiopathy', 'IHC stained light micrograph of extracellular amyloid-beta deposition in the human brain tissue. Based on the image, what is the most likely amyloid beta morphology pattern? negative', 'IHC stained light micrograph of extracellular amyloid-beta deposition in the human brain tissue. Based on the image, what is the most likely amyloid beta morphology pattern? cored plaque', 'IHC stained light micrograph of extracellular amyloid-beta deposition in the human brain tissue. Based on the image, what is the most likely amyloid beta morphology pattern? diffuse plaque', 'IHC stained light micrograph of extracellular amyloid-beta deposition in the human brain tissue. Based on the image, what is the most likely amyloid beta morphology pattern? none of the above']",9cdb7dd9-5e7d-4906-96ac-9e6077608ae6,diffuse plaque,3,"{'pred': [3], 'probs': [[0.08439422398805618, 0.10063321888446808, 0.30095604062080383, 0.3783007860183716, 0.13571570813655853]], 'pred_prompt': ['IHC stained light micrograph of extracellular amyloid-beta deposition in the human brain tissue. Based on the image, what is the most likely amyloid beta morphology pattern? diffuse plaque']}",0.5026999711990356,pathology,neuropathology,light microscopy,brightfield microscopy,
classification,"['IHC stained light micrograph of extracellular amyloid-beta deposition in the human brain tissue. Based on the image, what is the most likely amyloid beta morphology pattern? cerebral amyloid angiopathy', 'IHC stained light micrograph of extracellular amyloid-beta deposition in the human brain tissue. Based on the image, what is the most likely amyloid beta morphology pattern? diffuse plaque', 'IHC stained light micrograph of extracellular amyloid-beta deposition in the human brain tissue. Based on the image, what is the most likely amyloid beta morphology pattern? negative', 'IHC stained light micrograph of extracellular amyloid-beta deposition in the human brain tissue. Based on the image, what is the most likely amyloid beta morphology pattern? cored plaque', 'IHC stained light micrograph of extracellular amyloid-beta deposition in the human brain tissue. Based on the image, what is the most likely amyloid beta morphology pattern? none of the above']",5cb048f2-f3a7-4c5b-9ae4-3837a51b9fa4,diffuse plaque,1,"{'pred': [3], 'probs': [[0.08326732367277145, 0.3120436370372772, 0.11027340590953827, 0.3134717345237732, 0.18094386160373688]], 'pred_prompt': ['IHC stained light micrograph of extracellular amyloid-beta deposition in the human brain tissue. Based on the image, what is the most likely amyloid beta morphology pattern? cored plaque']}",0.5026999711990356,pathology,neuropathology,light microscopy,brightfield microscopy,
classification,"['IHC stained light micrograph of extracellular amyloid-beta deposition in the human brain tissue. Based on the image, what is the most likely amyloid beta morphology pattern? Diffuse', 'IHC stained light micrograph of extracellular amyloid-beta deposition in the human brain tissue. Based on the image, what is the most likely amyloid beta morphology pattern? Cored', 'IHC stained light micrograph of extracellular amyloid-beta deposition in the human brain tissue. Based on the image, what is the most likely amyloid beta morphology pattern? Negative', 'IHC stained light micrograph of extracellular amyloid-beta deposition in the human brain tissue. Based on the image, what is the most likely amyloid beta morphology pattern? Caa', 'IHC stained light micrograph of extracellular amyloid-beta deposition in the human brain tissue. Based on the image, what is the most likely amyloid beta morphology pattern? none of the above']",fdf13430-b3e2-4396-af53-77285152a530,Diffuse,0,"{'pred': [1], 'probs': [[0.1901126205921173, 0.5791192054748535, 0.0670151486992836, 0.07823725789785385, 0.08551576733589172]], 'pred_prompt': ['IHC stained light micrograph of extracellular amyloid-beta deposition in the human brain tissue. Based on the image, what is the most likely amyloid beta morphology pattern? Cored']}",0.5026999711990356,pathology,neuropathology,light microscopy,brightfield microscopy,
classification,"['IHC stained light micrograph of extracellular amyloid-beta deposition in the human brain tissue. Based on the image, what is the most likely amyloid beta morphology pattern? Negative', 'IHC stained light micrograph of extracellular amyloid-beta deposition in the human brain tissue. Based on the image, what is the most likely amyloid beta morphology pattern? Cored', 'IHC stained light micrograph of extracellular amyloid-beta deposition in the human brain tissue. Based on the image, what is the most likely amyloid beta morphology pattern? Diffuse', 'IHC stained light micrograph of extracellular amyloid-beta deposition in the human brain tissue. Based on the image, what is the most likely amyloid beta morphology pattern? Caa', 'IHC stained light micrograph of extracellular amyloid-beta deposition in the human brain tissue. Based on the image, what is the most likely amyloid beta morphology pattern? none of the above']",2ff1485e-42d3-412d-be6d-17a94febda0e,Caa,3,"{'pred': [1], 'probs': [[0.1564875692129135, 0.44633105397224426, 0.11688008159399033, 0.06396687030792236, 0.21633440256118774]], 'pred_prompt': ['IHC stained light micrograph of extracellular amyloid-beta deposition in the human brain tissue. Based on the image, what is the most likely amyloid beta morphology pattern? Cored']}",0.5026999711990356,pathology,neuropathology,light microscopy,brightfield microscopy,
classification,"['IHC stained light micrograph of extracellular amyloid-beta deposition in the human brain tissue. Based on the image, what is the most likely amyloid beta morphology pattern? Negative', 'IHC stained light micrograph of extracellular amyloid-beta deposition in the human brain tissue. Based on the image, what is the most likely amyloid beta morphology pattern? Cored', 'IHC stained light micrograph of extracellular amyloid-beta deposition in the human brain tissue. Based on the image, what is the most likely amyloid beta morphology pattern? Diffuse', 'IHC stained light micrograph of extracellular amyloid-beta deposition in the human brain tissue. Based on the image, what is the most likely amyloid beta morphology pattern? Caa', 'IHC stained light micrograph of extracellular amyloid-beta deposition in the human brain tissue. Based on the image, what is the most likely amyloid beta morphology pattern? none of the above']",c68662b6-b4d6-4e3f-9056-6b13cf0d0304,Cored,1,"{'pred': [3], 'probs': [[0.08662358671426773, 0.2999507784843445, 0.14357031881809235, 0.36434152722358704, 0.10551378130912781]], 'pred_prompt': ['IHC stained light micrograph of extracellular amyloid-beta deposition in the human brain tissue. Based on the image, what is the most likely amyloid beta morphology pattern? Caa']}",0.5026999711990356,pathology,neuropathology,light microscopy,brightfield microscopy,
classification,"['IHC stained light micrograph of extracellular amyloid-beta deposition in the human brain tissue. Based on the image, what is the most likely amyloid beta morphology pattern? Cored', 'IHC stained light micrograph of extracellular amyloid-beta deposition in the human brain tissue. Based on the image, what is the most likely amyloid beta morphology pattern? Caa', 'IHC stained light micrograph of extracellular amyloid-beta deposition in the human brain tissue. Based on the image, what is the most likely amyloid beta morphology pattern? Negative', 'IHC stained light micrograph of extracellular amyloid-beta deposition in the human brain tissue. Based on the image, what is the most likely amyloid beta morphology pattern? Diffuse', 'IHC stained light micrograph of extracellular amyloid-beta deposition in the human brain tissue. Based on the image, what is the most likely amyloid beta morphology pattern? none of the above']",442abc45-a114-4637-8175-2d5c297c2ed7,Cored,0,"{'pred': [0], 'probs': [[0.6058046221733093, 0.09153890609741211, 0.0779171884059906, 0.09685638546943665, 0.12788286805152893]], 'pred_prompt': ['IHC stained light micrograph of extracellular amyloid-beta deposition in the human brain tissue. Based on the image, what is the most likely amyloid beta morphology pattern? Cored']}",0.5026999711990356,pathology,neuropathology,light microscopy,brightfield microscopy,
classification,"['IHC stained light micrograph of extracellular amyloid-beta deposition in the human brain tissue. Based on the image, what is the most likely amyloid beta morphology pattern? Diffuse', 'IHC stained light micrograph of extracellular amyloid-beta deposition in the human brain tissue. Based on the image, what is the most likely amyloid beta morphology pattern? Negative', 'IHC stained light micrograph of extracellular amyloid-beta deposition in the human brain tissue. Based on the image, what is the most likely amyloid beta morphology pattern? Caa', 'IHC stained light micrograph of extracellular amyloid-beta deposition in the human brain tissue. Based on the image, what is the most likely amyloid beta morphology pattern? Cored', 'IHC stained light micrograph of extracellular amyloid-beta deposition in the human brain tissue. Based on the image, what is the most likely amyloid beta morphology pattern? none of the above']",256ec93a-155c-4b7d-b826-e7d1caa790b3,Caa,2,"{'pred': [3], 'probs': [[0.1076539009809494, 0.1010996550321579, 0.11765405535697937, 0.3414512574672699, 0.33214107155799866]], 'pred_prompt': ['IHC stained light micrograph of extracellular amyloid-beta deposition in the human brain tissue. Based on the image, what is the most likely amyloid beta morphology pattern? Cored']}",0.5026999711990356,pathology,neuropathology,light microscopy,brightfield microscopy,
classification,"['IHC stained light micrograph of extracellular amyloid-beta deposition in the human brain tissue. Based on the image, what is the most likely amyloid beta morphology pattern? Negative', 'IHC stained light micrograph of extracellular amyloid-beta deposition in the human brain tissue. Based on the image, what is the most likely amyloid beta morphology pattern? Diffuse', 'IHC stained light micrograph of extracellular amyloid-beta deposition in the human brain tissue. Based on the image, what is the most likely amyloid beta morphology pattern? Cored', 'IHC stained light micrograph of extracellular amyloid-beta deposition in the human brain tissue. Based on the image, what is the most likely amyloid beta morphology pattern? Caa', 'IHC stained light micrograph of extracellular amyloid-beta deposition in the human brain tissue. Based on the image, what is the most likely amyloid beta morphology pattern? none of the above']",92417a08-8107-442e-bc63-3991d8eed836,Diffuse,1,"{'pred': [2], 'probs': [[0.07604978233575821, 0.13207264244556427, 0.5931109189987183, 0.08567910641431808, 0.11308756470680237]], 'pred_prompt': ['IHC stained light micrograph of extracellular amyloid-beta deposition in the human brain tissue. Based on the image, what is the most likely amyloid beta morphology pattern? Cored']}",0.5026999711990356,pathology,neuropathology,light microscopy,brightfield microscopy,
classification,"['IHC stained light micrograph of extracellular amyloid-beta deposition in the human brain tissue. Based on the image, what is the most likely amyloid beta morphology pattern? diffuse plaque', 'IHC stained light micrograph of extracellular amyloid-beta deposition in the human brain tissue. Based on the image, what is the most likely amyloid beta morphology pattern? cerebral amyloid angiopathy', 'IHC stained light micrograph of extracellular amyloid-beta deposition in the human brain tissue. Based on the image, what is the most likely amyloid beta morphology pattern? cored plaque', 'IHC stained light micrograph of extracellular amyloid-beta deposition in the human brain tissue. Based on the image, what is the most likely amyloid beta morphology pattern? negative', 'IHC stained light micrograph of extracellular amyloid-beta deposition in the human brain tissue. Based on the image, what is the most likely amyloid beta morphology pattern? none of the above']",15992e53-de46-413e-84ea-c6a0f78d8000,diffuse plaque,0,"{'pred': [2], 'probs': [[0.28373464941978455, 0.06347493082284927, 0.377410352230072, 0.11485102772712708, 0.1605290174484253]], 'pred_prompt': ['IHC stained light micrograph of extracellular amyloid-beta deposition in the human brain tissue. Based on the image, what is the most likely amyloid beta morphology pattern? cored plaque']}",0.5026999711990356,pathology,neuropathology,light microscopy,brightfield microscopy,
classification,"['IHC stained light micrograph of extracellular amyloid-beta deposition in the human brain tissue. Based on the image, what is the most likely amyloid beta morphology pattern? Cored', 'IHC stained light micrograph of extracellular amyloid-beta deposition in the human brain tissue. Based on the image, what is the most likely amyloid beta morphology pattern? Negative', 'IHC stained light micrograph of extracellular amyloid-beta deposition in the human brain tissue. Based on the image, what is the most likely amyloid beta morphology pattern? Caa', 'IHC stained light micrograph of extracellular amyloid-beta deposition in the human brain tissue. Based on the image, what is the most likely amyloid beta morphology pattern? Diffuse', 'IHC stained light micrograph of extracellular amyloid-beta deposition in the human brain tissue. Based on the image, what is the most likely amyloid beta morphology pattern? none of the above']",6884bedf-d2cd-471b-93d8-940936ef92b3,Caa,2,"{'pred': [4], 'probs': [[0.16770201921463013, 0.11702710390090942, 0.11019185185432434, 0.13513533771038055, 0.469943642616272]], 'pred_prompt': ['IHC stained light micrograph of extracellular amyloid-beta deposition in the human brain tissue. Based on the image, what is the most likely amyloid beta morphology pattern? none of the above']}",0.5026999711990356,pathology,neuropathology,light microscopy,brightfield microscopy,
classification,"['IHC stained light micrograph of extracellular amyloid-beta deposition in the human brain tissue. Based on the image, what is the most likely amyloid beta morphology pattern? Caa', 'IHC stained light micrograph of extracellular amyloid-beta deposition in the human brain tissue. Based on the image, what is the most likely amyloid beta morphology pattern? Cored', 'IHC stained light micrograph of extracellular amyloid-beta deposition in the human brain tissue. Based on the image, what is the most likely amyloid beta morphology pattern? Negative', 'IHC stained light micrograph of extracellular amyloid-beta deposition in the human brain tissue. Based on the image, what is the most likely amyloid beta morphology pattern? Diffuse', 'IHC stained light micrograph of extracellular amyloid-beta deposition in the human brain tissue. Based on the image, what is the most likely amyloid beta morphology pattern? none of the above']",e402ca9b-271e-4fc6-bc12-309020a3813f,Diffuse,3,"{'pred': [1], 'probs': [[0.12311923503875732, 0.48655053973197937, 0.16818392276763916, 0.08759985119104385, 0.13454650342464447]], 'pred_prompt': ['IHC stained light micrograph of extracellular amyloid-beta deposition in the human brain tissue. Based on the image, what is the most likely amyloid beta morphology pattern? Cored']}",0.5026999711990356,pathology,neuropathology,light microscopy,brightfield microscopy,
classification,"['IHC stained light micrograph of extracellular amyloid-beta deposition in the human brain tissue. Based on the image, what is the most likely amyloid beta morphology pattern? Cored', 'IHC stained light micrograph of extracellular amyloid-beta deposition in the human brain tissue. Based on the image, what is the most likely amyloid beta morphology pattern? Negative', 'IHC stained light micrograph of extracellular amyloid-beta deposition in the human brain tissue. Based on the image, what is the most likely amyloid beta morphology pattern? Caa', 'IHC stained light micrograph of extracellular amyloid-beta deposition in the human brain tissue. Based on the image, what is the most likely amyloid beta morphology pattern? Diffuse', 'IHC stained light micrograph of extracellular amyloid-beta deposition in the human brain tissue. Based on the image, what is the most likely amyloid beta morphology pattern? none of the above']",0464e256-43fe-4ef7-9504-9a3f70e8e80c,Caa,2,"{'pred': [0], 'probs': [[0.40472331643104553, 0.21345654129981995, 0.0695144459605217, 0.07675257325172424, 0.2355531007051468]], 'pred_prompt': ['IHC stained light micrograph of extracellular amyloid-beta deposition in the human brain tissue. Based on the image, what is the most likely amyloid beta morphology pattern? Cored']}",0.5026999711990356,pathology,neuropathology,light microscopy,brightfield microscopy,
classification,"['IHC stained light micrograph of extracellular amyloid-beta deposition in the human brain tissue. Based on the image, what is the most likely amyloid beta morphology pattern? cerebral amyloid angiopathy', 'IHC stained light micrograph of extracellular amyloid-beta deposition in the human brain tissue. Based on the image, what is the most likely amyloid beta morphology pattern? diffuse plaque', 'IHC stained light micrograph of extracellular amyloid-beta deposition in the human brain tissue. Based on the image, what is the most likely amyloid beta morphology pattern? negative', 'IHC stained light micrograph of extracellular amyloid-beta deposition in the human brain tissue. Based on the image, what is the most likely amyloid beta morphology pattern? cored plaque', 'IHC stained light micrograph of extracellular amyloid-beta deposition in the human brain tissue. Based on the image, what is the most likely amyloid beta morphology pattern? none of the above']",a7d566e5-5be1-4cea-b651-95e0ec41db65,diffuse plaque,1,"{'pred': [3], 'probs': [[0.11756017804145813, 0.2654074430465698, 0.13613517582416534, 0.32956355810165405, 0.15133365988731384]], 'pred_prompt': ['IHC stained light micrograph of extracellular amyloid-beta deposition in the human brain tissue. Based on the image, what is the most likely amyloid beta morphology pattern? cored plaque']}",0.5026999711990356,pathology,neuropathology,light microscopy,brightfield microscopy,
classification,"['IHC stained light micrograph of extracellular amyloid-beta deposition in the human brain tissue. Based on the image, what is the most likely amyloid beta morphology pattern? cerebral amyloid angiopathy', 'IHC stained light micrograph of extracellular amyloid-beta deposition in the human brain tissue. Based on the image, what is the most likely amyloid beta morphology pattern? diffuse plaque', 'IHC stained light micrograph of extracellular amyloid-beta deposition in the human brain tissue. Based on the image, what is the most likely amyloid beta morphology pattern? cored plaque', 'IHC stained light micrograph of extracellular amyloid-beta deposition in the human brain tissue. Based on the image, what is the most likely amyloid beta morphology pattern? negative', 'IHC stained light micrograph of extracellular amyloid-beta deposition in the human brain tissue. Based on the image, what is the most likely amyloid beta morphology pattern? none of the above']",5eecb2b3-2f94-4eac-b354-04c21a092679,cored plaque,2,"{'pred': [2], 'probs': [[0.1141761764883995, 0.13679911196231842, 0.40456125140190125, 0.14233380556106567, 0.20212973654270172]], 'pred_prompt': ['IHC stained light micrograph of extracellular amyloid-beta deposition in the human brain tissue. Based on the image, what is the most likely amyloid beta morphology pattern? cored plaque']}",0.5026999711990356,pathology,neuropathology,light microscopy,brightfield microscopy,
classification,"['IHC stained light micrograph of extracellular amyloid-beta deposition in the human brain tissue. Based on the image, what is the most likely amyloid beta morphology pattern? Caa', 'IHC stained light micrograph of extracellular amyloid-beta deposition in the human brain tissue. Based on the image, what is the most likely amyloid beta morphology pattern? Negative', 'IHC stained light micrograph of extracellular amyloid-beta deposition in the human brain tissue. Based on the image, what is the most likely amyloid beta morphology pattern? Diffuse', 'IHC stained light micrograph of extracellular amyloid-beta deposition in the human brain tissue. Based on the image, what is the most likely amyloid beta morphology pattern? Cored', 'IHC stained light micrograph of extracellular amyloid-beta deposition in the human brain tissue. Based on the image, what is the most likely amyloid beta morphology pattern? none of the above']",191d40cd-1670-49a2-a1f1-92dc2eb7e1ba,Diffuse,2,"{'pred': [4], 'probs': [[0.09539046138525009, 0.21406719088554382, 0.220460906624794, 0.2174789011478424, 0.25260254740715027]], 'pred_prompt': ['IHC stained light micrograph of extracellular amyloid-beta deposition in the human brain tissue. Based on the image, what is the most likely amyloid beta morphology pattern? none of the above']}",0.5026999711990356,pathology,neuropathology,light microscopy,brightfield microscopy,
classification,"['IHC stained light micrograph of extracellular amyloid-beta deposition in the human brain tissue. Based on the image, what is the most likely amyloid beta morphology pattern? Caa', 'IHC stained light micrograph of extracellular amyloid-beta deposition in the human brain tissue. Based on the image, what is the most likely amyloid beta morphology pattern? Diffuse', 'IHC stained light micrograph of extracellular amyloid-beta deposition in the human brain tissue. Based on the image, what is the most likely amyloid beta morphology pattern? Negative', 'IHC stained light micrograph of extracellular amyloid-beta deposition in the human brain tissue. Based on the image, what is the most likely amyloid beta morphology pattern? Cored', 'IHC stained light micrograph of extracellular amyloid-beta deposition in the human brain tissue. Based on the image, what is the most likely amyloid beta morphology pattern? none of the above']",313ce239-c11f-4378-a35a-8f2fa7e4f479,Cored,3,"{'pred': [3], 'probs': [[0.10069233179092407, 0.21876665949821472, 0.08565881848335266, 0.4602740705013275, 0.13460814952850342]], 'pred_prompt': ['IHC stained light micrograph of extracellular amyloid-beta deposition in the human brain tissue. Based on the image, what is the most likely amyloid beta morphology pattern? Cored']}",0.5026999711990356,pathology,neuropathology,light microscopy,brightfield microscopy,
classification,"['IHC stained light micrograph of extracellular amyloid-beta deposition in the human brain tissue. Based on the image, what is the most likely amyloid beta morphology pattern? diffuse plaque', 'IHC stained light micrograph of extracellular amyloid-beta deposition in the human brain tissue. Based on the image, what is the most likely amyloid beta morphology pattern? cored plaque', 'IHC stained light micrograph of extracellular amyloid-beta deposition in the human brain tissue. Based on the image, what is the most likely amyloid beta morphology pattern? negative', 'IHC stained light micrograph of extracellular amyloid-beta deposition in the human brain tissue. Based on the image, what is the most likely amyloid beta morphology pattern? cerebral amyloid angiopathy', 'IHC stained light micrograph of extracellular amyloid-beta deposition in the human brain tissue. Based on the image, what is the most likely amyloid beta morphology pattern? none of the above']",1b250d16-66b3-42e9-a4ef-42b620897530,diffuse plaque,0,"{'pred': [0], 'probs': [[0.36905208230018616, 0.28100648522377014, 0.10603450238704681, 0.09797913581132889, 0.1459277868270874]], 'pred_prompt': ['IHC stained light micrograph of extracellular amyloid-beta deposition in the human brain tissue. Based on the image, what is the most likely amyloid beta morphology pattern? diffuse plaque']}",0.5026999711990356,pathology,neuropathology,light microscopy,brightfield microscopy,
classification,"['IHC stained light micrograph of extracellular amyloid-beta deposition in the human brain tissue. Based on the image, what is the most likely amyloid beta morphology pattern? cerebral amyloid angiopathy', 'IHC stained light micrograph of extracellular amyloid-beta deposition in the human brain tissue. Based on the image, what is the most likely amyloid beta morphology pattern? cored plaque', 'IHC stained light micrograph of extracellular amyloid-beta deposition in the human brain tissue. Based on the image, what is the most likely amyloid beta morphology pattern? diffuse plaque', 'IHC stained light micrograph of extracellular amyloid-beta deposition in the human brain tissue. Based on the image, what is the most likely amyloid beta morphology pattern? negative', 'IHC stained light micrograph of extracellular amyloid-beta deposition in the human brain tissue. Based on the image, what is the most likely amyloid beta morphology pattern? none of the above']",a34175de-31a7-4177-bc4a-2278dbd566ec,diffuse plaque,2,"{'pred': [1], 'probs': [[0.07702737301588058, 0.38083940744400024, 0.33993202447891235, 0.09023981541395187, 0.11196134984493256]], 'pred_prompt': ['IHC stained light micrograph of extracellular amyloid-beta deposition in the human brain tissue. Based on the image, what is the most likely amyloid beta morphology pattern? cored plaque']}",0.5026999711990356,pathology,neuropathology,light microscopy,brightfield microscopy,
classification,"['IHC stained light micrograph of extracellular amyloid-beta deposition in the human brain tissue. Based on the image, what is the most likely amyloid beta morphology pattern? negative', 'IHC stained light micrograph of extracellular amyloid-beta deposition in the human brain tissue. Based on the image, what is the most likely amyloid beta morphology pattern? cerebral amyloid angiopathy', 'IHC stained light micrograph of extracellular amyloid-beta deposition in the human brain tissue. Based on the image, what is the most likely amyloid beta morphology pattern? cored plaque', 'IHC stained light micrograph of extracellular amyloid-beta deposition in the human brain tissue. Based on the image, what is the most likely amyloid beta morphology pattern? diffuse plaque', 'IHC stained light micrograph of extracellular amyloid-beta deposition in the human brain tissue. Based on the image, what is the most likely amyloid beta morphology pattern? none of the above']",698f9a28-0e7c-458e-80a4-83e1e561937f,negative,0,"{'pred': [4], 'probs': [[0.19972217082977295, 0.11224488914012909, 0.23752637207508087, 0.21296843886375427, 0.237538143992424]], 'pred_prompt': ['IHC stained light micrograph of extracellular amyloid-beta deposition in the human brain tissue. Based on the image, what is the most likely amyloid beta morphology pattern? none of the above']}",0.5026999711990356,pathology,neuropathology,light microscopy,brightfield microscopy,
classification,"['IHC stained light micrograph of extracellular amyloid-beta deposition in the human brain tissue. Based on the image, what is the most likely amyloid beta morphology pattern? Negative', 'IHC stained light micrograph of extracellular amyloid-beta deposition in the human brain tissue. Based on the image, what is the most likely amyloid beta morphology pattern? Caa', 'IHC stained light micrograph of extracellular amyloid-beta deposition in the human brain tissue. Based on the image, what is the most likely amyloid beta morphology pattern? Cored', 'IHC stained light micrograph of extracellular amyloid-beta deposition in the human brain tissue. Based on the image, what is the most likely amyloid beta morphology pattern? Diffuse', 'IHC stained light micrograph of extracellular amyloid-beta deposition in the human brain tissue. Based on the image, what is the most likely amyloid beta morphology pattern? none of the above']",e9e0cd86-0a5b-44f7-976c-79d5496c0101,Diffuse,3,"{'pred': [2], 'probs': [[0.1284666210412979, 0.18675105273723602, 0.38023674488067627, 0.13268420100212097, 0.1718614250421524]], 'pred_prompt': ['IHC stained light micrograph of extracellular amyloid-beta deposition in the human brain tissue. Based on the image, what is the most likely amyloid beta morphology pattern? Cored']}",0.5026999711990356,pathology,neuropathology,light microscopy,brightfield microscopy,
classification,"['IHC stained light micrograph of extracellular amyloid-beta deposition in the human brain tissue. Based on the image, what is the most likely amyloid beta morphology pattern? cerebral amyloid angiopathy', 'IHC stained light micrograph of extracellular amyloid-beta deposition in the human brain tissue. Based on the image, what is the most likely amyloid beta morphology pattern? negative', 'IHC stained light micrograph of extracellular amyloid-beta deposition in the human brain tissue. Based on the image, what is the most likely amyloid beta morphology pattern? diffuse plaque', 'IHC stained light micrograph of extracellular amyloid-beta deposition in the human brain tissue. Based on the image, what is the most likely amyloid beta morphology pattern? cored plaque', 'IHC stained light micrograph of extracellular amyloid-beta deposition in the human brain tissue. Based on the image, what is the most likely amyloid beta morphology pattern? none of the above']",d1f1ebe4-4772-4d90-997a-ba530cea6faa,diffuse plaque,2,"{'pred': [2], 'probs': [[0.08406589925289154, 0.07361561059951782, 0.38923612236976624, 0.31480804085731506, 0.13827434182167053]], 'pred_prompt': ['IHC stained light micrograph of extracellular amyloid-beta deposition in the human brain tissue. Based on the image, what is the most likely amyloid beta morphology pattern? diffuse plaque']}",0.5026999711990356,pathology,neuropathology,light microscopy,brightfield microscopy,
classification,"['IHC stained light micrograph of extracellular amyloid-beta deposition in the human brain tissue. Based on the image, what is the most likely amyloid beta morphology pattern? Caa', 'IHC stained light micrograph of extracellular amyloid-beta deposition in the human brain tissue. Based on the image, what is the most likely amyloid beta morphology pattern? Diffuse', 'IHC stained light micrograph of extracellular amyloid-beta deposition in the human brain tissue. Based on the image, what is the most likely amyloid beta morphology pattern? Negative', 'IHC stained light micrograph of extracellular amyloid-beta deposition in the human brain tissue. Based on the image, what is the most likely amyloid beta morphology pattern? Cored', 'IHC stained light micrograph of extracellular amyloid-beta deposition in the human brain tissue. Based on the image, what is the most likely amyloid beta morphology pattern? none of the above']",a45aef0e-b34a-434e-8f43-5110a863191e,Negative,2,"{'pred': [4], 'probs': [[0.018587080761790276, 0.17380844056606293, 0.16499853134155273, 0.15719394385814667, 0.48541203141212463]], 'pred_prompt': ['IHC stained light micrograph of extracellular amyloid-beta deposition in the human brain tissue. Based on the image, what is the most likely amyloid beta morphology pattern? none of the above']}",0.5026999711990356,pathology,neuropathology,light microscopy,brightfield microscopy,
classification,"['IHC stained light micrograph of extracellular amyloid-beta deposition in the human brain tissue. Based on the image, what is the most likely amyloid beta morphology pattern? Caa', 'IHC stained light micrograph of extracellular amyloid-beta deposition in the human brain tissue. Based on the image, what is the most likely amyloid beta morphology pattern? Negative', 'IHC stained light micrograph of extracellular amyloid-beta deposition in the human brain tissue. Based on the image, what is the most likely amyloid beta morphology pattern? Diffuse', 'IHC stained light micrograph of extracellular amyloid-beta deposition in the human brain tissue. Based on the image, what is the most likely amyloid beta morphology pattern? Cored', 'IHC stained light micrograph of extracellular amyloid-beta deposition in the human brain tissue. Based on the image, what is the most likely amyloid beta morphology pattern? none of the above']",9e1991a8-c40e-4a25-ab5c-235360a2fdd4,Diffuse,2,"{'pred': [3], 'probs': [[0.059540070593357086, 0.11325561255216599, 0.12302787601947784, 0.5334799289703369, 0.17069655656814575]], 'pred_prompt': ['IHC stained light micrograph of extracellular amyloid-beta deposition in the human brain tissue. Based on the image, what is the most likely amyloid beta morphology pattern? Cored']}",0.5026999711990356,pathology,neuropathology,light microscopy,brightfield microscopy,
classification,"['IHC stained light micrograph of extracellular amyloid-beta deposition in the human brain tissue. Based on the image, what is the most likely amyloid beta morphology pattern? negative', 'IHC stained light micrograph of extracellular amyloid-beta deposition in the human brain tissue. Based on the image, what is the most likely amyloid beta morphology pattern? cerebral amyloid angiopathy', 'IHC stained light micrograph of extracellular amyloid-beta deposition in the human brain tissue. Based on the image, what is the most likely amyloid beta morphology pattern? diffuse plaque', 'IHC stained light micrograph of extracellular amyloid-beta deposition in the human brain tissue. Based on the image, what is the most likely amyloid beta morphology pattern? cored plaque', 'IHC stained light micrograph of extracellular amyloid-beta deposition in the human brain tissue. Based on the image, what is the most likely amyloid beta morphology pattern? none of the above']",017edc20-9c58-4737-804c-b418b3fe05be,diffuse plaque,2,"{'pred': [2], 'probs': [[0.1713823527097702, 0.1002853736281395, 0.2818361818790436, 0.18311049044132233, 0.263385534286499]], 'pred_prompt': ['IHC stained light micrograph of extracellular amyloid-beta deposition in the human brain tissue. Based on the image, what is the most likely amyloid beta morphology pattern? diffuse plaque']}",0.5026999711990356,pathology,neuropathology,light microscopy,brightfield microscopy,
classification,"['IHC stained light micrograph of extracellular amyloid-beta deposition in the human brain tissue. Based on the image, what is the most likely amyloid beta morphology pattern? Negative', 'IHC stained light micrograph of extracellular amyloid-beta deposition in the human brain tissue. Based on the image, what is the most likely amyloid beta morphology pattern? Diffuse', 'IHC stained light micrograph of extracellular amyloid-beta deposition in the human brain tissue. Based on the image, what is the most likely amyloid beta morphology pattern? Cored', 'IHC stained light micrograph of extracellular amyloid-beta deposition in the human brain tissue. Based on the image, what is the most likely amyloid beta morphology pattern? Caa', 'IHC stained light micrograph of extracellular amyloid-beta deposition in the human brain tissue. Based on the image, what is the most likely amyloid beta morphology pattern? none of the above']",25ca91a4-8541-47c9-8a90-ccca5b05fa6f,Negative,0,"{'pred': [2], 'probs': [[0.12654311954975128, 0.09741003811359406, 0.5447664260864258, 0.1192869246006012, 0.1119934469461441]], 'pred_prompt': ['IHC stained light micrograph of extracellular amyloid-beta deposition in the human brain tissue. Based on the image, what is the most likely amyloid beta morphology pattern? Cored']}",0.5026999711990356,pathology,neuropathology,light microscopy,brightfield microscopy,
classification,"['IHC stained light micrograph of extracellular amyloid-beta deposition in the human brain tissue. Based on the image, what is the most likely amyloid beta morphology pattern? cerebral amyloid angiopathy', 'IHC stained light micrograph of extracellular amyloid-beta deposition in the human brain tissue. Based on the image, what is the most likely amyloid beta morphology pattern? cored plaque', 'IHC stained light micrograph of extracellular amyloid-beta deposition in the human brain tissue. Based on the image, what is the most likely amyloid beta morphology pattern? negative', 'IHC stained light micrograph of extracellular amyloid-beta deposition in the human brain tissue. Based on the image, what is the most likely amyloid beta morphology pattern? diffuse plaque', 'IHC stained light micrograph of extracellular amyloid-beta deposition in the human brain tissue. Based on the image, what is the most likely amyloid beta morphology pattern? none of the above']",96067d5b-f58a-4b55-b464-f4360cff3860,negative,2,"{'pred': [1], 'probs': [[0.1307353675365448, 0.31664353609085083, 0.1997419148683548, 0.08032218366861343, 0.27255696058273315]], 'pred_prompt': ['IHC stained light micrograph of extracellular amyloid-beta deposition in the human brain tissue. Based on the image, what is the most likely amyloid beta morphology pattern? cored plaque']}",0.5026999711990356,pathology,neuropathology,light microscopy,brightfield microscopy,
classification,"['IHC stained light micrograph of extracellular amyloid-beta deposition in the human brain tissue. Based on the image, what is the most likely amyloid beta morphology pattern? cored plaque', 'IHC stained light micrograph of extracellular amyloid-beta deposition in the human brain tissue. Based on the image, what is the most likely amyloid beta morphology pattern? negative', 'IHC stained light micrograph of extracellular amyloid-beta deposition in the human brain tissue. Based on the image, what is the most likely amyloid beta morphology pattern? diffuse plaque', 'IHC stained light micrograph of extracellular amyloid-beta deposition in the human brain tissue. Based on the image, what is the most likely amyloid beta morphology pattern? cerebral amyloid angiopathy', 'IHC stained light micrograph of extracellular amyloid-beta deposition in the human brain tissue. Based on the image, what is the most likely amyloid beta morphology pattern? none of the above']",d5aa29a2-2a58-414e-b5f0-3e27d9780fe4,cored plaque,0,"{'pred': [4], 'probs': [[0.15744531154632568, 0.22696785628795624, 0.16522422432899475, 0.11162499338388443, 0.3387375771999359]], 'pred_prompt': ['IHC stained light micrograph of extracellular amyloid-beta deposition in the human brain tissue. Based on the image, what is the most likely amyloid beta morphology pattern? none of the above']}",0.5026999711990356,pathology,neuropathology,light microscopy,brightfield microscopy,
classification,"['IHC stained light micrograph of extracellular amyloid-beta deposition in the human brain tissue. Based on the image, what is the most likely amyloid beta morphology pattern? Negative', 'IHC stained light micrograph of extracellular amyloid-beta deposition in the human brain tissue. Based on the image, what is the most likely amyloid beta morphology pattern? Caa', 'IHC stained light micrograph of extracellular amyloid-beta deposition in the human brain tissue. Based on the image, what is the most likely amyloid beta morphology pattern? Cored', 'IHC stained light micrograph of extracellular amyloid-beta deposition in the human brain tissue. Based on the image, what is the most likely amyloid beta morphology pattern? Diffuse', 'IHC stained light micrograph of extracellular amyloid-beta deposition in the human brain tissue. Based on the image, what is the most likely amyloid beta morphology pattern? none of the above']",f2dcce86-ee47-4356-8ab0-567c672b355f,Cored,2,"{'pred': [2], 'probs': [[0.056551892310380936, 0.1888999044895172, 0.4770112931728363, 0.17275018990039825, 0.10478667914867401]], 'pred_prompt': ['IHC stained light micrograph of extracellular amyloid-beta deposition in the human brain tissue. Based on the image, what is the most likely amyloid beta morphology pattern? Cored']}",0.5026999711990356,pathology,neuropathology,light microscopy,brightfield microscopy,
classification,"['IHC stained light micrograph of extracellular amyloid-beta deposition in the human brain tissue. Based on the image, what is the most likely amyloid beta morphology pattern? Caa', 'IHC stained light micrograph of extracellular amyloid-beta deposition in the human brain tissue. Based on the image, what is the most likely amyloid beta morphology pattern? Diffuse', 'IHC stained light micrograph of extracellular amyloid-beta deposition in the human brain tissue. Based on the image, what is the most likely amyloid beta morphology pattern? Negative', 'IHC stained light micrograph of extracellular amyloid-beta deposition in the human brain tissue. Based on the image, what is the most likely amyloid beta morphology pattern? Cored', 'IHC stained light micrograph of extracellular amyloid-beta deposition in the human brain tissue. Based on the image, what is the most likely amyloid beta morphology pattern? none of the above']",f156a4a6-5f0e-4b84-a11b-3a3f211f9657,Negative,2,"{'pred': [3], 'probs': [[0.09141873568296432, 0.2872310280799866, 0.11112377047538757, 0.36058464646339417, 0.14964181184768677]], 'pred_prompt': ['IHC stained light micrograph of extracellular amyloid-beta deposition in the human brain tissue. Based on the image, what is the most likely amyloid beta morphology pattern? Cored']}",0.5026999711990356,pathology,neuropathology,light microscopy,brightfield microscopy,
classification,"['IHC stained light micrograph of extracellular amyloid-beta deposition in the human brain tissue. Based on the image, what is the most likely amyloid beta morphology pattern? Caa', 'IHC stained light micrograph of extracellular amyloid-beta deposition in the human brain tissue. Based on the image, what is the most likely amyloid beta morphology pattern? Negative', 'IHC stained light micrograph of extracellular amyloid-beta deposition in the human brain tissue. Based on the image, what is the most likely amyloid beta morphology pattern? Cored', 'IHC stained light micrograph of extracellular amyloid-beta deposition in the human brain tissue. Based on the image, what is the most likely amyloid beta morphology pattern? Diffuse', 'IHC stained light micrograph of extracellular amyloid-beta deposition in the human brain tissue. Based on the image, what is the most likely amyloid beta morphology pattern? none of the above']",ee0e14bf-cc19-4cfd-97ec-482ff603a7f4,Cored,2,"{'pred': [2], 'probs': [[0.12181411683559418, 0.07892139256000519, 0.5554956197738647, 0.12052313983440399, 0.12324579060077667]], 'pred_prompt': ['IHC stained light micrograph of extracellular amyloid-beta deposition in the human brain tissue. Based on the image, what is the most likely amyloid beta morphology pattern? Cored']}",0.5026999711990356,pathology,neuropathology,light microscopy,brightfield microscopy,
classification,"['IHC stained light micrograph of extracellular amyloid-beta deposition in the human brain tissue. Based on the image, what is the most likely amyloid beta morphology pattern? Diffuse', 'IHC stained light micrograph of extracellular amyloid-beta deposition in the human brain tissue. Based on the image, what is the most likely amyloid beta morphology pattern? Cored', 'IHC stained light micrograph of extracellular amyloid-beta deposition in the human brain tissue. Based on the image, what is the most likely amyloid beta morphology pattern? Caa', 'IHC stained light micrograph of extracellular amyloid-beta deposition in the human brain tissue. Based on the image, what is the most likely amyloid beta morphology pattern? Negative', 'IHC stained light micrograph of extracellular amyloid-beta deposition in the human brain tissue. Based on the image, what is the most likely amyloid beta morphology pattern? none of the above']",e11e15a6-ec51-471b-831a-95f4b90a3888,Negative,3,"{'pred': [0], 'probs': [[0.3987109363079071, 0.3716040253639221, 0.06738791614770889, 0.05710287392139435, 0.10519425570964813]], 'pred_prompt': ['IHC stained light micrograph of extracellular amyloid-beta deposition in the human brain tissue. Based on the image, what is the most likely amyloid beta morphology pattern? Diffuse']}",0.5026999711990356,pathology,neuropathology,light microscopy,brightfield microscopy,
classification,"['IHC stained light micrograph of extracellular amyloid-beta deposition in the human brain tissue. Based on the image, what is the most likely amyloid beta morphology pattern? Negative', 'IHC stained light micrograph of extracellular amyloid-beta deposition in the human brain tissue. Based on the image, what is the most likely amyloid beta morphology pattern? Caa', 'IHC stained light micrograph of extracellular amyloid-beta deposition in the human brain tissue. Based on the image, what is the most likely amyloid beta morphology pattern? Cored', 'IHC stained light micrograph of extracellular amyloid-beta deposition in the human brain tissue. Based on the image, what is the most likely amyloid beta morphology pattern? Diffuse', 'IHC stained light micrograph of extracellular amyloid-beta deposition in the human brain tissue. Based on the image, what is the most likely amyloid beta morphology pattern? none of the above']",fcc47262-c885-4c70-a772-f1f987db0a30,Caa,1,"{'pred': [4], 'probs': [[0.15021689236164093, 0.19128058850765228, 0.22939445078372955, 0.13051195442676544, 0.2985961437225342]], 'pred_prompt': ['IHC stained light micrograph of extracellular amyloid-beta deposition in the human brain tissue. Based on the image, what is the most likely amyloid beta morphology pattern? none of the above']}",0.5026999711990356,pathology,neuropathology,light microscopy,brightfield microscopy,
classification,"['IHC stained light micrograph of extracellular amyloid-beta deposition in the human brain tissue. Based on the image, what is the most likely amyloid beta morphology pattern? Caa', 'IHC stained light micrograph of extracellular amyloid-beta deposition in the human brain tissue. Based on the image, what is the most likely amyloid beta morphology pattern? Negative', 'IHC stained light micrograph of extracellular amyloid-beta deposition in the human brain tissue. Based on the image, what is the most likely amyloid beta morphology pattern? Diffuse', 'IHC stained light micrograph of extracellular amyloid-beta deposition in the human brain tissue. Based on the image, what is the most likely amyloid beta morphology pattern? Cored', 'IHC stained light micrograph of extracellular amyloid-beta deposition in the human brain tissue. Based on the image, what is the most likely amyloid beta morphology pattern? none of the above']",58db2ffe-b37e-4a82-b1e6-69f53b82ec81,Cored,3,"{'pred': [3], 'probs': [[0.06731699407100677, 0.06614629924297333, 0.09048613905906677, 0.6532784104347229, 0.12277218699455261]], 'pred_prompt': ['IHC stained light micrograph of extracellular amyloid-beta deposition in the human brain tissue. Based on the image, what is the most likely amyloid beta morphology pattern? Cored']}",0.5026999711990356,pathology,neuropathology,light microscopy,brightfield microscopy,
classification,"['IHC stained light micrograph of extracellular amyloid-beta deposition in the human brain tissue. Based on the image, what is the most likely amyloid beta morphology pattern? Caa', 'IHC stained light micrograph of extracellular amyloid-beta deposition in the human brain tissue. Based on the image, what is the most likely amyloid beta morphology pattern? Diffuse', 'IHC stained light micrograph of extracellular amyloid-beta deposition in the human brain tissue. Based on the image, what is the most likely amyloid beta morphology pattern? Cored', 'IHC stained light micrograph of extracellular amyloid-beta deposition in the human brain tissue. Based on the image, what is the most likely amyloid beta morphology pattern? Negative', 'IHC stained light micrograph of extracellular amyloid-beta deposition in the human brain tissue. Based on the image, what is the most likely amyloid beta morphology pattern? none of the above']",eacd996a-83c9-4fa8-82f7-14394c1e74ac,Diffuse,1,"{'pred': [2], 'probs': [[0.05597401037812233, 0.28073886036872864, 0.3312230408191681, 0.11233500391244888, 0.21972911059856415]], 'pred_prompt': ['IHC stained light micrograph of extracellular amyloid-beta deposition in the human brain tissue. Based on the image, what is the most likely amyloid beta morphology pattern? Cored']}",0.5026999711990356,pathology,neuropathology,light microscopy,brightfield microscopy,
classification,"['IHC stained light micrograph of extracellular amyloid-beta deposition in the human brain tissue. Based on the image, what is the most likely amyloid beta morphology pattern? Diffuse', 'IHC stained light micrograph of extracellular amyloid-beta deposition in the human brain tissue. Based on the image, what is the most likely amyloid beta morphology pattern? Cored', 'IHC stained light micrograph of extracellular amyloid-beta deposition in the human brain tissue. Based on the image, what is the most likely amyloid beta morphology pattern? Negative', 'IHC stained light micrograph of extracellular amyloid-beta deposition in the human brain tissue. Based on the image, what is the most likely amyloid beta morphology pattern? Caa', 'IHC stained light micrograph of extracellular amyloid-beta deposition in the human brain tissue. Based on the image, what is the most likely amyloid beta morphology pattern? none of the above']",ffe7c5e9-f950-4bff-9b83-7442b162e79c,Caa,3,"{'pred': [3], 'probs': [[0.09198497235774994, 0.2540164589881897, 0.06514579802751541, 0.4488981366157532, 0.13995461165905]], 'pred_prompt': ['IHC stained light micrograph of extracellular amyloid-beta deposition in the human brain tissue. Based on the image, what is the most likely amyloid beta morphology pattern? Caa']}",0.5026999711990356,pathology,neuropathology,light microscopy,brightfield microscopy,
classification,"['IHC stained light micrograph of extracellular amyloid-beta deposition in the human brain tissue. Based on the image, what is the most likely amyloid beta morphology pattern? Caa', 'IHC stained light micrograph of extracellular amyloid-beta deposition in the human brain tissue. Based on the image, what is the most likely amyloid beta morphology pattern? Cored', 'IHC stained light micrograph of extracellular amyloid-beta deposition in the human brain tissue. Based on the image, what is the most likely amyloid beta morphology pattern? Diffuse', 'IHC stained light micrograph of extracellular amyloid-beta deposition in the human brain tissue. Based on the image, what is the most likely amyloid beta morphology pattern? Negative', 'IHC stained light micrograph of extracellular amyloid-beta deposition in the human brain tissue. Based on the image, what is the most likely amyloid beta morphology pattern? none of the above']",27ea4419-3d01-46fd-9485-7eab6b879601,Negative,3,"{'pred': [1], 'probs': [[0.029779959470033646, 0.5116978883743286, 0.13781200349330902, 0.12187736481428146, 0.19883273541927338]], 'pred_prompt': ['IHC stained light micrograph of extracellular amyloid-beta deposition in the human brain tissue. Based on the image, what is the most likely amyloid beta morphology pattern? Cored']}",0.5026999711990356,pathology,neuropathology,light microscopy,brightfield microscopy,
classification,"['IHC stained light micrograph of extracellular amyloid-beta deposition in the human brain tissue. Based on the image, what is the most likely amyloid beta morphology pattern? Cored', 'IHC stained light micrograph of extracellular amyloid-beta deposition in the human brain tissue. Based on the image, what is the most likely amyloid beta morphology pattern? Diffuse', 'IHC stained light micrograph of extracellular amyloid-beta deposition in the human brain tissue. Based on the image, what is the most likely amyloid beta morphology pattern? Negative', 'IHC stained light micrograph of extracellular amyloid-beta deposition in the human brain tissue. Based on the image, what is the most likely amyloid beta morphology pattern? Caa', 'IHC stained light micrograph of extracellular amyloid-beta deposition in the human brain tissue. Based on the image, what is the most likely amyloid beta morphology pattern? none of the above']",86d37bad-69d7-439a-9a65-78690ccb2795,Diffuse,1,"{'pred': [0], 'probs': [[0.6366891860961914, 0.13476750254631042, 0.0817297026515007, 0.03515727445483208, 0.1116563081741333]], 'pred_prompt': ['IHC stained light micrograph of extracellular amyloid-beta deposition in the human brain tissue. Based on the image, what is the most likely amyloid beta morphology pattern? Cored']}",0.5026999711990356,pathology,neuropathology,light microscopy,brightfield microscopy,
classification,"['IHC stained light micrograph of extracellular amyloid-beta deposition in the human brain tissue. Based on the image, what is the most likely amyloid beta morphology pattern? diffuse plaque', 'IHC stained light micrograph of extracellular amyloid-beta deposition in the human brain tissue. Based on the image, what is the most likely amyloid beta morphology pattern? cerebral amyloid angiopathy', 'IHC stained light micrograph of extracellular amyloid-beta deposition in the human brain tissue. Based on the image, what is the most likely amyloid beta morphology pattern? negative', 'IHC stained light micrograph of extracellular amyloid-beta deposition in the human brain tissue. Based on the image, what is the most likely amyloid beta morphology pattern? cored plaque', 'IHC stained light micrograph of extracellular amyloid-beta deposition in the human brain tissue. Based on the image, what is the most likely amyloid beta morphology pattern? none of the above']",ca57f28d-d4a3-4a29-a96b-075c3707c854,diffuse plaque,0,"{'pred': [3], 'probs': [[0.23697565495967865, 0.08457882702350616, 0.11649048328399658, 0.4025959074497223, 0.1593591272830963]], 'pred_prompt': ['IHC stained light micrograph of extracellular amyloid-beta deposition in the human brain tissue. Based on the image, what is the most likely amyloid beta morphology pattern? cored plaque']}",0.5026999711990356,pathology,neuropathology,light microscopy,brightfield microscopy,
classification,"['IHC stained light micrograph of extracellular amyloid-beta deposition in the human brain tissue. Based on the image, what is the most likely amyloid beta morphology pattern? Caa', 'IHC stained light micrograph of extracellular amyloid-beta deposition in the human brain tissue. Based on the image, what is the most likely amyloid beta morphology pattern? Negative', 'IHC stained light micrograph of extracellular amyloid-beta deposition in the human brain tissue. Based on the image, what is the most likely amyloid beta morphology pattern? Diffuse', 'IHC stained light micrograph of extracellular amyloid-beta deposition in the human brain tissue. Based on the image, what is the most likely amyloid beta morphology pattern? Cored', 'IHC stained light micrograph of extracellular amyloid-beta deposition in the human brain tissue. Based on the image, what is the most likely amyloid beta morphology pattern? none of the above']",e0f58cde-bc03-4cc7-b166-132196a09c0b,Negative,1,"{'pred': [3], 'probs': [[0.07531461864709854, 0.12700796127319336, 0.29802969098091125, 0.35631677508354187, 0.14333099126815796]], 'pred_prompt': ['IHC stained light micrograph of extracellular amyloid-beta deposition in the human brain tissue. Based on the image, what is the most likely amyloid beta morphology pattern? Cored']}",0.5026999711990356,pathology,neuropathology,light microscopy,brightfield microscopy,
classification,"['IHC stained light micrograph of extracellular amyloid-beta deposition in the human brain tissue. Based on the image, what is the most likely amyloid beta morphology pattern? Diffuse', 'IHC stained light micrograph of extracellular amyloid-beta deposition in the human brain tissue. Based on the image, what is the most likely amyloid beta morphology pattern? Negative', 'IHC stained light micrograph of extracellular amyloid-beta deposition in the human brain tissue. Based on the image, what is the most likely amyloid beta morphology pattern? Caa', 'IHC stained light micrograph of extracellular amyloid-beta deposition in the human brain tissue. Based on the image, what is the most likely amyloid beta morphology pattern? Cored', 'IHC stained light micrograph of extracellular amyloid-beta deposition in the human brain tissue. Based on the image, what is the most likely amyloid beta morphology pattern? none of the above']",999104eb-accd-4584-b418-b4eb1f6542ec,Caa,2,"{'pred': [2], 'probs': [[0.06159861758351326, 0.15934434533119202, 0.30097496509552, 0.25556960701942444, 0.22251248359680176]], 'pred_prompt': ['IHC stained light micrograph of extracellular amyloid-beta deposition in the human brain tissue. Based on the image, what is the most likely amyloid beta morphology pattern? Caa']}",0.5026999711990356,pathology,neuropathology,light microscopy,brightfield microscopy,
classification,"['IHC stained light micrograph of extracellular amyloid-beta deposition in the human brain tissue. Based on the image, what is the most likely amyloid beta morphology pattern? Negative', 'IHC stained light micrograph of extracellular amyloid-beta deposition in the human brain tissue. Based on the image, what is the most likely amyloid beta morphology pattern? Cored', 'IHC stained light micrograph of extracellular amyloid-beta deposition in the human brain tissue. Based on the image, what is the most likely amyloid beta morphology pattern? Caa', 'IHC stained light micrograph of extracellular amyloid-beta deposition in the human brain tissue. Based on the image, what is the most likely amyloid beta morphology pattern? Diffuse', 'IHC stained light micrograph of extracellular amyloid-beta deposition in the human brain tissue. Based on the image, what is the most likely amyloid beta morphology pattern? none of the above']",cf721832-05ae-4f6c-87c0-84838ec828ee,Caa,2,"{'pred': [1], 'probs': [[0.10603168606758118, 0.5061190724372864, 0.22756339609622955, 0.09164593368768692, 0.06863988935947418]], 'pred_prompt': ['IHC stained light micrograph of extracellular amyloid-beta deposition in the human brain tissue. Based on the image, what is the most likely amyloid beta morphology pattern? Cored']}",0.5026999711990356,pathology,neuropathology,light microscopy,brightfield microscopy,
classification,"['IHC stained light micrograph of extracellular amyloid-beta deposition in the human brain tissue. Based on the image, what is the most likely amyloid beta morphology pattern? Negative', 'IHC stained light micrograph of extracellular amyloid-beta deposition in the human brain tissue. Based on the image, what is the most likely amyloid beta morphology pattern? Diffuse', 'IHC stained light micrograph of extracellular amyloid-beta deposition in the human brain tissue. Based on the image, what is the most likely amyloid beta morphology pattern? Cored', 'IHC stained light micrograph of extracellular amyloid-beta deposition in the human brain tissue. Based on the image, what is the most likely amyloid beta morphology pattern? Caa', 'IHC stained light micrograph of extracellular amyloid-beta deposition in the human brain tissue. Based on the image, what is the most likely amyloid beta morphology pattern? none of the above']",8af65b12-daac-4330-bce5-de4b9904843e,Diffuse,1,"{'pred': [2], 'probs': [[0.07935097813606262, 0.23327621817588806, 0.4509967565536499, 0.10370144993066788, 0.13267463445663452]], 'pred_prompt': ['IHC stained light micrograph of extracellular amyloid-beta deposition in the human brain tissue. Based on the image, what is the most likely amyloid beta morphology pattern? Cored']}",0.5026999711990356,pathology,neuropathology,light microscopy,brightfield microscopy,
classification,"['IHC stained light micrograph of extracellular amyloid-beta deposition in the human brain tissue. Based on the image, what is the most likely amyloid beta morphology pattern? Negative', 'IHC stained light micrograph of extracellular amyloid-beta deposition in the human brain tissue. Based on the image, what is the most likely amyloid beta morphology pattern? Diffuse', 'IHC stained light micrograph of extracellular amyloid-beta deposition in the human brain tissue. Based on the image, what is the most likely amyloid beta morphology pattern? Cored', 'IHC stained light micrograph of extracellular amyloid-beta deposition in the human brain tissue. Based on the image, what is the most likely amyloid beta morphology pattern? Caa', 'IHC stained light micrograph of extracellular amyloid-beta deposition in the human brain tissue. Based on the image, what is the most likely amyloid beta morphology pattern? none of the above']",60309e66-6d14-48d0-bd99-5a90b51ea723,Diffuse,1,"{'pred': [2], 'probs': [[0.09608272463083267, 0.15481247007846832, 0.4588609039783478, 0.12563283741474152, 0.1646110564470291]], 'pred_prompt': ['IHC stained light micrograph of extracellular amyloid-beta deposition in the human brain tissue. Based on the image, what is the most likely amyloid beta morphology pattern? Cored']}",0.5026999711990356,pathology,neuropathology,light microscopy,brightfield microscopy,
classification,"['IHC stained light micrograph of extracellular amyloid-beta deposition in the human brain tissue. Based on the image, what is the most likely amyloid beta morphology pattern? cored plaque', 'IHC stained light micrograph of extracellular amyloid-beta deposition in the human brain tissue. Based on the image, what is the most likely amyloid beta morphology pattern? cerebral amyloid angiopathy', 'IHC stained light micrograph of extracellular amyloid-beta deposition in the human brain tissue. Based on the image, what is the most likely amyloid beta morphology pattern? diffuse plaque', 'IHC stained light micrograph of extracellular amyloid-beta deposition in the human brain tissue. Based on the image, what is the most likely amyloid beta morphology pattern? negative', 'IHC stained light micrograph of extracellular amyloid-beta deposition in the human brain tissue. Based on the image, what is the most likely amyloid beta morphology pattern? none of the above']",c2fb675e-5108-4ba3-95d7-b9a484af5eb7,diffuse plaque,2,"{'pred': [0], 'probs': [[0.3538329005241394, 0.08235335350036621, 0.24232526123523712, 0.1652338206768036, 0.15625475347042084]], 'pred_prompt': ['IHC stained light micrograph of extracellular amyloid-beta deposition in the human brain tissue. Based on the image, what is the most likely amyloid beta morphology pattern? cored plaque']}",0.5026999711990356,pathology,neuropathology,light microscopy,brightfield microscopy,
classification,"['IHC stained light micrograph of extracellular amyloid-beta deposition in the human brain tissue. Based on the image, what is the most likely amyloid beta morphology pattern? Cored', 'IHC stained light micrograph of extracellular amyloid-beta deposition in the human brain tissue. Based on the image, what is the most likely amyloid beta morphology pattern? Caa', 'IHC stained light micrograph of extracellular amyloid-beta deposition in the human brain tissue. Based on the image, what is the most likely amyloid beta morphology pattern? Negative', 'IHC stained light micrograph of extracellular amyloid-beta deposition in the human brain tissue. Based on the image, what is the most likely amyloid beta morphology pattern? Diffuse', 'IHC stained light micrograph of extracellular amyloid-beta deposition in the human brain tissue. Based on the image, what is the most likely amyloid beta morphology pattern? none of the above']",a720c93f-8673-4c74-aa36-b624e07a76be,Cored,0,"{'pred': [0], 'probs': [[0.3451407551765442, 0.10074482858181, 0.15501028299331665, 0.14706341922283173, 0.2520407438278198]], 'pred_prompt': ['IHC stained light micrograph of extracellular amyloid-beta deposition in the human brain tissue. Based on the image, what is the most likely amyloid beta morphology pattern? Cored']}",0.5026999711990356,pathology,neuropathology,light microscopy,brightfield microscopy,
classification,"['IHC stained light micrograph of extracellular amyloid-beta deposition in the human brain tissue. Based on the image, what is the most likely amyloid beta morphology pattern? Cored', 'IHC stained light micrograph of extracellular amyloid-beta deposition in the human brain tissue. Based on the image, what is the most likely amyloid beta morphology pattern? Diffuse', 'IHC stained light micrograph of extracellular amyloid-beta deposition in the human brain tissue. Based on the image, what is the most likely amyloid beta morphology pattern? Negative', 'IHC stained light micrograph of extracellular amyloid-beta deposition in the human brain tissue. Based on the image, what is the most likely amyloid beta morphology pattern? Caa', 'IHC stained light micrograph of extracellular amyloid-beta deposition in the human brain tissue. Based on the image, what is the most likely amyloid beta morphology pattern? none of the above']",9517f2ee-45c6-464c-abe5-404924a14f23,Negative,2,"{'pred': [0], 'probs': [[0.33182984590530396, 0.16596199572086334, 0.2160988450050354, 0.08926276117563248, 0.19684657454490662]], 'pred_prompt': ['IHC stained light micrograph of extracellular amyloid-beta deposition in the human brain tissue. Based on the image, what is the most likely amyloid beta morphology pattern? Cored']}",0.5026999711990356,pathology,neuropathology,light microscopy,brightfield microscopy,
classification,"['IHC stained light micrograph of extracellular amyloid-beta deposition in the human brain tissue. Based on the image, what is the most likely amyloid beta morphology pattern? Cored', 'IHC stained light micrograph of extracellular amyloid-beta deposition in the human brain tissue. Based on the image, what is the most likely amyloid beta morphology pattern? Diffuse', 'IHC stained light micrograph of extracellular amyloid-beta deposition in the human brain tissue. Based on the image, what is the most likely amyloid beta morphology pattern? Caa', 'IHC stained light micrograph of extracellular amyloid-beta deposition in the human brain tissue. Based on the image, what is the most likely amyloid beta morphology pattern? Negative', 'IHC stained light micrograph of extracellular amyloid-beta deposition in the human brain tissue. Based on the image, what is the most likely amyloid beta morphology pattern? none of the above']",152616c8-f841-4c80-83e7-5fe2f73402ba,Negative,3,"{'pred': [0], 'probs': [[0.5760117173194885, 0.1186818778514862, 0.03596758097410202, 0.10302453488111496, 0.16631431877613068]], 'pred_prompt': ['IHC stained light micrograph of extracellular amyloid-beta deposition in the human brain tissue. Based on the image, what is the most likely amyloid beta morphology pattern? Cored']}",0.5026999711990356,pathology,neuropathology,light microscopy,brightfield microscopy,
classification,"['IHC stained light micrograph of extracellular amyloid-beta deposition in the human brain tissue. Based on the image, what is the most likely amyloid beta morphology pattern? cerebral amyloid angiopathy', 'IHC stained light micrograph of extracellular amyloid-beta deposition in the human brain tissue. Based on the image, what is the most likely amyloid beta morphology pattern? cored plaque', 'IHC stained light micrograph of extracellular amyloid-beta deposition in the human brain tissue. Based on the image, what is the most likely amyloid beta morphology pattern? diffuse plaque', 'IHC stained light micrograph of extracellular amyloid-beta deposition in the human brain tissue. Based on the image, what is the most likely amyloid beta morphology pattern? negative', 'IHC stained light micrograph of extracellular amyloid-beta deposition in the human brain tissue. Based on the image, what is the most likely amyloid beta morphology pattern? none of the above']",0f70a636-2d0d-4725-a46e-2b6102d3c649,negative,3,"{'pred': [1], 'probs': [[0.1160077452659607, 0.2580409348011017, 0.2292657196521759, 0.14485666155815125, 0.2518289089202881]], 'pred_prompt': ['IHC stained light micrograph of extracellular amyloid-beta deposition in the human brain tissue. Based on the image, what is the most likely amyloid beta morphology pattern? cored plaque']}",0.5026999711990356,pathology,neuropathology,light microscopy,brightfield microscopy,
classification,"['IHC stained light micrograph of extracellular amyloid-beta deposition in the human brain tissue. Based on the image, what is the most likely amyloid beta morphology pattern? Cored', 'IHC stained light micrograph of extracellular amyloid-beta deposition in the human brain tissue. Based on the image, what is the most likely amyloid beta morphology pattern? Negative', 'IHC stained light micrograph of extracellular amyloid-beta deposition in the human brain tissue. Based on the image, what is the most likely amyloid beta morphology pattern? Caa', 'IHC stained light micrograph of extracellular amyloid-beta deposition in the human brain tissue. Based on the image, what is the most likely amyloid beta morphology pattern? Diffuse', 'IHC stained light micrograph of extracellular amyloid-beta deposition in the human brain tissue. Based on the image, what is the most likely amyloid beta morphology pattern? none of the above']",2cf6fbf7-374a-41e8-b227-c0d764a81820,Cored,0,"{'pred': [0], 'probs': [[0.5460706353187561, 0.14573407173156738, 0.04519231617450714, 0.08067595958709717, 0.18232698738574982]], 'pred_prompt': ['IHC stained light micrograph of extracellular amyloid-beta deposition in the human brain tissue. Based on the image, what is the most likely amyloid beta morphology pattern? Cored']}",0.5026999711990356,pathology,neuropathology,light microscopy,brightfield microscopy,
classification,"['IHC stained light micrograph of extracellular amyloid-beta deposition in the human brain tissue. Based on the image, what is the most likely amyloid beta morphology pattern? Caa', 'IHC stained light micrograph of extracellular amyloid-beta deposition in the human brain tissue. Based on the image, what is the most likely amyloid beta morphology pattern? Cored', 'IHC stained light micrograph of extracellular amyloid-beta deposition in the human brain tissue. Based on the image, what is the most likely amyloid beta morphology pattern? Negative', 'IHC stained light micrograph of extracellular amyloid-beta deposition in the human brain tissue. Based on the image, what is the most likely amyloid beta morphology pattern? Diffuse', 'IHC stained light micrograph of extracellular amyloid-beta deposition in the human brain tissue. Based on the image, what is the most likely amyloid beta morphology pattern? none of the above']",1397784f-d8f4-4931-a41e-7f5c6df27bb9,Caa,0,"{'pred': [1], 'probs': [[0.11613466590642929, 0.35416924953460693, 0.09631721675395966, 0.26177239418029785, 0.17160645127296448]], 'pred_prompt': ['IHC stained light micrograph of extracellular amyloid-beta deposition in the human brain tissue. Based on the image, what is the most likely amyloid beta morphology pattern? Cored']}",0.5026999711990356,pathology,neuropathology,light microscopy,brightfield microscopy,
classification,"['IHC stained light micrograph of extracellular amyloid-beta deposition in the human brain tissue. Based on the image, what is the most likely amyloid beta morphology pattern? Caa', 'IHC stained light micrograph of extracellular amyloid-beta deposition in the human brain tissue. Based on the image, what is the most likely amyloid beta morphology pattern? Negative', 'IHC stained light micrograph of extracellular amyloid-beta deposition in the human brain tissue. Based on the image, what is the most likely amyloid beta morphology pattern? Cored', 'IHC stained light micrograph of extracellular amyloid-beta deposition in the human brain tissue. Based on the image, what is the most likely amyloid beta morphology pattern? Diffuse', 'IHC stained light micrograph of extracellular amyloid-beta deposition in the human brain tissue. Based on the image, what is the most likely amyloid beta morphology pattern? none of the above']",51bba0f7-4d2f-4059-b5bf-06b5c6323c3e,Diffuse,3,"{'pred': [2], 'probs': [[0.0820465162396431, 0.09631332010030746, 0.3680030405521393, 0.3423825204372406, 0.11125459522008896]], 'pred_prompt': ['IHC stained light micrograph of extracellular amyloid-beta deposition in the human brain tissue. Based on the image, what is the most likely amyloid beta morphology pattern? Cored']}",0.5026999711990356,pathology,neuropathology,light microscopy,brightfield microscopy,
classification,"['IHC stained light micrograph of extracellular amyloid-beta deposition in the human brain tissue. Based on the image, what is the most likely amyloid beta morphology pattern? Caa', 'IHC stained light micrograph of extracellular amyloid-beta deposition in the human brain tissue. Based on the image, what is the most likely amyloid beta morphology pattern? Cored', 'IHC stained light micrograph of extracellular amyloid-beta deposition in the human brain tissue. Based on the image, what is the most likely amyloid beta morphology pattern? Negative', 'IHC stained light micrograph of extracellular amyloid-beta deposition in the human brain tissue. Based on the image, what is the most likely amyloid beta morphology pattern? Diffuse', 'IHC stained light micrograph of extracellular amyloid-beta deposition in the human brain tissue. Based on the image, what is the most likely amyloid beta morphology pattern? none of the above']",692b1faf-415e-4292-b3c6-7e65807daec8,Negative,2,"{'pred': [1], 'probs': [[0.0650530532002449, 0.48352479934692383, 0.1735747754573822, 0.10283317416906357, 0.17501422762870789]], 'pred_prompt': ['IHC stained light micrograph of extracellular amyloid-beta deposition in the human brain tissue. Based on the image, what is the most likely amyloid beta morphology pattern? Cored']}",0.5026999711990356,pathology,neuropathology,light microscopy,brightfield microscopy,
classification,"['IHC stained light micrograph of extracellular amyloid-beta deposition in the human brain tissue. Based on the image, what is the most likely amyloid beta morphology pattern? diffuse plaque', 'IHC stained light micrograph of extracellular amyloid-beta deposition in the human brain tissue. Based on the image, what is the most likely amyloid beta morphology pattern? negative', 'IHC stained light micrograph of extracellular amyloid-beta deposition in the human brain tissue. Based on the image, what is the most likely amyloid beta morphology pattern? cerebral amyloid angiopathy', 'IHC stained light micrograph of extracellular amyloid-beta deposition in the human brain tissue. Based on the image, what is the most likely amyloid beta morphology pattern? cored plaque', 'IHC stained light micrograph of extracellular amyloid-beta deposition in the human brain tissue. Based on the image, what is the most likely amyloid beta morphology pattern? none of the above']",a7391f36-df82-4495-af1f-5ddf29806f8d,diffuse plaque,0,"{'pred': [3], 'probs': [[0.20012959837913513, 0.09626822918653488, 0.11300068348646164, 0.4904296100139618, 0.10017188638448715]], 'pred_prompt': ['IHC stained light micrograph of extracellular amyloid-beta deposition in the human brain tissue. Based on the image, what is the most likely amyloid beta morphology pattern? cored plaque']}",0.5026999711990356,pathology,neuropathology,light microscopy,brightfield microscopy,
classification,"['IHC stained light micrograph of extracellular amyloid-beta deposition in the human brain tissue. Based on the image, what is the most likely amyloid beta morphology pattern? diffuse plaque', 'IHC stained light micrograph of extracellular amyloid-beta deposition in the human brain tissue. Based on the image, what is the most likely amyloid beta morphology pattern? cored plaque', 'IHC stained light micrograph of extracellular amyloid-beta deposition in the human brain tissue. Based on the image, what is the most likely amyloid beta morphology pattern? cerebral amyloid angiopathy', 'IHC stained light micrograph of extracellular amyloid-beta deposition in the human brain tissue. Based on the image, what is the most likely amyloid beta morphology pattern? negative', 'IHC stained light micrograph of extracellular amyloid-beta deposition in the human brain tissue. Based on the image, what is the most likely amyloid beta morphology pattern? none of the above']",a5acdf2c-5dfc-4e2d-a8cd-b6e08b6e74cd,negative,3,"{'pred': [0], 'probs': [[0.29798653721809387, 0.22479821741580963, 0.072858065366745, 0.13644066452980042, 0.2679165303707123]], 'pred_prompt': ['IHC stained light micrograph of extracellular amyloid-beta deposition in the human brain tissue. Based on the image, what is the most likely amyloid beta morphology pattern? diffuse plaque']}",0.5026999711990356,pathology,neuropathology,light microscopy,brightfield microscopy,
classification,"['IHC stained light micrograph of extracellular amyloid-beta deposition in the human brain tissue. Based on the image, what is the most likely amyloid beta morphology pattern? cored plaque', 'IHC stained light micrograph of extracellular amyloid-beta deposition in the human brain tissue. Based on the image, what is the most likely amyloid beta morphology pattern? cerebral amyloid angiopathy', 'IHC stained light micrograph of extracellular amyloid-beta deposition in the human brain tissue. Based on the image, what is the most likely amyloid beta morphology pattern? diffuse plaque', 'IHC stained light micrograph of extracellular amyloid-beta deposition in the human brain tissue. Based on the image, what is the most likely amyloid beta morphology pattern? negative', 'IHC stained light micrograph of extracellular amyloid-beta deposition in the human brain tissue. Based on the image, what is the most likely amyloid beta morphology pattern? none of the above']",8a77c4eb-ec50-4c13-84a7-00aaeb5d2c2b,negative,3,"{'pred': [0], 'probs': [[0.27587828040122986, 0.06602615863084793, 0.2732253968715668, 0.17405663430690765, 0.21081353724002838]], 'pred_prompt': ['IHC stained light micrograph of extracellular amyloid-beta deposition in the human brain tissue. Based on the image, what is the most likely amyloid beta morphology pattern? cored plaque']}",0.5026999711990356,pathology,neuropathology,light microscopy,brightfield microscopy,
classification,"['IHC stained light micrograph of extracellular amyloid-beta deposition in the human brain tissue. Based on the image, what is the most likely amyloid beta morphology pattern? Diffuse', 'IHC stained light micrograph of extracellular amyloid-beta deposition in the human brain tissue. Based on the image, what is the most likely amyloid beta morphology pattern? Negative', 'IHC stained light micrograph of extracellular amyloid-beta deposition in the human brain tissue. Based on the image, what is the most likely amyloid beta morphology pattern? Cored', 'IHC stained light micrograph of extracellular amyloid-beta deposition in the human brain tissue. Based on the image, what is the most likely amyloid beta morphology pattern? Caa', 'IHC stained light micrograph of extracellular amyloid-beta deposition in the human brain tissue. Based on the image, what is the most likely amyloid beta morphology pattern? none of the above']",2fd6e27a-a46f-4119-84fc-fab367dfec5a,Diffuse,0,"{'pred': [2], 'probs': [[0.09730002284049988, 0.11001169681549072, 0.4703526496887207, 0.22714509069919586, 0.09519048035144806]], 'pred_prompt': ['IHC stained light micrograph of extracellular amyloid-beta deposition in the human brain tissue. Based on the image, what is the most likely amyloid beta morphology pattern? Cored']}",0.5026999711990356,pathology,neuropathology,light microscopy,brightfield microscopy,
classification,"['IHC stained light micrograph of extracellular amyloid-beta deposition in the human brain tissue. Based on the image, what is the most likely amyloid beta morphology pattern? cored plaque', 'IHC stained light micrograph of extracellular amyloid-beta deposition in the human brain tissue. Based on the image, what is the most likely amyloid beta morphology pattern? negative', 'IHC stained light micrograph of extracellular amyloid-beta deposition in the human brain tissue. Based on the image, what is the most likely amyloid beta morphology pattern? diffuse plaque', 'IHC stained light micrograph of extracellular amyloid-beta deposition in the human brain tissue. Based on the image, what is the most likely amyloid beta morphology pattern? cerebral amyloid angiopathy', 'IHC stained light micrograph of extracellular amyloid-beta deposition in the human brain tissue. Based on the image, what is the most likely amyloid beta morphology pattern? none of the above']",5a367c05-55fb-4e2c-a821-6a24410f91a1,negative,1,"{'pred': [4], 'probs': [[0.10514368116855621, 0.24474723637104034, 0.21669180691242218, 0.08538343012332916, 0.3480338156223297]], 'pred_prompt': ['IHC stained light micrograph of extracellular amyloid-beta deposition in the human brain tissue. Based on the image, what is the most likely amyloid beta morphology pattern? none of the above']}",0.5026999711990356,pathology,neuropathology,light microscopy,brightfield microscopy,
classification,"['IHC stained light micrograph of extracellular amyloid-beta deposition in the human brain tissue. Based on the image, what is the most likely amyloid beta morphology pattern? Diffuse', 'IHC stained light micrograph of extracellular amyloid-beta deposition in the human brain tissue. Based on the image, what is the most likely amyloid beta morphology pattern? Cored', 'IHC stained light micrograph of extracellular amyloid-beta deposition in the human brain tissue. Based on the image, what is the most likely amyloid beta morphology pattern? Caa', 'IHC stained light micrograph of extracellular amyloid-beta deposition in the human brain tissue. Based on the image, what is the most likely amyloid beta morphology pattern? Negative', 'IHC stained light micrograph of extracellular amyloid-beta deposition in the human brain tissue. Based on the image, what is the most likely amyloid beta morphology pattern? none of the above']",c0a0ba40-f718-4f30-86df-4e2f01cdf7b3,Negative,3,"{'pred': [4], 'probs': [[0.21077615022659302, 0.25504112243652344, 0.06300368160009384, 0.16659905016422272, 0.30458006262779236]], 'pred_prompt': ['IHC stained light micrograph of extracellular amyloid-beta deposition in the human brain tissue. Based on the image, what is the most likely amyloid beta morphology pattern? none of the above']}",0.5026999711990356,pathology,neuropathology,light microscopy,brightfield microscopy,
classification,"['IHC stained light micrograph of extracellular amyloid-beta deposition in the human brain tissue. Based on the image, what is the most likely amyloid beta morphology pattern? Diffuse', 'IHC stained light micrograph of extracellular amyloid-beta deposition in the human brain tissue. Based on the image, what is the most likely amyloid beta morphology pattern? Negative', 'IHC stained light micrograph of extracellular amyloid-beta deposition in the human brain tissue. Based on the image, what is the most likely amyloid beta morphology pattern? Caa', 'IHC stained light micrograph of extracellular amyloid-beta deposition in the human brain tissue. Based on the image, what is the most likely amyloid beta morphology pattern? Cored', 'IHC stained light micrograph of extracellular amyloid-beta deposition in the human brain tissue. Based on the image, what is the most likely amyloid beta morphology pattern? none of the above']",f1ca5888-661f-48bc-9f63-92610aabf0b0,Diffuse,0,"{'pred': [3], 'probs': [[0.25988659262657166, 0.11400650441646576, 0.11225911974906921, 0.36724478006362915, 0.14660295844078064]], 'pred_prompt': ['IHC stained light micrograph of extracellular amyloid-beta deposition in the human brain tissue. Based on the image, what is the most likely amyloid beta morphology pattern? Cored']}",0.5026999711990356,pathology,neuropathology,light microscopy,brightfield microscopy,
classification,"['IHC stained light micrograph of extracellular amyloid-beta deposition in the human brain tissue. Based on the image, what is the most likely amyloid beta morphology pattern? Diffuse', 'IHC stained light micrograph of extracellular amyloid-beta deposition in the human brain tissue. Based on the image, what is the most likely amyloid beta morphology pattern? Negative', 'IHC stained light micrograph of extracellular amyloid-beta deposition in the human brain tissue. Based on the image, what is the most likely amyloid beta morphology pattern? Caa', 'IHC stained light micrograph of extracellular amyloid-beta deposition in the human brain tissue. Based on the image, what is the most likely amyloid beta morphology pattern? Cored', 'IHC stained light micrograph of extracellular amyloid-beta deposition in the human brain tissue. Based on the image, what is the most likely amyloid beta morphology pattern? none of the above']",f60efe99-2c3f-4a3f-bc59-66f2d2107568,Cored,3,"{'pred': [3], 'probs': [[0.17098255455493927, 0.08822470158338547, 0.17529521882534027, 0.42763397097587585, 0.13786347210407257]], 'pred_prompt': ['IHC stained light micrograph of extracellular amyloid-beta deposition in the human brain tissue. Based on the image, what is the most likely amyloid beta morphology pattern? Cored']}",0.5026999711990356,pathology,neuropathology,light microscopy,brightfield microscopy,
classification,"['IHC stained light micrograph of extracellular amyloid-beta deposition in the human brain tissue. Based on the image, what is the most likely amyloid beta morphology pattern? diffuse plaque', 'IHC stained light micrograph of extracellular amyloid-beta deposition in the human brain tissue. Based on the image, what is the most likely amyloid beta morphology pattern? negative', 'IHC stained light micrograph of extracellular amyloid-beta deposition in the human brain tissue. Based on the image, what is the most likely amyloid beta morphology pattern? cored plaque', 'IHC stained light micrograph of extracellular amyloid-beta deposition in the human brain tissue. Based on the image, what is the most likely amyloid beta morphology pattern? cerebral amyloid angiopathy', 'IHC stained light micrograph of extracellular amyloid-beta deposition in the human brain tissue. Based on the image, what is the most likely amyloid beta morphology pattern? none of the above']",defc1a6d-f9c9-4aac-87ef-b2800c990e2f,negative,1,"{'pred': [1], 'probs': [[0.17905715107917786, 0.24790018796920776, 0.2221374660730362, 0.1437239646911621, 0.20718130469322205]], 'pred_prompt': ['IHC stained light micrograph of extracellular amyloid-beta deposition in the human brain tissue. Based on the image, what is the most likely amyloid beta morphology pattern? negative']}",0.5026999711990356,pathology,neuropathology,light microscopy,brightfield microscopy,
classification,"['IHC stained light micrograph of extracellular amyloid-beta deposition in the human brain tissue. Based on the image, what is the most likely amyloid beta morphology pattern? negative', 'IHC stained light micrograph of extracellular amyloid-beta deposition in the human brain tissue. Based on the image, what is the most likely amyloid beta morphology pattern? cored plaque', 'IHC stained light micrograph of extracellular amyloid-beta deposition in the human brain tissue. Based on the image, what is the most likely amyloid beta morphology pattern? cerebral amyloid angiopathy', 'IHC stained light micrograph of extracellular amyloid-beta deposition in the human brain tissue. Based on the image, what is the most likely amyloid beta morphology pattern? diffuse plaque', 'IHC stained light micrograph of extracellular amyloid-beta deposition in the human brain tissue. Based on the image, what is the most likely amyloid beta morphology pattern? none of the above']",41deb44c-12e1-433a-8d88-96ce02f75947,negative,0,"{'pred': [1], 'probs': [[0.15888682007789612, 0.3589636981487274, 0.1477230191230774, 0.1401711255311966, 0.1942553073167801]], 'pred_prompt': ['IHC stained light micrograph of extracellular amyloid-beta deposition in the human brain tissue. Based on the image, what is the most likely amyloid beta morphology pattern? cored plaque']}",0.5026999711990356,pathology,neuropathology,light microscopy,brightfield microscopy,
classification,"['IHC stained light micrograph of extracellular amyloid-beta deposition in the human brain tissue. Based on the image, what is the most likely amyloid beta morphology pattern? Caa', 'IHC stained light micrograph of extracellular amyloid-beta deposition in the human brain tissue. Based on the image, what is the most likely amyloid beta morphology pattern? Cored', 'IHC stained light micrograph of extracellular amyloid-beta deposition in the human brain tissue. Based on the image, what is the most likely amyloid beta morphology pattern? Diffuse', 'IHC stained light micrograph of extracellular amyloid-beta deposition in the human brain tissue. Based on the image, what is the most likely amyloid beta morphology pattern? Negative', 'IHC stained light micrograph of extracellular amyloid-beta deposition in the human brain tissue. Based on the image, what is the most likely amyloid beta morphology pattern? none of the above']",a3182a29-a98d-4bef-bb76-1eb82622009f,Diffuse,2,"{'pred': [1], 'probs': [[0.12122712284326553, 0.5336461067199707, 0.11184805631637573, 0.10053186863660812, 0.1327468752861023]], 'pred_prompt': ['IHC stained light micrograph of extracellular amyloid-beta deposition in the human brain tissue. Based on the image, what is the most likely amyloid beta morphology pattern? Cored']}",0.5026999711990356,pathology,neuropathology,light microscopy,brightfield microscopy,
classification,"['IHC stained light micrograph of extracellular amyloid-beta deposition in the human brain tissue. Based on the image, what is the most likely amyloid beta morphology pattern? Caa', 'IHC stained light micrograph of extracellular amyloid-beta deposition in the human brain tissue. Based on the image, what is the most likely amyloid beta morphology pattern? Cored', 'IHC stained light micrograph of extracellular amyloid-beta deposition in the human brain tissue. Based on the image, what is the most likely amyloid beta morphology pattern? Diffuse', 'IHC stained light micrograph of extracellular amyloid-beta deposition in the human brain tissue. Based on the image, what is the most likely amyloid beta morphology pattern? Negative', 'IHC stained light micrograph of extracellular amyloid-beta deposition in the human brain tissue. Based on the image, what is the most likely amyloid beta morphology pattern? none of the above']",81bcb37e-add5-43af-8420-c19ee45c700d,Cored,1,"{'pred': [1], 'probs': [[0.10151100903749466, 0.36822134256362915, 0.16061320900917053, 0.12462891638278961, 0.24502551555633545]], 'pred_prompt': ['IHC stained light micrograph of extracellular amyloid-beta deposition in the human brain tissue. Based on the image, what is the most likely amyloid beta morphology pattern? Cored']}",0.5026999711990356,pathology,neuropathology,light microscopy,brightfield microscopy,
classification,"['IHC stained light micrograph of extracellular amyloid-beta deposition in the human brain tissue. Based on the image, what is the most likely amyloid beta morphology pattern? cored plaque', 'IHC stained light micrograph of extracellular amyloid-beta deposition in the human brain tissue. Based on the image, what is the most likely amyloid beta morphology pattern? cerebral amyloid angiopathy', 'IHC stained light micrograph of extracellular amyloid-beta deposition in the human brain tissue. Based on the image, what is the most likely amyloid beta morphology pattern? negative', 'IHC stained light micrograph of extracellular amyloid-beta deposition in the human brain tissue. Based on the image, what is the most likely amyloid beta morphology pattern? diffuse plaque', 'IHC stained light micrograph of extracellular amyloid-beta deposition in the human brain tissue. Based on the image, what is the most likely amyloid beta morphology pattern? none of the above']",02e8ae95-5b80-4656-b8a2-cd0e6502e8ed,negative,2,"{'pred': [3], 'probs': [[0.26369509100914, 0.07372411340475082, 0.164581760764122, 0.2936428189277649, 0.20435625314712524]], 'pred_prompt': ['IHC stained light micrograph of extracellular amyloid-beta deposition in the human brain tissue. Based on the image, what is the most likely amyloid beta morphology pattern? diffuse plaque']}",0.5026999711990356,pathology,neuropathology,light microscopy,brightfield microscopy,
classification,"['IHC stained light micrograph of extracellular amyloid-beta deposition in the human brain tissue. Based on the image, what is the most likely amyloid beta morphology pattern? Diffuse', 'IHC stained light micrograph of extracellular amyloid-beta deposition in the human brain tissue. Based on the image, what is the most likely amyloid beta morphology pattern? Negative', 'IHC stained light micrograph of extracellular amyloid-beta deposition in the human brain tissue. Based on the image, what is the most likely amyloid beta morphology pattern? Cored', 'IHC stained light micrograph of extracellular amyloid-beta deposition in the human brain tissue. Based on the image, what is the most likely amyloid beta morphology pattern? Caa', 'IHC stained light micrograph of extracellular amyloid-beta deposition in the human brain tissue. Based on the image, what is the most likely amyloid beta morphology pattern? none of the above']",13d9bf85-5b8b-4c91-b9d7-a81ab2d7ccef,Cored,2,"{'pred': [0], 'probs': [[0.27118757367134094, 0.12681682407855988, 0.26236414909362793, 0.20138424634933472, 0.13824722170829773]], 'pred_prompt': ['IHC stained light micrograph of extracellular amyloid-beta deposition in the human brain tissue. Based on the image, what is the most likely amyloid beta morphology pattern? Diffuse']}",0.5026999711990356,pathology,neuropathology,light microscopy,brightfield microscopy,
classification,"['IHC stained light micrograph of extracellular amyloid-beta deposition in the human brain tissue. Based on the image, what is the most likely amyloid beta morphology pattern? Cored', 'IHC stained light micrograph of extracellular amyloid-beta deposition in the human brain tissue. Based on the image, what is the most likely amyloid beta morphology pattern? Negative', 'IHC stained light micrograph of extracellular amyloid-beta deposition in the human brain tissue. Based on the image, what is the most likely amyloid beta morphology pattern? Caa', 'IHC stained light micrograph of extracellular amyloid-beta deposition in the human brain tissue. Based on the image, what is the most likely amyloid beta morphology pattern? Diffuse', 'IHC stained light micrograph of extracellular amyloid-beta deposition in the human brain tissue. Based on the image, what is the most likely amyloid beta morphology pattern? none of the above']",f73c5da6-de67-4dba-b955-d2ea44eff2e3,Caa,2,"{'pred': [0], 'probs': [[0.5105430483818054, 0.050037581473588943, 0.1843767762184143, 0.18368248641490936, 0.07136015594005585]], 'pred_prompt': ['IHC stained light micrograph of extracellular amyloid-beta deposition in the human brain tissue. Based on the image, what is the most likely amyloid beta morphology pattern? Cored']}",0.5026999711990356,pathology,neuropathology,light microscopy,brightfield microscopy,
classification,"['IHC stained light micrograph of extracellular amyloid-beta deposition in the human brain tissue. Based on the image, what is the most likely amyloid beta morphology pattern? Negative', 'IHC stained light micrograph of extracellular amyloid-beta deposition in the human brain tissue. Based on the image, what is the most likely amyloid beta morphology pattern? Caa', 'IHC stained light micrograph of extracellular amyloid-beta deposition in the human brain tissue. Based on the image, what is the most likely amyloid beta morphology pattern? Cored', 'IHC stained light micrograph of extracellular amyloid-beta deposition in the human brain tissue. Based on the image, what is the most likely amyloid beta morphology pattern? Diffuse', 'IHC stained light micrograph of extracellular amyloid-beta deposition in the human brain tissue. Based on the image, what is the most likely amyloid beta morphology pattern? none of the above']",40606d9b-a914-4f07-a99f-3880857b05a4,Caa,1,"{'pred': [1], 'probs': [[0.13345874845981598, 0.30096855759620667, 0.2661098837852478, 0.11642388999462128, 0.18303893506526947]], 'pred_prompt': ['IHC stained light micrograph of extracellular amyloid-beta deposition in the human brain tissue. Based on the image, what is the most likely amyloid beta morphology pattern? Caa']}",0.5026999711990356,pathology,neuropathology,light microscopy,brightfield microscopy,
classification,"['IHC stained light micrograph of extracellular amyloid-beta deposition in the human brain tissue. Based on the image, what is the most likely amyloid beta morphology pattern? diffuse plaque', 'IHC stained light micrograph of extracellular amyloid-beta deposition in the human brain tissue. Based on the image, what is the most likely amyloid beta morphology pattern? negative', 'IHC stained light micrograph of extracellular amyloid-beta deposition in the human brain tissue. Based on the image, what is the most likely amyloid beta morphology pattern? cored plaque', 'IHC stained light micrograph of extracellular amyloid-beta deposition in the human brain tissue. Based on the image, what is the most likely amyloid beta morphology pattern? cerebral amyloid angiopathy', 'IHC stained light micrograph of extracellular amyloid-beta deposition in the human brain tissue. Based on the image, what is the most likely amyloid beta morphology pattern? none of the above']",0a8f647e-dd2e-4cb2-a7d8-729a979b0d10,diffuse plaque,0,"{'pred': [2], 'probs': [[0.345183789730072, 0.06533514708280563, 0.433704674243927, 0.07618460804224014, 0.07959172874689102]], 'pred_prompt': ['IHC stained light micrograph of extracellular amyloid-beta deposition in the human brain tissue. Based on the image, what is the most likely amyloid beta morphology pattern? cored plaque']}",0.5026999711990356,pathology,neuropathology,light microscopy,brightfield microscopy,
classification,"['IHC stained light micrograph of extracellular amyloid-beta deposition in the human brain tissue. Based on the image, what is the most likely amyloid beta morphology pattern? cerebral amyloid angiopathy', 'IHC stained light micrograph of extracellular amyloid-beta deposition in the human brain tissue. Based on the image, what is the most likely amyloid beta morphology pattern? diffuse plaque', 'IHC stained light micrograph of extracellular amyloid-beta deposition in the human brain tissue. Based on the image, what is the most likely amyloid beta morphology pattern? negative', 'IHC stained light micrograph of extracellular amyloid-beta deposition in the human brain tissue. Based on the image, what is the most likely amyloid beta morphology pattern? cored plaque', 'IHC stained light micrograph of extracellular amyloid-beta deposition in the human brain tissue. Based on the image, what is the most likely amyloid beta morphology pattern? none of the above']",6584574a-ee80-45e5-8c17-f445e1d3e329,negative,2,"{'pred': [4], 'probs': [[0.05869374796748161, 0.12663820385932922, 0.2787046432495117, 0.15345101058483124, 0.3825123608112335]], 'pred_prompt': ['IHC stained light micrograph of extracellular amyloid-beta deposition in the human brain tissue. Based on the image, what is the most likely amyloid beta morphology pattern? none of the above']}",0.5026999711990356,pathology,neuropathology,light microscopy,brightfield microscopy,
classification,"['IHC stained light micrograph of extracellular amyloid-beta deposition in the human brain tissue. Based on the image, what is the most likely amyloid beta morphology pattern? cerebral amyloid angiopathy', 'IHC stained light micrograph of extracellular amyloid-beta deposition in the human brain tissue. Based on the image, what is the most likely amyloid beta morphology pattern? diffuse plaque', 'IHC stained light micrograph of extracellular amyloid-beta deposition in the human brain tissue. Based on the image, what is the most likely amyloid beta morphology pattern? negative', 'IHC stained light micrograph of extracellular amyloid-beta deposition in the human brain tissue. Based on the image, what is the most likely amyloid beta morphology pattern? cored plaque', 'IHC stained light micrograph of extracellular amyloid-beta deposition in the human brain tissue. Based on the image, what is the most likely amyloid beta morphology pattern? none of the above']",be65b214-1606-48d9-b4e6-541986e9543a,negative,2,"{'pred': [4], 'probs': [[0.0815681666135788, 0.150349959731102, 0.15369009971618652, 0.174310564994812, 0.4400812089443207]], 'pred_prompt': ['IHC stained light micrograph of extracellular amyloid-beta deposition in the human brain tissue. Based on the image, what is the most likely amyloid beta morphology pattern? none of the above']}",0.5026999711990356,pathology,neuropathology,light microscopy,brightfield microscopy,
classification,"['IHC stained light micrograph of extracellular amyloid-beta deposition in the human brain tissue. Based on the image, what is the most likely amyloid beta morphology pattern? cerebral amyloid angiopathy', 'IHC stained light micrograph of extracellular amyloid-beta deposition in the human brain tissue. Based on the image, what is the most likely amyloid beta morphology pattern? cored plaque', 'IHC stained light micrograph of extracellular amyloid-beta deposition in the human brain tissue. Based on the image, what is the most likely amyloid beta morphology pattern? diffuse plaque', 'IHC stained light micrograph of extracellular amyloid-beta deposition in the human brain tissue. Based on the image, what is the most likely amyloid beta morphology pattern? negative', 'IHC stained light micrograph of extracellular amyloid-beta deposition in the human brain tissue. Based on the image, what is the most likely amyloid beta morphology pattern? none of the above']",de716b3a-27be-4c6e-8ce2-46778a04180f,cored plaque,1,"{'pred': [1], 'probs': [[0.0788043960928917, 0.5545071363449097, 0.22921591997146606, 0.05272182077169418, 0.08475079387426376]], 'pred_prompt': ['IHC stained light micrograph of extracellular amyloid-beta deposition in the human brain tissue. Based on the image, what is the most likely amyloid beta morphology pattern? cored plaque']}",0.5026999711990356,pathology,neuropathology,light microscopy,brightfield microscopy,
classification,"['IHC stained light micrograph of extracellular amyloid-beta deposition in the human brain tissue. Based on the image, what is the most likely amyloid beta morphology pattern? cerebral amyloid angiopathy', 'IHC stained light micrograph of extracellular amyloid-beta deposition in the human brain tissue. Based on the image, what is the most likely amyloid beta morphology pattern? diffuse plaque', 'IHC stained light micrograph of extracellular amyloid-beta deposition in the human brain tissue. Based on the image, what is the most likely amyloid beta morphology pattern? negative', 'IHC stained light micrograph of extracellular amyloid-beta deposition in the human brain tissue. Based on the image, what is the most likely amyloid beta morphology pattern? cored plaque', 'IHC stained light micrograph of extracellular amyloid-beta deposition in the human brain tissue. Based on the image, what is the most likely amyloid beta morphology pattern? none of the above']",48f98aa1-2357-4969-a96e-f79aac5dda7a,diffuse plaque,1,"{'pred': [3], 'probs': [[0.12003815174102783, 0.33300238847732544, 0.06920243799686432, 0.37022486329078674, 0.10753216594457626]], 'pred_prompt': ['IHC stained light micrograph of extracellular amyloid-beta deposition in the human brain tissue. Based on the image, what is the most likely amyloid beta morphology pattern? cored plaque']}",0.5026999711990356,pathology,neuropathology,light microscopy,brightfield microscopy,
classification,"['IHC stained light micrograph of extracellular amyloid-beta deposition in the human brain tissue. Based on the image, what is the most likely amyloid beta morphology pattern? negative', 'IHC stained light micrograph of extracellular amyloid-beta deposition in the human brain tissue. Based on the image, what is the most likely amyloid beta morphology pattern? cerebral amyloid angiopathy', 'IHC stained light micrograph of extracellular amyloid-beta deposition in the human brain tissue. Based on the image, what is the most likely amyloid beta morphology pattern? diffuse plaque', 'IHC stained light micrograph of extracellular amyloid-beta deposition in the human brain tissue. Based on the image, what is the most likely amyloid beta morphology pattern? cored plaque', 'IHC stained light micrograph of extracellular amyloid-beta deposition in the human brain tissue. Based on the image, what is the most likely amyloid beta morphology pattern? none of the above']",54a22311-e8bc-4115-9fe5-12565febbdda,diffuse plaque,2,"{'pred': [3], 'probs': [[0.0720922201871872, 0.044970687478780746, 0.3408035337924957, 0.47017207741737366, 0.0719614326953888]], 'pred_prompt': ['IHC stained light micrograph of extracellular amyloid-beta deposition in the human brain tissue. Based on the image, what is the most likely amyloid beta morphology pattern? cored plaque']}",0.5026999711990356,pathology,neuropathology,light microscopy,brightfield microscopy,
classification,"['IHC stained light micrograph of extracellular amyloid-beta deposition in the human brain tissue. Based on the image, what is the most likely amyloid beta morphology pattern? Negative', 'IHC stained light micrograph of extracellular amyloid-beta deposition in the human brain tissue. Based on the image, what is the most likely amyloid beta morphology pattern? Cored', 'IHC stained light micrograph of extracellular amyloid-beta deposition in the human brain tissue. Based on the image, what is the most likely amyloid beta morphology pattern? Caa', 'IHC stained light micrograph of extracellular amyloid-beta deposition in the human brain tissue. Based on the image, what is the most likely amyloid beta morphology pattern? Diffuse', 'IHC stained light micrograph of extracellular amyloid-beta deposition in the human brain tissue. Based on the image, what is the most likely amyloid beta morphology pattern? none of the above']",6d13d53b-794f-4ba3-b38c-6ac79ab3f93b,Cored,1,"{'pred': [1], 'probs': [[0.0807289257645607, 0.6063157916069031, 0.06286479532718658, 0.129627987742424, 0.12046252936124802]], 'pred_prompt': ['IHC stained light micrograph of extracellular amyloid-beta deposition in the human brain tissue. Based on the image, what is the most likely amyloid beta morphology pattern? Cored']}",0.5026999711990356,pathology,neuropathology,light microscopy,brightfield microscopy,
classification,"['IHC stained light micrograph of extracellular amyloid-beta deposition in the human brain tissue. Based on the image, what is the most likely amyloid beta morphology pattern? Negative', 'IHC stained light micrograph of extracellular amyloid-beta deposition in the human brain tissue. Based on the image, what is the most likely amyloid beta morphology pattern? Diffuse', 'IHC stained light micrograph of extracellular amyloid-beta deposition in the human brain tissue. Based on the image, what is the most likely amyloid beta morphology pattern? Caa', 'IHC stained light micrograph of extracellular amyloid-beta deposition in the human brain tissue. Based on the image, what is the most likely amyloid beta morphology pattern? Cored', 'IHC stained light micrograph of extracellular amyloid-beta deposition in the human brain tissue. Based on the image, what is the most likely amyloid beta morphology pattern? none of the above']",ec904349-17fd-485e-93fc-9d946217f28a,Cored,3,"{'pred': [3], 'probs': [[0.08487679064273834, 0.10187449306249619, 0.23366676270961761, 0.4770103096961975, 0.10257171839475632]], 'pred_prompt': ['IHC stained light micrograph of extracellular amyloid-beta deposition in the human brain tissue. Based on the image, what is the most likely amyloid beta morphology pattern? Cored']}",0.5026999711990356,pathology,neuropathology,light microscopy,brightfield microscopy,
classification,"['IHC stained light micrograph of extracellular amyloid-beta deposition in the human brain tissue. Based on the image, what is the most likely amyloid beta morphology pattern? Negative', 'IHC stained light micrograph of extracellular amyloid-beta deposition in the human brain tissue. Based on the image, what is the most likely amyloid beta morphology pattern? Cored', 'IHC stained light micrograph of extracellular amyloid-beta deposition in the human brain tissue. Based on the image, what is the most likely amyloid beta morphology pattern? Diffuse', 'IHC stained light micrograph of extracellular amyloid-beta deposition in the human brain tissue. Based on the image, what is the most likely amyloid beta morphology pattern? Caa', 'IHC stained light micrograph of extracellular amyloid-beta deposition in the human brain tissue. Based on the image, what is the most likely amyloid beta morphology pattern? none of the above']",f89d5c8a-8ade-4529-999f-3c6520f0dd3a,Cored,1,"{'pred': [1], 'probs': [[0.10951925814151764, 0.3746660351753235, 0.24061045050621033, 0.06343495845794678, 0.21176929771900177]], 'pred_prompt': ['IHC stained light micrograph of extracellular amyloid-beta deposition in the human brain tissue. Based on the image, what is the most likely amyloid beta morphology pattern? Cored']}",0.5026999711990356,pathology,neuropathology,light microscopy,brightfield microscopy,
classification,"['IHC stained light micrograph of extracellular amyloid-beta deposition in the human brain tissue. Based on the image, what is the most likely amyloid beta morphology pattern? negative', 'IHC stained light micrograph of extracellular amyloid-beta deposition in the human brain tissue. Based on the image, what is the most likely amyloid beta morphology pattern? diffuse plaque', 'IHC stained light micrograph of extracellular amyloid-beta deposition in the human brain tissue. Based on the image, what is the most likely amyloid beta morphology pattern? cerebral amyloid angiopathy', 'IHC stained light micrograph of extracellular amyloid-beta deposition in the human brain tissue. Based on the image, what is the most likely amyloid beta morphology pattern? cored plaque', 'IHC stained light micrograph of extracellular amyloid-beta deposition in the human brain tissue. Based on the image, what is the most likely amyloid beta morphology pattern? none of the above']",f0b51077-875c-4009-a3ab-4327cebc9286,negative,0,"{'pred': [4], 'probs': [[0.21116146445274353, 0.21259529888629913, 0.08517646044492722, 0.10328983515501022, 0.3877769112586975]], 'pred_prompt': ['IHC stained light micrograph of extracellular amyloid-beta deposition in the human brain tissue. Based on the image, what is the most likely amyloid beta morphology pattern? none of the above']}",0.5026999711990356,pathology,neuropathology,light microscopy,brightfield microscopy,
classification,"['IHC stained light micrograph of extracellular amyloid-beta deposition in the human brain tissue. Based on the image, what is the most likely amyloid beta morphology pattern? negative', 'IHC stained light micrograph of extracellular amyloid-beta deposition in the human brain tissue. Based on the image, what is the most likely amyloid beta morphology pattern? cored plaque', 'IHC stained light micrograph of extracellular amyloid-beta deposition in the human brain tissue. Based on the image, what is the most likely amyloid beta morphology pattern? diffuse plaque', 'IHC stained light micrograph of extracellular amyloid-beta deposition in the human brain tissue. Based on the image, what is the most likely amyloid beta morphology pattern? cerebral amyloid angiopathy', 'IHC stained light micrograph of extracellular amyloid-beta deposition in the human brain tissue. Based on the image, what is the most likely amyloid beta morphology pattern? none of the above']",11c85898-16fb-4e4e-aa5b-4ac529d60035,negative,0,"{'pred': [4], 'probs': [[0.2087377905845642, 0.21503794193267822, 0.16200242936611176, 0.11637081205844879, 0.297851026058197]], 'pred_prompt': ['IHC stained light micrograph of extracellular amyloid-beta deposition in the human brain tissue. Based on the image, what is the most likely amyloid beta morphology pattern? none of the above']}",0.5026999711990356,pathology,neuropathology,light microscopy,brightfield microscopy,
classification,"['IHC stained light micrograph of extracellular amyloid-beta deposition in the human brain tissue. Based on the image, what is the most likely amyloid beta morphology pattern? cerebral amyloid angiopathy', 'IHC stained light micrograph of extracellular amyloid-beta deposition in the human brain tissue. Based on the image, what is the most likely amyloid beta morphology pattern? diffuse plaque', 'IHC stained light micrograph of extracellular amyloid-beta deposition in the human brain tissue. Based on the image, what is the most likely amyloid beta morphology pattern? cored plaque', 'IHC stained light micrograph of extracellular amyloid-beta deposition in the human brain tissue. Based on the image, what is the most likely amyloid beta morphology pattern? negative', 'IHC stained light micrograph of extracellular amyloid-beta deposition in the human brain tissue. Based on the image, what is the most likely amyloid beta morphology pattern? none of the above']",dfe70da6-aa6f-43d1-84d9-5b98257190f3,negative,3,"{'pred': [2], 'probs': [[0.1659351885318756, 0.19840380549430847, 0.2591674327850342, 0.14898695051670074, 0.22750666737556458]], 'pred_prompt': ['IHC stained light micrograph of extracellular amyloid-beta deposition in the human brain tissue. Based on the image, what is the most likely amyloid beta morphology pattern? cored plaque']}",0.5026999711990356,pathology,neuropathology,light microscopy,brightfield microscopy,
classification,"['IHC stained light micrograph of extracellular amyloid-beta deposition in the human brain tissue. Based on the image, what is the most likely amyloid beta morphology pattern? cored plaque', 'IHC stained light micrograph of extracellular amyloid-beta deposition in the human brain tissue. Based on the image, what is the most likely amyloid beta morphology pattern? cerebral amyloid angiopathy', 'IHC stained light micrograph of extracellular amyloid-beta deposition in the human brain tissue. Based on the image, what is the most likely amyloid beta morphology pattern? negative', 'IHC stained light micrograph of extracellular amyloid-beta deposition in the human brain tissue. Based on the image, what is the most likely amyloid beta morphology pattern? diffuse plaque', 'IHC stained light micrograph of extracellular amyloid-beta deposition in the human brain tissue. Based on the image, what is the most likely amyloid beta morphology pattern? none of the above']",c110375d-0233-45ba-8cd4-c626e6be30a6,negative,2,"{'pred': [0], 'probs': [[0.2836150527000427, 0.1573595404624939, 0.16840919852256775, 0.17968006432056427, 0.21093612909317017]], 'pred_prompt': ['IHC stained light micrograph of extracellular amyloid-beta deposition in the human brain tissue. Based on the image, what is the most likely amyloid beta morphology pattern? cored plaque']}",0.5026999711990356,pathology,neuropathology,light microscopy,brightfield microscopy,
classification,"['IHC stained light micrograph of extracellular amyloid-beta deposition in the human brain tissue. Based on the image, what is the most likely amyloid beta morphology pattern? cored plaque', 'IHC stained light micrograph of extracellular amyloid-beta deposition in the human brain tissue. Based on the image, what is the most likely amyloid beta morphology pattern? cerebral amyloid angiopathy', 'IHC stained light micrograph of extracellular amyloid-beta deposition in the human brain tissue. Based on the image, what is the most likely amyloid beta morphology pattern? negative', 'IHC stained light micrograph of extracellular amyloid-beta deposition in the human brain tissue. Based on the image, what is the most likely amyloid beta morphology pattern? diffuse plaque', 'IHC stained light micrograph of extracellular amyloid-beta deposition in the human brain tissue. Based on the image, what is the most likely amyloid beta morphology pattern? none of the above']",ffca05eb-af7b-4e27-9133-031e3814a77c,negative,2,"{'pred': [4], 'probs': [[0.12832605838775635, 0.08827622979879379, 0.2620324492454529, 0.23664622008800507, 0.2847190201282501]], 'pred_prompt': ['IHC stained light micrograph of extracellular amyloid-beta deposition in the human brain tissue. Based on the image, what is the most likely amyloid beta morphology pattern? none of the above']}",0.5026999711990356,pathology,neuropathology,light microscopy,brightfield microscopy,
classification,"['IHC stained light micrograph of extracellular amyloid-beta deposition in the human brain tissue. Based on the image, what is the most likely amyloid beta morphology pattern? Caa', 'IHC stained light micrograph of extracellular amyloid-beta deposition in the human brain tissue. Based on the image, what is the most likely amyloid beta morphology pattern? Diffuse', 'IHC stained light micrograph of extracellular amyloid-beta deposition in the human brain tissue. Based on the image, what is the most likely amyloid beta morphology pattern? Cored', 'IHC stained light micrograph of extracellular amyloid-beta deposition in the human brain tissue. Based on the image, what is the most likely amyloid beta morphology pattern? Negative', 'IHC stained light micrograph of extracellular amyloid-beta deposition in the human brain tissue. Based on the image, what is the most likely amyloid beta morphology pattern? none of the above']",657af7b7-367b-4ed0-8a41-e9bf627371df,Negative,3,"{'pred': [3], 'probs': [[0.1598244607448578, 0.14315536618232727, 0.06245531886816025, 0.42013150453567505, 0.21443326771259308]], 'pred_prompt': ['IHC stained light micrograph of extracellular amyloid-beta deposition in the human brain tissue. Based on the image, what is the most likely amyloid beta morphology pattern? Negative']}",0.5026999711990356,pathology,neuropathology,light microscopy,brightfield microscopy,
classification,"['IHC stained light micrograph of extracellular amyloid-beta deposition in the human brain tissue. Based on the image, what is the most likely amyloid beta morphology pattern? negative', 'IHC stained light micrograph of extracellular amyloid-beta deposition in the human brain tissue. Based on the image, what is the most likely amyloid beta morphology pattern? cerebral amyloid angiopathy', 'IHC stained light micrograph of extracellular amyloid-beta deposition in the human brain tissue. Based on the image, what is the most likely amyloid beta morphology pattern? cored plaque', 'IHC stained light micrograph of extracellular amyloid-beta deposition in the human brain tissue. Based on the image, what is the most likely amyloid beta morphology pattern? diffuse plaque', 'IHC stained light micrograph of extracellular amyloid-beta deposition in the human brain tissue. Based on the image, what is the most likely amyloid beta morphology pattern? none of the above']",952f9fa0-c6e8-40d9-89cb-68f9f0277bc3,diffuse plaque,3,"{'pred': [3], 'probs': [[0.2308494746685028, 0.05228791385889053, 0.21124222874641418, 0.34324774146080017, 0.16237270832061768]], 'pred_prompt': ['IHC stained light micrograph of extracellular amyloid-beta deposition in the human brain tissue. Based on the image, what is the most likely amyloid beta morphology pattern? diffuse plaque']}",0.5026999711990356,pathology,neuropathology,light microscopy,brightfield microscopy,
classification,"['IHC stained light micrograph of extracellular amyloid-beta deposition in the human brain tissue. Based on the image, what is the most likely amyloid beta morphology pattern? negative', 'IHC stained light micrograph of extracellular amyloid-beta deposition in the human brain tissue. Based on the image, what is the most likely amyloid beta morphology pattern? cored plaque', 'IHC stained light micrograph of extracellular amyloid-beta deposition in the human brain tissue. Based on the image, what is the most likely amyloid beta morphology pattern? diffuse plaque', 'IHC stained light micrograph of extracellular amyloid-beta deposition in the human brain tissue. Based on the image, what is the most likely amyloid beta morphology pattern? cerebral amyloid angiopathy', 'IHC stained light micrograph of extracellular amyloid-beta deposition in the human brain tissue. Based on the image, what is the most likely amyloid beta morphology pattern? none of the above']",6b2a9e4c-bd0b-406c-b90b-e4602f1e7ca1,negative,0,"{'pred': [4], 'probs': [[0.16737228631973267, 0.19517706334590912, 0.2624301314353943, 0.1002969890832901, 0.27472350001335144]], 'pred_prompt': ['IHC stained light micrograph of extracellular amyloid-beta deposition in the human brain tissue. Based on the image, what is the most likely amyloid beta morphology pattern? none of the above']}",0.5026999711990356,pathology,neuropathology,light microscopy,brightfield microscopy,
classification,"['IHC stained light micrograph of extracellular amyloid-beta deposition in the human brain tissue. Based on the image, what is the most likely amyloid beta morphology pattern? cored plaque', 'IHC stained light micrograph of extracellular amyloid-beta deposition in the human brain tissue. Based on the image, what is the most likely amyloid beta morphology pattern? cerebral amyloid angiopathy', 'IHC stained light micrograph of extracellular amyloid-beta deposition in the human brain tissue. Based on the image, what is the most likely amyloid beta morphology pattern? diffuse plaque', 'IHC stained light micrograph of extracellular amyloid-beta deposition in the human brain tissue. Based on the image, what is the most likely amyloid beta morphology pattern? negative', 'IHC stained light micrograph of extracellular amyloid-beta deposition in the human brain tissue. Based on the image, what is the most likely amyloid beta morphology pattern? none of the above']",f8ea01e6-53ee-44ff-ba6e-8bb88753cb0a,cored plaque,0,"{'pred': [0], 'probs': [[0.5801895260810852, 0.04888404905796051, 0.24505463242530823, 0.06584721058607101, 0.06002458930015564]], 'pred_prompt': ['IHC stained light micrograph of extracellular amyloid-beta deposition in the human brain tissue. Based on the image, what is the most likely amyloid beta morphology pattern? cored plaque']}",0.5026999711990356,pathology,neuropathology,light microscopy,brightfield microscopy,
classification,"['IHC stained light micrograph of extracellular amyloid-beta deposition in the human brain tissue. Based on the image, what is the most likely amyloid beta morphology pattern? Caa', 'IHC stained light micrograph of extracellular amyloid-beta deposition in the human brain tissue. Based on the image, what is the most likely amyloid beta morphology pattern? Negative', 'IHC stained light micrograph of extracellular amyloid-beta deposition in the human brain tissue. Based on the image, what is the most likely amyloid beta morphology pattern? Diffuse', 'IHC stained light micrograph of extracellular amyloid-beta deposition in the human brain tissue. Based on the image, what is the most likely amyloid beta morphology pattern? Cored', 'IHC stained light micrograph of extracellular amyloid-beta deposition in the human brain tissue. Based on the image, what is the most likely amyloid beta morphology pattern? none of the above']",c55039dc-3bdc-4f2d-932c-277be97f932a,Negative,1,"{'pred': [3], 'probs': [[0.07868019491434097, 0.0902138277888298, 0.18912668526172638, 0.5145057439804077, 0.12747353315353394]], 'pred_prompt': ['IHC stained light micrograph of extracellular amyloid-beta deposition in the human brain tissue. Based on the image, what is the most likely amyloid beta morphology pattern? Cored']}",0.5026999711990356,pathology,neuropathology,light microscopy,brightfield microscopy,
classification,"['IHC stained light micrograph of extracellular amyloid-beta deposition in the human brain tissue. Based on the image, what is the most likely amyloid beta morphology pattern? negative', 'IHC stained light micrograph of extracellular amyloid-beta deposition in the human brain tissue. Based on the image, what is the most likely amyloid beta morphology pattern? diffuse plaque', 'IHC stained light micrograph of extracellular amyloid-beta deposition in the human brain tissue. Based on the image, what is the most likely amyloid beta morphology pattern? cerebral amyloid angiopathy', 'IHC stained light micrograph of extracellular amyloid-beta deposition in the human brain tissue. Based on the image, what is the most likely amyloid beta morphology pattern? cored plaque', 'IHC stained light micrograph of extracellular amyloid-beta deposition in the human brain tissue. Based on the image, what is the most likely amyloid beta morphology pattern? none of the above']",bfec8276-2a0d-418c-be7a-45fb014adfe0,diffuse plaque,1,"{'pred': [3], 'probs': [[0.08942155539989471, 0.2505900263786316, 0.06997498869895935, 0.44220152497291565, 0.1478118896484375]], 'pred_prompt': ['IHC stained light micrograph of extracellular amyloid-beta deposition in the human brain tissue. Based on the image, what is the most likely amyloid beta morphology pattern? cored plaque']}",0.5026999711990356,pathology,neuropathology,light microscopy,brightfield microscopy,
classification,"['IHC stained light micrograph of extracellular amyloid-beta deposition in the human brain tissue. Based on the image, what is the most likely amyloid beta morphology pattern? Negative', 'IHC stained light micrograph of extracellular amyloid-beta deposition in the human brain tissue. Based on the image, what is the most likely amyloid beta morphology pattern? Caa', 'IHC stained light micrograph of extracellular amyloid-beta deposition in the human brain tissue. Based on the image, what is the most likely amyloid beta morphology pattern? Cored', 'IHC stained light micrograph of extracellular amyloid-beta deposition in the human brain tissue. Based on the image, what is the most likely amyloid beta morphology pattern? Diffuse', 'IHC stained light micrograph of extracellular amyloid-beta deposition in the human brain tissue. Based on the image, what is the most likely amyloid beta morphology pattern? none of the above']",6884bedf-d2cd-471b-93d8-940936ef92b3,Caa,1,"{'pred': [4], 'probs': [[0.11702710390090942, 0.11019185185432434, 0.16770201921463013, 0.13513533771038055, 0.469943642616272]], 'pred_prompt': ['IHC stained light micrograph of extracellular amyloid-beta deposition in the human brain tissue. Based on the image, what is the most likely amyloid beta morphology pattern? none of the above']}",0.5026999711990356,pathology,neuropathology,light microscopy,brightfield microscopy,
classification,"['IHC stained light micrograph of extracellular amyloid-beta deposition in the human brain tissue. Based on the image, what is the most likely amyloid beta morphology pattern? diffuse plaque', 'IHC stained light micrograph of extracellular amyloid-beta deposition in the human brain tissue. Based on the image, what is the most likely amyloid beta morphology pattern? cored plaque', 'IHC stained light micrograph of extracellular amyloid-beta deposition in the human brain tissue. Based on the image, what is the most likely amyloid beta morphology pattern? cerebral amyloid angiopathy', 'IHC stained light micrograph of extracellular amyloid-beta deposition in the human brain tissue. Based on the image, what is the most likely amyloid beta morphology pattern? negative', 'IHC stained light micrograph of extracellular amyloid-beta deposition in the human brain tissue. Based on the image, what is the most likely amyloid beta morphology pattern? none of the above']",80fac8e6-51a7-44af-b1b4-03599ea835d1,cored plaque,1,"{'pred': [1], 'probs': [[0.21375347673892975, 0.26439371705055237, 0.12174846231937408, 0.15906700491905212, 0.24103736877441406]], 'pred_prompt': ['IHC stained light micrograph of extracellular amyloid-beta deposition in the human brain tissue. Based on the image, what is the most likely amyloid beta morphology pattern? cored plaque']}",0.5026999711990356,pathology,neuropathology,light microscopy,brightfield microscopy,
classification,"['IHC stained light micrograph of extracellular amyloid-beta deposition in the human brain tissue. Based on the image, what is the most likely amyloid beta morphology pattern? Caa', 'IHC stained light micrograph of extracellular amyloid-beta deposition in the human brain tissue. Based on the image, what is the most likely amyloid beta morphology pattern? Negative', 'IHC stained light micrograph of extracellular amyloid-beta deposition in the human brain tissue. Based on the image, what is the most likely amyloid beta morphology pattern? Diffuse', 'IHC stained light micrograph of extracellular amyloid-beta deposition in the human brain tissue. Based on the image, what is the most likely amyloid beta morphology pattern? Cored', 'IHC stained light micrograph of extracellular amyloid-beta deposition in the human brain tissue. Based on the image, what is the most likely amyloid beta morphology pattern? none of the above']",1829ab5a-22a1-486f-94d4-c72cc262fae5,Caa,0,"{'pred': [3], 'probs': [[0.2557658553123474, 0.07800892740488052, 0.10538093745708466, 0.399520605802536, 0.1613236665725708]], 'pred_prompt': ['IHC stained light micrograph of extracellular amyloid-beta deposition in the human brain tissue. Based on the image, what is the most likely amyloid beta morphology pattern? Cored']}",0.5026999711990356,pathology,neuropathology,light microscopy,brightfield microscopy,
classification,"['IHC stained light micrograph of extracellular amyloid-beta deposition in the human brain tissue. Based on the image, what is the most likely amyloid beta morphology pattern? Caa', 'IHC stained light micrograph of extracellular amyloid-beta deposition in the human brain tissue. Based on the image, what is the most likely amyloid beta morphology pattern? Negative', 'IHC stained light micrograph of extracellular amyloid-beta deposition in the human brain tissue. Based on the image, what is the most likely amyloid beta morphology pattern? Cored', 'IHC stained light micrograph of extracellular amyloid-beta deposition in the human brain tissue. Based on the image, what is the most likely amyloid beta morphology pattern? Diffuse', 'IHC stained light micrograph of extracellular amyloid-beta deposition in the human brain tissue. Based on the image, what is the most likely amyloid beta morphology pattern? none of the above']",447bf81c-143f-4672-b32f-f4b6f3d0086a,Diffuse,3,"{'pred': [4], 'probs': [[0.1022014394402504, 0.2111494094133377, 0.2014855593442917, 0.2165941596031189, 0.2685694098472595]], 'pred_prompt': ['IHC stained light micrograph of extracellular amyloid-beta deposition in the human brain tissue. Based on the image, what is the most likely amyloid beta morphology pattern? none of the above']}",0.5026999711990356,pathology,neuropathology,light microscopy,brightfield microscopy,
classification,"['IHC stained light micrograph of extracellular amyloid-beta deposition in the human brain tissue. Based on the image, what is the most likely amyloid beta morphology pattern? Cored', 'IHC stained light micrograph of extracellular amyloid-beta deposition in the human brain tissue. Based on the image, what is the most likely amyloid beta morphology pattern? Negative', 'IHC stained light micrograph of extracellular amyloid-beta deposition in the human brain tissue. Based on the image, what is the most likely amyloid beta morphology pattern? Diffuse', 'IHC stained light micrograph of extracellular amyloid-beta deposition in the human brain tissue. Based on the image, what is the most likely amyloid beta morphology pattern? Caa', 'IHC stained light micrograph of extracellular amyloid-beta deposition in the human brain tissue. Based on the image, what is the most likely amyloid beta morphology pattern? none of the above']",fca62714-8ea3-4c48-a69c-cf5339854a1d,Negative,1,"{'pred': [0], 'probs': [[0.3635687828063965, 0.0631541982293129, 0.14355958998203278, 0.32965829968452454, 0.1000591516494751]], 'pred_prompt': ['IHC stained light micrograph of extracellular amyloid-beta deposition in the human brain tissue. Based on the image, what is the most likely amyloid beta morphology pattern? Cored']}",0.5026999711990356,pathology,neuropathology,light microscopy,brightfield microscopy,
classification,"['IHC stained light micrograph of extracellular amyloid-beta deposition in the human brain tissue. Based on the image, what is the most likely amyloid beta morphology pattern? Caa', 'IHC stained light micrograph of extracellular amyloid-beta deposition in the human brain tissue. Based on the image, what is the most likely amyloid beta morphology pattern? Negative', 'IHC stained light micrograph of extracellular amyloid-beta deposition in the human brain tissue. Based on the image, what is the most likely amyloid beta morphology pattern? Cored', 'IHC stained light micrograph of extracellular amyloid-beta deposition in the human brain tissue. Based on the image, what is the most likely amyloid beta morphology pattern? Diffuse', 'IHC stained light micrograph of extracellular amyloid-beta deposition in the human brain tissue. Based on the image, what is the most likely amyloid beta morphology pattern? none of the above']",1175f5fd-b661-4fe4-8ea5-8ad1ba40a480,Caa,0,"{'pred': [2], 'probs': [[0.2379450649023056, 0.09463320672512054, 0.35534271597862244, 0.10150685906410217, 0.21057213842868805]], 'pred_prompt': ['IHC stained light micrograph of extracellular amyloid-beta deposition in the human brain tissue. Based on the image, what is the most likely amyloid beta morphology pattern? Cored']}",0.5026999711990356,pathology,neuropathology,light microscopy,brightfield microscopy,
classification,"['IHC stained light micrograph of extracellular amyloid-beta deposition in the human brain tissue. Based on the image, what is the most likely amyloid beta morphology pattern? Caa', 'IHC stained light micrograph of extracellular amyloid-beta deposition in the human brain tissue. Based on the image, what is the most likely amyloid beta morphology pattern? Cored', 'IHC stained light micrograph of extracellular amyloid-beta deposition in the human brain tissue. Based on the image, what is the most likely amyloid beta morphology pattern? Diffuse', 'IHC stained light micrograph of extracellular amyloid-beta deposition in the human brain tissue. Based on the image, what is the most likely amyloid beta morphology pattern? Negative', 'IHC stained light micrograph of extracellular amyloid-beta deposition in the human brain tissue. Based on the image, what is the most likely amyloid beta morphology pattern? none of the above']",ea682cfc-36f8-4592-a055-664ae1ecb9df,Negative,3,"{'pred': [4], 'probs': [[0.041912633925676346, 0.14070987701416016, 0.1877935379743576, 0.2749936282634735, 0.35459035634994507]], 'pred_prompt': ['IHC stained light micrograph of extracellular amyloid-beta deposition in the human brain tissue. Based on the image, what is the most likely amyloid beta morphology pattern? none of the above']}",0.5026999711990356,pathology,neuropathology,light microscopy,brightfield microscopy,
classification,"['IHC stained light micrograph of extracellular amyloid-beta deposition in the human brain tissue. Based on the image, what is the most likely amyloid beta morphology pattern? cored plaque', 'IHC stained light micrograph of extracellular amyloid-beta deposition in the human brain tissue. Based on the image, what is the most likely amyloid beta morphology pattern? cerebral amyloid angiopathy', 'IHC stained light micrograph of extracellular amyloid-beta deposition in the human brain tissue. Based on the image, what is the most likely amyloid beta morphology pattern? negative', 'IHC stained light micrograph of extracellular amyloid-beta deposition in the human brain tissue. Based on the image, what is the most likely amyloid beta morphology pattern? diffuse plaque', 'IHC stained light micrograph of extracellular amyloid-beta deposition in the human brain tissue. Based on the image, what is the most likely amyloid beta morphology pattern? none of the above']",6b140a6e-635a-4081-aac4-8e99ce298414,diffuse plaque,3,"{'pred': [0], 'probs': [[0.43903806805610657, 0.10820212215185165, 0.08229447901248932, 0.223634734749794, 0.14683063328266144]], 'pred_prompt': ['IHC stained light micrograph of extracellular amyloid-beta deposition in the human brain tissue. Based on the image, what is the most likely amyloid beta morphology pattern? cored plaque']}",0.5026999711990356,pathology,neuropathology,light microscopy,brightfield microscopy,
classification,"['IHC stained light micrograph of extracellular amyloid-beta deposition in the human brain tissue. Based on the image, what is the most likely amyloid beta morphology pattern? cored plaque', 'IHC stained light micrograph of extracellular amyloid-beta deposition in the human brain tissue. Based on the image, what is the most likely amyloid beta morphology pattern? diffuse plaque', 'IHC stained light micrograph of extracellular amyloid-beta deposition in the human brain tissue. Based on the image, what is the most likely amyloid beta morphology pattern? cerebral amyloid angiopathy', 'IHC stained light micrograph of extracellular amyloid-beta deposition in the human brain tissue. Based on the image, what is the most likely amyloid beta morphology pattern? negative', 'IHC stained light micrograph of extracellular amyloid-beta deposition in the human brain tissue. Based on the image, what is the most likely amyloid beta morphology pattern? none of the above']",cc432dd7-a84c-4398-aa83-89ba1ce70e33,negative,3,"{'pred': [4], 'probs': [[0.14572446048259735, 0.13283605873584747, 0.11947523802518845, 0.25549206137657166, 0.34647220373153687]], 'pred_prompt': ['IHC stained light micrograph of extracellular amyloid-beta deposition in the human brain tissue. Based on the image, what is the most likely amyloid beta morphology pattern? none of the above']}",0.5026999711990356,pathology,neuropathology,light microscopy,brightfield microscopy,
classification,"['IHC stained light micrograph of extracellular amyloid-beta deposition in the human brain tissue. Based on the image, what is the most likely amyloid beta morphology pattern? diffuse plaque', 'IHC stained light micrograph of extracellular amyloid-beta deposition in the human brain tissue. Based on the image, what is the most likely amyloid beta morphology pattern? cerebral amyloid angiopathy', 'IHC stained light micrograph of extracellular amyloid-beta deposition in the human brain tissue. Based on the image, what is the most likely amyloid beta morphology pattern? cored plaque', 'IHC stained light micrograph of extracellular amyloid-beta deposition in the human brain tissue. Based on the image, what is the most likely amyloid beta morphology pattern? negative', 'IHC stained light micrograph of extracellular amyloid-beta deposition in the human brain tissue. Based on the image, what is the most likely amyloid beta morphology pattern? none of the above']",5c4c2dc6-b251-4752-b9cc-2101ba10b16c,diffuse plaque,0,"{'pred': [2], 'probs': [[0.33609485626220703, 0.08470073342323303, 0.33848416805267334, 0.10177686810493469, 0.13894331455230713]], 'pred_prompt': ['IHC stained light micrograph of extracellular amyloid-beta deposition in the human brain tissue. Based on the image, what is the most likely amyloid beta morphology pattern? cored plaque']}",0.5026999711990356,pathology,neuropathology,light microscopy,brightfield microscopy,
classification,"['IHC stained light micrograph of extracellular amyloid-beta deposition in the human brain tissue. Based on the image, what is the most likely amyloid beta morphology pattern? Cored', 'IHC stained light micrograph of extracellular amyloid-beta deposition in the human brain tissue. Based on the image, what is the most likely amyloid beta morphology pattern? Caa', 'IHC stained light micrograph of extracellular amyloid-beta deposition in the human brain tissue. Based on the image, what is the most likely amyloid beta morphology pattern? Negative', 'IHC stained light micrograph of extracellular amyloid-beta deposition in the human brain tissue. Based on the image, what is the most likely amyloid beta morphology pattern? Diffuse', 'IHC stained light micrograph of extracellular amyloid-beta deposition in the human brain tissue. Based on the image, what is the most likely amyloid beta morphology pattern? none of the above']",9d70a871-eb59-4922-aa1a-8e66b2ad4cbb,Diffuse,3,"{'pred': [0], 'probs': [[0.5221437811851501, 0.09139047563076019, 0.047148704528808594, 0.2546045780181885, 0.08471249043941498]], 'pred_prompt': ['IHC stained light micrograph of extracellular amyloid-beta deposition in the human brain tissue. Based on the image, what is the most likely amyloid beta morphology pattern? Cored']}",0.5026999711990356,pathology,neuropathology,light microscopy,brightfield microscopy,
classification,"['IHC stained light micrograph of extracellular amyloid-beta deposition in the human brain tissue. Based on the image, what is the most likely amyloid beta morphology pattern? Diffuse', 'IHC stained light micrograph of extracellular amyloid-beta deposition in the human brain tissue. Based on the image, what is the most likely amyloid beta morphology pattern? Negative', 'IHC stained light micrograph of extracellular amyloid-beta deposition in the human brain tissue. Based on the image, what is the most likely amyloid beta morphology pattern? Cored', 'IHC stained light micrograph of extracellular amyloid-beta deposition in the human brain tissue. Based on the image, what is the most likely amyloid beta morphology pattern? Caa', 'IHC stained light micrograph of extracellular amyloid-beta deposition in the human brain tissue. Based on the image, what is the most likely amyloid beta morphology pattern? none of the above']",0c4ae80b-f367-4ef6-b659-cb0fea6ee383,Negative,1,"{'pred': [2], 'probs': [[0.2560393214225769, 0.09177268296480179, 0.43487679958343506, 0.06700468063354492, 0.1503065973520279]], 'pred_prompt': ['IHC stained light micrograph of extracellular amyloid-beta deposition in the human brain tissue. Based on the image, what is the most likely amyloid beta morphology pattern? Cored']}",0.5026999711990356,pathology,neuropathology,light microscopy,brightfield microscopy,
classification,"['IHC stained light micrograph of extracellular amyloid-beta deposition in the human brain tissue. Based on the image, what is the most likely amyloid beta morphology pattern? Caa', 'IHC stained light micrograph of extracellular amyloid-beta deposition in the human brain tissue. Based on the image, what is the most likely amyloid beta morphology pattern? Diffuse', 'IHC stained light micrograph of extracellular amyloid-beta deposition in the human brain tissue. Based on the image, what is the most likely amyloid beta morphology pattern? Negative', 'IHC stained light micrograph of extracellular amyloid-beta deposition in the human brain tissue. Based on the image, what is the most likely amyloid beta morphology pattern? Cored', 'IHC stained light micrograph of extracellular amyloid-beta deposition in the human brain tissue. Based on the image, what is the most likely amyloid beta morphology pattern? none of the above']",057ee5aa-b9c7-4287-9435-ba8c33f550d5,Diffuse,1,"{'pred': [3], 'probs': [[0.06070611625909805, 0.09891915321350098, 0.10821003466844559, 0.5930622220039368, 0.13910247385501862]], 'pred_prompt': ['IHC stained light micrograph of extracellular amyloid-beta deposition in the human brain tissue. Based on the image, what is the most likely amyloid beta morphology pattern? Cored']}",0.5026999711990356,pathology,neuropathology,light microscopy,brightfield microscopy,
classification,"['IHC stained light micrograph of extracellular amyloid-beta deposition in the human brain tissue. Based on the image, what is the most likely amyloid beta morphology pattern? negative', 'IHC stained light micrograph of extracellular amyloid-beta deposition in the human brain tissue. Based on the image, what is the most likely amyloid beta morphology pattern? cerebral amyloid angiopathy', 'IHC stained light micrograph of extracellular amyloid-beta deposition in the human brain tissue. Based on the image, what is the most likely amyloid beta morphology pattern? diffuse plaque', 'IHC stained light micrograph of extracellular amyloid-beta deposition in the human brain tissue. Based on the image, what is the most likely amyloid beta morphology pattern? cored plaque', 'IHC stained light micrograph of extracellular amyloid-beta deposition in the human brain tissue. Based on the image, what is the most likely amyloid beta morphology pattern? none of the above']",e1ce579e-bdaa-47d3-bc9a-56ffd4c29f66,diffuse plaque,2,"{'pred': [4], 'probs': [[0.15382525324821472, 0.10662157833576202, 0.23814654350280762, 0.1667669415473938, 0.33463960886001587]], 'pred_prompt': ['IHC stained light micrograph of extracellular amyloid-beta deposition in the human brain tissue. Based on the image, what is the most likely amyloid beta morphology pattern? none of the above']}",0.5026999711990356,pathology,neuropathology,light microscopy,brightfield microscopy,
classification,"['IHC stained light micrograph of extracellular amyloid-beta deposition in the human brain tissue. Based on the image, what is the most likely amyloid beta morphology pattern? cerebral amyloid angiopathy', 'IHC stained light micrograph of extracellular amyloid-beta deposition in the human brain tissue. Based on the image, what is the most likely amyloid beta morphology pattern? cored plaque', 'IHC stained light micrograph of extracellular amyloid-beta deposition in the human brain tissue. Based on the image, what is the most likely amyloid beta morphology pattern? negative', 'IHC stained light micrograph of extracellular amyloid-beta deposition in the human brain tissue. Based on the image, what is the most likely amyloid beta morphology pattern? diffuse plaque', 'IHC stained light micrograph of extracellular amyloid-beta deposition in the human brain tissue. Based on the image, what is the most likely amyloid beta morphology pattern? none of the above']",0b07424d-751d-48e8-9705-33c5a388526c,diffuse plaque,3,"{'pred': [3], 'probs': [[0.05874576419591904, 0.26320090889930725, 0.13243764638900757, 0.28150758147239685, 0.2641080915927887]], 'pred_prompt': ['IHC stained light micrograph of extracellular amyloid-beta deposition in the human brain tissue. Based on the image, what is the most likely amyloid beta morphology pattern? diffuse plaque']}",0.5026999711990356,pathology,neuropathology,light microscopy,brightfield microscopy,
classification,"['IHC stained light micrograph of extracellular amyloid-beta deposition in the human brain tissue. Based on the image, what is the most likely amyloid beta morphology pattern? Diffuse', 'IHC stained light micrograph of extracellular amyloid-beta deposition in the human brain tissue. Based on the image, what is the most likely amyloid beta morphology pattern? Negative', 'IHC stained light micrograph of extracellular amyloid-beta deposition in the human brain tissue. Based on the image, what is the most likely amyloid beta morphology pattern? Caa', 'IHC stained light micrograph of extracellular amyloid-beta deposition in the human brain tissue. Based on the image, what is the most likely amyloid beta morphology pattern? Cored', 'IHC stained light micrograph of extracellular amyloid-beta deposition in the human brain tissue. Based on the image, what is the most likely amyloid beta morphology pattern? none of the above']",44ed1048-be39-4549-9c85-c73b43918c5e,Diffuse,0,"{'pred': [3], 'probs': [[0.2027645856142044, 0.10603126883506775, 0.03341669589281082, 0.3525121808052063, 0.3052752614021301]], 'pred_prompt': ['IHC stained light micrograph of extracellular amyloid-beta deposition in the human brain tissue. Based on the image, what is the most likely amyloid beta morphology pattern? Cored']}",0.5026999711990356,pathology,neuropathology,light microscopy,brightfield microscopy,
classification,"['IHC stained light micrograph of extracellular amyloid-beta deposition in the human brain tissue. Based on the image, what is the most likely amyloid beta morphology pattern? negative', 'IHC stained light micrograph of extracellular amyloid-beta deposition in the human brain tissue. Based on the image, what is the most likely amyloid beta morphology pattern? cerebral amyloid angiopathy', 'IHC stained light micrograph of extracellular amyloid-beta deposition in the human brain tissue. Based on the image, what is the most likely amyloid beta morphology pattern? cored plaque', 'IHC stained light micrograph of extracellular amyloid-beta deposition in the human brain tissue. Based on the image, what is the most likely amyloid beta morphology pattern? diffuse plaque', 'IHC stained light micrograph of extracellular amyloid-beta deposition in the human brain tissue. Based on the image, what is the most likely amyloid beta morphology pattern? none of the above']",153829f9-a6a7-4c9f-9e43-4e44c204537d,negative,0,"{'pred': [2], 'probs': [[0.14262090623378754, 0.11403048038482666, 0.2970638573169708, 0.22693505883216858, 0.2193496972322464]], 'pred_prompt': ['IHC stained light micrograph of extracellular amyloid-beta deposition in the human brain tissue. Based on the image, what is the most likely amyloid beta morphology pattern? cored plaque']}",0.5026999711990356,pathology,neuropathology,light microscopy,brightfield microscopy,
classification,"['IHC stained light micrograph of extracellular amyloid-beta deposition in the human brain tissue. Based on the image, what is the most likely amyloid beta morphology pattern? Cored', 'IHC stained light micrograph of extracellular amyloid-beta deposition in the human brain tissue. Based on the image, what is the most likely amyloid beta morphology pattern? Caa', 'IHC stained light micrograph of extracellular amyloid-beta deposition in the human brain tissue. Based on the image, what is the most likely amyloid beta morphology pattern? Negative', 'IHC stained light micrograph of extracellular amyloid-beta deposition in the human brain tissue. Based on the image, what is the most likely amyloid beta morphology pattern? Diffuse', 'IHC stained light micrograph of extracellular amyloid-beta deposition in the human brain tissue. Based on the image, what is the most likely amyloid beta morphology pattern? none of the above']",c7aa5692-0fe5-40c5-a041-964cc192d09d,Negative,2,"{'pred': [3], 'probs': [[0.1641390025615692, 0.051389411091804504, 0.17988674342632294, 0.3437551259994507, 0.2608296573162079]], 'pred_prompt': ['IHC stained light micrograph of extracellular amyloid-beta deposition in the human brain tissue. Based on the image, what is the most likely amyloid beta morphology pattern? Diffuse']}",0.5026999711990356,pathology,neuropathology,light microscopy,brightfield microscopy,
classification,"['IHC stained light micrograph of extracellular amyloid-beta deposition in the human brain tissue. Based on the image, what is the most likely amyloid beta morphology pattern? diffuse plaque', 'IHC stained light micrograph of extracellular amyloid-beta deposition in the human brain tissue. Based on the image, what is the most likely amyloid beta morphology pattern? negative', 'IHC stained light micrograph of extracellular amyloid-beta deposition in the human brain tissue. Based on the image, what is the most likely amyloid beta morphology pattern? cerebral amyloid angiopathy', 'IHC stained light micrograph of extracellular amyloid-beta deposition in the human brain tissue. Based on the image, what is the most likely amyloid beta morphology pattern? cored plaque', 'IHC stained light micrograph of extracellular amyloid-beta deposition in the human brain tissue. Based on the image, what is the most likely amyloid beta morphology pattern? none of the above']",a6624ca0-7392-479c-b9c2-a0e0e50eb69a,cored plaque,3,"{'pred': [3], 'probs': [[0.12620246410369873, 0.11223223805427551, 0.10736886411905289, 0.5106420516967773, 0.14355434477329254]], 'pred_prompt': ['IHC stained light micrograph of extracellular amyloid-beta deposition in the human brain tissue. Based on the image, what is the most likely amyloid beta morphology pattern? cored plaque']}",0.5026999711990356,pathology,neuropathology,light microscopy,brightfield microscopy,
classification,"['IHC stained light micrograph of extracellular amyloid-beta deposition in the human brain tissue. Based on the image, what is the most likely amyloid beta morphology pattern? Caa', 'IHC stained light micrograph of extracellular amyloid-beta deposition in the human brain tissue. Based on the image, what is the most likely amyloid beta morphology pattern? Diffuse', 'IHC stained light micrograph of extracellular amyloid-beta deposition in the human brain tissue. Based on the image, what is the most likely amyloid beta morphology pattern? Negative', 'IHC stained light micrograph of extracellular amyloid-beta deposition in the human brain tissue. Based on the image, what is the most likely amyloid beta morphology pattern? Cored', 'IHC stained light micrograph of extracellular amyloid-beta deposition in the human brain tissue. Based on the image, what is the most likely amyloid beta morphology pattern? none of the above']",95f766c1-4cc0-441e-9b63-46ba96fe690e,Cored,3,"{'pred': [3], 'probs': [[0.10795604437589645, 0.11437106877565384, 0.08628208935260773, 0.578228771686554, 0.11316198110580444]], 'pred_prompt': ['IHC stained light micrograph of extracellular amyloid-beta deposition in the human brain tissue. Based on the image, what is the most likely amyloid beta morphology pattern? Cored']}",0.5026999711990356,pathology,neuropathology,light microscopy,brightfield microscopy,
classification,"['IHC stained light micrograph of extracellular amyloid-beta deposition in the human brain tissue. Based on the image, what is the most likely amyloid beta morphology pattern? Diffuse', 'IHC stained light micrograph of extracellular amyloid-beta deposition in the human brain tissue. Based on the image, what is the most likely amyloid beta morphology pattern? Negative', 'IHC stained light micrograph of extracellular amyloid-beta deposition in the human brain tissue. Based on the image, what is the most likely amyloid beta morphology pattern? Cored', 'IHC stained light micrograph of extracellular amyloid-beta deposition in the human brain tissue. Based on the image, what is the most likely amyloid beta morphology pattern? Caa', 'IHC stained light micrograph of extracellular amyloid-beta deposition in the human brain tissue. Based on the image, what is the most likely amyloid beta morphology pattern? none of the above']",9d852141-2c49-4102-a677-b2a92ae958f1,Caa,3,"{'pred': [2], 'probs': [[0.15765218436717987, 0.11621439456939697, 0.47403013706207275, 0.04675966873764992, 0.20534364879131317]], 'pred_prompt': ['IHC stained light micrograph of extracellular amyloid-beta deposition in the human brain tissue. Based on the image, what is the most likely amyloid beta morphology pattern? Cored']}",0.5026999711990356,pathology,neuropathology,light microscopy,brightfield microscopy,
classification,"['IHC stained light micrograph of extracellular amyloid-beta deposition in the human brain tissue. Based on the image, what is the most likely amyloid beta morphology pattern? Caa', 'IHC stained light micrograph of extracellular amyloid-beta deposition in the human brain tissue. Based on the image, what is the most likely amyloid beta morphology pattern? Cored', 'IHC stained light micrograph of extracellular amyloid-beta deposition in the human brain tissue. Based on the image, what is the most likely amyloid beta morphology pattern? Negative', 'IHC stained light micrograph of extracellular amyloid-beta deposition in the human brain tissue. Based on the image, what is the most likely amyloid beta morphology pattern? Diffuse', 'IHC stained light micrograph of extracellular amyloid-beta deposition in the human brain tissue. Based on the image, what is the most likely amyloid beta morphology pattern? none of the above']",a5fd5b1d-57c5-41a4-b128-00720b7c8699,Negative,2,"{'pred': [4], 'probs': [[0.13216836750507355, 0.1997821182012558, 0.21747738122940063, 0.17847928404808044, 0.27209287881851196]], 'pred_prompt': ['IHC stained light micrograph of extracellular amyloid-beta deposition in the human brain tissue. Based on the image, what is the most likely amyloid beta morphology pattern? none of the above']}",0.5026999711990356,pathology,neuropathology,light microscopy,brightfield microscopy,
classification,"['IHC stained light micrograph of extracellular amyloid-beta deposition in the human brain tissue. Based on the image, what is the most likely amyloid beta morphology pattern? Diffuse', 'IHC stained light micrograph of extracellular amyloid-beta deposition in the human brain tissue. Based on the image, what is the most likely amyloid beta morphology pattern? Caa', 'IHC stained light micrograph of extracellular amyloid-beta deposition in the human brain tissue. Based on the image, what is the most likely amyloid beta morphology pattern? Cored', 'IHC stained light micrograph of extracellular amyloid-beta deposition in the human brain tissue. Based on the image, what is the most likely amyloid beta morphology pattern? Negative', 'IHC stained light micrograph of extracellular amyloid-beta deposition in the human brain tissue. Based on the image, what is the most likely amyloid beta morphology pattern? none of the above']",35bf037e-f30e-490d-91f0-dd83a3ea65cc,Cored,2,"{'pred': [2], 'probs': [[0.23819686472415924, 0.11943893879652023, 0.40697571635246277, 0.08386284857988358, 0.1515256017446518]], 'pred_prompt': ['IHC stained light micrograph of extracellular amyloid-beta deposition in the human brain tissue. Based on the image, what is the most likely amyloid beta morphology pattern? Cored']}",0.5026999711990356,pathology,neuropathology,light microscopy,brightfield microscopy,
classification,"['IHC stained light micrograph of extracellular amyloid-beta deposition in the human brain tissue. Based on the image, what is the most likely amyloid beta morphology pattern? Cored', 'IHC stained light micrograph of extracellular amyloid-beta deposition in the human brain tissue. Based on the image, what is the most likely amyloid beta morphology pattern? Diffuse', 'IHC stained light micrograph of extracellular amyloid-beta deposition in the human brain tissue. Based on the image, what is the most likely amyloid beta morphology pattern? Negative', 'IHC stained light micrograph of extracellular amyloid-beta deposition in the human brain tissue. Based on the image, what is the most likely amyloid beta morphology pattern? Caa', 'IHC stained light micrograph of extracellular amyloid-beta deposition in the human brain tissue. Based on the image, what is the most likely amyloid beta morphology pattern? none of the above']",933891e4-101c-4265-973e-b62290cddc75,Cored,0,"{'pred': [0], 'probs': [[0.4268803894519806, 0.21628127992153168, 0.10992928594350815, 0.05892311781644821, 0.1879858821630478]], 'pred_prompt': ['IHC stained light micrograph of extracellular amyloid-beta deposition in the human brain tissue. Based on the image, what is the most likely amyloid beta morphology pattern? Cored']}",0.5026999711990356,pathology,neuropathology,light microscopy,brightfield microscopy,
classification,"['IHC stained light micrograph of extracellular amyloid-beta deposition in the human brain tissue. Based on the image, what is the most likely amyloid beta morphology pattern? diffuse plaque', 'IHC stained light micrograph of extracellular amyloid-beta deposition in the human brain tissue. Based on the image, what is the most likely amyloid beta morphology pattern? negative', 'IHC stained light micrograph of extracellular amyloid-beta deposition in the human brain tissue. Based on the image, what is the most likely amyloid beta morphology pattern? cored plaque', 'IHC stained light micrograph of extracellular amyloid-beta deposition in the human brain tissue. Based on the image, what is the most likely amyloid beta morphology pattern? cerebral amyloid angiopathy', 'IHC stained light micrograph of extracellular amyloid-beta deposition in the human brain tissue. Based on the image, what is the most likely amyloid beta morphology pattern? none of the above']",c17570a3-2e52-44f4-9ee2-a224b30034de,diffuse plaque,0,"{'pred': [2], 'probs': [[0.359357088804245, 0.09582211822271347, 0.37706875801086426, 0.04469011723995209, 0.12306196242570877]], 'pred_prompt': ['IHC stained light micrograph of extracellular amyloid-beta deposition in the human brain tissue. Based on the image, what is the most likely amyloid beta morphology pattern? cored plaque']}",0.5026999711990356,pathology,neuropathology,light microscopy,brightfield microscopy,
classification,"['IHC stained light micrograph of extracellular amyloid-beta deposition in the human brain tissue. Based on the image, what is the most likely amyloid beta morphology pattern? Cored', 'IHC stained light micrograph of extracellular amyloid-beta deposition in the human brain tissue. Based on the image, what is the most likely amyloid beta morphology pattern? Caa', 'IHC stained light micrograph of extracellular amyloid-beta deposition in the human brain tissue. Based on the image, what is the most likely amyloid beta morphology pattern? Negative', 'IHC stained light micrograph of extracellular amyloid-beta deposition in the human brain tissue. Based on the image, what is the most likely amyloid beta morphology pattern? Diffuse', 'IHC stained light micrograph of extracellular amyloid-beta deposition in the human brain tissue. Based on the image, what is the most likely amyloid beta morphology pattern? none of the above']",ca23522c-a82e-44d2-a1cb-1a8dc142377e,Diffuse,3,"{'pred': [0], 'probs': [[0.44717177748680115, 0.04284229502081871, 0.08524173498153687, 0.2562079429626465, 0.1685362607240677]], 'pred_prompt': ['IHC stained light micrograph of extracellular amyloid-beta deposition in the human brain tissue. Based on the image, what is the most likely amyloid beta morphology pattern? Cored']}",0.5026999711990356,pathology,neuropathology,light microscopy,brightfield microscopy,
classification,"['IHC stained light micrograph of extracellular amyloid-beta deposition in the human brain tissue. Based on the image, what is the most likely amyloid beta morphology pattern? Caa', 'IHC stained light micrograph of extracellular amyloid-beta deposition in the human brain tissue. Based on the image, what is the most likely amyloid beta morphology pattern? Diffuse', 'IHC stained light micrograph of extracellular amyloid-beta deposition in the human brain tissue. Based on the image, what is the most likely amyloid beta morphology pattern? Cored', 'IHC stained light micrograph of extracellular amyloid-beta deposition in the human brain tissue. Based on the image, what is the most likely amyloid beta morphology pattern? Negative', 'IHC stained light micrograph of extracellular amyloid-beta deposition in the human brain tissue. Based on the image, what is the most likely amyloid beta morphology pattern? none of the above']",93ad5c03-10a8-492c-b78a-71e555b3c7e3,Negative,3,"{'pred': [1], 'probs': [[0.0248909592628479, 0.46683570742607117, 0.21103912591934204, 0.09813331067562103, 0.19910098612308502]], 'pred_prompt': ['IHC stained light micrograph of extracellular amyloid-beta deposition in the human brain tissue. Based on the image, what is the most likely amyloid beta morphology pattern? Diffuse']}",0.5026999711990356,pathology,neuropathology,light microscopy,brightfield microscopy,
classification,"['IHC stained light micrograph of extracellular amyloid-beta deposition in the human brain tissue. Based on the image, what is the most likely amyloid beta morphology pattern? negative', 'IHC stained light micrograph of extracellular amyloid-beta deposition in the human brain tissue. Based on the image, what is the most likely amyloid beta morphology pattern? cored plaque', 'IHC stained light micrograph of extracellular amyloid-beta deposition in the human brain tissue. Based on the image, what is the most likely amyloid beta morphology pattern? diffuse plaque', 'IHC stained light micrograph of extracellular amyloid-beta deposition in the human brain tissue. Based on the image, what is the most likely amyloid beta morphology pattern? cerebral amyloid angiopathy', 'IHC stained light micrograph of extracellular amyloid-beta deposition in the human brain tissue. Based on the image, what is the most likely amyloid beta morphology pattern? none of the above']",c58f95ed-2568-46d4-82d4-e0b962d858c2,negative,0,"{'pred': [4], 'probs': [[0.2126997709274292, 0.20381766557693481, 0.2302325814962387, 0.08543477207422256, 0.26781514286994934]], 'pred_prompt': ['IHC stained light micrograph of extracellular amyloid-beta deposition in the human brain tissue. Based on the image, what is the most likely amyloid beta morphology pattern? none of the above']}",0.5026999711990356,pathology,neuropathology,light microscopy,brightfield microscopy,
classification,"['IHC stained light micrograph of extracellular amyloid-beta deposition in the human brain tissue. Based on the image, what is the most likely amyloid beta morphology pattern? Negative', 'IHC stained light micrograph of extracellular amyloid-beta deposition in the human brain tissue. Based on the image, what is the most likely amyloid beta morphology pattern? Caa', 'IHC stained light micrograph of extracellular amyloid-beta deposition in the human brain tissue. Based on the image, what is the most likely amyloid beta morphology pattern? Cored', 'IHC stained light micrograph of extracellular amyloid-beta deposition in the human brain tissue. Based on the image, what is the most likely amyloid beta morphology pattern? Diffuse', 'IHC stained light micrograph of extracellular amyloid-beta deposition in the human brain tissue. Based on the image, what is the most likely amyloid beta morphology pattern? none of the above']",623d3224-b78e-4a81-8d96-cff9b5b88fc5,Cored,2,"{'pred': [2], 'probs': [[0.09069472551345825, 0.08569362759590149, 0.5254119038581848, 0.14118093252182007, 0.15701879560947418]], 'pred_prompt': ['IHC stained light micrograph of extracellular amyloid-beta deposition in the human brain tissue. Based on the image, what is the most likely amyloid beta morphology pattern? Cored']}",0.5026999711990356,pathology,neuropathology,light microscopy,brightfield microscopy,
classification,"['IHC stained light micrograph of extracellular amyloid-beta deposition in the human brain tissue. Based on the image, what is the most likely amyloid beta morphology pattern? cerebral amyloid angiopathy', 'IHC stained light micrograph of extracellular amyloid-beta deposition in the human brain tissue. Based on the image, what is the most likely amyloid beta morphology pattern? negative', 'IHC stained light micrograph of extracellular amyloid-beta deposition in the human brain tissue. Based on the image, what is the most likely amyloid beta morphology pattern? diffuse plaque', 'IHC stained light micrograph of extracellular amyloid-beta deposition in the human brain tissue. Based on the image, what is the most likely amyloid beta morphology pattern? cored plaque', 'IHC stained light micrograph of extracellular amyloid-beta deposition in the human brain tissue. Based on the image, what is the most likely amyloid beta morphology pattern? none of the above']",1da43743-38c8-44d3-a107-e658eb07fb04,negative,1,"{'pred': [4], 'probs': [[0.06888191401958466, 0.2688385248184204, 0.14881090819835663, 0.16478592157363892, 0.34868279099464417]], 'pred_prompt': ['IHC stained light micrograph of extracellular amyloid-beta deposition in the human brain tissue. Based on the image, what is the most likely amyloid beta morphology pattern? none of the above']}",0.5026999711990356,pathology,neuropathology,light microscopy,brightfield microscopy,
classification,"['IHC stained light micrograph of extracellular amyloid-beta deposition in the human brain tissue. Based on the image, what is the most likely amyloid beta morphology pattern? negative', 'IHC stained light micrograph of extracellular amyloid-beta deposition in the human brain tissue. Based on the image, what is the most likely amyloid beta morphology pattern? cerebral amyloid angiopathy', 'IHC stained light micrograph of extracellular amyloid-beta deposition in the human brain tissue. Based on the image, what is the most likely amyloid beta morphology pattern? diffuse plaque', 'IHC stained light micrograph of extracellular amyloid-beta deposition in the human brain tissue. Based on the image, what is the most likely amyloid beta morphology pattern? cored plaque', 'IHC stained light micrograph of extracellular amyloid-beta deposition in the human brain tissue. Based on the image, what is the most likely amyloid beta morphology pattern? none of the above']",afcd9abf-f755-49b3-b05f-24b4c8e95c62,diffuse plaque,2,"{'pred': [3], 'probs': [[0.1507551372051239, 0.07213801145553589, 0.2538211941719055, 0.32961249351501465, 0.19367311894893646]], 'pred_prompt': ['IHC stained light micrograph of extracellular amyloid-beta deposition in the human brain tissue. Based on the image, what is the most likely amyloid beta morphology pattern? cored plaque']}",0.5026999711990356,pathology,neuropathology,light microscopy,brightfield microscopy,
classification,"['IHC stained light micrograph of extracellular amyloid-beta deposition in the human brain tissue. Based on the image, what is the most likely amyloid beta morphology pattern? negative', 'IHC stained light micrograph of extracellular amyloid-beta deposition in the human brain tissue. Based on the image, what is the most likely amyloid beta morphology pattern? cored plaque', 'IHC stained light micrograph of extracellular amyloid-beta deposition in the human brain tissue. Based on the image, what is the most likely amyloid beta morphology pattern? cerebral amyloid angiopathy', 'IHC stained light micrograph of extracellular amyloid-beta deposition in the human brain tissue. Based on the image, what is the most likely amyloid beta morphology pattern? diffuse plaque', 'IHC stained light micrograph of extracellular amyloid-beta deposition in the human brain tissue. Based on the image, what is the most likely amyloid beta morphology pattern? none of the above']",f20754d1-7b7b-451d-87c8-e3dbe24a35e7,diffuse plaque,3,"{'pred': [1], 'probs': [[0.15512016415596008, 0.4490348994731903, 0.06642228364944458, 0.17770442366600037, 0.15171825885772705]], 'pred_prompt': ['IHC stained light micrograph of extracellular amyloid-beta deposition in the human brain tissue. Based on the image, what is the most likely amyloid beta morphology pattern? cored plaque']}",0.5026999711990356,pathology,neuropathology,light microscopy,brightfield microscopy,
classification,"['IHC stained light micrograph of extracellular amyloid-beta deposition in the human brain tissue. Based on the image, what is the most likely amyloid beta morphology pattern? Caa', 'IHC stained light micrograph of extracellular amyloid-beta deposition in the human brain tissue. Based on the image, what is the most likely amyloid beta morphology pattern? Cored', 'IHC stained light micrograph of extracellular amyloid-beta deposition in the human brain tissue. Based on the image, what is the most likely amyloid beta morphology pattern? Negative', 'IHC stained light micrograph of extracellular amyloid-beta deposition in the human brain tissue. Based on the image, what is the most likely amyloid beta morphology pattern? Diffuse', 'IHC stained light micrograph of extracellular amyloid-beta deposition in the human brain tissue. Based on the image, what is the most likely amyloid beta morphology pattern? none of the above']",b2185680-06e6-4931-8390-187494ad41ea,Diffuse,3,"{'pred': [1], 'probs': [[0.0487620010972023, 0.4604155719280243, 0.13721783459186554, 0.11515297740697861, 0.23845167458057404]], 'pred_prompt': ['IHC stained light micrograph of extracellular amyloid-beta deposition in the human brain tissue. Based on the image, what is the most likely amyloid beta morphology pattern? Cored']}",0.5026999711990356,pathology,neuropathology,light microscopy,brightfield microscopy,
classification,"['IHC stained light micrograph of extracellular amyloid-beta deposition in the human brain tissue. Based on the image, what is the most likely amyloid beta morphology pattern? Diffuse', 'IHC stained light micrograph of extracellular amyloid-beta deposition in the human brain tissue. Based on the image, what is the most likely amyloid beta morphology pattern? Negative', 'IHC stained light micrograph of extracellular amyloid-beta deposition in the human brain tissue. Based on the image, what is the most likely amyloid beta morphology pattern? Cored', 'IHC stained light micrograph of extracellular amyloid-beta deposition in the human brain tissue. Based on the image, what is the most likely amyloid beta morphology pattern? Caa', 'IHC stained light micrograph of extracellular amyloid-beta deposition in the human brain tissue. Based on the image, what is the most likely amyloid beta morphology pattern? none of the above']",b4fb3ab1-7a28-4990-8e44-99033292b310,Cored,2,"{'pred': [2], 'probs': [[0.16068929433822632, 0.06751707941293716, 0.500545859336853, 0.1372881531715393, 0.1339595913887024]], 'pred_prompt': ['IHC stained light micrograph of extracellular amyloid-beta deposition in the human brain tissue. Based on the image, what is the most likely amyloid beta morphology pattern? Cored']}",0.5026999711990356,pathology,neuropathology,light microscopy,brightfield microscopy,
classification,"['IHC stained light micrograph of extracellular amyloid-beta deposition in the human brain tissue. Based on the image, what is the most likely amyloid beta morphology pattern? cored plaque', 'IHC stained light micrograph of extracellular amyloid-beta deposition in the human brain tissue. Based on the image, what is the most likely amyloid beta morphology pattern? negative', 'IHC stained light micrograph of extracellular amyloid-beta deposition in the human brain tissue. Based on the image, what is the most likely amyloid beta morphology pattern? cerebral amyloid angiopathy', 'IHC stained light micrograph of extracellular amyloid-beta deposition in the human brain tissue. Based on the image, what is the most likely amyloid beta morphology pattern? diffuse plaque', 'IHC stained light micrograph of extracellular amyloid-beta deposition in the human brain tissue. Based on the image, what is the most likely amyloid beta morphology pattern? none of the above']",e37d9ae7-bf9e-48f5-a9af-5ea5baa92e98,diffuse plaque,3,"{'pred': [0], 'probs': [[0.46994298696517944, 0.16805624961853027, 0.07738830149173737, 0.17584283649921417, 0.10876966267824173]], 'pred_prompt': ['IHC stained light micrograph of extracellular amyloid-beta deposition in the human brain tissue. Based on the image, what is the most likely amyloid beta morphology pattern? cored plaque']}",0.5026999711990356,pathology,neuropathology,light microscopy,brightfield microscopy,
classification,"['IHC stained light micrograph of extracellular amyloid-beta deposition in the human brain tissue. Based on the image, what is the most likely amyloid beta morphology pattern? Diffuse', 'IHC stained light micrograph of extracellular amyloid-beta deposition in the human brain tissue. Based on the image, what is the most likely amyloid beta morphology pattern? Negative', 'IHC stained light micrograph of extracellular amyloid-beta deposition in the human brain tissue. Based on the image, what is the most likely amyloid beta morphology pattern? Cored', 'IHC stained light micrograph of extracellular amyloid-beta deposition in the human brain tissue. Based on the image, what is the most likely amyloid beta morphology pattern? Caa', 'IHC stained light micrograph of extracellular amyloid-beta deposition in the human brain tissue. Based on the image, what is the most likely amyloid beta morphology pattern? none of the above']",15164979-5012-4d7b-9b70-107b21869783,Negative,1,"{'pred': [0], 'probs': [[0.44673046469688416, 0.06564398854970932, 0.27130427956581116, 0.05345681682229042, 0.16286447644233704]], 'pred_prompt': ['IHC stained light micrograph of extracellular amyloid-beta deposition in the human brain tissue. Based on the image, what is the most likely amyloid beta morphology pattern? Diffuse']}",0.5026999711990356,pathology,neuropathology,light microscopy,brightfield microscopy,
classification,"['IHC stained light micrograph of extracellular amyloid-beta deposition in the human brain tissue. Based on the image, what is the most likely amyloid beta morphology pattern? diffuse plaque', 'IHC stained light micrograph of extracellular amyloid-beta deposition in the human brain tissue. Based on the image, what is the most likely amyloid beta morphology pattern? negative', 'IHC stained light micrograph of extracellular amyloid-beta deposition in the human brain tissue. Based on the image, what is the most likely amyloid beta morphology pattern? cerebral amyloid angiopathy', 'IHC stained light micrograph of extracellular amyloid-beta deposition in the human brain tissue. Based on the image, what is the most likely amyloid beta morphology pattern? cored plaque', 'IHC stained light micrograph of extracellular amyloid-beta deposition in the human brain tissue. Based on the image, what is the most likely amyloid beta morphology pattern? none of the above']",7c276d9b-92d7-4fb6-abf5-42126cce82d4,diffuse plaque,0,"{'pred': [4], 'probs': [[0.14335590600967407, 0.21503038704395294, 0.097951740026474, 0.25680065155029297, 0.2868613004684448]], 'pred_prompt': ['IHC stained light micrograph of extracellular amyloid-beta deposition in the human brain tissue. Based on the image, what is the most likely amyloid beta morphology pattern? none of the above']}",0.5026999711990356,pathology,neuropathology,light microscopy,brightfield microscopy,
classification,"['IHC stained light micrograph of extracellular amyloid-beta deposition in the human brain tissue. Based on the image, what is the most likely amyloid beta morphology pattern? Caa', 'IHC stained light micrograph of extracellular amyloid-beta deposition in the human brain tissue. Based on the image, what is the most likely amyloid beta morphology pattern? Cored', 'IHC stained light micrograph of extracellular amyloid-beta deposition in the human brain tissue. Based on the image, what is the most likely amyloid beta morphology pattern? Diffuse', 'IHC stained light micrograph of extracellular amyloid-beta deposition in the human brain tissue. Based on the image, what is the most likely amyloid beta morphology pattern? Negative', 'IHC stained light micrograph of extracellular amyloid-beta deposition in the human brain tissue. Based on the image, what is the most likely amyloid beta morphology pattern? none of the above']",41d8d800-098f-4038-9791-c0981c0d0ab9,Diffuse,2,"{'pred': [1], 'probs': [[0.0418543815612793, 0.3517523407936096, 0.10949906706809998, 0.26205310225486755, 0.23484106361865997]], 'pred_prompt': ['IHC stained light micrograph of extracellular amyloid-beta deposition in the human brain tissue. Based on the image, what is the most likely amyloid beta morphology pattern? Cored']}",0.5026999711990356,pathology,neuropathology,light microscopy,brightfield microscopy,
classification,"['IHC stained light micrograph of extracellular amyloid-beta deposition in the human brain tissue. Based on the image, what is the most likely amyloid beta morphology pattern? negative', 'IHC stained light micrograph of extracellular amyloid-beta deposition in the human brain tissue. Based on the image, what is the most likely amyloid beta morphology pattern? diffuse plaque', 'IHC stained light micrograph of extracellular amyloid-beta deposition in the human brain tissue. Based on the image, what is the most likely amyloid beta morphology pattern? cored plaque', 'IHC stained light micrograph of extracellular amyloid-beta deposition in the human brain tissue. Based on the image, what is the most likely amyloid beta morphology pattern? cerebral amyloid angiopathy', 'IHC stained light micrograph of extracellular amyloid-beta deposition in the human brain tissue. Based on the image, what is the most likely amyloid beta morphology pattern? none of the above']",33ea463c-3efc-48c4-921e-232e6d63ca5d,diffuse plaque,1,"{'pred': [2], 'probs': [[0.0843106284737587, 0.2714229226112366, 0.4481242895126343, 0.08250441402196884, 0.11363773792982101]], 'pred_prompt': ['IHC stained light micrograph of extracellular amyloid-beta deposition in the human brain tissue. Based on the image, what is the most likely amyloid beta morphology pattern? cored plaque']}",0.5026999711990356,pathology,neuropathology,light microscopy,brightfield microscopy,
classification,"['IHC stained light micrograph of extracellular amyloid-beta deposition in the human brain tissue. Based on the image, what is the most likely amyloid beta morphology pattern? diffuse plaque', 'IHC stained light micrograph of extracellular amyloid-beta deposition in the human brain tissue. Based on the image, what is the most likely amyloid beta morphology pattern? negative', 'IHC stained light micrograph of extracellular amyloid-beta deposition in the human brain tissue. Based on the image, what is the most likely amyloid beta morphology pattern? cerebral amyloid angiopathy', 'IHC stained light micrograph of extracellular amyloid-beta deposition in the human brain tissue. Based on the image, what is the most likely amyloid beta morphology pattern? cored plaque', 'IHC stained light micrograph of extracellular amyloid-beta deposition in the human brain tissue. Based on the image, what is the most likely amyloid beta morphology pattern? none of the above']",1bcd3ad7-d8dc-4f76-92cc-152d83f48c94,negative,1,"{'pred': [3], 'probs': [[0.27771732211112976, 0.10596152395009995, 0.11320064961910248, 0.36652183532714844, 0.13659867644309998]], 'pred_prompt': ['IHC stained light micrograph of extracellular amyloid-beta deposition in the human brain tissue. Based on the image, what is the most likely amyloid beta morphology pattern? cored plaque']}",0.5026999711990356,pathology,neuropathology,light microscopy,brightfield microscopy,
classification,"['IHC stained light micrograph of extracellular amyloid-beta deposition in the human brain tissue. Based on the image, what is the most likely amyloid beta morphology pattern? cerebral amyloid angiopathy', 'IHC stained light micrograph of extracellular amyloid-beta deposition in the human brain tissue. Based on the image, what is the most likely amyloid beta morphology pattern? negative', 'IHC stained light micrograph of extracellular amyloid-beta deposition in the human brain tissue. Based on the image, what is the most likely amyloid beta morphology pattern? diffuse plaque', 'IHC stained light micrograph of extracellular amyloid-beta deposition in the human brain tissue. Based on the image, what is the most likely amyloid beta morphology pattern? cored plaque', 'IHC stained light micrograph of extracellular amyloid-beta deposition in the human brain tissue. Based on the image, what is the most likely amyloid beta morphology pattern? none of the above']",bad16a2d-5766-4596-9ff4-8376fb6ed5a8,diffuse plaque,2,"{'pred': [3], 'probs': [[0.08984546363353729, 0.1081438884139061, 0.22614048421382904, 0.3199925422668457, 0.25587761402130127]], 'pred_prompt': ['IHC stained light micrograph of extracellular amyloid-beta deposition in the human brain tissue. Based on the image, what is the most likely amyloid beta morphology pattern? cored plaque']}",0.5026999711990356,pathology,neuropathology,light microscopy,brightfield microscopy,
classification,"['IHC stained light micrograph of extracellular amyloid-beta deposition in the human brain tissue. Based on the image, what is the most likely amyloid beta morphology pattern? Caa', 'IHC stained light micrograph of extracellular amyloid-beta deposition in the human brain tissue. Based on the image, what is the most likely amyloid beta morphology pattern? Negative', 'IHC stained light micrograph of extracellular amyloid-beta deposition in the human brain tissue. Based on the image, what is the most likely amyloid beta morphology pattern? Diffuse', 'IHC stained light micrograph of extracellular amyloid-beta deposition in the human brain tissue. Based on the image, what is the most likely amyloid beta morphology pattern? Cored', 'IHC stained light micrograph of extracellular amyloid-beta deposition in the human brain tissue. Based on the image, what is the most likely amyloid beta morphology pattern? none of the above']",278bb97e-d02e-408a-a377-9b3055c01b8f,Negative,1,"{'pred': [4], 'probs': [[0.03239305317401886, 0.2699778079986572, 0.18059058487415314, 0.1391434669494629, 0.3778951168060303]], 'pred_prompt': ['IHC stained light micrograph of extracellular amyloid-beta deposition in the human brain tissue. Based on the image, what is the most likely amyloid beta morphology pattern? none of the above']}",0.5026999711990356,pathology,neuropathology,light microscopy,brightfield microscopy,
classification,"['IHC stained light micrograph of extracellular amyloid-beta deposition in the human brain tissue. Based on the image, what is the most likely amyloid beta morphology pattern? Caa', 'IHC stained light micrograph of extracellular amyloid-beta deposition in the human brain tissue. Based on the image, what is the most likely amyloid beta morphology pattern? Cored', 'IHC stained light micrograph of extracellular amyloid-beta deposition in the human brain tissue. Based on the image, what is the most likely amyloid beta morphology pattern? Negative', 'IHC stained light micrograph of extracellular amyloid-beta deposition in the human brain tissue. Based on the image, what is the most likely amyloid beta morphology pattern? Diffuse', 'IHC stained light micrograph of extracellular amyloid-beta deposition in the human brain tissue. Based on the image, what is the most likely amyloid beta morphology pattern? none of the above']",c97332ab-1349-43cf-a7e4-285a5316ca84,Diffuse,3,"{'pred': [3], 'probs': [[0.06559424847364426, 0.2132875919342041, 0.07768766582012177, 0.45178139209747314, 0.19164906442165375]], 'pred_prompt': ['IHC stained light micrograph of extracellular amyloid-beta deposition in the human brain tissue. Based on the image, what is the most likely amyloid beta morphology pattern? Diffuse']}",0.5026999711990356,pathology,neuropathology,light microscopy,brightfield microscopy,
classification,"['IHC stained light micrograph of extracellular amyloid-beta deposition in the human brain tissue. Based on the image, what is the most likely amyloid beta morphology pattern? cerebral amyloid angiopathy', 'IHC stained light micrograph of extracellular amyloid-beta deposition in the human brain tissue. Based on the image, what is the most likely amyloid beta morphology pattern? negative', 'IHC stained light micrograph of extracellular amyloid-beta deposition in the human brain tissue. Based on the image, what is the most likely amyloid beta morphology pattern? cored plaque', 'IHC stained light micrograph of extracellular amyloid-beta deposition in the human brain tissue. Based on the image, what is the most likely amyloid beta morphology pattern? diffuse plaque', 'IHC stained light micrograph of extracellular amyloid-beta deposition in the human brain tissue. Based on the image, what is the most likely amyloid beta morphology pattern? none of the above']",40f0de2d-ee80-4315-be10-d652911dfe62,diffuse plaque,3,"{'pred': [2], 'probs': [[0.1275710016489029, 0.13109290599822998, 0.2839694917201996, 0.2072657346725464, 0.2501008212566376]], 'pred_prompt': ['IHC stained light micrograph of extracellular amyloid-beta deposition in the human brain tissue. Based on the image, what is the most likely amyloid beta morphology pattern? cored plaque']}",0.5026999711990356,pathology,neuropathology,light microscopy,brightfield microscopy,
